case_id,shape,m,k,n,tile_ratio,bm,bk,bn,rank_ratio_A,rank_ratio_B,maxrank_A,maxrank_B,axis,precision,nreps,workspace_bytes,dense_ms,tlr_ms,speedup,tlr_work_ratio_pct,tlr_arithmetic_reduction,tlr_rate_ratio_pct,wasted_flops_pct,dense_gflops,tlr_executed_gflops,tlr_dense_equiv_gflops,padded_flops,ideal_rank_flops
square_1024__t8__ra2__rb2__kj__fp32,square_1024,1024,1024,1024,1/8,128,128,128,1/2,1/2,64,64,kj,fp32,3,25165824,1.408891,1.655911,0.8508253160948868,100.0,1.0,85.08253160948867,59.326171875,1524.2368983831964,1296.8593408703728,1296.8593408703728,2.147483648e9,8.73463808e8
square_1024__t8__ra2__rb2__kk__fp32,square_1024,1024,1024,1024,1/8,128,128,128,1/2,1/2,64,64,kk,fp32,3,25165824,1.408891,1.737356,0.8109397268032573,100.0,1.0,81.09397268032575,59.326171875,1524.2368983831964,1236.0642539583137,1236.0642539583137,2.147483648e9,8.73463808e8
square_1024__t8__ra2__rb2__ik__fp32,square_1024,1024,1024,1024,1/8,128,128,128,1/2,1/2,64,64,ik,fp32,3,25165824,1.408891,1.503766,0.9369084019721153,100.0,1.0,93.69084019721153,59.326171875,1524.2368983831964,1428.070356691134,1428.070356691134,2.147483648e9,8.73463808e8
square_1024__t8__ra2__rb2__ij__fp32,square_1024,1024,1024,1024,1/8,128,128,128,1/2,1/2,64,64,ij,fp32,3,25165824,1.408891,1.881763,0.7487079935145924,100.0,1.0,74.87079935145924,59.326171875,1524.2368983831964,1141.2083498293887,1141.2083498293887,2.147483648e9,8.73463808e8
square_1024__t8__ra2__rb4__kj__fp32,square_1024,1024,1024,1024,1/8,128,128,128,1/2,1/4,64,32,kj,fp32,3,20971520,1.408891,1.350046,1.0435874036884667,50.0,2.0,52.17937018442335,59.326171875,1524.2368983831964,795.3372136949407,1590.6744273898814,1.073741824e9,4.36731904e8
square_1024__t8__ra2__rb4__kk__fp32,square_1024,1024,1024,1024,1/8,128,128,128,1/2,1/4,64,32,kk,fp32,3,12582912,1.408891,1.163164,1.21125739792497,50.0,2.0,60.562869896248515,59.326171875,1524.2368983831964,923.1216096784289,1846.2432193568577,1.073741824e9,4.36731904e8
square_1024__t8__ra2__rb4__ik__fp32,square_1024,1024,1024,1024,1/8,128,128,128,1/2,1/4,64,32,ik,fp32,3,12582912,1.408891,1.124833,1.25253348719321,50.0,2.0,62.626674359660505,59.326171875,1524.2368983831964,954.5788788202337,1909.1577576404675,1.073741824e9,4.36731904e8
square_1024__t8__ra2__rb4__ij__fp32,square_1024,1024,1024,1024,1/8,128,128,128,1/2,1/4,64,32,ij,fp32,3,20971520,1.408891,1.527701,0.9222295462266503,50.0,2.0,46.11147731133252,59.326171875,1524.2368983831964,702.8481515689261,1405.6963031378523,1.073741824e9,4.36731904e8
square_1024__t8__ra2__rb8__kj__fp32,square_1024,1024,1024,1024,1/8,128,128,128,1/2,1/8,64,16,kj,fp32,3,18874368,1.408891,1.276287,1.103898261127787,25.0,4.0,27.597456528194677,59.326171875,1524.2368983831964,420.6506154180055,1682.602461672022,5.36870912e8,2.18365952e8
square_1024__t8__ra2__rb8__kk__fp32,square_1024,1024,1024,1024,1/8,128,128,128,1/2,1/8,64,16,kk,fp32,3,6291456,1.408891,1.539854,0.9149510278247157,25.0,4.0,22.873775695617894,59.326171875,1524.2368983831964,348.6505292060156,1394.6021168240625,5.36870912e8,2.18365952e8
square_1024__t8__ra2__rb8__ik__fp32,square_1024,1024,1024,1024,1/8,128,128,128,1/2,1/8,64,16,ik,fp32,3,6291456,1.408891,1.492904,0.943725115613596,25.0,4.0,23.5931278903399,59.326171875,1524.2368983831964,359.6151607872978,1438.4606431491911,5.36870912e8,2.18365952e8
square_1024__t8__ra2__rb8__ij__fp32,square_1024,1024,1024,1024,1/8,128,128,128,1/2,1/8,64,16,ij,fp32,3,18874368,1.408891,1.373566,1.025717730345684,25.0,4.0,25.642943258642102,59.326171875,1524.2368983831964,390.85920297968937,1563.4368119187575,5.36870912e8,2.18365952e8
square_1024__t8__ra4__rb2__kj__fp32,square_1024,1024,1024,1024,1/8,128,128,128,1/4,1/2,32,64,kj,fp32,3,12582912,1.408891,0.92725,1.5194294958209758,50.0,2.0,75.9714747910488,59.326171875,1524.2368983831964,1157.9852510110543,2315.9705020221086,1.073741824e9,4.36731904e8
square_1024__t8__ra4__rb2__kk__fp32,square_1024,1024,1024,1024,1/8,128,128,128,1/4,1/2,32,64,kk,fp32,3,12582912,1.408891,1.231308,1.1442230538581735,50.0,2.0,57.21115269290868,59.326171875,1524.2368983831964,872.0334993356659,1744.0669986713317,1.073741824e9,4.36731904e8
square_1024__t8__ra4__rb2__ik__fp32,square_1024,1024,1024,1024,1/8,128,128,128,1/4,1/2,32,64,ik,fp32,3,20971520,1.408891,1.500541,0.9389220287882837,50.0,2.0,46.946101439414186,59.326171875,1524.2368983831964,715.5698004919559,1431.1396009839118,1.073741824e9,4.36731904e8
square_1024__t8__ra4__rb2__ij__fp32,square_1024,1024,1024,1024,1/8,128,128,128,1/4,1/2,32,64,ij,fp32,3,12582912,1.408891,1.138824,1.237145511510119,50.0,2.0,61.857275575505966,59.326171875,1524.2368983831964,942.8514186564386,1885.7028373128771,1.073741824e9,4.36731904e8
square_1024__t8__ra4__rb4__kj__fp32,square_1024,1024,1024,1024,1/8,128,128,128,1/4,1/4,32,32,kj,fp32,3,10485760,1.408891,0.831323,1.694757633314608,37.5,2.6666666666666665,63.55341124929781,55.17578125,1524.2368983831964,968.7045444430144,2583.212118514705,8.05306368e8,3.60972288e8
square_1024__t8__ra4__rb4__kk__fp32,square_1024,1024,1024,1024,1/8,128,128,128,1/4,1/4,32,32,kk,fp32,3,10485760,1.408891,1.191011,1.1829370173743146,37.5,2.6666666666666665,44.3601381515368,55.17578125,1524.2368983831964,676.1535938794856,1803.076250345295,8.05306368e8,3.60972288e8
square_1024__t8__ra4__rb4__ik__fp32,square_1024,1024,1024,1024,1/8,128,128,128,1/4,1/4,32,32,ik,fp32,3,10485760,1.408891,1.128629,1.248320750219957,37.5,2.6666666666666665,46.8120281332484,55.17578125,1524.2368983831964,713.5262056884947,1902.7365485026523,8.05306368e8,3.60972288e8
square_1024__t8__ra4__rb4__ij__fp32,square_1024,1024,1024,1024,1/8,128,128,128,1/4,1/4,32,32,ij,fp32,3,10485760,1.408891,0.954006,1.4768156594402968,37.5,2.6666666666666665,55.380587229011134,55.17578125,1524.2368983831964,844.13134508588,2251.016920229013,8.05306368e8,3.60972288e8
square_1024__t8__ra4__rb8__kj__fp32,square_1024,1024,1024,1024,1/8,128,128,128,1/4,1/8,32,16,kj,fp32,3,9437184,1.408891,0.835802,1.685675554736648,18.75,5.333333333333333,31.606416651312152,55.17578125,1524.2368983831964,481.7566648560305,2569.3688792321627,4.02653184e8,1.80486144e8
square_1024__t8__ra4__rb8__kk__fp32,square_1024,1024,1024,1024,1/8,128,128,128,1/4,1/8,32,16,kk,fp32,3,5242880,1.408891,1.077236,1.3078758972035838,18.75,5.333333333333333,24.5226730725672,55.17578125,1524.2368983831964,373.7836314419496,1993.512701023731,4.02653184e8,1.80486144e8
square_1024__t8__ra4__rb8__ik__fp32,square_1024,1024,1024,1024,1/8,128,128,128,1/4,1/8,32,16,ik,fp32,3,5242880,1.408891,1.003484,1.4039994658609403,18.75,5.333333333333333,26.324989984892632,55.17578125,1524.2368983831964,401.2552108454146,2140.0277911755443,4.02653184e8,1.80486144e8
square_1024__t8__ra4__rb8__ij__fp32,square_1024,1024,1024,1024,1/8,128,128,128,1/4,1/8,32,16,ij,fp32,3,9437184,1.408891,0.887686,1.5871501859891899,18.75,5.333333333333333,29.759065987297312,55.17578125,1524.2368983831964,453.5986643925893,2419.1928767604763,4.02653184e8,1.80486144e8
square_1024__t8__ra8__rb2__kj__fp32,square_1024,1024,1024,1024,1/8,128,128,128,1/8,1/2,16,64,kj,fp32,3,6291456,1.408891,0.724295,1.945189460095679,25.0,4.0,48.629736502391985,59.326171875,1524.2368983831964,741.2323873559807,2964.9295494239227,5.36870912e8,2.18365952e8
square_1024__t8__ra8__rb2__kk__fp32,square_1024,1024,1024,1024,1/8,128,128,128,1/8,1/2,16,64,kk,fp32,3,6291456,1.408891,1.040197,1.3544463212256908,25.0,4.0,33.86115803064227,59.326171875,1524.2368983831964,516.1242649228944,2064.4970596915778,5.36870912e8,2.18365952e8
square_1024__t8__ra8__rb2__ik__fp32,square_1024,1024,1024,1024,1/8,128,128,128,1/8,1/2,16,64,ik,fp32,3,18874368,1.408891,1.343856,1.0483943220106915,25.0,4.0,26.209858050267293,59.326171875,1524.2368983831964,399.5003274160327,1598.0013096641308,5.36870912e8,2.18365952e8
square_1024__t8__ra8__rb2__ij__fp32,square_1024,1024,1024,1024,1/8,128,128,128,1/8,1/2,16,64,ij,fp32,3,6291456,1.408891,0.801332,1.7581863696944584,25.0,4.0,43.95465924236147,59.326171875,1524.2368983831964,669.9731347306735,2679.892538922694,5.36870912e8,2.18365952e8
square_1024__t8__ra8__rb4__kj__fp32,square_1024,1024,1024,1024,1/8,128,128,128,1/8,1/4,16,32,kj,fp32,3,5242880,1.408891,0.674397,2.089112199490804,18.75,5.333333333333333,39.170853740452586,55.17578125,1524.2368983831964,597.0566061236927,3184.3018993263613,4.02653184e8,1.80486144e8
square_1024__t8__ra8__rb4__kk__fp32,square_1024,1024,1024,1024,1/8,128,128,128,1/8,1/4,16,32,kk,fp32,3,5242880,1.408891,0.949087,1.4844698115135913,18.75,5.333333333333333,27.833808965879843,55.17578125,1524.2368983831964,424.2531864834309,2262.6836612449647,4.02653184e8,1.80486144e8
square_1024__t8__ra8__rb4__ik__fp32,square_1024,1024,1024,1024,1/8,128,128,128,1/8,1/4,16,32,ik,fp32,3,9437184,1.408891,1.076724,1.308497813738711,18.75,5.333333333333333,24.534334007600837,55.17578125,1524.2368983831964,373.96137171642874,1994.4606491542866,4.02653184e8,1.80486144e8
square_1024__t8__ra8__rb4__ij__fp32,square_1024,1024,1024,1024,1/8,128,128,128,1/8,1/4,16,32,ij,fp32,3,5242880,1.408891,0.717048,1.9648489361939505,18.75,5.333333333333333,36.84091755363658,55.17578125,1524.2368983831964,561.5428590554607,2994.8952482957907,4.02653184e8,1.80486144e8
square_1024__t8__ra8__rb8__kj__fp32,square_1024,1024,1024,1024,1/8,128,128,128,1/8,1/8,16,16,kj,fp32,3,4718592,1.408891,0.629625,2.237666865197538,15.625,6.4,34.963544768711536,51.85546875,1524.2368983831964,532.927250347429,3410.7344022235457,3.3554432e8,1.6154624e8
square_1024__t8__ra8__rb8__kk__fp32,square_1024,1024,1024,1024,1/8,128,128,128,1/8,1/8,16,16,kk,fp32,3,4718592,1.408891,0.821966,1.7140502161889908,15.625,6.4,26.78203462795298,51.85546875,1524.2368983831964,408.22165393702414,2612.6185851969544,3.3554432e8,1.6154624e8
square_1024__t8__ra8__rb8__ik__fp32,square_1024,1024,1024,1024,1/8,128,128,128,1/8,1/8,16,16,ik,fp32,3,4718592,1.408891,0.88273,1.5960610832304327,15.625,6.4,24.938454425475516,51.85546875,1524.2368983831964,380.12112423957495,2432.77519513328,3.3554432e8,1.6154624e8
square_1024__t8__ra8__rb8__ij__fp32,square_1024,1024,1024,1024,1/8,128,128,128,1/8,1/8,16,16,ij,fp32,3,4718592,1.408891,0.709822,1.9848511316921706,15.625,6.4,31.01329893269017,51.85546875,1524.2368983831964,472.71614573794557,3025.3833327228517,3.3554432e8,1.6154624e8
square_1024__t4__ra2__rb2__kj__fp32,square_1024,1024,1024,1024,1/4,256,256,256,1/2,1/2,128,128,kj,fp32,3,12582912,1.408891,1.566754,0.8992419997012931,100.0,1.0,89.92419997012932,56.0546875,1524.2368983831964,1370.6578365206024,1370.6578365206024,2.147483648e9,9.437184e8
square_1024__t4__ra2__rb2__kk__fp32,square_1024,1024,1024,1024,1/4,256,256,256,1/2,1/2,128,128,kk,fp32,3,12582912,1.408891,1.555415,0.9057974881301775,100.0,1.0,90.57974881301776,56.0546875,1524.2368983831964,1380.649953870832,1380.649953870832,2.147483648e9,9.437184e8
square_1024__t4__ra2__rb2__ik__fp32,square_1024,1024,1024,1024,1/4,256,256,256,1/2,1/2,128,128,ik,fp32,3,12582912,1.408891,1.479101,0.9525319771942551,100.0,1.0,95.25319771942551,56.0546875,1524.2368983831964,1451.884386529385,1451.884386529385,2.147483648e9,9.437184e8
square_1024__t4__ra2__rb2__ij__fp32,square_1024,1024,1024,1024,1/4,256,256,256,1/2,1/2,128,128,ij,fp32,3,12582912,1.408891,1.642881,0.8575733726301539,100.0,1.0,85.75733726301542,56.0546875,1524.2368983831964,1307.1449776338031,1307.1449776338031,2.147483648e9,9.437184e8
square_1024__t4__ra2__rb4__kj__fp32,square_1024,1024,1024,1024,1/4,256,256,256,1/2,1/4,128,64,kj,fp32,3,10485760,1.408891,1.212668,1.1618109820659899,50.0,2.0,58.0905491032995,56.0546875,1524.2368983831964,885.4375839059,1770.8751678118,1.073741824e9,4.718592e8
square_1024__t4__ra2__rb4__kk__fp32,square_1024,1024,1024,1024,1/4,256,256,256,1/2,1/4,128,64,kk,fp32,3,6291456,1.408891,0.708617,1.9882263620545368,50.0,2.0,99.41131810272687,56.0546875,1524.2368983831964,1515.263991690857,3030.527983381714,1.073741824e9,4.718592e8
square_1024__t4__ra2__rb4__ik__fp32,square_1024,1024,1024,1024,1/4,256,256,256,1/2,1/4,128,64,ik,fp32,3,6291456,1.408891,0.701333,2.0088759547889516,50.0,2.0,100.4437977394476,56.0546875,1524.2368983831964,1531.0014272820472,3062.0028545640944,1.073741824e9,4.718592e8
square_1024__t4__ra2__rb4__ij__fp32,square_1024,1024,1024,1024,1/4,256,256,256,1/2,1/4,128,64,ij,fp32,3,10485760,1.408891,1.327892,1.0609981835872193,50.0,2.0,53.049909179360974,56.0546875,1524.2368983831964,808.6062902705943,1617.2125805411886,1.073741824e9,4.718592e8
square_1024__t4__ra2__rb8__kj__fp32,square_1024,1024,1024,1024,1/4,256,256,256,1/2,1/8,128,32,kj,fp32,3,9437184,1.408891,1.051736,1.3395861699133622,25.0,4.0,33.48965424783406,56.0546875,1524.2368983831964,510.46166718644224,2041.846668745769,5.36870912e8,2.359296e8
square_1024__t4__ra2__rb8__kk__fp32,square_1024,1024,1024,1024,1/4,256,256,256,1/2,1/8,128,32,kk,fp32,3,3145728,1.408891,0.52215,2.698249545149861,25.0,4.0,67.45623862874653,56.0546875,1524.2368983831964,1028.1928794407738,4112.771517763095,5.36870912e8,2.359296e8
square_1024__t4__ra2__rb8__ik__fp32,square_1024,1024,1024,1024,1/4,256,256,256,1/2,1/8,128,32,ik,fp32,3,3145728,1.408891,0.540401,2.6071213783838294,25.0,4.0,65.17803445959575,56.0546875,1524.2368983831964,993.4676508740731,3973.8706034962925,5.36870912e8,2.359296e8
square_1024__t4__ra2__rb8__ij__fp32,square_1024,1024,1024,1024,1/4,256,256,256,1/2,1/8,128,32,ij,fp32,3,9437184,1.408891,1.140996,1.234790481298795,25.0,4.0,30.86976203246988,56.0546875,1524.2368983831964,470.52830334199245,1882.1132133679698,5.36870912e8,2.359296e8
square_1024__t4__ra4__rb2__kj__fp32,square_1024,1024,1024,1024,1/4,256,256,256,1/4,1/2,64,128,kj,fp32,3,6291456,1.408891,0.826707,1.7042204795653115,50.0,2.0,85.21102397826559,56.0546875,1524.2368983831964,1298.817868966877,2597.635737933754,1.073741824e9,4.718592e8
square_1024__t4__ra4__rb2__kk__fp32,square_1024,1024,1024,1024,1/4,256,256,256,1/4,1/2,64,128,kk,fp32,3,6291456,1.408891,0.874602,1.6108938694400423,50.0,2.0,80.54469347200212,56.0546875,1524.2368983831964,1227.691937589898,2455.383875179796,1.073741824e9,4.718592e8
square_1024__t4__ra4__rb2__ik__fp32,square_1024,1024,1024,1024,1/4,256,256,256,1/4,1/2,64,128,ik,fp32,3,10485760,1.408891,1.114119,1.264578559381897,50.0,2.0,63.22892796909487,56.0546875,1524.2368983831964,963.758650557077,1927.517301114154,1.073741824e9,4.718592e8
square_1024__t4__ra4__rb2__ij__fp32,square_1024,1024,1024,1024,1/4,256,256,256,1/4,1/2,64,128,ij,fp32,3,6291456,1.408891,0.923332,1.525876932674271,50.0,2.0,76.29384663371356,56.0546875,1524.2368983831964,1162.8989615869482,2325.7979231738964,1.073741824e9,4.718592e8
square_1024__t4__ra4__rb4__kj__fp32,square_1024,1024,1024,1024,1/4,256,256,256,1/4,1/4,64,64,kj,fp32,3,5242880,1.408891,0.649809,2.1681617213673556,37.5,2.6666666666666665,81.30606455127585,51.953125,1524.2368983831964,1239.2970365138065,3304.7920973701503,8.05306368e8,3.86924544e8
square_1024__t4__ra4__rb4__kk__fp32,square_1024,1024,1024,1024,1/4,256,256,256,1/4,1/4,64,64,kk,fp32,3,5242880,1.408891,0.65642,2.1463255232930134,37.5,2.6666666666666665,80.48720712348802,51.953125,1524.2368983831964,1226.8157094543128,3271.508558544834,8.05306368e8,3.86924544e8
square_1024__t4__ra4__rb4__ik__fp32,square_1024,1024,1024,1024,1/4,256,256,256,1/4,1/4,64,64,ik,fp32,3,5242880,1.408891,0.54336,2.592923660188457,37.5,2.6666666666666665,97.23463725706713,51.953125,1524.2368983831964,1482.086219081272,3952.229917550059,8.05306368e8,3.86924544e8
square_1024__t4__ra4__rb4__ij__fp32,square_1024,1024,1024,1024,1/4,256,256,256,1/4,1/4,64,64,ij,fp32,3,5242880,1.408891,0.771838,1.8253713862235337,37.5,2.6666666666666665,68.45142698338253,51.953125,1524.2368983831964,1043.3619075505483,2782.298420134795,8.05306368e8,3.86924544e8
square_1024__t4__ra4__rb8__kj__fp32,square_1024,1024,1024,1024,1/4,256,256,256,1/4,1/8,64,32,kj,fp32,3,4718592,1.408891,0.569884,2.4722417193674504,18.75,5.333333333333333,46.35453223813969,51.953125,1524.2368983831964,706.5528844466593,3768.282050382183,4.02653184e8,1.93462272e8
square_1024__t4__ra4__rb8__kk__fp32,square_1024,1024,1024,1024,1/4,256,256,256,1/4,1/8,64,32,kk,fp32,3,2621440,1.408891,0.399679,3.5250563577270757,18.75,5.333333333333333,66.09480670738267,51.953125,1524.2368983831964,1007.4414317489785,5373.020969327886,4.02653184e8,1.93462272e8
square_1024__t4__ra4__rb8__ik__fp32,square_1024,1024,1024,1024,1/4,256,256,256,1/4,1/8,64,32,ik,fp32,3,2621440,1.408891,0.403064,3.495452335113034,18.75,5.333333333333333,65.53973128336939,51.953125,1524.2368983831964,998.9807673223111,5327.897425718993,4.02653184e8,1.93462272e8
square_1024__t4__ra4__rb8__ij__fp32,square_1024,1024,1024,1024,1/4,256,256,256,1/4,1/8,64,32,ij,fp32,3,4718592,1.408891,0.699777,2.0133428220704594,18.75,5.333333333333333,37.75017791382112,51.953125,1524.2368983831964,575.4021409677655,3068.811418494749,4.02653184e8,1.93462272e8
square_1024__t4__ra8__rb2__kj__fp32,square_1024,1024,1024,1024,1/4,256,256,256,1/8,1/2,32,128,kj,fp32,3,3145728,1.408891,0.472903,2.9792388713964595,25.0,4.0,74.4809717849115,56.0546875,1524.2368983831964,1135.2664542199986,4541.065816879995,5.36870912e8,2.359296e8
square_1024__t4__ra8__rb2__kk__fp32,square_1024,1024,1024,1024,1/4,256,256,256,1/8,1/2,32,128,kk,fp32,3,3145728,1.408891,0.490611,2.871706912401067,25.0,4.0,71.79267281002669,56.0546875,1524.2368983831964,1094.2904093059472,4377.161637223789,5.36870912e8,2.359296e8
square_1024__t4__ra8__rb2__ik__fp32,square_1024,1024,1024,1024,1/4,256,256,256,1/8,1/2,32,128,ik,fp32,3,9437184,1.408891,0.891684,1.5800339582183822,25.0,4.0,39.50084895545956,56.0546875,1524.2368983831964,602.086514953728,2408.346059814912,5.36870912e8,2.359296e8
square_1024__t4__ra8__rb2__ij__fp32,square_1024,1024,1024,1024,1/4,256,256,256,1/8,1/2,32,128,ij,fp32,3,3145728,1.408891,0.585577,2.4059875985566372,25.0,4.0,60.14968996391593,56.0546875,1524.2368983831964,916.823768693101,3667.295074772404,5.36870912e8,2.359296e8
square_1024__t4__ra8__rb4__kj__fp32,square_1024,1024,1024,1024,1/4,256,256,256,1/8,1/4,32,64,kj,fp32,3,2621440,1.408891,0.389972,3.6128004061830077,18.75,5.333333333333333,67.7400076159314,51.953125,1524.2368983831964,1032.5181910496137,5506.76368559794,4.02653184e8,1.93462272e8
square_1024__t4__ra8__rb4__kk__fp32,square_1024,1024,1024,1024,1/4,256,256,256,1/8,1/4,32,64,kk,fp32,3,2621440,1.408891,0.444566,3.169137990759527,18.75,5.333333333333333,59.42133732674114,51.953125,1524.2368983831964,905.7219490469357,4830.517061583657,4.02653184e8,1.93462272e8
square_1024__t4__ra8__rb4__ik__fp32,square_1024,1024,1024,1024,1/4,256,256,256,1/8,1/4,32,64,ik,fp32,3,4718592,1.408891,0.532048,2.6480524313595764,18.75,5.333333333333333,49.65098308799206,51.953125,1524.2368983831964,756.7986046371756,4036.2592247316034,4.02653184e8,1.93462272e8
square_1024__t4__ra8__rb4__ij__fp32,square_1024,1024,1024,1024,1/4,256,256,256,1/8,1/4,32,64,ij,fp32,3,2621440,1.408891,0.508285,2.771852405638569,18.75,5.333333333333333,51.972232605723164,51.953125,1524.2368983831964,792.1799462899751,4224.959713546534,4.02653184e8,1.93462272e8
square_1024__t4__ra8__rb8__kj__fp32,square_1024,1024,1024,1024,1/4,256,256,256,1/8,1/8,32,32,kj,fp32,3,2359296,1.408891,0.375065,3.756391558796475,15.625,6.4,58.693618106194926,48.671875,1524.2368983831964,894.6297841707437,5725.6306186927595,3.3554432e8,1.72228608e8
square_1024__t4__ra8__rb8__kk__fp32,square_1024,1024,1024,1024,1/4,256,256,256,1/8,1/8,32,32,kk,fp32,3,2359296,1.408891,0.421512,3.3424694907855526,15.625,6.4,52.22608579352427,48.671875,1524.2368983831964,796.0492702461614,5094.715329575433,3.3554432e8,1.72228608e8
square_1024__t4__ra8__rb8__ik__fp32,square_1024,1024,1024,1024,1/4,256,256,256,1/8,1/8,32,32,ik,fp32,3,2359296,1.408891,0.393751,3.5781267857097503,15.625,6.4,55.90823102671485,48.671875,1524.2368983831964,852.1738865425103,5453.9128738720665,3.3554432e8,1.72228608e8
square_1024__t4__ra8__rb8__ij__fp32,square_1024,1024,1024,1024,1/4,256,256,256,1/8,1/8,32,32,ij,fp32,3,2359296,1.408891,0.471945,2.9852864210872028,15.625,6.4,46.64510032948755,48.671875,1524.2368983831964,710.9818305099111,4550.283715263431,3.3554432e8,1.72228608e8
square_2048__t8__ra2__rb2__kj__fp32,square_2048,2048,2048,2048,1/8,256,256,256,1/2,1/2,128,128,kj,fp32,3,100663296,10.932885,11.366908,0.9618169690473434,100.0,1.0,96.18169690473434,59.326171875,1571.3939352696018,1511.3933520003857,1511.3933520003857,1.7179869184e10,6.987710464e9
square_2048__t8__ra2__rb2__kk__fp32,square_2048,2048,2048,2048,1/8,256,256,256,1/2,1/2,128,128,kk,fp32,3,100663296,10.932885,11.365451,0.961940269682215,100.0,1.0,96.1940269682215,59.326171875,1571.3939352696018,1511.5871058702378,1511.5871058702378,1.7179869184e10,6.987710464e9
square_2048__t8__ra2__rb2__ik__fp32,square_2048,2048,2048,2048,1/8,256,256,256,1/2,1/2,128,128,ik,fp32,3,100663296,10.932885,10.797379,1.0125498975260572,100.0,1.0,101.2549897526057,59.326171875,1571.3939352696018,1591.1147681303028,1591.1147681303028,1.7179869184e10,6.987710464e9
square_2048__t8__ra2__rb2__ij__fp32,square_2048,2048,2048,2048,1/8,256,256,256,1/2,1/2,128,128,ij,fp32,3,100663296,10.932885,11.944786,0.9152851294280199,100.0,1.0,91.52851294280198,59.326171875,1571.3939352696018,1438.273501425643,1438.273501425643,1.7179869184e10,6.987710464e9
square_2048__t8__ra2__rb4__kj__fp32,square_2048,2048,2048,2048,1/8,256,256,256,1/2,1/4,128,64,kj,fp32,3,83886080,10.932885,8.845805,1.2359400868547294,50.0,2.0,61.79700434273647,59.326171875,1571.3939352696018,971.0743784200533,1942.1487568401067,8.589934592e9,3.493855232e9
square_2048__t8__ra2__rb4__kk__fp32,square_2048,2048,2048,2048,1/8,256,256,256,1/2,1/4,128,64,kk,fp32,3,50331648,10.932885,4.634929,2.358803122982035,50.0,2.0,117.94015614910174,59.326171875,1571.3939352696018,1853.3044609744832,3706.6089219489663,8.589934592e9,3.493855232e9
square_2048__t8__ra2__rb4__ik__fp32,square_2048,2048,2048,2048,1/8,256,256,256,1/2,1/4,128,64,ik,fp32,3,50331648,10.932885,4.618226,2.367334340069109,50.0,2.0,118.36671700345545,59.326171875,1571.3939352696018,1860.0074123700313,3720.0148247400625,8.589934592e9,3.493855232e9
square_2048__t8__ra2__rb4__ij__fp32,square_2048,2048,2048,2048,1/8,256,256,256,1/2,1/4,128,64,ij,fp32,3,83886080,10.932885,9.398187,1.1632972402017538,50.0,2.0,58.164862010087695,59.326171875,1571.3939352696018,913.9991140844505,1827.998228168901,8.589934592e9,3.493855232e9
square_2048__t8__ra2__rb8__kj__fp32,square_2048,2048,2048,2048,1/8,256,256,256,1/2,1/8,128,32,kj,fp32,3,75497472,10.932885,7.502416,1.457248571660116,25.0,4.0,36.4312142915029,59.326171875,1571.3939352696018,572.4778919217489,2289.9115676869956,4.294967296e9,1.746927616e9
square_2048__t8__ra2__rb8__kk__fp32,square_2048,2048,2048,2048,1/8,256,256,256,1/2,1/8,128,32,kk,fp32,3,25165824,10.932885,3.436582,3.1813252237252017,25.0,4.0,79.53313059313002,59.326171875,1571.3939352696018,1249.7787906704975,4999.11516268199,4.294967296e9,1.746927616e9
square_2048__t8__ra2__rb8__ik__fp32,square_2048,2048,2048,2048,1/8,256,256,256,1/2,1/8,128,32,ik,fp32,3,25165824,10.932885,3.38253,3.232162020735958,25.0,4.0,80.80405051839895,59.326171875,1571.3939352696018,1269.7499492983063,5078.999797193225,4.294967296e9,1.746927616e9
square_2048__t8__ra2__rb8__ij__fp32,square_2048,2048,2048,2048,1/8,256,256,256,1/2,1/8,128,32,ij,fp32,3,75497472,10.932885,8.049503,1.3582062147190952,25.0,4.0,33.95515536797738,59.326171875,1571.3939352696018,533.5692521637671,2134.2770086550686,4.294967296e9,1.746927616e9
square_2048__t8__ra4__rb2__kj__fp32,square_2048,2048,2048,2048,1/8,256,256,256,1/4,1/2,64,128,kj,fp32,3,50331648,10.932885,5.739807,1.904747842566832,50.0,2.0,95.2373921283416,59.326171875,1571.3939352696018,1496.554604013689,2993.109208027378,8.589934592e9,3.493855232e9
square_2048__t8__ra4__rb2__kk__fp32,square_2048,2048,2048,2048,1/8,256,256,256,1/4,1/2,64,128,kk,fp32,3,50331648,10.932885,5.84621,1.8700807873819107,50.0,2.0,93.50403936909552,59.326171875,1571.3939352696018,1469.316803878068,2938.633607756136,8.589934592e9,3.493855232e9
square_2048__t8__ra4__rb2__ik__fp32,square_2048,2048,2048,2048,1/8,256,256,256,1/4,1/2,64,128,ik,fp32,3,83886080,10.932885,7.891697,1.3853655303795878,50.0,2.0,69.26827651897936,59.326171875,1571.3939352696018,1088.4774962850195,2176.954992570039,8.589934592e9,3.493855232e9
square_2048__t8__ra4__rb2__ij__fp32,square_2048,2048,2048,2048,1/8,256,256,256,1/4,1/2,64,128,ij,fp32,3,50331648,10.932885,6.475701,1.6882936689016372,50.0,2.0,84.41468344508185,59.326171875,1571.3939352696018,1326.4872161330488,2652.9744322660977,8.589934592e9,3.493855232e9
square_2048__t8__ra4__rb4__kj__fp32,square_2048,2048,2048,2048,1/8,256,256,256,1/4,1/4,64,64,kj,fp32,3,41943040,10.932885,4.49947,2.429816178349895,37.5,2.6666666666666665,91.11810668812105,55.17578125,1571.3939352696018,1431.8244024296196,3818.1984064789854,6.442450944e9,2.887778304e9
square_2048__t8__ra4__rb4__kk__fp32,square_2048,2048,2048,2048,1/8,256,256,256,1/4,1/4,64,64,kk,fp32,3,41943040,10.932885,4.497772,2.43073348315566,37.5,2.6666666666666665,91.15250561833726,55.17578125,1571.3939352696018,1432.3649451328347,3819.639853687559,6.442450944e9,2.887778304e9
square_2048__t8__ra4__rb4__ik__fp32,square_2048,2048,2048,2048,1/8,256,256,256,1/4,1/4,64,64,ik,fp32,3,41943040,10.932885,3.737062,2.925529466730817,37.5,2.6666666666666665,109.70735500240562,55.17578125,1571.3939352696018,1723.9347230524943,4597.159261473318,6.442450944e9,2.887778304e9
square_2048__t8__ra4__rb4__ij__fp32,square_2048,2048,2048,2048,1/8,256,256,256,1/4,1/4,64,64,ij,fp32,3,41943040,10.932885,5.186628,2.1078984264921257,37.5,2.6666666666666665,79.0461909934547,55.17578125,1571.3939352696018,1242.1270513327734,3312.3388035540625,6.442450944e9,2.887778304e9
square_2048__t8__ra4__rb8__kj__fp32,square_2048,2048,2048,2048,1/8,256,256,256,1/4,1/8,64,32,kj,fp32,3,37748736,10.932885,3.880621,2.8173029522852144,18.75,5.333333333333333,52.824430355347765,55.17578125,1571.3939352696018,830.0798949446494,4427.09277303813,3.221225472e9,1.443889152e9
square_2048__t8__ra4__rb8__kk__fp32,square_2048,2048,2048,2048,1/8,256,256,256,1/4,1/8,64,32,kk,fp32,3,20971520,10.932885,2.521186,4.336405564682654,18.75,5.333333333333333,81.30760433779976,55.17578125,1571.3939352696018,1277.662763477189,6814.201405211674,3.221225472e9,1.443889152e9
square_2048__t8__ra4__rb8__ik__fp32,square_2048,2048,2048,2048,1/8,256,256,256,1/4,1/8,64,32,ik,fp32,3,20971520,10.932885,2.499105,4.374720149813633,18.75,5.333333333333333,82.02600280900563,55.17578125,1571.3939352696018,1288.9516334847876,6874.408711918867,3.221225472e9,1.443889152e9
square_2048__t8__ra4__rb8__ij__fp32,square_2048,2048,2048,2048,1/8,256,256,256,1/4,1/8,64,32,ij,fp32,3,37748736,10.932885,4.634628,2.358956317529692,18.75,5.333333333333333,44.23043095368172,55.17578125,1571.3939352696018,695.0343095497632,3706.8496509320703,3.221225472e9,1.443889152e9
square_2048__t8__ra8__rb2__kj__fp32,square_2048,2048,2048,2048,1/8,256,256,256,1/8,1/2,32,128,kj,fp32,3,25165824,10.932885,3.067957,3.5635717840895427,25.0,4.0,89.08929460223855,59.326171875,1571.3939352696018,1399.9437723540454,5599.775089416182,4.294967296e9,1.746927616e9
square_2048__t8__ra8__rb2__kk__fp32,square_2048,2048,2048,2048,1/8,256,256,256,1/8,1/2,32,128,kk,fp32,3,25165824,10.932885,3.389284,3.2257211257598954,25.0,4.0,80.64302814399737,59.326171875,1571.3939352696018,1267.2196534725329,5068.878613890131,4.294967296e9,1.746927616e9
square_2048__t8__ra8__rb2__ik__fp32,square_2048,2048,2048,2048,1/8,256,256,256,1/8,1/2,32,128,ik,fp32,3,75497472,10.932885,6.665732,1.6401627008106536,25.0,4.0,41.00406752026633,59.326171875,1571.3939352696018,644.3354302273178,2577.3417209092713,4.294967296e9,1.746927616e9
square_2048__t8__ra8__rb2__ij__fp32,square_2048,2048,2048,2048,1/8,256,256,256,1/8,1/2,32,128,ij,fp32,3,25165824,10.932885,3.814466,2.866163966332378,25.0,4.0,71.65409915830945,59.326171875,1571.3939352696018,1125.9681685457415,4503.872674182966,4.294967296e9,1.746927616e9
square_2048__t8__ra8__rb4__kj__fp32,square_2048,2048,2048,2048,1/8,256,256,256,1/8,1/4,32,64,kj,fp32,3,20971520,10.932885,2.43849,4.48346517722033,18.75,5.333333333333333,84.06497207288116,55.17578125,1571.3939352696018,1320.991872839339,7045.289988476476,3.221225472e9,1.443889152e9
square_2048__t8__ra8__rb4__kk__fp32,square_2048,2048,2048,2048,1/8,256,256,256,1/8,1/4,32,64,kk,fp32,3,20971520,10.932885,2.891526,3.7810087130463295,18.75,5.333333333333333,70.89391336961867,55.17578125,1571.3939352696018,1114.0226551654732,5941.454160882524,3.221225472e9,1.443889152e9
square_2048__t8__ra8__rb4__ik__fp32,square_2048,2048,2048,2048,1/8,256,256,256,1/8,1/4,32,64,ik,fp32,3,37748736,10.932885,3.556206,3.0743114993900806,18.75,5.333333333333333,57.64334061356401,55.17578125,1571.3939352696018,905.803958488344,4830.954445271168,3.221225472e9,1.443889152e9
square_2048__t8__ra8__rb4__ij__fp32,square_2048,2048,2048,2048,1/8,256,256,256,1/8,1/4,32,64,ij,fp32,3,20971520,10.932885,3.196625,3.42013373479842,18.75,5.333333333333333,64.12750752747037,55.17578125,1571.3939352696018,1007.6957641262269,5374.37740867321,3.221225472e9,1.443889152e9
square_2048__t8__ra8__rb8__kj__fp32,square_2048,2048,2048,2048,1/8,256,256,256,1/8,1/8,32,32,kj,fp32,3,18874368,10.932885,2.12442,5.146291693732877,15.625,6.4,80.41080771457622,51.85546875,1571.3939352696018,1263.5705557281517,8086.851556660171,2.68435456e9,1.29236992e9
square_2048__t8__ra8__rb8__kk__fp32,square_2048,2048,2048,2048,1/8,256,256,256,1/8,1/8,32,32,kk,fp32,3,18874368,10.932885,2.71609,4.025229281798468,15.625,6.4,62.894207528101056,51.85546875,1571.3939352696018,988.3157627324573,6325.220881487727,2.68435456e9,1.29236992e9
square_2048__t8__ra8__rb8__ik__fp32,square_2048,2048,2048,2048,1/8,256,256,256,1/8,1/8,32,32,ik,fp32,3,18874368,10.932885,2.475404,4.416606339813622,15.625,6.4,69.00947405958784,51.85546875,1571.3939352696018,1084.4106901338125,6940.2284168564,2.68435456e9,1.29236992e9
square_2048__t8__ra8__rb8__ij__fp32,square_2048,2048,2048,2048,1/8,256,256,256,1/8,1/8,32,32,ij,fp32,3,18874368,10.932885,2.830276,3.862833518709836,15.625,6.4,60.35677372984119,51.85546875,1571.3939352696018,948.4426819151206,6070.033164256773,2.68435456e9,1.29236992e9
square_2048__t4__ra2__rb2__kj__fp32,square_2048,2048,2048,2048,1/4,512,512,512,1/2,1/2,256,256,kj,fp32,3,50331648,10.932885,10.775403,1.0146149522203485,100.0,1.0,101.46149522203484,56.0546875,1571.3939352696018,1594.3597825529123,1594.3597825529123,1.7179869184e10,7.5497472e9
square_2048__t4__ra2__rb2__kk__fp32,square_2048,2048,2048,2048,1/4,512,512,512,1/2,1/2,256,256,kk,fp32,3,50331648,10.932885,10.763132,1.0157717103162909,100.0,1.0,101.57717103162909,56.0546875,1571.3939352696018,1596.1775052094501,1596.1775052094501,1.7179869184e10,7.5497472e9
square_2048__t4__ra2__rb2__ik__fp32,square_2048,2048,2048,2048,1/4,512,512,512,1/2,1/2,256,256,ik,fp32,3,50331648,10.932885,10.198056,1.0720557918097333,100.0,1.0,107.2055791809733,56.0546875,1571.3939352696018,1684.6219695204654,1684.6219695204654,1.7179869184e10,7.5497472e9
square_2048__t4__ra2__rb2__ij__fp32,square_2048,2048,2048,2048,1/4,512,512,512,1/2,1/2,256,256,ij,fp32,3,50331648,10.932885,11.040124,0.9902864315654426,100.0,1.0,99.02864315654425,56.0546875,1571.3939352696018,1556.130092741712,1556.130092741712,1.7179869184e10,7.5497472e9
square_2048__t4__ra2__rb4__kj__fp32,square_2048,2048,2048,2048,1/4,512,512,512,1/2,1/4,256,128,kj,fp32,3,41943040,10.932885,8.344595,1.3101756286554351,50.0,2.0,65.50878143277176,56.0546875,1571.3939352696018,1029.4010185035943,2058.8020370071886,8.589934592e9,3.7748736e9
square_2048__t4__ra2__rb4__kk__fp32,square_2048,2048,2048,2048,1/4,512,512,512,1/2,1/4,256,128,kk,fp32,3,25165824,10.932885,5.234283,2.0887072785327048,50.0,2.0,104.43536392663523,56.0546875,1571.3939352696018,1641.0909750198834,3282.181950039767,8.589934592e9,3.7748736e9
square_2048__t4__ra2__rb4__ik__fp32,square_2048,2048,2048,2048,1/4,512,512,512,1/2,1/4,256,128,ik,fp32,3,25165824,10.932885,5.220471,2.094233451349505,50.0,2.0,104.71167256747525,56.0546875,1571.3939352696018,1645.4328722446692,3290.8657444893383,8.589934592e9,3.7748736e9
square_2048__t4__ra2__rb4__ij__fp32,square_2048,2048,2048,2048,1/4,512,512,512,1/2,1/4,256,128,ij,fp32,3,41943040,10.932885,8.569183,1.2758374981605598,50.0,2.0,63.79187490802799,56.0546875,1571.3939352696018,1002.4216534995227,2004.8433069990454,8.589934592e9,3.7748736e9
square_2048__t4__ra2__rb8__kj__fp32,square_2048,2048,2048,2048,1/4,512,512,512,1/2,1/8,256,64,kj,fp32,3,37748736,10.932885,7.09976,1.5398950105355675,25.0,4.0,38.49737526338918,56.0546875,1571.3939352696018,604.9454201268775,2419.78168050751,4.294967296e9,1.8874368e9
square_2048__t4__ra2__rb8__kk__fp32,square_2048,2048,2048,2048,1/4,512,512,512,1/2,1/8,256,64,kk,fp32,3,12582912,10.932885,2.347279,4.657684493407047,25.0,4.0,116.44211233517616,56.0546875,1571.3939352696018,1829.7642913347752,7319.057165339101,4.294967296e9,1.8874368e9
square_2048__t4__ra2__rb8__ik__fp32,square_2048,2048,2048,2048,1/4,512,512,512,1/2,1/8,256,64,ik,fp32,3,12582912,10.932885,2.314876,4.722881484796594,25.0,4.0,118.07203711991485,56.0546875,1571.3939352696018,1855.3768305516148,7421.507322206459,4.294967296e9,1.8874368e9
square_2048__t4__ra2__rb8__ij__fp32,square_2048,2048,2048,2048,1/4,512,512,512,1/2,1/8,256,64,ij,fp32,3,37748736,10.932885,7.360088,1.4854285709627386,25.0,4.0,37.13571427406846,56.0546875,1571.3939352696018,583.5483619217596,2334.1934476870383,4.294967296e9,1.8874368e9
square_2048__t4__ra4__rb2__kj__fp32,square_2048,2048,2048,2048,1/4,512,512,512,1/4,1/2,128,256,kj,fp32,3,25165824,10.932885,5.544024,1.9720125670451643,50.0,2.0,98.60062835225821,56.0546875,1571.3939352696018,1549.404294065105,3098.80858813021,8.589934592e9,3.7748736e9
square_2048__t4__ra4__rb2__kk__fp32,square_2048,2048,2048,2048,1/4,512,512,512,1/4,1/2,128,256,kk,fp32,3,25165824,10.932885,5.54754,1.9707627164472903,50.0,2.0,98.53813582236451,56.0546875,1571.3939352696018,1548.4222902403587,3096.8445804807175,8.589934592e9,3.7748736e9
square_2048__t4__ra4__rb2__ik__fp32,square_2048,2048,2048,2048,1/4,512,512,512,1/4,1/2,128,256,ik,fp32,3,41943040,10.932885,7.472879,1.4630084335635571,50.0,2.0,73.15042167817785,56.0546875,1571.3939352696018,1149.4812898750267,2298.9625797500535,8.589934592e9,3.7748736e9
square_2048__t4__ra4__rb2__ij__fp32,square_2048,2048,2048,2048,1/4,512,512,512,1/4,1/2,128,256,ij,fp32,3,25165824,10.932885,5.882934,1.8584068765687327,50.0,2.0,92.92034382843663,56.0546875,1571.3939352696018,1460.1446475517148,2920.2892951034296,8.589934592e9,3.7748736e9
square_2048__t4__ra4__rb4__kj__fp32,square_2048,2048,2048,2048,1/4,512,512,512,1/4,1/4,128,128,kj,fp32,3,20971520,10.932885,4.2958,2.545017226127846,37.5,2.6666666666666665,95.43814597979421,51.953125,1571.3939352696018,1499.7092378602356,3999.2246342939616,6.442450944e9,3.095396352e9
square_2048__t4__ra4__rb4__kk__fp32,square_2048,2048,2048,2048,1/4,512,512,512,1/4,1/4,128,128,kk,fp32,3,20971520,10.932885,4.300805,2.5420554989124127,37.5,2.6666666666666665,95.32708120921549,51.953125,1571.3939352696018,1497.9639727911403,3994.570594109707,6.442450944e9,3.095396352e9
square_2048__t4__ra4__rb4__ik__fp32,square_2048,2048,2048,2048,1/4,512,512,512,1/4,1/4,128,128,ik,fp32,3,20971520,10.932885,3.861601,2.8311793476332747,37.5,2.6666666666666665,106.1692255362478,51.953125,1571.3939352696018,1668.336771199303,4448.898056531475,6.442450944e9,3.095396352e9
square_2048__t4__ra4__rb4__ij__fp32,square_2048,2048,2048,2048,1/4,512,512,512,1/4,1/4,128,128,ij,fp32,3,20971520,10.932885,4.650844,2.350731394129754,37.5,2.6666666666666665,88.15242727986575,51.953125,1571.3939352696018,1385.2218960687565,3693.925056183351,6.442450944e9,3.095396352e9
square_2048__t4__ra4__rb8__kj__fp32,square_2048,2048,2048,2048,1/4,512,512,512,1/4,1/8,128,64,kj,fp32,3,18874368,10.932885,3.694426,2.9592919170664134,18.75,5.333333333333333,55.48672344499524,51.953125,1571.3939352696018,871.9150070944715,4650.213371170515,3.221225472e9,1.547698176e9
square_2048__t4__ra4__rb8__kk__fp32,square_2048,2048,2048,2048,1/4,512,512,512,1/4,1/8,128,64,kk,fp32,3,10485760,10.932885,1.807753,6.047775885311766,18.75,5.333333333333333,113.39579784959561,51.953125,1571.3939352696018,1781.8946902591229,9503.438348048654,3.221225472e9,1.547698176e9
square_2048__t4__ra4__rb8__ik__fp32,square_2048,2048,2048,2048,1/4,512,512,512,1/4,1/8,128,64,ik,fp32,3,10485760,10.932885,1.807169,6.049730268724176,18.75,5.333333333333333,113.4324425385783,51.953125,1571.3939352696018,1782.4705226793953,9506.509454290108,3.221225472e9,1.547698176e9
square_2048__t4__ra4__rb8__ij__fp32,square_2048,2048,2048,2048,1/4,512,512,512,1/4,1/8,128,64,ij,fp32,3,18874368,10.932885,4.02063,2.7191969915162555,18.75,5.333333333333333,50.984943590929774,51.953125,1571.3939352696018,801.1743114884981,4272.92966127199,3.221225472e9,1.547698176e9
square_2048__t4__ra8__rb2__kj__fp32,square_2048,2048,2048,2048,1/4,512,512,512,1/8,1/2,64,256,kj,fp32,3,12582912,10.932885,2.878357,3.7983075066782894,25.0,4.0,94.95768766695723,56.0546875,1571.3939352696018,1492.1593450708165,5968.637380283266,4.294967296e9,1.8874368e9
square_2048__t4__ra8__rb2__kk__fp32,square_2048,2048,2048,2048,1/4,512,512,512,1/8,1/2,64,256,kk,fp32,3,12582912,10.932885,2.974979,3.6749452685212236,25.0,4.0,91.87363171303058,56.0546875,1571.3939352696018,1443.6966768504922,5774.786707401969,4.294967296e9,1.8874368e9
square_2048__t4__ra8__rb2__ik__fp32,square_2048,2048,2048,2048,1/4,512,512,512,1/8,1/2,64,256,ik,fp32,3,37748736,10.932885,6.119871,1.7864567733535561,25.0,4.0,44.6614193338389,56.0546875,1571.3939352696018,701.8068348172699,2807.2273392690795,4.294967296e9,1.8874368e9
square_2048__t4__ra8__rb2__ij__fp32,square_2048,2048,2048,2048,1/4,512,512,512,1/8,1/2,64,256,ij,fp32,3,12582912,10.932885,3.27943,3.333775991559509,25.0,4.0,83.34439978898772,56.0546875,1571.3939352696018,1309.6688436710037,5238.675374684015,4.294967296e9,1.8874368e9
square_2048__t4__ra8__rb4__kj__fp32,square_2048,2048,2048,2048,1/4,512,512,512,1/8,1/4,64,128,kj,fp32,3,10485760,10.932885,2.289962,4.774264813127903,18.75,5.333333333333333,89.51746524614819,51.953125,1571.3939352696018,1406.6720198850462,7502.2507727202465,3.221225472e9,1.547698176e9
square_2048__t4__ra8__rb4__kk__fp32,square_2048,2048,2048,2048,1/4,512,512,512,1/8,1/4,64,128,kk,fp32,3,10485760,10.932885,2.32389,4.704562178072112,18.75,5.333333333333333,88.2105408388521,51.953125,1571.3939352696018,1386.1350890102372,7392.7204747212645,3.221225472e9,1.547698176e9
square_2048__t4__ra8__rb4__ik__fp32,square_2048,2048,2048,2048,1/4,512,512,512,1/8,1/4,64,128,ik,fp32,3,18874368,10.932885,3.176525,3.441775210332046,18.75,5.333333333333333,64.53328519372585,51.953125,1571.3939352696018,1014.0721297644438,5408.384692077034,3.221225472e9,1.547698176e9
square_2048__t4__ra8__rb4__ij__fp32,square_2048,2048,2048,2048,1/4,512,512,512,1/8,1/4,64,128,ij,fp32,3,10485760,10.932885,2.66981,4.095004887988284,18.75,5.333333333333333,76.78134164978032,51.953125,1571.3939352696018,1206.5373461032807,6434.865845884164,3.221225472e9,1.547698176e9
square_2048__t4__ra8__rb8__kj__fp32,square_2048,2048,2048,2048,1/4,512,512,512,1/8,1/8,64,64,kj,fp32,3,9437184,10.932885,1.927229,5.672852058577367,15.625,6.4,88.63831341527136,48.671875,1571.3939352696018,1392.8570813328358,8914.285320530149,2.68435456e9,1.377828864e9
square_2048__t4__ra8__rb8__kk__fp32,square_2048,2048,2048,2048,1/4,512,512,512,1/8,1/8,64,64,kk,fp32,3,9437184,10.932885,1.949009,5.609458447857348,15.625,6.4,87.64778824777105,48.671875,1571.3939352696018,1377.2920289234169,8814.668985109869,2.68435456e9,1.377828864e9
square_2048__t4__ra8__rb8__ik__fp32,square_2048,2048,2048,2048,1/4,512,512,512,1/8,1/8,64,64,ik,fp32,3,9437184,10.932885,1.574464,6.943877408438682,15.625,6.4,108.49808450685438,48.671875,1571.3939352696018,1704.9323198243974,10911.566846876143,2.68435456e9,1.377828864e9
square_2048__t4__ra8__rb8__ij__fp32,square_2048,2048,2048,2048,1/4,512,512,512,1/8,1/8,64,64,ij,fp32,3,9437184,10.932885,2.310605,4.731611417788848,15.625,6.4,73.93142840295074,48.671875,1571.3939352696018,1161.7539821821558,7435.225485965797,2.68435456e9,1.377828864e9
square_4096__t8__ra2__rb2__kj__fp32,square_4096,4096,4096,4096,1/8,512,512,512,1/2,1/2,256,256,kj,fp32,3,402653184,82.285732,77.60949,1.060253481887331,100.0,1.0,106.0253481887331,59.326171875,1670.2646999846827,1770.9039638322581,1770.9039638322581,1.37438953472e11,5.5901683712e10
square_4096__t8__ra2__rb2__kk__fp32,square_4096,4096,4096,4096,1/8,512,512,512,1/2,1/2,256,256,kk,fp32,3,402653184,82.285732,77.798943,1.057671593301724,100.0,1.0,105.76715933017238,59.326171875,1670.2646999846827,1766.5915264684252,1766.5915264684252,1.37438953472e11,5.5901683712e10
square_4096__t8__ra2__rb2__ik__fp32,square_4096,4096,4096,4096,1/8,512,512,512,1/2,1/2,256,256,ik,fp32,3,402653184,82.285732,74.625735,1.1026455149821974,100.0,1.0,110.26455149821975,59.326171875,1670.2646999846827,1841.709880271196,1841.709880271196,1.37438953472e11,5.5901683712e10
square_4096__t8__ra2__rb2__ij__fp32,square_4096,4096,4096,4096,1/8,512,512,512,1/2,1/2,256,256,ij,fp32,3,402653184,82.285732,79.576318,1.0340479940275698,100.0,1.0,103.40479940275698,59.326171875,1670.2646999846827,1727.1338625142218,1727.1338625142218,1.37438953472e11,5.5901683712e10
square_4096__t8__ra2__rb4__kj__fp32,square_4096,4096,4096,4096,1/8,512,512,512,1/2,1/4,256,128,kj,fp32,3,335544320,82.285732,60.04663,1.3703638655491572,50.0,2.0,68.51819327745787,59.326171875,1670.2646999846827,1144.4351953806568,2288.8703907613135,6.8719476736e10,2.7950841856e10
square_4096__t8__ra2__rb4__kk__fp32,square_4096,4096,4096,4096,1/8,512,512,512,1/2,1/4,256,128,kk,fp32,3,201326592,82.285732,37.40605,2.1997974124506596,50.0,2.0,109.98987062253298,59.326171875,1670.2646999846827,1837.1219825669912,3674.2439651339823,6.8719476736e10,2.7950841856e10
square_4096__t8__ra2__rb4__ik__fp32,square_4096,4096,4096,4096,1/8,512,512,512,1/2,1/4,256,128,ik,fp32,3,201326592,82.285732,37.723298,2.1812974040604827,50.0,2.0,109.06487020302413,59.326171875,1670.2646999846827,1821.6720270852247,3643.3440541704495,6.8719476736e10,2.7950841856e10
square_4096__t8__ra2__rb4__ij__fp32,square_4096,4096,4096,4096,1/8,512,512,512,1/2,1/4,256,128,ij,fp32,3,335544320,82.285732,61.767682,1.3321809939378977,50.0,2.0,66.60904969689489,59.326171875,1670.2646999846827,1112.5474440824896,2225.0948881649792,6.8719476736e10,2.7950841856e10
square_4096__t8__ra2__rb8__kj__fp32,square_4096,4096,4096,4096,1/8,512,512,512,1/2,1/8,256,64,kj,fp32,3,301989888,82.285732,51.156248,1.6085177317929962,25.0,4.0,40.2129432948249,59.326171875,1670.2646999846827,671.6625966783178,2686.650386713271,3.4359738368e10,1.3975420928e10
square_4096__t8__ra2__rb8__kk__fp32,square_4096,4096,4096,4096,1/8,512,512,512,1/2,1/8,256,64,kk,fp32,3,100663296,82.285732,13.894079,5.9223595892897976,25.0,4.0,148.05898973224492,59.326171875,1670.2646999846827,2472.977040651633,9891.908162606533,3.4359738368e10,1.3975420928e10
square_4096__t8__ra2__rb8__ik__fp32,square_4096,4096,4096,4096,1/8,512,512,512,1/2,1/8,256,64,ik,fp32,3,100663296,82.285732,15.133863,5.437192870055715,25.0,4.0,135.9298217513929,59.326171875,1670.2646999846827,2270.3878294656165,9081.551317862466,3.4359738368e10,1.3975420928e10
square_4096__t8__ra2__rb8__ij__fp32,square_4096,4096,4096,4096,1/8,512,512,512,1/2,1/8,256,64,ij,fp32,3,301989888,82.285732,52.788168,1.5587912048775778,25.0,4.0,38.96978012193944,59.326171875,1670.2646999846827,650.8984810384023,2603.5939241536094,3.4359738368e10,1.3975420928e10
square_4096__t8__ra4__rb2__kj__fp32,square_4096,4096,4096,4096,1/8,512,512,512,1/4,1/2,128,256,kj,fp32,3,201326592,82.285732,39.500109,2.0831773400929094,50.0,2.0,104.1588670046455,59.326171875,1670.2646999846827,1739.7287874825865,3479.457574965173,6.8719476736e10,2.7950841856e10
square_4096__t8__ra4__rb2__kk__fp32,square_4096,4096,4096,4096,1/8,512,512,512,1/4,1/2,128,256,kk,fp32,3,201326592,82.285732,39.497766,2.0833009137782628,50.0,2.0,104.16504568891314,59.326171875,1670.2646999846827,1739.8319878648326,3479.6639757296653,6.8719476736e10,2.7950841856e10
square_4096__t8__ra4__rb2__ik__fp32,square_4096,4096,4096,4096,1/8,512,512,512,1/4,1/2,128,256,ik,fp32,3,335544320,82.285732,55.425302,1.484623971918096,50.0,2.0,74.2311985959048,59.326171875,1670.2646999846827,1239.8575065229234,2479.7150130458467,6.8719476736e10,2.7950841856e10
square_4096__t8__ra4__rb2__ij__fp32,square_4096,4096,4096,4096,1/8,512,512,512,1/4,1/2,128,256,ij,fp32,3,201326592,82.285732,41.963726,1.9608776398930827,50.0,2.0,98.04388199465414,59.326171875,1670.2646999846827,1637.5923514513463,3275.1847029026926,6.8719476736e10,2.7950841856e10
square_4096__t8__ra4__rb4__kj__fp32,square_4096,4096,4096,4096,1/8,512,512,512,1/4,1/4,128,128,kj,fp32,3,167772160,82.285732,30.830298,2.6689891871950118,37.5,2.6666666666666665,100.08709451981295,55.17578125,1670.2646999846827,1671.7194090047394,4457.918424012639,5.1539607552e10,2.3102226432e10
square_4096__t8__ra4__rb4__kk__fp32,square_4096,4096,4096,4096,1/8,512,512,512,1/4,1/4,128,128,kk,fp32,3,167772160,82.285732,30.805196,2.67116404648099,37.5,2.6666666666666665,100.1686517430371,55.17578125,1670.2646999846827,1673.0816305145404,4461.551014705441,5.1539607552e10,2.3102226432e10
square_4096__t8__ra4__rb4__ik__fp32,square_4096,4096,4096,4096,1/8,512,512,512,1/4,1/4,128,128,ik,fp32,3,167772160,82.285732,27.783326,2.96169479492844,37.5,2.6666666666666665,111.06355480981651,55.17578125,1670.2646999846827,1855.0553505365053,4946.814268097347,5.1539607552e10,2.3102226432e10
square_4096__t8__ra4__rb4__ij__fp32,square_4096,4096,4096,4096,1/8,512,512,512,1/4,1/4,128,128,ij,fp32,3,167772160,82.285732,33.057631,2.489159976406053,37.5,2.6666666666666665,93.34349911522698,55.17578125,1670.2646999846827,1559.0835154521508,4157.556041205736,5.1539607552e10,2.3102226432e10
square_4096__t8__ra4__rb8__kj__fp32,square_4096,4096,4096,4096,1/8,512,512,512,1/4,1/8,128,64,kj,fp32,3,150994944,82.285732,26.346334,3.1232327047854174,18.75,5.333333333333333,58.560613214726565,55.17578125,1670.2646999846827,978.1172506201432,5216.625336640764,2.5769803776e10,1.1551113216e10
square_4096__t8__ra4__rb8__kk__fp32,square_4096,4096,4096,4096,1/8,512,512,512,1/4,1/8,128,64,kk,fp32,3,83886080,82.285732,10.28261,8.002416896099335,18.75,5.333333333333333,150.04531680186255,55.17578125,1670.2646999846827,2506.1539605216963,13366.154456115713,2.5769803776e10,1.1551113216e10
square_4096__t8__ra4__rb8__ik__fp32,square_4096,4096,4096,4096,1/8,512,512,512,1/4,1/8,128,64,ik,fp32,3,83886080,82.285732,10.832092,7.596476470103836,18.75,5.333333333333333,142.4339338144469,55.17578125,1670.2646999846827,2379.0237173022533,12688.126492278685,2.5769803776e10,1.1551113216e10
square_4096__t8__ra4__rb8__ij__fp32,square_4096,4096,4096,4096,1/8,512,512,512,1/4,1/8,128,64,ij,fp32,3,150994944,82.285732,28.807275,2.8564219281414154,18.75,5.333333333333333,53.55791115265154,55.17578125,1670.2646999846827,894.5588840318982,4770.98071483679,2.5769803776e10,1.1551113216e10
square_4096__t8__ra8__rb2__kj__fp32,square_4096,4096,4096,4096,1/8,512,512,512,1/8,1/2,64,256,kj,fp32,3,100663296,82.285732,20.532498,4.007585048833318,25.0,4.0,100.18962622083293,59.326171875,1670.2646999846827,1673.4319598131704,6693.727839252681,3.4359738368e10,1.3975420928e10
square_4096__t8__ra8__rb2__kk__fp32,square_4096,4096,4096,4096,1/8,512,512,512,1/8,1/2,64,256,kk,fp32,3,100663296,82.285732,21.33376,3.8570665461690763,25.0,4.0,96.42666365422691,59.326171875,1670.2646999846827,1610.5805243895122,6442.322097558049,3.4359738368e10,1.3975420928e10
square_4096__t8__ra8__rb2__ik__fp32,square_4096,4096,4096,4096,1/8,512,512,512,1/8,1/2,64,256,ik,fp32,3,301989888,82.285732,45.890336,1.793094999348011,25.0,4.0,44.827374983700274,59.326171875,1670.2646999846827,748.7358202825101,2994.9432811300403,3.4359738368e10,1.3975420928e10
square_4096__t8__ra8__rb2__ij__fp32,square_4096,4096,4096,4096,1/8,512,512,512,1/8,1/2,64,256,ij,fp32,3,100663296,82.285732,23.618507,3.483951462300305,25.0,4.0,87.09878655750764,59.326171875,1670.2646999846827,1454.780285985054,5819.121143940216,3.4359738368e10,1.3975420928e10
square_4096__t8__ra8__rb4__kj__fp32,square_4096,4096,4096,4096,1/8,512,512,512,1/8,1/4,64,128,kj,fp32,3,83886080,82.285732,14.098879,5.836331526783087,18.75,5.333333333333333,109.43121612718288,55.17578125,1670.2646999846827,1827.7909737362806,9748.218526593497,2.5769803776e10,1.1551113216e10
square_4096__t8__ra8__rb4__kk__fp32,square_4096,4096,4096,4096,1/8,512,512,512,1/8,1/4,64,128,kk,fp32,3,83886080,82.285732,13.903612,5.918298928364801,18.75,5.333333333333333,110.96810490684004,55.17578125,1670.2646999846827,1853.4610845009197,9885.125784004904,2.5769803776e10,1.1551113216e10
square_4096__t8__ra8__rb4__ik__fp32,square_4096,4096,4096,4096,1/8,512,512,512,1/8,1/4,64,128,ik,fp32,3,150994944,82.285732,23.992855,3.4295931851378256,18.75,5.333333333333333,64.30487222133422,55.17578125,1670.2646999846827,1074.0615810832016,5728.328432443742,2.5769803776e10,1.1551113216e10
square_4096__t8__ra8__rb4__ij__fp32,square_4096,4096,4096,4096,1/8,512,512,512,1/8,1/4,64,128,ij,fp32,3,83886080,82.285732,18.204995,4.51995356219543,18.75,5.333333333333333,84.74912929116431,55.17578125,1670.2646999846827,1415.5347900946965,7549.518880505048,2.5769803776e10,1.1551113216e10
square_4096__t8__ra8__rb8__kj__fp32,square_4096,4096,4096,4096,1/8,512,512,512,1/8,1/8,64,64,kj,fp32,3,75497472,82.285732,11.017516,7.46862831876078,15.625,6.4,116.69731748063718,51.85546875,1670.2646999846827,1949.1540997081374,12474.58623813208,2.147483648e10,1.033895936e10
square_4096__t8__ra8__rb8__kk__fp32,square_4096,4096,4096,4096,1/8,512,512,512,1/8,1/8,64,64,kk,fp32,3,75497472,82.285732,12.41041,6.630379818233241,15.625,6.4,103.5996846598944,51.85546875,1670.2646999846827,1730.3889621696624,11074.48935788584,2.147483648e10,1.033895936e10
square_4096__t8__ra8__rb8__ik__fp32,square_4096,4096,4096,4096,1/8,512,512,512,1/8,1/8,64,64,ik,fp32,3,75497472,82.285732,8.997963,9.144928913355166,15.625,6.4,142.88951427117448,51.85546875,1670.2646999846827,2386.633116851003,15274.451947846419,2.147483648e10,1.033895936e10
square_4096__t8__ra8__rb8__ij__fp32,square_4096,4096,4096,4096,1/8,512,512,512,1/8,1/8,64,64,ij,fp32,3,75497472,82.285732,14.886882,5.527398685634775,15.625,6.4,86.36560446304337,51.85546875,1670.2646999846827,1442.534204274609,9232.218907357497,2.147483648e10,1.033895936e10
square_4096__t4__ra2__rb2__kj__fp32,square_4096,4096,4096,4096,1/4,1024,1024,1024,1/2,1/2,512,512,kj,fp32,3,201326592,82.285732,77.525638,1.0614002557450737,100.0,1.0,106.14002557450736,56.0546875,1670.2646999846827,1772.8193797257109,1772.8193797257109,1.37438953472e11,6.03979776e10
square_4096__t4__ra2__rb2__kk__fp32,square_4096,4096,4096,4096,1/4,1024,1024,1024,1/2,1/2,512,512,kk,fp32,3,201326592,82.285732,77.534733,1.0612757510882251,100.0,1.0,106.12757510882251,56.0546875,1670.2646999846827,1772.6114239923932,1772.6114239923932,1.37438953472e11,6.03979776e10
square_4096__t4__ra2__rb2__ik__fp32,square_4096,4096,4096,4096,1/4,1024,1024,1024,1/2,1/2,512,512,ik,fp32,3,201326592,82.285732,75.18007,1.0945152352212495,100.0,1.0,109.45152352212493,56.0546875,1670.2646999846827,1828.1301609854845,1828.1301609854845,1.37438953472e11,6.03979776e10
square_4096__t4__ra2__rb2__ij__fp32,square_4096,4096,4096,4096,1/4,1024,1024,1024,1/2,1/2,512,512,ij,fp32,3,201326592,82.285732,78.835204,1.0437688725965621,100.0,1.0,104.37688725965624,56.0546875,1670.2646999846827,1743.3703028408477,1743.3703028408477,1.37438953472e11,6.03979776e10
square_4096__t4__ra2__rb4__kj__fp32,square_4096,4096,4096,4096,1/4,1024,1024,1024,1/2,1/4,512,256,kj,fp32,3,167772160,82.285732,59.338344,1.3867210719598106,50.0,2.0,69.33605359799053,56.0546875,1670.2646999846827,1158.0956276096954,2316.1912552193908,6.8719476736e10,3.01989888e10
square_4096__t4__ra2__rb4__kk__fp32,square_4096,4096,4096,4096,1/4,1024,1024,1024,1/2,1/4,512,256,kk,fp32,3,100663296,82.285732,37.712001,2.181950833104825,50.0,2.0,109.09754165524126,56.0546875,1670.2646999846827,1822.2177268185796,3644.4354536371593,6.8719476736e10,3.01989888e10
square_4096__t4__ra2__rb4__ik__fp32,square_4096,4096,4096,4096,1/4,1024,1024,1024,1/2,1/4,512,256,ik,fp32,3,100663296,82.285732,37.295519,2.2063168500215804,50.0,2.0,110.31584250107902,56.0546875,1670.2646999846827,1842.5665757862225,3685.133151572445,6.8719476736e10,3.01989888e10
square_4096__t4__ra2__rb4__ij__fp32,square_4096,4096,4096,4096,1/4,1024,1024,1024,1/2,1/4,512,256,ij,fp32,3,167772160,82.285732,60.789387,1.3536200323915093,50.0,2.0,67.68100161957547,56.0546875,1670.2646999846827,1130.4518786478304,2260.903757295661,6.8719476736e10,3.01989888e10
square_4096__t4__ra2__rb8__kj__fp32,square_4096,4096,4096,4096,1/4,1024,1024,1024,1/2,1/8,512,128,kj,fp32,3,150994944,82.285732,50.395878,1.6327869513455047,25.0,4.0,40.819673783637626,56.0546875,1670.2646999846827,681.7966018570011,2727.1864074280043,3.4359738368e10,1.50994944e10
square_4096__t4__ra2__rb8__kk__fp32,square_4096,4096,4096,4096,1/4,1024,1024,1024,1/2,1/8,512,128,kk,fp32,3,50331648,82.285732,14.826213,5.55001685190952,25.0,4.0,138.75042129773797,56.0546875,1670.2646999846827,2317.4993080161466,9269.997232064587,3.4359738368e10,1.50994944e10
square_4096__t4__ra2__rb8__ik__fp32,square_4096,4096,4096,4096,1/4,1024,1024,1024,1/2,1/8,512,128,ik,fp32,3,50331648,82.285732,18.69726,4.400951369345027,25.0,4.0,110.02378423362566,56.0546875,1670.2646999846827,1837.6884296415624,7350.7537185662495,3.4359738368e10,1.50994944e10
square_4096__t4__ra2__rb8__ij__fp32,square_4096,4096,4096,4096,1/4,1024,1024,1024,1/2,1/8,512,128,ij,fp32,3,150994944,82.285732,40.88402,2.0126624534475814,25.0,4.0,50.316561336189544,56.0546875,1670.2646999846827,840.4197622445151,3361.6790489780606,3.4359738368e10,1.50994944e10
square_4096__t4__ra4__rb2__kj__fp32,square_4096,4096,4096,4096,1/4,1024,1024,1024,1/4,1/2,256,512,kj,fp32,3,100663296,82.285732,39.020327,2.1087914511838917,50.0,2.0,105.4395725591946,56.0546875,1670.2646999846827,1761.1199602709635,3522.239920541927,6.8719476736e10,3.01989888e10
square_4096__t4__ra4__rb2__kk__fp32,square_4096,4096,4096,4096,1/4,1024,1024,1024,1/4,1/2,256,512,kk,fp32,3,100663296,82.285732,39.025764,2.1084976581111903,50.0,2.0,105.42488290555951,56.0546875,1670.2646999846827,1760.8746041717466,3521.749208343493,6.8719476736e10,3.01989888e10
square_4096__t4__ra4__rb2__ik__fp32,square_4096,4096,4096,4096,1/4,1024,1024,1024,1/4,1/2,256,512,ik,fp32,3,167772160,82.285732,54.84945,1.5002107040271142,50.0,2.0,75.0105352013557,56.0546875,1670.2646999846827,1252.8744907378286,2505.7489814756573,6.8719476736e10,3.01989888e10
square_4096__t4__ra4__rb2__ij__fp32,square_4096,4096,4096,4096,1/4,1024,1024,1024,1/4,1/2,256,512,ij,fp32,3,100663296,82.285732,40.732982,2.0201254109016618,50.0,2.0,101.00627054508311,56.0546875,1670.2646999846827,1687.0720816855492,3374.1441633710983,6.8719476736e10,3.01989888e10
square_4096__t4__ra4__rb4__kj__fp32,square_4096,4096,4096,4096,1/4,1024,1024,1024,1/4,1/4,256,256,kj,fp32,3,83886080,82.285732,30.243618,2.720763501245122,37.5,2.6666666666666665,102.02863129669208,51.953125,1670.2646999846827,1704.148212426172,4544.395233136459,5.1539607552e10,2.4763170816e10
square_4096__t4__ra4__rb4__kk__fp32,square_4096,4096,4096,4096,1/4,1024,1024,1024,1/4,1/4,256,256,kk,fp32,3,83886080,82.285732,29.980262,2.7446635389644025,37.5,2.6666666666666665,102.92488271116508,51.953125,1670.2646999846827,1719.1179834252282,4584.3146224672755,5.1539607552e10,2.4763170816e10
square_4096__t4__ra4__rb4__ik__fp32,square_4096,4096,4096,4096,1/4,1024,1024,1024,1/4,1/4,256,256,ik,fp32,3,83886080,82.285732,27.565983,2.985046170854854,37.5,2.6666666666666665,111.93923140705702,51.953125,1670.2646999846827,1869.6814676262406,4985.817247003309,5.1539607552e10,2.4763170816e10
square_4096__t4__ra4__rb4__ij__fp32,square_4096,4096,4096,4096,1/4,1024,1024,1024,1/4,1/4,256,256,ij,fp32,3,83886080,82.285732,31.847155,2.5837702614252356,37.5,2.6666666666666665,96.89138480344633,51.953125,1670.2646999846827,1618.3425976982874,4315.580260528766,5.1539607552e10,2.4763170816e10
square_4096__t4__ra4__rb8__kj__fp32,square_4096,4096,4096,4096,1/4,1024,1024,1024,1/4,1/8,256,128,kj,fp32,3,75497472,82.285732,25.871338,3.1805750440893314,18.75,5.333333333333333,59.63578207667496,51.953125,1670.2646999846827,996.0754165864943,5312.402221794636,2.5769803776e10,1.2381585408e10
square_4096__t4__ra4__rb8__kk__fp32,square_4096,4096,4096,4096,1/4,1024,1024,1024,1/4,1/8,256,128,kk,fp32,3,41943040,82.285732,12.474257,6.596443539683365,18.75,5.333333333333333,123.68331636906309,51.953125,1670.2646999846827,2065.8387730828376,11017.806789775135,2.5769803776e10,1.2381585408e10
square_4096__t4__ra4__rb8__ik__fp32,square_4096,4096,4096,4096,1/4,1024,1024,1024,1/4,1/8,256,128,ik,fp32,3,41943040,82.285732,12.245144,6.719866422150691,18.75,5.333333333333333,125.99749541532546,51.953125,1670.2646999846827,2104.491688787,11223.955673530667,2.5769803776e10,1.2381585408e10
square_4096__t4__ra4__rb8__ij__fp32,square_4096,4096,4096,4096,1/4,1024,1024,1024,1/4,1/8,256,128,ij,fp32,3,75497472,82.285732,27.647509,2.9762439719252827,18.75,5.333333333333333,55.80457447359905,51.953125,1670.2646999846827,932.0841084091879,4971.115244849003,2.5769803776e10,1.2381585408e10
square_4096__t4__ra8__rb2__kj__fp32,square_4096,4096,4096,4096,1/4,1024,1024,1024,1/8,1/2,128,512,kj,fp32,3,50331648,82.285732,19.970161,4.120434081628084,25.0,4.0,103.01085204070213,56.0546875,1670.2646999846827,1720.5538987892987,6882.215595157195,3.4359738368e10,1.50994944e10
square_4096__t4__ra8__rb2__kk__fp32,square_4096,4096,4096,4096,1/4,1024,1024,1024,1/8,1/2,128,512,kk,fp32,3,50331648,82.285732,20.679706,3.979057149071655,25.0,4.0,99.47642872679138,56.0546875,1670.2646999846827,1661.5196738290188,6646.078695316075,3.4359738368e10,1.50994944e10
square_4096__t4__ra8__rb2__ik__fp32,square_4096,4096,4096,4096,1/4,1024,1024,1024,1/8,1/2,128,512,ik,fp32,3,150994944,82.285732,44.473515,1.850218765033526,25.0,4.0,46.25546912583815,56.0546875,1670.2646999846827,772.5887726211881,3090.3550904847525,3.4359738368e10,1.50994944e10
square_4096__t4__ra8__rb2__ij__fp32,square_4096,4096,4096,4096,1/4,1024,1024,1024,1/8,1/2,128,512,ij,fp32,3,50331648,82.285732,22.808885,3.6076174701218404,25.0,4.0,90.19043675304601,56.0546875,1670.2646999846827,1506.419027848139,6025.676111392556,3.4359738368e10,1.50994944e10
square_4096__t4__ra8__rb4__kj__fp32,square_4096,4096,4096,4096,1/4,1024,1024,1024,1/8,1/4,128,256,kj,fp32,3,41943040,82.285732,13.948694,5.899171062179728,18.75,5.333333333333333,110.6094574158699,51.953125,1670.2646999846827,1847.4707220618648,9853.177184329945,2.5769803776e10,1.2381585408e10
square_4096__t4__ra8__rb4__kk__fp32,square_4096,4096,4096,4096,1/4,1024,1024,1024,1/8,1/4,128,256,kk,fp32,3,41943040,82.285732,14.981791,5.492382853291706,18.75,5.333333333333333,102.98217849921949,51.953125,1670.2646999846827,1720.0749747476787,9173.733198654287,2.5769803776e10,1.2381585408e10
square_4096__t4__ra8__rb4__ik__fp32,square_4096,4096,4096,4096,1/4,1024,1024,1024,1/8,1/4,128,256,ik,fp32,3,75497472,82.285732,23.163405,3.552402248287762,18.75,5.333333333333333,66.60754215539554,51.953125,1670.2646999846827,1112.5222641489884,5933.452075461272,2.5769803776e10,1.2381585408e10
square_4096__t4__ra8__rb4__ij__fp32,square_4096,4096,4096,4096,1/4,1024,1024,1024,1/8,1/4,128,256,ij,fp32,3,41943040,82.285732,15.317795,5.371904507143489,18.75,5.333333333333333,100.7232095089404,51.953125,1670.2646999846827,1682.344213119447,8972.502469970384,2.5769803776e10,1.2381585408e10
square_4096__t4__ra8__rb8__kj__fp32,square_4096,4096,4096,4096,1/4,1024,1024,1024,1/8,1/8,128,128,kj,fp32,3,37748736,82.285732,11.215637,7.3366971488110755,15.625,6.4,114.63589295017304,48.671875,1670.2646999846827,1914.72285345897,12254.226262137407,2.147483648e10,1.1022630912e10
square_4096__t4__ra8__rb8__kk__fp32,square_4096,4096,4096,4096,1/4,1024,1024,1024,1/8,1/8,128,128,kk,fp32,3,37748736,82.285732,11.113029,7.404437799991344,15.625,6.4,115.69434062486475,48.671875,1670.2646999846827,1932.401731337154,12367.371080557785,2.147483648e10,1.1022630912e10
square_4096__t4__ra8__rb8__ik__fp32,square_4096,4096,4096,4096,1/4,1024,1024,1024,1/8,1/8,128,128,ik,fp32,3,37748736,82.285732,8.914594,9.230451998150448,15.625,6.4,144.22581247110077,48.671875,1670.2646999846827,2408.9528339709022,15417.298137413773,2.147483648e10,1.1022630912e10
square_4096__t4__ra8__rb8__ij__fp32,square_4096,4096,4096,4096,1/4,1024,1024,1024,1/8,1/8,128,128,ij,fp32,3,37748736,82.285732,12.041744,6.833373305394966,15.625,6.4,106.77145789679633,48.671875,1670.2646999846827,1783.3659709091971,11413.542213818862,2.147483648e10,1.1022630912e10
square_8192__t8__ra2__rb2__kj__fp32,square_8192,8192,8192,8192,1/8,1024,1024,1024,1/2,1/2,512,512,kj,fp32,3,1610612736,733.23551,644.112125,1.1383662588248902,100.0,1.0,113.83662588248902,59.326171875,1499.5340689050915,1707.018987999954,1707.018987999954,1.099511627776e12,4.47213469696e11
square_8192__t8__ra2__rb2__kk__fp32,square_8192,8192,8192,8192,1/8,1024,1024,1024,1/2,1/2,512,512,kk,fp32,3,1610612736,733.23551,643.484925,1.1394758160029934,100.0,1.0,113.94758160029934,59.326171875,1499.5340689050915,1708.6828067899182,1708.6828067899182,1.099511627776e12,4.47213469696e11
square_8192__t8__ra2__rb2__ik__fp32,square_8192,8192,8192,8192,1/8,1024,1024,1024,1/2,1/2,512,512,ik,fp32,3,1610612736,733.23551,620.435933,1.1818069699067542,100.0,1.0,118.18069699067544,59.326171875,1499.5340689050915,1772.1598142446724,1772.1598142446724,1.099511627776e12,4.47213469696e11
square_8192__t8__ra2__rb2__ij__fp32,square_8192,8192,8192,8192,1/8,1024,1024,1024,1/2,1/2,512,512,ij,fp32,3,1610612736,733.23551,636.74757,1.1515324824875264,100.0,1.0,115.15324824875266,59.326171875,1499.5340689050915,1726.7621889409018,1726.7621889409018,1.099511627776e12,4.47213469696e11
square_8192__t8__ra2__rb4__kj__fp32,square_8192,8192,8192,8192,1/8,1024,1024,1024,1/2,1/4,512,256,kj,fp32,3,1342177280,733.23551,496.889446,1.4756512055198692,50.0,2.0,73.78256027599348,59.326171875,1499.5340689050915,1106.3946282489567,2212.7892564979134,5.49755813888e11,2.23606734848e11
square_8192__t8__ra2__rb4__kk__fp32,square_8192,8192,8192,8192,1/8,1024,1024,1024,1/2,1/4,512,256,kk,fp32,3,805306368,733.23551,308.834085,2.3742052629974437,50.0,2.0,118.7102631498722,59.326171875,1499.5340689050915,1780.1008392192202,3560.2016784384405,5.49755813888e11,2.23606734848e11
square_8192__t8__ra2__rb4__ik__fp32,square_8192,8192,8192,8192,1/8,1024,1024,1024,1/2,1/4,512,256,ik,fp32,3,805306368,733.23551,307.966544,2.3808933934070446,50.0,2.0,119.04466967035225,59.326171875,1499.5340689050915,1785.1153789224586,3570.230757844917,5.49755813888e11,2.23606734848e11
square_8192__t8__ra2__rb4__ij__fp32,square_8192,8192,8192,8192,1/8,1024,1024,1024,1/2,1/4,512,256,ij,fp32,3,1342177280,733.23551,493.969113,1.484375218415731,50.0,2.0,74.21876092078656,59.326171875,1499.5340689050915,1112.9356055264127,2225.8712110528254,5.49755813888e11,2.23606734848e11
square_8192__t8__ra2__rb8__kj__fp32,square_8192,8192,8192,8192,1/8,1024,1024,1024,1/2,1/8,512,128,kj,fp32,3,1207959552,733.23551,428.765412,1.7101088135346139,25.0,4.0,42.75272033836536,59.326171875,1499.5340689050915,641.0916068575046,2564.3664274300186,2.74877906944e11,1.11803367424e11
square_8192__t8__ra2__rb8__kk__fp32,square_8192,8192,8192,8192,1/8,1024,1024,1024,1/2,1/8,512,128,kk,fp32,3,402653184,733.23551,152.814685,4.7982005786943835,25.0,4.0,119.9550144673596,59.326171875,1499.5340689050915,1798.7663092980888,7195.065237192355,2.74877906944e11,1.11803367424e11
square_8192__t8__ra2__rb8__ik__fp32,square_8192,8192,8192,8192,1/8,1024,1024,1024,1/2,1/8,512,128,ik,fp32,3,402653184,733.23551,152.616722,4.8044244457039245,25.0,4.0,120.11061114259813,59.326171875,1499.5340689050915,1801.099534453374,7204.398137813496,2.74877906944e11,1.11803367424e11
square_8192__t8__ra2__rb8__ij__fp32,square_8192,8192,8192,8192,1/8,1024,1024,1024,1/2,1/8,512,128,ij,fp32,3,1207959552,733.23551,420.92454,1.741964272265998,25.0,4.0,43.54910680664996,59.326171875,1499.5340689050915,653.0336932695823,2612.134773078329,2.74877906944e11,1.11803367424e11
square_8192__t8__ra4__rb2__kj__fp32,square_8192,8192,8192,8192,1/8,1024,1024,1024,1/4,1/2,256,512,kj,fp32,3,805306368,733.23551,318.265239,2.3038504371506305,50.0,2.0,115.19252185753155,59.326171875,1499.5340689050915,1727.3511100846297,3454.7022201692594,5.49755813888e11,2.23606734848e11
square_8192__t8__ra4__rb2__kk__fp32,square_8192,8192,8192,8192,1/8,1024,1024,1024,1/4,1/2,256,512,kk,fp32,3,805306368,733.23551,319.011822,2.2984587386231725,50.0,2.0,114.92293693115863,59.326171875,1499.5340689050915,1723.308592269035,3446.61718453807,5.49755813888e11,2.23606734848e11
square_8192__t8__ra4__rb2__ik__fp32,square_8192,8192,8192,8192,1/8,1024,1024,1024,1/4,1/2,256,512,ik,fp32,3,1342177280,733.23551,465.521568,1.5750838637835143,50.0,2.0,78.75419318917571,59.326171875,1499.5340689050915,1180.945957563023,2361.891915126046,5.49755813888e11,2.23606734848e11
square_8192__t8__ra4__rb2__ij__fp32,square_8192,8192,8192,8192,1/8,1024,1024,1024,1/4,1/2,256,512,ij,fp32,3,805306368,733.23551,331.667397,2.210755463552542,50.0,2.0,110.5377731776271,59.326171875,1499.5340689050915,1657.5515678075526,3315.103135615105,5.49755813888e11,2.23606734848e11
square_8192__t8__ra4__rb4__kj__fp32,square_8192,8192,8192,8192,1/8,1024,1024,1024,1/4,1/4,256,256,kj,fp32,3,671088640,733.23551,245.456346,2.987233868461482,37.5,2.6666666666666665,112.02127006730558,55.17578125,1499.5340689050915,1679.7971090794288,4479.458957545144,4.12316860416e11,1.84817811456e11
square_8192__t8__ra4__rb4__kk__fp32,square_8192,8192,8192,8192,1/8,1024,1024,1024,1/4,1/4,256,256,kk,fp32,3,671088640,733.23551,245.61543,2.9852990506337487,37.5,2.6666666666666665,111.94871439876559,55.17578125,1499.5340689050915,1678.7091121107496,4476.557632295333,4.12316860416e11,1.84817811456e11
square_8192__t8__ra4__rb4__ik__fp32,square_8192,8192,8192,8192,1/8,1024,1024,1024,1/4,1/4,256,256,ik,fp32,3,671088640,733.23551,228.360897,3.2108628037137197,37.5,2.6666666666666665,120.40735513926451,55.17578125,1499.5340689050915,1805.5493117808169,4814.798164748845,4.12316860416e11,1.84817811456e11
square_8192__t8__ra4__rb4__ij__fp32,square_8192,8192,8192,8192,1/8,1024,1024,1024,1/4,1/4,256,256,ij,fp32,3,671088640,733.23551,258.475994,2.8367644462951556,37.5,2.6666666666666665,106.37866673606835,55.17578125,1499.5340689050915,1595.1843497543528,4253.824932678274,4.12316860416e11,1.84817811456e11
square_8192__t8__ra4__rb8__kj__fp32,square_8192,8192,8192,8192,1/8,1024,1024,1024,1/4,1/8,256,128,kj,fp32,3,603979776,733.23551,208.677638,3.5137234493712257,18.75,5.333333333333333,65.88231467571049,55.17578125,1499.5340689050915,987.9277539455378,5268.948021042868,2.06158430208e11,9.2408905728e10
square_8192__t8__ra4__rb8__kk__fp32,square_8192,8192,8192,8192,1/8,1024,1024,1024,1/4,1/8,256,128,kk,fp32,3,335544320,733.23551,112.442346,6.5209908551712354,18.75,5.333333333333333,122.26857853446069,55.17578125,1499.5340689050915,1833.4589906902156,9778.447950347816,2.06158430208e11,9.2408905728e10
square_8192__t8__ra4__rb8__ik__fp32,square_8192,8192,8192,8192,1/8,1024,1024,1024,1/4,1/8,256,128,ik,fp32,3,335544320,733.23551,112.658692,6.508468161515669,18.75,5.333333333333333,122.0337780284188,55.17578125,1499.5340689050915,1829.938077108156,9759.669744576831,2.06158430208e11,9.2408905728e10
square_8192__t8__ra4__rb8__ij__fp32,square_8192,8192,8192,8192,1/8,1024,1024,1024,1/4,1/8,256,128,ij,fp32,3,603979776,733.23551,228.158674,3.213708675393161,18.75,5.333333333333333,60.25703766362177,55.17578125,1499.5340689050915,903.5748086789811,4819.065646287899,2.06158430208e11,9.2408905728e10
square_8192__t8__ra8__rb2__kj__fp32,square_8192,8192,8192,8192,1/8,1024,1024,1024,1/8,1/2,128,512,kj,fp32,3,402653184,733.23551,165.518551,4.429929488689156,25.0,4.0,110.7482372172289,59.326171875,1499.5340689050915,1660.7075477841756,6642.8301911367025,2.74877906944e11,1.11803367424e11
square_8192__t8__ra8__rb2__kk__fp32,square_8192,8192,8192,8192,1/8,1024,1024,1024,1/8,1/2,128,512,kk,fp32,3,402653184,733.23551,160.300716,4.574124983945799,25.0,4.0,114.35312459864497,59.326171875,1499.5340689050915,1714.76406221417,6859.05624885668,2.74877906944e11,1.11803367424e11
square_8192__t8__ra8__rb2__ik__fp32,square_8192,8192,8192,8192,1/8,1024,1024,1024,1/8,1/2,128,512,ik,fp32,3,1207959552,733.23551,387.115269,1.8941012373242243,25.0,4.0,47.35253093310561,59.326171875,1499.5340689050915,710.0673338307407,2840.269335322963,2.74877906944e11,1.11803367424e11
square_8192__t8__ra8__rb2__ij__fp32,square_8192,8192,8192,8192,1/8,1024,1024,1024,1/8,1/2,128,512,ij,fp32,3,402653184,733.23551,181.355792,4.043077433115563,25.0,4.0,101.0769358278891,59.326171875,1499.5340689050915,1515.6830885445336,6062.732354178134,2.74877906944e11,1.11803367424e11
square_8192__t8__ra8__rb4__kj__fp32,square_8192,8192,8192,8192,1/8,1024,1024,1024,1/8,1/4,128,256,kj,fp32,3,335544320,733.23551,122.610711,5.980191322762985,18.75,5.333333333333333,112.12858730180596,55.17578125,1499.5340689050915,1681.4063675725688,8967.5006270537,2.06158430208e11,9.2408905728e10
square_8192__t8__ra8__rb4__kk__fp32,square_8192,8192,8192,8192,1/8,1024,1024,1024,1/8,1/4,128,256,kk,fp32,3,335544320,733.23551,123.103061,5.956273581206888,18.75,5.333333333333333,111.68012964762914,55.17578125,1499.5340689050915,1674.6815922635749,8931.635158739067,2.06158430208e11,9.2408905728e10
square_8192__t8__ra8__rb4__ik__fp32,square_8192,8192,8192,8192,1/8,1024,1024,1024,1/8,1/4,128,256,ik,fp32,3,603979776,733.23551,189.022725,3.879086548985049,18.75,5.333333333333333,72.73287279346968,55.17578125,1499.5340689050915,1090.6542068314802,5816.822436434561,2.06158430208e11,9.2408905728e10
square_8192__t8__ra8__rb4__ij__fp32,square_8192,8192,8192,8192,1/8,1024,1024,1024,1/8,1/4,128,256,ij,fp32,3,335544320,733.23551,139.679424,5.249416764490666,18.75,5.333333333333333,98.42656433420001,55.17578125,1499.5340689050915,1475.939865044117,7871.679280235291,2.06158430208e11,9.2408905728e10
square_8192__t8__ra8__rb8__kj__fp32,square_8192,8192,8192,8192,1/8,1024,1024,1024,1/8,1/8,128,128,kj,fp32,3,301989888,733.23551,107.683491,6.80917291212262,15.625,6.4,106.39332675191595,51.85546875,1499.5340689050915,1595.4041816864944,10210.586762793566,1.7179869184e11,8.271167488e10
square_8192__t8__ra8__rb8__kk__fp32,square_8192,8192,8192,8192,1/8,1024,1024,1024,1/8,1/8,128,128,kk,fp32,3,301989888,733.23551,109.194419,6.71495408570286,15.625,6.4,104.92115758910718,51.85546875,1499.5340689050915,1573.3285035382623,10069.30242264488,1.7179869184e11,8.271167488e10
square_8192__t8__ra8__rb8__ik__fp32,square_8192,8192,8192,8192,1/8,1024,1024,1024,1/8,1/8,128,128,ik,fp32,3,301989888,733.23551,92.436685,7.932299930487555,15.625,6.4,123.94218641386804,51.85546875,1499.5340689050915,1858.555311021809,11894.753990539579,1.7179869184e11,8.271167488e10
square_8192__t8__ra8__rb8__ij__fp32,square_8192,8192,8192,8192,1/8,1024,1024,1024,1/8,1/8,128,128,ij,fp32,3,301989888,733.23551,121.813339,6.019336765737946,15.625,6.4,94.05213696465542,51.85546875,1499.5340689050915,1410.343836318287,9026.200552437036,1.7179869184e11,8.271167488e10
square_8192__t4__ra2__rb2__kj__fp32,square_8192,8192,8192,8192,1/4,2048,2048,2048,1/2,1/2,1024,1024,kj,fp32,3,805306368,733.23551,669.585582,1.0950586896000396,100.0,1.0,109.50586896000398,56.0546875,1499.5340689050915,1642.0778125058255,1642.0778125058255,1.099511627776e12,4.831838208e11
square_8192__t4__ra2__rb2__kk__fp32,square_8192,8192,8192,8192,1/4,2048,2048,2048,1/2,1/2,1024,1024,kk,fp32,3,805306368,733.23551,671.144043,1.0925158580301964,100.0,1.0,109.25158580301964,56.0546875,1499.5340689050915,1638.2647499353577,1638.2647499353577,1.099511627776e12,4.831838208e11
square_8192__t4__ra2__rb2__ik__fp32,square_8192,8192,8192,8192,1/4,2048,2048,2048,1/2,1/2,1024,1024,ik,fp32,3,805306368,733.23551,652.320181,1.1240423512207725,100.0,1.0,112.40423512207727,56.0546875,1499.5340689050915,1685.5398005477314,1685.5398005477314,1.099511627776e12,4.831838208e11
square_8192__t4__ra2__rb2__ij__fp32,square_8192,8192,8192,8192,1/4,2048,2048,2048,1/2,1/2,1024,1024,ij,fp32,3,805306368,733.23551,666.075239,1.100829856850451,100.0,1.0,110.08298568504512,56.0546875,1499.5340689050915,1650.7318744151664,1650.7318744151664,1.099511627776e12,4.831838208e11
square_8192__t4__ra2__rb4__kj__fp32,square_8192,8192,8192,8192,1/4,2048,2048,2048,1/2,1/4,1024,512,kj,fp32,3,671088640,733.23551,516.822586,1.41873735758135,50.0,2.0,70.9368678790675,56.0546875,1499.5340689050915,1063.7225012608098,2127.4450025216197,5.49755813888e11,2.415919104e11
square_8192__t4__ra2__rb4__kk__fp32,square_8192,8192,8192,8192,1/4,2048,2048,2048,1/2,1/4,1024,512,kk,fp32,3,402653184,733.23551,321.09517,2.2835457475115555,50.0,2.0,114.17728737557778,56.0546875,1499.5340689050915,1712.1273231484608,3424.2546462969217,5.49755813888e11,2.415919104e11
square_8192__t4__ra2__rb4__ik__fp32,square_8192,8192,8192,8192,1/4,2048,2048,2048,1/2,1/4,1024,512,ik,fp32,3,402653184,733.23551,320.295306,2.289248378807025,50.0,2.0,114.46241894035127,56.0546875,1499.5340689050915,1716.4029681034415,3432.805936206883,5.49755813888e11,2.415919104e11
square_8192__t4__ra2__rb4__ij__fp32,square_8192,8192,8192,8192,1/4,2048,2048,2048,1/2,1/4,1024,512,ij,fp32,3,671088640,733.23551,509.115426,1.4402146793328552,50.0,2.0,72.01073396664277,56.0546875,1499.5340689050915,1079.8254890984192,2159.6509781968384,5.49755813888e11,2.415919104e11
square_8192__t4__ra2__rb8__kj__fp32,square_8192,8192,8192,8192,1/4,2048,2048,2048,1/2,1/8,1024,256,kj,fp32,3,603979776,733.23551,437.550476,1.6757735397824136,25.0,4.0,41.89433849456034,56.0546875,1499.5340689050915,628.2198786683527,2512.879514673411,2.74877906944e11,1.207959552e11
square_8192__t4__ra2__rb8__kk__fp32,square_8192,8192,8192,8192,1/4,2048,2048,2048,1/2,1/8,1024,256,kk,fp32,3,201326592,733.23551,156.763593,4.6773328932311475,25.0,4.0,116.9333223307787,56.0546875,1499.5340689050915,1753.4550062526316,7013.8200250105265,2.74877906944e11,1.207959552e11
square_8192__t4__ra2__rb8__ik__fp32,square_8192,8192,8192,8192,1/4,2048,2048,2048,1/2,1/8,1024,256,ik,fp32,3,201326592,733.23551,157.818606,4.646065052684599,25.0,4.0,116.15162631711497,56.0546875,1499.5340689050915,1741.7332082124715,6966.932832849886,2.74877906944e11,1.207959552e11
square_8192__t4__ra2__rb8__ij__fp32,square_8192,8192,8192,8192,1/4,2048,2048,2048,1/2,1/8,1024,256,ij,fp32,3,603979776,733.23551,426.712954,1.7183343114537835,25.0,4.0,42.958357786344585,56.0546875,1499.5340689050915,644.1752104483802,2576.700841793521,2.74877906944e11,1.207959552e11
square_8192__t4__ra4__rb2__kj__fp32,square_8192,8192,8192,8192,1/4,2048,2048,2048,1/4,1/2,512,1024,kj,fp32,3,402653184,733.23551,331.956221,2.2088319591998244,50.0,2.0,110.44159795999124,56.0546875,1499.5340689050915,1656.1093876532593,3312.2187753065186,5.49755813888e11,2.415919104e11
square_8192__t4__ra4__rb2__kk__fp32,square_8192,8192,8192,8192,1/4,2048,2048,2048,1/4,1/2,512,1024,kk,fp32,3,402653184,733.23551,331.954726,2.208841906953299,50.0,2.0,110.44209534766497,56.0546875,1499.5340689050915,1656.1168461508814,3312.233692301763,5.49755813888e11,2.415919104e11
square_8192__t4__ra4__rb2__ik__fp32,square_8192,8192,8192,8192,1/4,2048,2048,2048,1/4,1/2,512,1024,ik,fp32,3,671088640,733.23551,477.787121,1.5346489634658862,50.0,2.0,76.73244817329432,56.0546875,1499.5340689050915,1150.629202263491,2301.258404526982,5.49755813888e11,2.415919104e11
square_8192__t4__ra4__rb2__ij__fp32,square_8192,8192,8192,8192,1/4,2048,2048,2048,1/4,1/2,512,1024,ij,fp32,3,402653184,733.23551,337.482532,2.1726621098125456,50.0,2.0,108.6331054906273,56.0546875,1499.5340689050915,1628.990426941564,3257.980853883128,5.49755813888e11,2.415919104e11
square_8192__t4__ra4__rb4__kj__fp32,square_8192,8192,8192,8192,1/4,2048,2048,2048,1/4,1/4,512,512,kj,fp32,3,335544320,733.23551,253.483101,2.8926406024991778,37.5,2.6666666666666665,108.47402259371918,51.953125,1499.5340689050915,1626.6049247046255,4337.613132545668,4.12316860416e11,1.98105366528e11
square_8192__t4__ra4__rb4__kk__fp32,square_8192,8192,8192,8192,1/4,2048,2048,2048,1/4,1/4,512,512,kk,fp32,3,335544320,733.23551,253.463286,2.892866740471438,37.5,2.6666666666666665,108.48250276767895,51.953125,1499.5340689050915,1626.7320878022547,4337.952234139346,4.12316860416e11,1.98105366528e11
square_8192__t4__ra4__rb4__ik__fp32,square_8192,8192,8192,8192,1/4,2048,2048,2048,1/4,1/4,512,512,ik,fp32,3,335544320,733.23551,232.849948,3.1489614504874184,37.5,2.6666666666666665,118.08605439327819,51.953125,1499.5340689050915,1770.7406162530042,4721.974976674678,4.12316860416e11,1.98105366528e11
square_8192__t4__ra4__rb4__ij__fp32,square_8192,8192,8192,8192,1/4,2048,2048,2048,1/4,1/4,512,512,ij,fp32,3,335544320,733.23551,258.853112,2.832631620051761,37.5,2.6666666666666665,106.22368575194105,51.953125,1499.5340689050915,1592.8603570970397,4247.6276189254395,4.12316860416e11,1.98105366528e11
square_8192__t4__ra4__rb8__kj__fp32,square_8192,8192,8192,8192,1/4,2048,2048,2048,1/4,1/8,512,256,kj,fp32,3,301989888,733.23551,214.054496,3.4254618506120984,18.75,5.333333333333333,64.22740969897684,51.953125,1499.5340689050915,963.1118900114109,5136.596746727525,2.06158430208e11,9.9052683264e10
square_8192__t4__ra4__rb8__kk__fp32,square_8192,8192,8192,8192,1/4,2048,2048,2048,1/4,1/8,512,256,kk,fp32,3,167772160,733.23551,113.6601,6.451124977014801,18.75,5.333333333333333,120.95859331902751,51.953125,1499.5340689050915,1813.8153160871757,9673.68168579827,2.06158430208e11,9.9052683264e10
square_8192__t4__ra4__rb8__ik__fp32,square_8192,8192,8192,8192,1/4,2048,2048,2048,1/4,1/8,512,256,ik,fp32,3,167772160,733.23551,112.712837,6.505341623155134,18.75,5.333333333333333,121.97515543415875,51.953125,1499.5340689050915,1829.0590113351507,9754.981393787471,2.06158430208e11,9.9052683264e10
square_8192__t4__ra4__rb8__ij__fp32,square_8192,8192,8192,8192,1/4,2048,2048,2048,1/4,1/8,512,256,ij,fp32,3,301989888,733.23551,219.587185,3.339154377337639,18.75,5.333333333333333,62.60914457508074,51.953125,1499.5340689050915,938.8454531533796,5007.1757501513575,2.06158430208e11,9.9052683264e10
square_8192__t4__ra8__rb2__kj__fp32,square_8192,8192,8192,8192,1/4,2048,2048,2048,1/8,1/2,256,1024,kj,fp32,3,201326592,733.23551,166.917885,4.39279176105065,25.0,4.0,109.81979402626627,56.0546875,1499.5340689050915,1646.7852258252613,6587.140903301045,2.74877906944e11,1.207959552e11
square_8192__t4__ra8__rb2__kk__fp32,square_8192,8192,8192,8192,1/4,2048,2048,2048,1/8,1/2,256,1024,kk,fp32,3,201326592,733.23551,166.919442,4.392750785735313,25.0,4.0,109.81876964338284,56.0546875,1499.5340689050915,1646.769864854928,6587.079459419712,2.74877906944e11,1.207959552e11
square_8192__t4__ra8__rb2__ik__fp32,square_8192,8192,8192,8192,1/4,2048,2048,2048,1/8,1/2,256,1024,ik,fp32,3,603979776,733.23551,390.111496,1.8795537109729266,25.0,4.0,46.98884277432317,56.0546875,1499.5340689050915,704.6137059852243,2818.4548239408973,2.74877906944e11,1.207959552e11
square_8192__t4__ra8__rb2__ij__fp32,square_8192,8192,8192,8192,1/4,2048,2048,2048,1/8,1/2,256,1024,ij,fp32,3,201326592,733.23551,171.579165,4.273453073396179,25.0,4.0,106.83632683490447,56.0546875,1499.5340689050915,1602.047118856185,6408.18847542474,2.74877906944e11,1.207959552e11
square_8192__t4__ra8__rb4__kj__fp32,square_8192,8192,8192,8192,1/4,2048,2048,2048,1/8,1/4,256,512,kj,fp32,3,167772160,733.23551,127.50184,5.750783753395245,18.75,5.333333333333333,107.82719537616086,51.953125,1499.5340689050915,1616.9055302103875,8623.496161122066,2.06158430208e11,9.9052683264e10
square_8192__t4__ra8__rb4__kk__fp32,square_8192,8192,8192,8192,1/4,2048,2048,2048,1/8,1/4,256,512,kk,fp32,3,167772160,733.23551,127.52834,5.749588758075264,18.75,5.333333333333333,107.8047892139112,51.953125,1499.5340689050915,1616.56954217392,8621.704224927573,2.06158430208e11,9.9052683264e10
square_8192__t4__ra8__rb4__ik__fp32,square_8192,8192,8192,8192,1/4,2048,2048,2048,1/8,1/4,256,512,ik,fp32,3,301989888,733.23551,189.625459,3.866756678490096,18.75,5.333333333333333,72.50168772168932,51.953125,1499.5340689050915,1087.187507917911,5798.333375562192,2.06158430208e11,9.9052683264e10
square_8192__t4__ra8__rb4__ij__fp32,square_8192,8192,8192,8192,1/4,2048,2048,2048,1/8,1/4,256,512,ij,fp32,3,167772160,733.23551,133.780071,5.480902383434974,18.75,5.333333333333333,102.76691968940577,51.953125,1499.5340689050915,1541.024972306974,8218.799852303862,2.06158430208e11,9.9052683264e10
square_8192__t4__ra8__rb8__kj__fp32,square_8192,8192,8192,8192,1/4,2048,2048,2048,1/8,1/8,256,256,kj,fp32,3,150994944,733.23551,107.831357,6.799835691579028,15.625,6.4,106.24743268092232,48.671875,1499.5340689050915,1593.2164503874324,10196.585282479567,1.7179869184e11,8.8181047296e10
square_8192__t4__ra8__rb8__kk__fp32,square_8192,8192,8192,8192,1/4,2048,2048,2048,1/8,1/8,256,256,kk,fp32,3,150994944,733.23551,107.814516,6.800897849413895,15.625,6.4,106.26402889709212,48.671875,1499.5340689050915,1593.4653163030478,10198.178024339506,1.7179869184e11,8.8181047296e10
square_8192__t4__ra8__rb8__ik__fp32,square_8192,8192,8192,8192,1/4,2048,2048,2048,1/8,1/8,256,256,ik,fp32,3,150994944,733.23551,91.671916,7.99847480006854,15.625,6.4,124.97616875107096,48.671875,1499.5340689050915,1874.0602284346278,11993.985461981618,1.7179869184e11,8.8181047296e10
square_8192__t4__ra8__rb8__ij__fp32,square_8192,8192,8192,8192,1/4,2048,2048,2048,1/8,1/8,256,256,ij,fp32,3,150994944,733.23551,114.048539,6.429153029307986,15.625,6.4,100.45551608293728,48.671875,1499.5340689050915,1506.3646877580782,9640.734001651701,1.7179869184e11,8.8181047296e10
rect_512x1024__t8__ra2__rb2__kj__fp32,rect_512x1024,512,1024,1024,1/8,64,128,128,1/2,1/2,32,32,kj,fp32,3,10485760,0.614589,0.662134,0.9281942929980941,43.75,2.2857142857142856,40.60850031866662,57.547433035714285,1747.08923199081,709.4667363403782,1621.638254492293,4.69762048e8,1.99426048e8
rect_512x1024__t8__ra2__rb2__kk__fp32,rect_512x1024,512,1024,1024,1/8,64,128,128,1/2,1/2,32,32,kk,fp32,3,6291456,0.614589,0.807975,0.7606534855657663,43.75,2.2857142857142856,33.27858999350227,57.547433035714285,1747.08923199081,581.4066623348494,1328.9295139082274,4.69762048e8,1.99426048e8
rect_512x1024__t8__ra2__rb2__ik__fp32,rect_512x1024,512,1024,1024,1/8,64,128,128,1/2,1/2,32,32,ik,fp32,3,6291456,0.614589,0.802544,0.7658010028110609,43.75,2.2857142857142856,33.50379387298391,57.547433035714285,1747.08923199081,585.3411750632987,1337.9226858589684,4.69762048e8,1.99426048e8
rect_512x1024__t8__ra2__rb2__ij__fp32,rect_512x1024,512,1024,1024,1/8,64,128,128,1/2,1/2,32,32,ij,fp32,3,10485760,0.614589,0.724548,0.8482377979098694,43.75,2.2857142857142856,37.110403658556784,57.547433035714285,1747.08923199081,648.3518662669692,1481.9471228959296,4.69762048e8,1.99426048e8
rect_512x1024__t8__ra2__rb4__kj__fp32,rect_512x1024,512,1024,1024,1/8,64,128,128,1/2,1/4,32,16,kj,fp32,3,9437184,0.614589,0.715409,0.8590736208238925,21.875,4.571428571428571,18.792235455522647,57.547433035714285,1747.08923199081,328.3171220937953,1500.8782724287785,2.34881024e8,9.9713024e7
rect_512x1024__t8__ra2__rb4__kk__fp32,rect_512x1024,512,1024,1024,1/8,64,128,128,1/2,1/4,32,16,kk,fp32,3,3145728,0.614589,0.745128,0.8248099655361227,21.875,4.571428571428571,18.042717996102684,57.547433035714285,1747.08923199081,315.22238326837805,1441.0166092268712,2.34881024e8,9.9713024e7
rect_512x1024__t8__ra2__rb4__ik__fp32,rect_512x1024,512,1024,1024,1/8,64,128,128,1/2,1/4,32,16,ik,fp32,3,3145728,0.614589,0.771264,0.7968594411252179,21.875,4.571428571428571,17.43130027461414,57.547433035714285,1747.08923199081,304.54037009376816,1392.184549000083,2.34881024e8,9.9713024e7
rect_512x1024__t8__ra2__rb4__ij__fp32,rect_512x1024,512,1024,1024,1/8,64,128,128,1/2,1/4,32,16,ij,fp32,3,9437184,0.614589,0.744689,0.8252961974730391,21.875,4.571428571428571,18.053354319722732,57.547433035714285,1747.08923199081,315.4082093330236,1441.8660998081077,2.34881024e8,9.9713024e7
rect_512x1024__t8__ra2__rb8__kj__fp32,rect_512x1024,512,1024,1024,1/8,64,128,128,1/2,1/8,32,8,kj,fp32,3,8912896,0.614589,0.66814,0.9198506301074626,10.9375,9.142857142857142,10.060866266800373,57.547433035714285,1747.08923199081,175.7723111922651,1607.0611309007095,1.17440512e8,4.9856512e7
rect_512x1024__t8__ra2__rb8__kk__fp32,rect_512x1024,512,1024,1024,1/8,64,128,128,1/2,1/8,32,8,kk,fp32,3,1572864,0.614589,0.725579,0.8470325078316766,10.9375,9.142857142857142,9.264418054408962,57.547433035714285,1747.08923199081,161.85765023519147,1479.8413735788936,1.17440512e8,4.9856512e7
rect_512x1024__t8__ra2__rb8__ik__fp32,rect_512x1024,512,1024,1024,1/8,64,128,128,1/2,1/8,32,8,ik,fp32,3,1572864,0.614589,0.70422,0.8727230126948966,10.9375,9.142857142857142,9.54540795135043,57.547433035714285,1747.08923199081,166.76679446763796,1524.7249779898327,1.17440512e8,4.9856512e7
rect_512x1024__t8__ra2__rb8__ij__fp32,rect_512x1024,512,1024,1024,1/8,64,128,128,1/2,1/8,32,8,ij,fp32,3,8912896,0.614589,0.727099,0.845261786909348,10.9375,9.142857142857142,9.245050794320994,57.547433035714285,1747.08923199081,161.51928691966293,1476.7477661226326,1.17440512e8,4.9856512e7
rect_512x1024__t8__ra4__rb2__kj__fp32,rect_512x1024,512,1024,1024,1/8,64,128,128,1/4,1/2,16,32,kj,fp32,3,5242880,0.614589,0.603715,1.0180118102084594,25.0,4.0,25.45029525521148,59.326171875,1747.08923199081,444.63936791366785,1778.5574716546714,2.68435456e8,1.09182976e8
rect_512x1024__t8__ra4__rb2__kk__fp32,rect_512x1024,512,1024,1024,1/8,64,128,128,1/4,1/2,16,32,kk,fp32,3,5242880,0.614589,0.884839,0.694577205570731,25.0,4.0,17.364430139268276,59.326171875,1747.08923199081,303.37208915972286,1213.4883566388914,2.68435456e8,1.09182976e8
rect_512x1024__t8__ra4__rb2__ik__fp32,rect_512x1024,512,1024,1024,1/8,64,128,128,1/4,1/2,16,32,ik,fp32,3,5242880,0.614589,0.905139,0.678999579070176,25.0,4.0,16.9749894767544,59.326171875,1747.08923199081,296.56821327994925,1186.272853119797,2.68435456e8,1.09182976e8
rect_512x1024__t8__ra4__rb2__ij__fp32,rect_512x1024,512,1024,1024,1/8,64,128,128,1/4,1/2,16,32,ij,fp32,3,5242880,0.614589,0.71833,0.8555803043169574,25.0,4.0,21.389507607923935,59.326171875,1747.08923199081,373.69378419389415,1494.7751367755766,2.68435456e8,1.09182976e8
rect_512x1024__t8__ra4__rb4__kj__fp32,rect_512x1024,512,1024,1024,1/8,64,128,128,1/4,1/4,16,16,kj,fp32,3,4718592,0.614589,0.595142,1.0326762352514192,17.1875,5.818181818181818,17.749122793383766,53.66654829545455,1747.08923199081,310.0930130960342,1804.1775307405628,1.84549376e8,8.5508096e7
rect_512x1024__t8__ra4__rb4__kk__fp32,rect_512x1024,512,1024,1024,1/8,64,128,128,1/4,1/4,16,16,kk,fp32,3,2621440,0.614589,0.766436,0.801879087099249,17.1875,5.818181818181818,13.782296809518341,53.66654829545455,1747.08923199081,240.78902348010791,1400.9543184297188,1.84549376e8,8.5508096e7
rect_512x1024__t8__ra4__rb4__ik__fp32,rect_512x1024,512,1024,1024,1/8,64,128,128,1/4,1/4,16,16,ik,fp32,3,2621440,0.614589,0.797497,0.770647413093717,17.1875,5.818181818181818,13.24550241254826,53.66654829545455,1747.08923199081,231.41074637271362,1346.3897970776065,1.84549376e8,8.5508096e7
rect_512x1024__t8__ra4__rb4__ij__fp32,rect_512x1024,512,1024,1024,1/8,64,128,128,1/4,1/4,16,16,ij,fp32,3,4718592,0.614589,0.753612,0.8155244343242943,17.1875,5.818181818181818,14.016826214948807,53.66654829545455,1747.08923199081,244.88646146823564,1424.793957633371,1.84549376e8,8.5508096e7
rect_512x1024__t8__ra4__rb8__kj__fp32,rect_512x1024,512,1024,1024,1/8,64,128,128,1/4,1/8,16,8,kj,fp32,3,4456448,0.614589,0.554774,1.1078186793180647,8.59375,11.636363636363637,9.520316775389617,53.66654829545455,1747.08923199081,166.32842923424673,1935.4580856348712,9.2274688e7,4.2754048e7
rect_512x1024__t8__ra4__rb8__kk__fp32,rect_512x1024,512,1024,1024,1/8,64,128,128,1/4,1/8,16,8,kk,fp32,3,1310720,0.614589,0.754741,0.814304509758977,8.59375,11.636363636363637,6.997929380741208,53.66654829545455,1747.08923199081,122.26007067325082,1422.662640561464,9.2274688e7,4.2754048e7
rect_512x1024__t8__ra4__rb8__ik__fp32,rect_512x1024,512,1024,1024,1/8,64,128,128,1/4,1/8,16,8,ik,fp32,3,1310720,0.614589,0.735034,0.8361368317656055,8.59375,11.636363636363637,7.185550897985673,53.66654829545455,1747.08923199081,125.53798599792663,1460.8056552486007,9.2274688e7,4.2754048e7
rect_512x1024__t8__ra4__rb8__ij__fp32,rect_512x1024,512,1024,1024,1/8,64,128,128,1/4,1/8,16,8,ij,fp32,3,4456448,0.614589,0.76126,0.8073312665843471,8.59375,11.636363636363637,6.9380030722092325,53.66654829545455,1747.08923199081,121.21310458975908,1410.479762499015,9.2274688e7,4.2754048e7
rect_512x1024__t8__ra8__rb2__kj__fp32,rect_512x1024,512,1024,1024,1/8,64,128,128,1/8,1/2,8,32,kj,fp32,3,2621440,0.614589,0.564817,1.0881205771072755,12.5,8.0,13.601507213840943,59.326171875,1747.08923199081,237.63046792146838,1901.043743371747,1.34217728e8,5.4591488e7
rect_512x1024__t8__ra8__rb2__kk__fp32,rect_512x1024,512,1024,1024,1/8,64,128,128,1/8,1/2,8,32,kk,fp32,3,2621440,0.614589,0.858056,0.7162574470663919,12.5,8.0,8.9532180883299,59.326171875,1747.08923199081,156.42070913786512,1251.365673102921,1.34217728e8,5.4591488e7
rect_512x1024__t8__ra8__rb2__ik__fp32,rect_512x1024,512,1024,1024,1/8,64,128,128,1/8,1/2,8,32,ik,fp32,3,4718592,0.614589,0.876459,0.7012181973144209,12.5,8.0,8.765227466430261,59.326171875,1747.08923199081,153.136345225504,1225.090761804032,1.34217728e8,5.4591488e7
rect_512x1024__t8__ra8__rb2__ij__fp32,rect_512x1024,512,1024,1024,1/8,64,128,128,1/8,1/2,8,32,ij,fp32,3,2621440,0.614589,0.719252,0.8544835467958379,12.5,8.0,10.681044334947975,59.326171875,1747.08923199081,186.6073754400405,1492.859003520324,1.34217728e8,5.4591488e7
rect_512x1024__t8__ra8__rb4__kj__fp32,rect_512x1024,512,1024,1024,1/8,64,128,128,1/8,1/4,8,16,kj,fp32,3,2359296,0.614589,0.518662,1.1849508928743577,9.375,10.666666666666666,11.108914620697103,55.17578125,1747.08923199081,194.08265112925181,2070.214945378686,1.00663296e8,4.5121536e7
rect_512x1024__t8__ra8__rb4__kk__fp32,rect_512x1024,512,1024,1024,1/8,64,128,128,1/8,1/4,8,16,kk,fp32,3,2359296,0.614589,0.739255,0.8313626556465632,9.375,10.666666666666666,7.79402489668653,55.17578125,1747.08923199081,136.1685697086932,1452.4647435593943,1.00663296e8,4.5121536e7
rect_512x1024__t8__ra8__rb4__ik__fp32,rect_512x1024,512,1024,1024,1/8,64,128,128,1/8,1/4,8,16,ik,fp32,3,2359296,0.614589,0.761804,0.8067547558164567,9.375,10.666666666666666,7.563325835779283,55.17578125,1747.08923199081,132.1380512572788,1409.472546744307,1.00663296e8,4.5121536e7
rect_512x1024__t8__ra8__rb4__ij__fp32,rect_512x1024,512,1024,1024,1/8,64,128,128,1/8,1/4,8,16,ij,fp32,3,2359296,0.614589,0.73298,0.8384799039537233,9.375,10.666666666666666,7.8607490995661555,55.17578125,1747.08923199081,137.33430107233485,1464.8992114382384,1.00663296e8,4.5121536e7
rect_512x1024__t8__ra8__rb8__kj__fp32,rect_512x1024,512,1024,1024,1/8,64,128,128,1/8,1/8,8,8,kj,fp32,3,2228224,0.614589,0.509134,1.2071262182450988,7.421875,13.473684210526315,8.95913990103784,50.8069490131579,1747.08923199081,156.52416849002424,2108.9572175498,7.9691776e7,3.9202816e7
rect_512x1024__t8__ra8__rb8__kk__fp32,rect_512x1024,512,1024,1024,1/8,64,128,128,1/8,1/8,8,8,kk,fp32,3,1179648,0.614589,0.699008,0.8792302806262591,7.421875,13.473684210526315,6.525537239023016,50.8069490131579,1747.08923199081,114.00695843252151,1536.0937557223951,7.9691776e7,3.9202816e7
rect_512x1024__t8__ra8__rb8__ik__fp32,rect_512x1024,512,1024,1024,1/8,64,128,128,1/8,1/8,8,8,ik,fp32,3,1179648,0.614589,0.724435,0.8483701091195207,7.421875,13.473684210526315,6.296496903621443,50.8069490131579,1747.08923199081,110.005419395805,1482.1782823855833,7.9691776e7,3.9202816e7
rect_512x1024__t8__ra8__rb8__ij__fp32,rect_512x1024,512,1024,1024,1/8,64,128,128,1/8,1/8,8,8,ij,fp32,3,2228224,0.614589,0.718487,0.8553933474092086,7.421875,13.473684210526315,6.34862250030272,50.8069490131579,1747.08923199081,110.91610008253456,1494.4485063752024,7.9691776e7,3.9202816e7
rect_512x1024__t4__ra2__rb2__kj__fp32,rect_512x1024,512,1024,1024,1/4,128,256,256,1/2,1/2,64,64,kj,fp32,3,5242880,0.614589,0.657143,0.9352439271208854,43.75,2.2857142857142856,40.91692181153874,54.296875,1747.08923199081,714.8551350314924,1633.9545943576968,4.69762048e8,2.14695936e8
rect_512x1024__t4__ra2__rb2__kk__fp32,rect_512x1024,512,1024,1024,1/4,128,256,256,1/2,1/2,64,64,kk,fp32,3,3145728,0.614589,0.363746,1.689610332484756,43.75,2.2857142857142856,73.92045204620807,54.296875,1747.08923199081,1291.4562579382316,2951.9000181445294,4.69762048e8,2.14695936e8
rect_512x1024__t4__ra2__rb2__ik__fp32,rect_512x1024,512,1024,1024,1/4,128,256,256,1/2,1/2,64,64,ik,fp32,3,3145728,0.614589,0.369222,1.6645514080959425,43.75,2.2857142857142856,72.82412410419748,54.296875,1747.08923199081,1272.3024305160582,2908.1198411795613,4.69762048e8,2.14695936e8
rect_512x1024__t4__ra2__rb2__ij__fp32,rect_512x1024,512,1024,1024,1/4,128,256,256,1/2,1/2,64,64,ij,fp32,3,5242880,0.614589,0.55468,1.1080064181149494,43.75,2.2857142857142856,48.47528079252903,54.296875,1747.08923199081,846.9064109035841,1935.786082065335,4.69762048e8,2.14695936e8
rect_512x1024__t4__ra2__rb4__kj__fp32,rect_512x1024,512,1024,1024,1/4,128,256,256,1/2,1/4,64,32,kj,fp32,3,4718592,0.614589,0.429853,1.4297655244932572,21.875,4.571428571428571,31.276120848290002,54.296875,1747.08923199081,546.4217395249074,2497.9279521138624,2.34881024e8,1.07347968e8
rect_512x1024__t4__ra2__rb4__kk__fp32,rect_512x1024,512,1024,1024,1/4,128,256,256,1/2,1/4,64,32,kk,fp32,3,1572864,0.614589,0.289901,2.119996136612154,21.875,4.571428571428571,46.37491548839086,54.296875,1747.08923199081,810.2111548425152,3703.8224221372125,2.34881024e8,1.07347968e8
rect_512x1024__t4__ra2__rb4__ik__fp32,rect_512x1024,512,1024,1024,1/4,128,256,256,1/2,1/4,64,32,ik,fp32,3,1572864,0.614589,0.291191,2.110604379943062,21.875,4.571428571428571,46.16947081125447,54.296875,1747.08923199081,806.621853010567,3687.414185191163,2.34881024e8,1.07347968e8
rect_512x1024__t4__ra2__rb4__ij__fp32,rect_512x1024,512,1024,1024,1/4,128,256,256,1/2,1/4,64,32,ij,fp32,3,4718592,0.614589,0.466398,1.3177350674745605,21.875,4.571428571428571,28.825454601006008,54.296875,1747.08923199081,503.6064134065755,2302.200747001488,2.34881024e8,1.07347968e8
rect_512x1024__t4__ra2__rb8__kj__fp32,rect_512x1024,512,1024,1024,1/4,128,256,256,1/2,1/8,64,16,kj,fp32,3,4456448,0.614589,0.388222,1.583086481446183,10.9375,9.142857142857142,17.315008390817628,54.296875,1747.08923199081,302.50864711428,2765.7933450448454,1.17440512e8,5.3673984e7
rect_512x1024__t4__ra2__rb8__kk__fp32,rect_512x1024,512,1024,1024,1/4,128,256,256,1/2,1/8,64,16,kk,fp32,3,786432,0.614589,0.314218,1.955931868957221,10.9375,9.142857142857142,21.393004816719603,54.296875,1747.08923199081,373.7548835521835,3417.1875067628207,1.17440512e8,5.3673984e7
rect_512x1024__t4__ra2__rb8__ik__fp32,rect_512x1024,512,1024,1024,1/4,128,256,256,1/2,1/8,64,16,ik,fp32,3,786432,0.614589,0.312143,1.9689341103276385,10.9375,9.142857142857142,21.535216831708542,54.296875,1747.08923199081,376.23945435265244,3439.9035826528225,1.17440512e8,5.3673984e7
rect_512x1024__t4__ra2__rb8__ij__fp32,rect_512x1024,512,1024,1024,1/4,128,256,256,1/2,1/8,64,16,ij,fp32,3,4456448,0.614589,0.429764,1.43006161521207,10.9375,9.142857142857142,15.641298916382015,54.296875,1747.08923199081,273.26744911160546,2498.4452490203926,1.17440512e8,5.3673984e7
rect_512x1024__t4__ra4__rb2__kj__fp32,rect_512x1024,512,1024,1024,1/4,128,256,256,1/4,1/2,32,64,kj,fp32,3,2621440,0.614589,0.295303,2.0812148877593524,25.0,4.0,52.03037219398381,56.0546875,1747.08923199081,909.0170299658317,3636.068119863327,2.68435456e8,1.179648e8
rect_512x1024__t4__ra4__rb2__kk__fp32,rect_512x1024,512,1024,1024,1/4,128,256,256,1/4,1/2,32,64,kk,fp32,3,2621440,0.614589,0.345884,1.7768644979241595,25.0,4.0,44.42161244810399,56.0546875,1747.08923199081,776.0852077575141,3104.3408310300565,2.68435456e8,1.179648e8
rect_512x1024__t4__ra4__rb2__ik__fp32,rect_512x1024,512,1024,1024,1/4,128,256,256,1/4,1/2,32,64,ik,fp32,3,2621440,0.614589,0.364032,1.688282898206751,25.0,4.0,42.207072455168785,56.0546875,1747.08923199081,737.395218002813,2949.580872011252,2.68435456e8,1.179648e8
rect_512x1024__t4__ra4__rb2__ij__fp32,rect_512x1024,512,1024,1024,1/4,128,256,256,1/4,1/2,32,64,ij,fp32,3,2621440,0.614589,0.367868,1.6706780693074692,25.0,4.0,41.76695173268673,56.0546875,1747.08923199081,729.7059162525688,2918.8236650102754,2.68435456e8,1.179648e8
rect_512x1024__t4__ra4__rb4__kj__fp32,rect_512x1024,512,1024,1024,1/4,128,256,256,1/4,1/4,32,32,kj,fp32,3,2359296,0.614589,0.276796,2.2203680689027303,17.1875,5.818181818181818,38.16257618426567,50.46164772727273,1747.08923199081,666.7342591655948,3879.181144236188,1.84549376e8,9.142272e7
rect_512x1024__t4__ra4__rb4__kk__fp32,rect_512x1024,512,1024,1024,1/4,128,256,256,1/4,1/4,32,32,kk,fp32,3,1310720,0.614589,0.291181,2.1106768642184757,17.1875,5.818181818181818,36.27725860375506,50.46164772727273,1747.08923199081,633.7960787276643,3687.5408216882283,1.84549376e8,9.142272e7
rect_512x1024__t4__ra4__rb4__ik__fp32,rect_512x1024,512,1024,1024,1/4,128,256,256,1/4,1/4,32,32,ik,fp32,3,1310720,0.614589,0.288331,2.131539792807572,17.1875,5.818181818181818,36.635840188880145,50.46164772727273,1747.08923199081,640.0608189892866,3723.990219574031,1.84549376e8,9.142272e7
rect_512x1024__t4__ra4__rb4__ij__fp32,rect_512x1024,512,1024,1024,1/4,128,256,256,1/4,1/4,32,32,ij,fp32,3,2359296,0.614589,0.336808,1.8247458492672384,17.1875,5.818181818181818,31.362819284280658,50.46164772727273,1747.08923199081,547.9364385644046,3187.993824374718,1.84549376e8,9.142272e7
rect_512x1024__t4__ra4__rb8__kj__fp32,rect_512x1024,512,1024,1024,1/4,128,256,256,1/4,1/8,32,16,kj,fp32,3,2228224,0.614589,0.278595,2.2060302589780867,8.59375,11.636363636363637,18.95807253809293,50.46164772727273,1747.08923199081,331.21444390602846,3854.131710906513,9.2274688e7,4.571136e7
rect_512x1024__t4__ra4__rb8__kk__fp32,rect_512x1024,512,1024,1024,1/4,128,256,256,1/4,1/8,32,16,kk,fp32,3,655360,0.614589,0.239889,2.5619724122406615,8.59375,11.636363636363637,22.016950417693185,50.46164772727273,1747.08923199081,384.6557699602733,4475.99441408318,9.2274688e7,4.571136e7
rect_512x1024__t4__ra4__rb8__ik__fp32,rect_512x1024,512,1024,1024,1/4,128,256,256,1/4,1/8,32,16,ik,fp32,3,655360,0.614589,0.239618,2.5648699179527417,8.59375,11.636363636363637,22.041850857406374,50.46164772727273,1747.08923199081,385.09080286122077,4481.056615112388,9.2274688e7,4.571136e7
rect_512x1024__t4__ra4__rb8__ij__fp32,rect_512x1024,512,1024,1024,1/4,128,256,256,1/4,1/8,32,16,ij,fp32,3,2228224,0.614589,0.338177,1.8173589569958928,8.59375,11.636363636363637,15.617928536683454,50.46164772727273,1747.08923199081,272.8591477244165,3175.088264429574,9.2274688e7,4.571136e7
rect_512x1024__t4__ra8__rb2__kj__fp32,rect_512x1024,512,1024,1024,1/4,128,256,256,1/8,1/2,16,64,kj,fp32,3,1310720,0.614589,0.2524,2.4349801901743264,12.5,8.0,30.43725237717908,56.0546875,1747.08923199081,531.7659587955626,4254.127670364501,1.34217728e8,5.89824e7
rect_512x1024__t4__ra8__rb2__kk__fp32,rect_512x1024,512,1024,1024,1/4,128,256,256,1/8,1/2,16,64,kk,fp32,3,1310720,0.614589,0.299134,2.0545608322691504,12.5,8.0,25.68201040336438,56.0546875,1747.08923199081,448.68763831593867,3589.5011065275094,1.34217728e8,5.89824e7
rect_512x1024__t4__ra8__rb2__ik__fp32,rect_512x1024,512,1024,1024,1/4,128,256,256,1/8,1/2,16,64,ik,fp32,3,2359296,0.614589,0.357359,1.719808371973282,12.5,8.0,21.497604649666023,56.0546875,1747.08923199081,375.5823359702708,3004.658687762166,1.34217728e8,5.89824e7
rect_512x1024__t4__ra8__rb2__ij__fp32,rect_512x1024,512,1024,1024,1/4,128,256,256,1/8,1/2,16,64,ij,fp32,3,1310720,0.614589,0.312658,1.9656909466573702,12.5,8.0,24.57113683321713,56.0546875,1747.08923199081,429.27968579086416,3434.2374863269133,1.34217728e8,5.89824e7
rect_512x1024__t4__ra8__rb4__kj__fp32,rect_512x1024,512,1024,1024,1/4,128,256,256,1/8,1/4,16,32,kj,fp32,3,1179648,0.614589,0.236945,2.5938044693916313,9.375,10.666666666666666,24.31691690054654,51.953125,1747.08923199081,424.8382367216021,4531.607858363755,1.00663296e8,4.8365568e7
rect_512x1024__t4__ra8__rb4__kk__fp32,rect_512x1024,512,1024,1024,1/4,128,256,256,1/8,1/4,16,32,kk,fp32,3,1179648,0.614589,0.278188,2.2092577681280288,9.375,10.666666666666666,20.71179157620027,51.953125,1747.08923199081,361.8534803801746,3859.7704573885285,1.00663296e8,4.8365568e7
rect_512x1024__t4__ra8__rb4__ik__fp32,rect_512x1024,512,1024,1024,1/4,128,256,256,1/8,1/4,16,32,ik,fp32,3,1179648,0.614589,0.282287,2.177177836740622,9.375,10.666666666666666,20.411042219443335,51.953125,1747.08923199081,356.5991207529925,3803.723954698587,1.00663296e8,4.8365568e7
rect_512x1024__t4__ra8__rb4__ij__fp32,rect_512x1024,512,1024,1024,1/4,128,256,256,1/8,1/4,16,32,ij,fp32,3,1179648,0.614589,0.31336,1.9612873372478938,9.375,10.666666666666666,18.387068786699004,51.953125,1747.08923199081,321.2384988511616,3426.543987745724,1.00663296e8,4.8365568e7
rect_512x1024__t4__ra8__rb8__kj__fp32,rect_512x1024,512,1024,1024,1/4,128,256,256,1/8,1/8,16,16,kj,fp32,3,1114112,0.614589,0.231885,2.650404295232551,7.421875,13.473684210526315,19.670969378679086,47.635690789473685,1747.08923199081,343.6693878431119,4630.492804622982,7.9691776e7,4.1730048e7
rect_512x1024__t4__ra8__rb8__kk__fp32,rect_512x1024,512,1024,1024,1/4,128,256,256,1/8,1/8,16,16,kk,fp32,3,589824,0.614589,0.239134,2.5700611372703173,7.421875,13.473684210526315,19.074672503178135,47.635690789473685,1747.08923199081,333.2515493405371,4490.126138483026,7.9691776e7,4.1730048e7
rect_512x1024__t4__ra8__rb8__ik__fp32,rect_512x1024,512,1024,1024,1/4,128,256,256,1/8,1/8,16,16,ik,fp32,3,589824,0.614589,0.240791,2.5523752964188864,7.421875,13.473684210526315,18.94341040310892,47.635690789473685,1747.08923199081,330.95828332454283,4459.2273963727885,7.9691776e7,4.1730048e7
rect_512x1024__t4__ra8__rb8__ij__fp32,rect_512x1024,512,1024,1024,1/4,128,256,256,1/8,1/8,16,16,ij,fp32,3,1114112,0.614589,0.317972,1.9328399984904334,7.421875,13.473684210526315,14.345296863796184,47.635690789473685,1747.08923199081,250.6251368044985,3376.8439485237695,7.9691776e7,4.1730048e7
rect_1024x2048__t8__ra2__rb2__kj__fp32,rect_1024x2048,1024,2048,2048,1/8,128,256,256,1/2,1/2,64,64,kj,fp32,3,41943040,5.451968,3.152656,1.7293253688318675,43.75,2.2857142857142856,75.6579848863942,57.547433035714285,1575.5658492492987,1192.0413721002228,2724.665993371938,3.758096384e9,1.595408384e9
rect_1024x2048__t8__ra2__rb2__kk__fp32,rect_1024x2048,1024,2048,2048,1/8,128,256,256,1/2,1/2,64,64,kk,fp32,3,25165824,5.451968,2.372166,2.298307959898253,43.75,2.2857142857142856,100.55097324554858,57.547433035714285,1575.5658492492987,1584.2467955446625,3621.1355326735143,3.758096384e9,1.595408384e9
rect_1024x2048__t8__ra2__rb2__ik__fp32,rect_1024x2048,1024,2048,2048,1/8,128,256,256,1/2,1/2,64,64,ik,fp32,3,25165824,5.451968,2.417403,2.255299592165642,43.75,2.2857142857142856,98.66935715724684,57.547433035714285,1575.5658492492987,1554.6006950433998,3553.373017242057,3.758096384e9,1.595408384e9
rect_1024x2048__t8__ra2__rb2__ij__fp32,rect_1024x2048,1024,2048,2048,1/8,128,256,256,1/2,1/2,64,64,ij,fp32,3,41943040,5.451968,3.568377,1.5278565017093206,43.75,2.2857142857142856,66.84372194978276,57.547433035714285,1575.5658492492987,1053.1668554079347,2407.238526646708,3.758096384e9,1.595408384e9
rect_1024x2048__t8__ra2__rb4__kj__fp32,rect_1024x2048,1024,2048,2048,1/8,128,256,256,1/2,1/4,64,32,kj,fp32,3,37748736,5.451968,2.545521,2.141788655446174,21.875,4.571428571428571,46.85162683788505,57.547433035714285,1575.5658492492987,738.1782322754359,3374.5290618305644,1.879048192e9,7.97704192e8
rect_1024x2048__t8__ra2__rb4__kk__fp32,rect_1024x2048,1024,2048,2048,1/8,128,256,256,1/2,1/4,64,32,kk,fp32,3,12582912,5.451968,1.719324,3.1709951120324034,21.875,4.571428571428571,69.36551807570883,57.547433035714285,1575.5658492492987,1092.8994139557176,4996.111606654708,1.879048192e9,7.97704192e8
rect_1024x2048__t8__ra2__rb4__ik__fp32,rect_1024x2048,1024,2048,2048,1/8,128,256,256,1/2,1/4,64,32,ik,fp32,3,12582912,5.451968,1.749562,3.116190223610252,21.875,4.571428571428571,68.16666114147426,57.547433035714285,1575.5658492492987,1074.0106335185606,4909.762896084849,1.879048192e9,7.97704192e8
rect_1024x2048__t8__ra2__rb4__ij__fp32,rect_1024x2048,1024,2048,2048,1/8,128,256,256,1/2,1/4,64,32,ij,fp32,3,37748736,5.451968,2.875575,1.8959575041513437,21.875,4.571428571428571,41.47407040331064,57.547433035714285,1575.5658492492987,653.4512895681734,2987.2058951687923,1.879048192e9,7.97704192e8
rect_1024x2048__t8__ra2__rb8__kj__fp32,rect_1024x2048,1024,2048,2048,1/8,128,256,256,1/2,1/8,64,16,kj,fp32,3,35651584,5.451968,2.22967,2.4451905438921453,10.9375,9.142857142857142,26.74427157382034,57.547433035714285,1575.5658492492987,421.37360954760123,3852.5587158637827,9.39524096e8,3.98852096e8
rect_1024x2048__t8__ra2__rb8__kk__fp32,rect_1024x2048,1024,2048,2048,1/8,128,256,256,1/2,1/8,64,16,kk,fp32,3,6291456,5.451968,2.013262,2.7080270724823694,10.9375,9.142857142857142,29.619046105275913,57.547433035714285,1575.5658492492987,466.6675753081318,4266.674974245776,9.39524096e8,3.98852096e8
rect_1024x2048__t8__ra2__rb8__ik__fp32,rect_1024x2048,1024,2048,2048,1/8,128,256,256,1/2,1/8,64,16,ik,fp32,3,6291456,5.451968,2.012541,2.708997232851405,10.9375,9.142857142857142,29.62965723431224,57.547433035714285,1575.5658492492987,466.8347606334479,4268.203525791524,9.39524096e8,3.98852096e8
rect_1024x2048__t8__ra2__rb8__ij__fp32,rect_1024x2048,1024,2048,2048,1/8,128,256,256,1/2,1/8,64,16,ij,fp32,3,35651584,5.451968,2.537906,2.1482151033174595,10.9375,9.142857142857142,23.49610269253471,57.547433035714285,1575.5658492492987,370.19656992812185,3384.6543536285426,9.39524096e8,3.98852096e8
rect_1024x2048__t8__ra4__rb2__kj__fp32,rect_1024x2048,1024,2048,2048,1/8,128,256,256,1/4,1/2,32,64,kj,fp32,3,20971520,5.451968,1.708206,3.191633795923911,25.0,4.0,79.79084489809776,59.326171875,1575.5658492492987,1257.1573030419047,5028.629212167619,2.147483648e9,8.73463808e8
rect_1024x2048__t8__ra4__rb2__kk__fp32,rect_1024x2048,1024,2048,2048,1/8,128,256,256,1/4,1/2,32,64,kk,fp32,3,20971520,5.451968,2.186067,2.493961987441373,25.0,4.0,62.34904968603432,59.326171875,1575.5658492492987,982.3503341846339,3929.4013367385355,2.147483648e9,8.73463808e8
rect_1024x2048__t8__ra4__rb2__ik__fp32,rect_1024x2048,1024,2048,2048,1/8,128,256,256,1/4,1/2,32,64,ik,fp32,3,20971520,5.451968,2.366173,2.3041290725572474,25.0,4.0,57.60322681393119,59.326171875,1575.5658492492987,907.5767697459146,3630.3070789836584,2.147483648e9,8.73463808e8
rect_1024x2048__t8__ra4__rb2__ij__fp32,rect_1024x2048,1024,2048,2048,1/8,128,256,256,1/4,1/2,32,64,ij,fp32,3,20971520,5.451968,2.125929,2.564510856195103,25.0,4.0,64.11277140487758,59.326171875,1575.5658492492987,1010.1389312625209,4040.5557250500838,2.147483648e9,8.73463808e8
rect_1024x2048__t8__ra4__rb4__kj__fp32,rect_1024x2048,1024,2048,2048,1/8,128,256,256,1/4,1/4,32,32,kj,fp32,3,18874368,5.451968,1.433621,3.8029353643675696,17.1875,5.818181818181818,65.3629515750676,53.66654829545455,1575.5658492492987,1029.8363430781217,5991.775086999981,1.476395008e9,6.84064768e8
rect_1024x2048__t8__ra4__rb4__kk__fp32,rect_1024x2048,1024,2048,2048,1/8,128,256,256,1/4,1/4,32,32,kk,fp32,3,10485760,5.451968,1.779102,3.064449368276805,17.1875,5.818181818181818,52.670223517257575,53.66654829545455,1575.5658492492987,829.8540544611832,4828.24177141052,1.476395008e9,6.84064768e8
rect_1024x2048__t8__ra4__rb4__ik__fp32,rect_1024x2048,1024,2048,2048,1/8,128,256,256,1/4,1/4,32,32,ik,fp32,3,10485760,5.451968,1.827513,2.983271801623299,17.1875,5.818181818181818,51.274984090400444,53.66654829545455,1575.5658492492987,807.8711385363606,4700.341169666098,1.476395008e9,6.84064768e8
rect_1024x2048__t8__ra4__rb4__ij__fp32,rect_1024x2048,1024,2048,2048,1/8,128,256,256,1/4,1/4,32,32,ij,fp32,3,18874368,5.451968,1.760067,3.0975911712451856,17.1875,5.818181818181818,53.23984825577662,53.66654829545455,1575.5658492492987,838.8288673101649,4880.45886435005,1.476395008e9,6.84064768e8
rect_1024x2048__t8__ra4__rb8__kj__fp32,rect_1024x2048,1024,2048,2048,1/8,128,256,256,1/4,1/8,32,16,kj,fp32,3,17825792,5.451968,1.293338,4.215423964965074,8.59375,11.636363636363637,36.22629969891861,53.66654829545455,1575.5658492492987,570.7692065028631,6641.6780393060435,7.38197504e8,3.42032384e8
rect_1024x2048__t8__ra4__rb8__kk__fp32,rect_1024x2048,1024,2048,2048,1/8,128,256,256,1/4,1/8,32,16,kk,fp32,3,5242880,5.451968,1.363492,3.9985331780457827,8.59375,11.636363636363637,34.36239449883094,53.66654829545455,1575.5658492492987,541.4021527079,6299.9523224192,7.38197504e8,3.42032384e8
rect_1024x2048__t8__ra4__rb8__ik__fp32,rect_1024x2048,1024,2048,2048,1/8,128,256,256,1/4,1/8,32,16,ik,fp32,3,5242880,5.451968,1.37,3.9795386861313866,8.59375,11.636363636363637,34.1991605839416,53.66654829545455,1575.5658492492987,538.8302948905109,6270.025249635037,7.38197504e8,3.42032384e8
rect_1024x2048__t8__ra4__rb8__ij__fp32,rect_1024x2048,1024,2048,2048,1/8,128,256,256,1/4,1/8,32,16,ij,fp32,3,17825792,5.451968,1.619681,3.366075171592431,8.59375,11.636363636363637,28.92720850587245,53.66654829545455,1575.5658492492987,455.76721835966464,5303.4730863670065,7.38197504e8,3.42032384e8
rect_1024x2048__t8__ra8__rb2__kj__fp32,rect_1024x2048,1024,2048,2048,1/8,128,256,256,1/8,1/2,16,64,kj,fp32,3,10485760,5.451968,1.307463,4.1698832012837075,12.5,8.0,52.12354001604634,59.326171875,1575.5658492492987,821.2406959126185,6569.925567300948,1.073741824e9,4.36731904e8
rect_1024x2048__t8__ra8__rb2__kk__fp32,rect_1024x2048,1024,2048,2048,1/8,128,256,256,1/8,1/2,16,64,kk,fp32,3,10485760,5.451968,1.751732,3.112329968282819,12.5,8.0,38.90412460353524,59.326171875,1575.5658492492987,612.9601012026953,4903.680809621563,1.073741824e9,4.36731904e8
rect_1024x2048__t8__ra8__rb2__ik__fp32,rect_1024x2048,1024,2048,2048,1/8,128,256,256,1/8,1/2,16,64,ik,fp32,3,18874368,5.451968,2.280939,2.3902296378815917,12.5,8.0,29.877870473519895,59.326171875,1575.5658492492987,470.7455236637192,3765.9641893097537,1.073741824e9,4.36731904e8
rect_1024x2048__t8__ra8__rb2__ij__fp32,rect_1024x2048,1024,2048,2048,1/8,128,256,256,1/8,1/2,16,64,ij,fp32,3,10485760,5.451968,1.451204,3.7568584430583156,12.5,8.0,46.960730538228944,59.326171875,1575.5658492492987,739.8972329183216,5919.177863346573,1.073741824e9,4.36731904e8
rect_1024x2048__t8__ra8__rb4__kj__fp32,rect_1024x2048,1024,2048,2048,1/8,128,256,256,1/8,1/4,16,32,kj,fp32,3,9437184,5.451968,0.994382,5.482770203000457,9.375,10.666666666666666,51.400970653129285,55.17578125,1575.5658492492987,809.8561397933591,8638.465491129164,8.05306368e8,3.60972288e8
rect_1024x2048__t8__ra8__rb4__kk__fp32,rect_1024x2048,1024,2048,2048,1/8,128,256,256,1/8,1/4,16,32,kk,fp32,3,9437184,5.451968,1.628147,3.348572334070572,9.375,10.666666666666666,31.392865631911608,55.17578125,1575.5658492492987,494.6152699971194,5275.896213302607,8.05306368e8,3.60972288e8
rect_1024x2048__t8__ra8__rb4__ik__fp32,rect_1024x2048,1024,2048,2048,1/8,128,256,256,1/8,1/4,16,32,ik,fp32,3,9437184,5.451968,1.748528,3.118032996897962,9.375,10.666666666666666,29.231559345918395,55.17578125,1575.5658492492987,460.5624662573319,4912.6663067448735,8.05306368e8,3.60972288e8
rect_1024x2048__t8__ra8__rb4__ij__fp32,rect_1024x2048,1024,2048,2048,1/8,128,256,256,1/8,1/4,16,32,ij,fp32,3,9437184,5.451968,1.26403,4.313163453399049,9.375,10.666666666666666,40.43590737561608,55.17578125,1575.5658492492987,637.0943474442853,6795.67303940571,8.05306368e8,3.60972288e8
rect_1024x2048__t8__ra8__rb8__kj__fp32,rect_1024x2048,1024,2048,2048,1/8,128,256,256,1/8,1/8,16,16,kj,fp32,3,8912896,5.451968,0.980722,5.559137043932939,7.421875,13.473684210526315,41.25922024793978,50.8069490131579,1575.5658492492987,650.066183893091,8758.786477717436,6.37534208e8,3.13622528e8
rect_1024x2048__t8__ra8__rb8__kk__fp32,rect_1024x2048,1024,2048,2048,1/8,128,256,256,1/8,1/8,16,16,kk,fp32,3,4718592,5.451968,1.166178,4.675073616549104,7.421875,13.473684210526315,34.697811997825376,50.8069490131579,1575.5658492492987,546.6868762744624,7365.886332961178,6.37534208e8,3.13622528e8
rect_1024x2048__t8__ra8__rb8__ik__fp32,rect_1024x2048,1024,2048,2048,1/8,128,256,256,1/8,1/8,16,16,ik,fp32,3,4718592,5.451968,1.171792,4.652675560167675,7.421875,13.473684210526315,34.53157642311946,50.8069490131579,1575.5658492492987,544.0677253300927,7330.596720237038,6.37534208e8,3.13622528e8
rect_1024x2048__t8__ra8__rb8__ij__fp32,rect_1024x2048,1024,2048,2048,1/8,128,256,256,1/8,1/8,16,16,ij,fp32,3,8912896,5.451968,1.199908,4.543655013551039,7.421875,13.473684210526315,33.72243955369911,50.8069490131579,1575.5658492492987,531.3192411418208,7158.827670121376,6.37534208e8,3.13622528e8
rect_1024x2048__t4__ra2__rb2__kj__fp32,rect_1024x2048,1024,2048,2048,1/4,256,512,512,1/2,1/2,128,128,kj,fp32,3,20971520,5.451968,2.95365,1.8458409087061771,43.75,2.2857142857142856,80.75553975589524,54.296875,1575.5658492492987,1272.356705770826,2908.243898904745,3.758096384e9,1.717567488e9
rect_1024x2048__t4__ra2__rb2__kk__fp32,rect_1024x2048,1024,2048,2048,1/4,256,512,512,1/2,1/2,128,128,kk,fp32,3,12582912,5.451968,2.395206,2.276200042919064,43.75,2.2857142857142856,99.58375187770906,54.296875,1575.5658492492987,1569.0075859863412,3586.303053683065,3.758096384e9,1.717567488e9
rect_1024x2048__t4__ra2__rb2__ik__fp32,rect_1024x2048,1024,2048,2048,1/4,256,512,512,1/2,1/2,128,128,ik,fp32,3,12582912,5.451968,2.412677,2.2597173181490935,43.75,2.2857142857142856,98.86263266902282,54.296875,1575.5658492492987,1557.645878001904,3560.3334354329236,3.758096384e9,1.717567488e9
rect_1024x2048__t4__ra2__rb2__ij__fp32,rect_1024x2048,1024,2048,2048,1/4,256,512,512,1/2,1/2,128,128,ij,fp32,3,20971520,5.451968,3.11918,1.7478850210632282,43.75,2.2857142857142856,76.46996967151622,54.296875,1575.5658492492987,1204.8347270757058,2753.907947601613,3.758096384e9,1.717567488e9
rect_1024x2048__t4__ra2__rb4__kj__fp32,rect_1024x2048,1024,2048,2048,1/4,256,512,512,1/2,1/4,128,64,kj,fp32,3,18874368,5.451968,2.328859,2.341046838816777,21.875,4.571428571428571,51.21039959911698,54.296875,1575.5658492492987,806.853567347787,3688.4734507327407,1.879048192e9,8.58783744e8
rect_1024x2048__t4__ra2__rb4__kk__fp32,rect_1024x2048,1024,2048,2048,1/4,256,512,512,1/2,1/4,128,64,kk,fp32,3,6291456,5.451968,1.157888,4.708545213353968,21.875,4.571428571428571,102.99942654211804,54.296875,1575.5658492492987,1622.8237895202299,7418.623037806766,1.879048192e9,8.58783744e8
rect_1024x2048__t4__ra2__rb4__ik__fp32,rect_1024x2048,1024,2048,2048,1/4,256,512,512,1/2,1/4,128,64,ik,fp32,3,6291456,5.451968,1.172015,4.651790292786355,21.875,4.571428571428571,101.75791265470151,54.296875,1575.5658492492987,1603.2629206964075,7329.201923183577,1.879048192e9,8.58783744e8
rect_1024x2048__t4__ra2__rb4__ij__fp32,rect_1024x2048,1024,2048,2048,1/4,256,512,512,1/2,1/4,128,64,ij,fp32,3,18874368,5.451968,2.513441,2.1691251157278013,21.875,4.571428571428571,47.44961190654565,54.296875,1575.5658492492987,747.5998808008623,3417.5994550896557,1.879048192e9,8.58783744e8
rect_1024x2048__t4__ra2__rb8__kj__fp32,rect_1024x2048,1024,2048,2048,1/4,256,512,512,1/2,1/8,128,32,kj,fp32,3,17825792,5.451968,2.000141,2.7257918316758665,10.9375,9.142857142857142,29.81334815895479,54.296875,1575.5658492492987,469.72893211028617,4294.664522151188,9.39524096e8,4.29391872e8
rect_1024x2048__t4__ra2__rb8__kk__fp32,rect_1024x2048,1024,2048,2048,1/4,256,512,512,1/2,1/8,128,32,kk,fp32,3,3145728,5.451968,0.877452,6.21340882464226,10.9375,9.142857142857142,67.9591590195247,54.296875,1575.5658492492987,1070.7413009486559,9789.634751530568,9.39524096e8,4.29391872e8
rect_1024x2048__t4__ra2__rb8__ik__fp32,rect_1024x2048,1024,2048,2048,1/4,256,512,512,1/2,1/8,128,32,ik,fp32,3,3145728,5.451968,0.850698,6.408817230086353,10.9375,9.142857142857142,70.09643845406947,54.296875,1575.5658492492987,1104.4155458223718,10097.513561804542,9.39524096e8,4.29391872e8
rect_1024x2048__t4__ra2__rb8__ij__fp32,rect_1024x2048,1024,2048,2048,1/4,256,512,512,1/2,1/8,128,32,ij,fp32,3,17825792,5.451968,2.17313,2.508808952984865,10.9375,9.142857142857142,27.44009792327196,54.296875,1575.5658492492987,432.3368118796391,3952.7937086138427,9.39524096e8,4.29391872e8
rect_1024x2048__t4__ra4__rb2__kj__fp32,rect_1024x2048,1024,2048,2048,1/4,256,512,512,1/4,1/2,64,128,kj,fp32,3,10485760,5.451968,1.558735,3.497687547915457,25.0,4.0,87.44218869788642,56.0546875,1575.5658492492987,1377.7092629600286,5510.837051840114,2.147483648e9,9.437184e8
rect_1024x2048__t4__ra4__rb2__kk__fp32,rect_1024x2048,1024,2048,2048,1/4,256,512,512,1/4,1/2,64,128,kk,fp32,3,10485760,5.451968,1.597372,3.4130859937447258,25.0,4.0,85.32714984361814,56.0546875,1575.5658492492987,1344.3854330738238,5377.541732295295,2.147483648e9,9.437184e8
rect_1024x2048__t4__ra4__rb2__ik__fp32,rect_1024x2048,1024,2048,2048,1/4,256,512,512,1/4,1/2,64,128,ik,fp32,3,10485760,5.451968,1.829605,2.9798606803107774,25.0,4.0,74.49651700776943,56.0546875,1575.5658492492987,1173.7416808546106,4694.966723418443,2.147483648e9,9.437184e8
rect_1024x2048__t4__ra4__rb2__ij__fp32,rect_1024x2048,1024,2048,2048,1/4,256,512,512,1/4,1/2,64,128,ij,fp32,3,10485760,5.451968,1.775801,3.0701458102568924,25.0,4.0,76.7536452564223,56.0546875,1575.5658492492987,1209.3042227141443,4837.216890856577,2.147483648e9,9.437184e8
rect_1024x2048__t4__ra4__rb4__kj__fp32,rect_1024x2048,1024,2048,2048,1/4,256,512,512,1/4,1/4,64,64,kj,fp32,3,9437184,5.451968,1.236591,4.408869221917352,17.1875,5.818181818181818,75.77743975170448,50.46164772727273,1575.5658492492987,1193.9234621633184,6946.463779859307,1.476395008e9,7.3138176e8
rect_1024x2048__t4__ra4__rb4__kk__fp32,rect_1024x2048,1024,2048,2048,1/4,256,512,512,1/4,1/4,64,64,kk,fp32,3,5242880,5.451968,0.921201,5.918326185056247,17.1875,5.818181818181818,101.72123130565424,50.46164772727273,1575.5658492492987,1602.6849818877747,9324.712621892508,1.476395008e9,7.3138176e8
rect_1024x2048__t4__ra4__rb4__ik__fp32,rect_1024x2048,1024,2048,2048,1/4,256,512,512,1/4,1/4,64,64,ik,fp32,3,5242880,5.451968,0.960526,5.676023345541922,17.1875,5.818181818181818,97.55665125150178,50.46164772727273,1575.5658492492987,1537.0692807899006,8942.948542777604,1.476395008e9,7.3138176e8
rect_1024x2048__t4__ra4__rb4__ij__fp32,rect_1024x2048,1024,2048,2048,1/4,256,512,512,1/4,1/4,64,64,ij,fp32,3,9437184,5.451968,1.410654,3.8648513384571976,17.1875,5.818181818181818,66.4271323797331,50.46164772727273,1575.5658492492987,1046.6032124106976,6089.327781298603,1.476395008e9,7.3138176e8
rect_1024x2048__t4__ra4__rb8__kj__fp32,rect_1024x2048,1024,2048,2048,1/4,256,512,512,1/4,1/8,64,32,kj,fp32,3,8912896,5.451968,1.104791,4.934841069487351,8.59375,11.636363636363637,42.40879044090692,50.46164772727273,1575.5658492492987,668.1784192666305,7775.167060557155,7.38197504e8,3.6569088e8
rect_1024x2048__t4__ra4__rb8__kk__fp32,rect_1024x2048,1024,2048,2048,1/4,256,512,512,1/4,1/8,64,32,kk,fp32,3,2621440,5.451968,0.633085,8.61174723773269,8.59375,11.636363636363637,74.00720282426529,50.46164772727273,1575.5658492492987,1166.0322136837865,13568.374850138607,7.38197504e8,3.6569088e8
rect_1024x2048__t4__ra4__rb8__ik__fp32,rect_1024x2048,1024,2048,2048,1/4,256,512,512,1/4,1/8,64,32,ik,fp32,3,2621440,5.451968,0.629107,8.666201456985855,8.59375,11.636363636363637,74.47516877097218,50.46164772727273,1575.5658492492987,1173.4053253262164,13654.171058341426,7.38197504e8,3.6569088e8
rect_1024x2048__t4__ra4__rb8__ij__fp32,rect_1024x2048,1024,2048,2048,1/4,256,512,512,1/4,1/8,64,32,ij,fp32,3,8912896,5.451968,1.273771,4.280179090276039,8.59375,11.636363636363637,36.78278905705971,50.46164772727273,1575.5658492492987,579.5370627844409,6743.704003309857,7.38197504e8,3.6569088e8
rect_1024x2048__t4__ra8__rb2__kj__fp32,rect_1024x2048,1024,2048,2048,1/4,256,512,512,1/8,1/2,32,128,kj,fp32,3,5242880,5.451968,0.868241,6.279325671098231,12.5,8.0,78.4915708887279,56.0546875,1575.5658492492987,1236.686385462101,9893.491083696808,1.073741824e9,4.718592e8
rect_1024x2048__t4__ra8__rb2__kk__fp32,rect_1024x2048,1024,2048,2048,1/4,256,512,512,1/8,1/2,32,128,kk,fp32,3,5242880,5.451968,0.866626,6.291027502059712,12.5,8.0,78.63784377574639,56.0546875,1575.5658492492987,1238.9910111166755,9911.928088933404,1.073741824e9,4.718592e8
rect_1024x2048__t4__ra8__rb2__ik__fp32,rect_1024x2048,1024,2048,2048,1/4,256,512,512,1/8,1/2,32,128,ik,fp32,3,9437184,5.451968,1.598541,3.410590031785234,12.5,8.0,42.63237539731543,56.0546875,1575.5658492492987,671.7011474838619,5373.609179870895,1.073741824e9,4.718592e8
rect_1024x2048__t4__ra8__rb2__ij__fp32,rect_1024x2048,1024,2048,2048,1/4,256,512,512,1/8,1/2,32,128,ij,fp32,3,5242880,5.451968,1.036463,5.260166547189818,12.5,8.0,65.75208183987272,56.0546875,1575.5658492492987,1035.9673466394845,8287.738773115876,1.073741824e9,4.718592e8
rect_1024x2048__t4__ra8__rb4__kj__fp32,rect_1024x2048,1024,2048,2048,1/4,256,512,512,1/8,1/4,32,64,kj,fp32,3,4718592,5.451968,0.683945,7.97135442177368,9.375,10.666666666666666,74.73144770412824,51.953125,1575.5658492492987,1177.4431686758437,12559.393799209001,8.05306368e8,3.86924544e8
rect_1024x2048__t4__ra8__rb4__kk__fp32,rect_1024x2048,1024,2048,2048,1/4,256,512,512,1/8,1/4,32,64,kk,fp32,3,4718592,5.451968,0.778429,7.003808953674644,9.375,10.666666666666666,65.66070894069979,51.953125,1575.5658492492987,1034.5277064446468,11034.962202076233,8.05306368e8,3.86924544e8
rect_1024x2048__t4__ra8__rb4__ik__fp32,rect_1024x2048,1024,2048,2048,1/4,256,512,512,1/8,1/4,32,64,ik,fp32,3,4718592,5.451968,0.936358,5.822525145296991,9.375,10.666666666666666,54.58617323715929,51.953125,1575.5658492492987,860.0411039367422,9173.77177532525,8.05306368e8,3.86924544e8
rect_1024x2048__t4__ra8__rb4__ij__fp32,rect_1024x2048,1024,2048,2048,1/4,256,512,512,1/8,1/4,32,64,ij,fp32,3,4718592,5.451968,0.901872,6.045168272216013,9.375,10.666666666666666,56.67345255202512,51.953125,1575.5658492492987,892.9275640002129,9524.560682668938,8.05306368e8,3.86924544e8
rect_1024x2048__t4__ra8__rb8__kj__fp32,rect_1024x2048,1024,2048,2048,1/4,256,512,512,1/8,1/8,32,32,kj,fp32,3,4456448,5.451968,0.664893,8.199767481384223,7.421875,13.473684210526315,60.85764927589852,47.635690789473685,1575.5658492492987,958.8523386469702,12919.273615453914,6.37534208e8,3.33840384e8
rect_1024x2048__t4__ra8__rb8__kk__fp32,rect_1024x2048,1024,2048,2048,1/4,256,512,512,1/8,1/8,32,32,kk,fp32,3,2359296,5.451968,0.634485,8.592745297367156,7.421875,13.473684210526315,63.77428150389686,47.635690789473685,1575.5658492492987,1004.805799979511,13538.4360418292,6.37534208e8,3.33840384e8
rect_1024x2048__t4__ra8__rb8__ik__fp32,rect_1024x2048,1024,2048,2048,1/4,256,512,512,1/8,1/8,32,32,ik,fp32,3,2359296,5.451968,0.635931,8.573206841622754,7.421875,13.473684210526315,63.629269527668875,47.635690789473685,1575.5658492492987,1002.5210408047413,13507.651918211253,6.37534208e8,3.33840384e8
rect_1024x2048__t4__ra8__rb8__ij__fp32,rect_1024x2048,1024,2048,2048,1/4,256,512,512,1/8,1/8,32,32,ij,fp32,3,4456448,5.451968,0.804656,6.775526436141655,7.421875,13.473684210526315,50.28711026823884,47.635690789473685,1575.5658492492987,792.3065359607086,10675.288063470602,6.37534208e8,3.33840384e8
rect_2048x4096__t8__ra2__rb2__kj__fp32,rect_2048x4096,2048,4096,4096,1/8,256,512,512,1/2,1/2,128,128,kj,fp32,3,167772160,41.73145,21.899674,1.9055740281795976,43.75,2.2857142857142856,83.36886373285739,57.547433035714285,1646.7071414005504,1372.8410327934562,3137.922360670757,3.0064771072e10,1.2763267072e10
rect_2048x4096__t8__ra2__rb2__kk__fp32,rect_2048x4096,2048,4096,4096,1/8,256,512,512,1/2,1/2,128,128,kk,fp32,3,100663296,41.73145,16.301219,2.560020204623961,43.75,2.2857142857142856,112.00088395229828,57.547433035714285,1646.7071414005504,1844.326554474239,4215.6035530839745,3.0064771072e10,1.2763267072e10
rect_2048x4096__t8__ra2__rb2__ik__fp32,rect_2048x4096,2048,4096,4096,1/8,256,512,512,1/2,1/2,128,128,ik,fp32,3,100663296,41.73145,15.509135,2.6907657970608936,43.75,2.2857142857142856,117.72100362141408,57.547433035714285,1646.7071414005504,1938.5201735622263,4430.903253856517,3.0064771072e10,1.2763267072e10
rect_2048x4096__t8__ra2__rb2__ij__fp32,rect_2048x4096,2048,4096,4096,1/8,256,512,512,1/2,1/2,128,128,ij,fp32,3,167772160,41.73145,22.354554,1.8667985950424242,43.75,2.2857142857142856,81.67243853310605,57.547433035714285,1646.7071414005504,1344.9058778806323,3074.0705780128737,3.0064771072e10,1.2763267072e10
rect_2048x4096__t8__ra2__rb4__kj__fp32,rect_2048x4096,2048,4096,4096,1/8,256,512,512,1/2,1/4,128,64,kj,fp32,3,150994944,41.73145,14.645434,2.849451235108499,21.875,4.571428571428571,62.331745767998406,57.547433035714285,1646.7071414005504,1026.421308921265,4692.2116979257835,1.5032385536e10,6.381633536e9
rect_2048x4096__t8__ra2__rb4__kk__fp32,rect_2048x4096,2048,4096,4096,1/8,256,512,512,1/2,1/4,128,64,kk,fp32,3,50331648,41.73145,6.045539,6.902850184243292,21.875,4.571428571428571,150.999847780322,57.547433035714285,1646.7071414005504,2486.525276902523,11366.972694411532,1.5032385536e10,6.381633536e9
rect_2048x4096__t8__ra2__rb4__ik__fp32,rect_2048x4096,2048,4096,4096,1/8,256,512,512,1/2,1/4,128,64,ik,fp32,3,50331648,41.73145,5.820354,7.169916125376567,21.875,4.571428571428571,156.8419152426124,57.547433035714285,1646.7071414005504,2582.727019009497,11806.752086900557,1.5032385536e10,6.381633536e9
rect_2048x4096__t8__ra2__rb4__ij__fp32,rect_2048x4096,2048,4096,4096,1/8,256,512,512,1/2,1/4,128,64,ij,fp32,3,150994944,41.73145,16.038206,2.6020023685940936,21.875,4.571428571428571,56.9188018129958,57.547433035714285,1646.7071414005504,937.2859742542278,4284.735882305042,1.5032385536e10,6.381633536e9
rect_2048x4096__t8__ra2__rb8__kj__fp32,rect_2048x4096,2048,4096,4096,1/8,256,512,512,1/2,1/8,128,32,kj,fp32,3,142606336,41.73145,13.377279,3.11957685864218,10.9375,9.142857142857142,34.12037189139884,57.547433035714285,1646.7071414005504,561.8626006080908,5137.029491273973,7.516192768e9,3.190816768e9
rect_2048x4096__t8__ra2__rb8__kk__fp32,rect_2048x4096,2048,4096,4096,1/8,256,512,512,1/2,1/8,128,32,kk,fp32,3,25165824,41.73145,4.065981,10.2635624711478,10.9375,9.142857142857142,112.25771452817905,57.547433035714285,1646.7071414005504,1848.5558019085677,16901.081617449763,7.516192768e9,3.190816768e9
rect_2048x4096__t8__ra2__rb8__ik__fp32,rect_2048x4096,2048,4096,4096,1/8,256,512,512,1/2,1/8,128,32,ik,fp32,3,25165824,41.73145,5.529129,7.547563097189449,10.9375,9.142857142857142,82.5514713755096,57.547433035714285,1646.7071414005504,1359.3809744717478,12428.626052313122,7.516192768e9,3.190816768e9
rect_2048x4096__t8__ra2__rb8__ij__fp32,rect_2048x4096,2048,4096,4096,1/8,256,512,512,1/2,1/8,128,32,ij,fp32,3,142606336,41.73145,15.835548,2.635301916927662,10.9375,9.142857142857142,28.8236147163963,57.547433035714285,1646.7071414005504,474.64052194467786,4339.570486351341,7.516192768e9,3.190816768e9
rect_2048x4096__t8__ra4__rb2__kj__fp32,rect_2048x4096,2048,4096,4096,1/8,256,512,512,1/4,1/2,64,128,kj,fp32,3,83886080,41.73145,11.275415,3.701101023776065,25.0,4.0,92.52752559440161,59.326171875,1646.7071414005504,1523.6573717242336,6094.629486896934,1.7179869184e10,6.987710464e9
rect_2048x4096__t8__ra4__rb2__kk__fp32,rect_2048x4096,2048,4096,4096,1/8,256,512,512,1/4,1/2,64,128,kk,fp32,3,83886080,41.73145,11.280438,3.6994529822334914,25.0,4.0,92.48632455583729,59.326171875,1646.7071414005504,1522.9789112798635,6091.915645119454,1.7179869184e10,6.987710464e9
rect_2048x4096__t8__ra4__rb2__ik__fp32,rect_2048x4096,2048,4096,4096,1/8,256,512,512,1/4,1/2,64,128,ik,fp32,3,83886080,41.73145,13.453307,3.1019473501942683,25.0,4.0,77.54868375485671,59.326171875,1646.7071414005504,1276.999713453354,5107.998853813416,1.7179869184e10,6.987710464e9
rect_2048x4096__t8__ra4__rb2__ij__fp32,rect_2048x4096,2048,4096,4096,1/8,256,512,512,1/4,1/2,64,128,ij,fp32,3,83886080,41.73145,12.640433,3.3014256710984506,25.0,4.0,82.53564177746127,59.326171875,1646.7071414005504,1359.1203073502309,5436.481229400923,1.7179869184e10,6.987710464e9
rect_2048x4096__t8__ra4__rb4__kj__fp32,rect_2048x4096,2048,4096,4096,1/8,256,512,512,1/4,1/4,64,64,kj,fp32,3,75497472,41.73145,8.772656,4.756991497215895,17.1875,5.818181818181818,81.7607913583982,53.66654829545455,1646.7071414005504,1346.360790164347,7833.37187004711,1.1811160064e10,5.472518144e9
rect_2048x4096__t8__ra4__rb4__kk__fp32,rect_2048x4096,2048,4096,4096,1/8,256,512,512,1/4,1/4,64,64,kk,fp32,3,41943040,41.73145,6.416298,6.503976280403435,17.1875,5.818181818181818,111.78709231943404,53.66654829545455,1646.7071414005504,1840.8060323881466,10710.144188440125,1.1811160064e10,5.472518144e9
rect_2048x4096__t8__ra4__rb4__ik__fp32,rect_2048x4096,2048,4096,4096,1/8,256,512,512,1/4,1/4,64,64,ik,fp32,3,41943040,41.73145,6.521852,6.398711592964698,17.1875,5.818181818181818,109.97785550408075,53.66654829545455,1646.7071414005504,1811.0132005448759,10536.80407589746,1.1811160064e10,5.472518144e9
rect_2048x4096__t8__ra4__rb4__ij__fp32,rect_2048x4096,2048,4096,4096,1/8,256,512,512,1/4,1/4,64,64,ij,fp32,3,75497472,41.73145,10.297872,4.052434328179648,17.1875,5.818181818181818,69.65121501558768,53.66654829545455,1646.7071414005504,1146.9515317339349,6673.172548270167,1.1811160064e10,5.472518144e9
rect_2048x4096__t8__ra4__rb8__kj__fp32,rect_2048x4096,2048,4096,4096,1/8,256,512,512,1/4,1/8,64,32,kj,fp32,3,71303168,41.73145,7.653854,5.452344661918035,8.59375,11.636363636363637,46.85608693835812,53.66654829545455,1646.7071414005504,771.5825297947936,8978.414892157598,5.905580032e9,2.736259072e9
rect_2048x4096__t8__ra4__rb8__kk__fp32,rect_2048x4096,2048,4096,4096,1/8,256,512,512,1/4,1/8,64,32,kk,fp32,3,20971520,41.73145,4.144424,10.069300341856914,8.59375,11.636363636363637,86.53304981283286,53.66654829545455,1646.7071414005504,1424.9459109396144,16581.188781842786,5.905580032e9,2.736259072e9
rect_2048x4096__t8__ra4__rb8__ik__fp32,rect_2048x4096,2048,4096,4096,1/8,256,512,512,1/4,1/8,64,32,ik,fp32,3,20971520,41.73145,4.150515,10.054523354330728,8.59375,11.636363636363637,86.40606007627967,53.66654829545455,1646.7071414005504,1422.8547618789473,16556.855410955024,5.905580032e9,2.736259072e9
rect_2048x4096__t8__ra4__rb8__ij__fp32,rect_2048x4096,2048,4096,4096,1/8,256,512,512,1/4,1/8,64,32,ij,fp32,3,71303168,41.73145,9.062644,4.6047764868618914,8.59375,11.636363636363637,39.57229793396938,53.66654829545455,1646.7071414005504,651.6398560949763,7582.718325468814,5.905580032e9,2.736259072e9
rect_2048x4096__t8__ra8__rb2__kj__fp32,rect_2048x4096,2048,4096,4096,1/8,256,512,512,1/8,1/2,32,128,kj,fp32,3,41943040,41.73145,6.049874,6.8979039894054,12.5,8.0,86.2237998675675,59.326171875,1646.7071414005504,1419.8534700061523,11358.827760049218,8.589934592e9,3.493855232e9
rect_2048x4096__t8__ra8__rb2__kk__fp32,rect_2048x4096,2048,4096,4096,1/8,256,512,512,1/8,1/2,32,128,kk,fp32,3,41943040,41.73145,6.357626,6.563998888893433,12.5,8.0,82.04998611116791,59.326171875,1646.7071414005504,1351.1229808107616,10808.983846486093,8.589934592e9,3.493855232e9
rect_2048x4096__t8__ra8__rb2__ik__fp32,rect_2048x4096,2048,4096,4096,1/8,256,512,512,1/8,1/2,32,128,ik,fp32,3,75497472,41.73145,11.897873,3.507471461495681,12.5,8.0,43.843393268696005,59.326171875,1646.7071414005504,721.9722879879454,5775.778303903563,8.589934592e9,3.493855232e9
rect_2048x4096__t8__ra8__rb2__ij__fp32,rect_2048x4096,2048,4096,4096,1/8,256,512,512,1/8,1/2,32,128,ij,fp32,3,41943040,41.73145,7.416188,5.627075527211554,12.5,8.0,70.33844409014442,59.326171875,1646.7071414005504,1158.2681819824415,9266.145455859532,8.589934592e9,3.493855232e9
rect_2048x4096__t8__ra8__rb4__kj__fp32,rect_2048x4096,2048,4096,4096,1/8,256,512,512,1/8,1/4,32,64,kj,fp32,3,37748736,41.73145,4.782172,8.726463623642145,9.375,10.666666666666666,81.8105964716451,55.17578125,1646.7071414005504,1347.1809345209667,14369.929968223643,6.442450944e9,2.887778304e9
rect_2048x4096__t8__ra8__rb4__kk__fp32,rect_2048x4096,2048,4096,4096,1/8,256,512,512,1/8,1/4,32,64,kk,fp32,3,37748736,41.73145,5.300492,7.873127626642961,9.375,10.666666666666666,73.81057149977775,55.17578125,1646.7071414005504,1215.4439519953996,12964.73548795093,6.442450944e9,2.887778304e9
rect_2048x4096__t8__ra8__rb4__ik__fp32,rect_2048x4096,2048,4096,4096,1/8,256,512,512,1/8,1/4,32,64,ik,fp32,3,37748736,41.73145,6.406233,6.514194847424376,9.375,10.666666666666666,61.07057669460353,55.17578125,1646.7071414005504,1005.6535477245365,10726.971175728388,6.442450944e9,2.887778304e9
rect_2048x4096__t8__ra8__rb4__ij__fp32,rect_2048x4096,2048,4096,4096,1/8,256,512,512,1/8,1/4,32,64,ij,fp32,3,37748736,41.73145,6.192598,6.738924438498995,9.375,10.666666666666666,63.177416610928084,55.17578125,1646.7071414005504,1040.3470310845303,11097.034998234989,6.442450944e9,2.887778304e9
rect_2048x4096__t8__ra8__rb8__kj__fp32,rect_2048x4096,2048,4096,4096,1/8,256,512,512,1/8,1/8,32,32,kj,fp32,3,35651584,41.73145,4.023677,10.371471169281232,7.421875,13.473684210526315,76.97576258450914,50.8069490131579,1646.7071414005504,1267.565379626645,17078.775641285323,5.100273664e9,2.508980224e9
rect_2048x4096__t8__ra8__rb8__kk__fp32,rect_2048x4096,2048,4096,4096,1/8,256,512,512,1/8,1/8,32,32,kk,fp32,3,18874368,41.73145,4.240228,9.841793884668466,7.421875,13.473684210526315,73.04456398777377,50.8069490131579,1646.7071414005504,1202.8300515915653,16206.552274075828,5.100273664e9,2.508980224e9
rect_2048x4096__t8__ra8__rb8__ik__fp32,rect_2048x4096,2048,4096,4096,1/8,256,512,512,1/8,1/8,32,32,ik,fp32,3,18874368,41.73145,4.187024,9.966852351455353,7.421875,13.473684210526315,73.9727322959577,50.8069490131579,1646.7071414005504,1218.1142654066468,16412.4869444264,5.100273664e9,2.508980224e9
rect_2048x4096__t8__ra8__rb8__ij__fp32,rect_2048x4096,2048,4096,4096,1/8,256,512,512,1/8,1/8,32,32,ij,fp32,3,35651584,41.73145,5.571801,7.489759594788113,7.421875,13.473684210526315,55.58805949256802,50.8069490131579,1646.7071414005504,915.3725454301042,12333.440612110877,5.100273664e9,2.508980224e9
rect_2048x4096__t4__ra2__rb2__kj__fp32,rect_2048x4096,2048,4096,4096,1/4,512,1024,1024,1/2,1/2,256,256,kj,fp32,3,83886080,41.73145,21.609567,1.9311562327926333,43.75,2.2857142857142856,84.4880851846777,54.296875,1646.7071414005504,1391.271332368668,3180.0487596998128,3.0064771072e10,1.3740539904e10
rect_2048x4096__t4__ra2__rb2__kk__fp32,rect_2048x4096,2048,4096,4096,1/4,512,1024,1024,1/2,1/2,256,256,kk,fp32,3,50331648,41.73145,16.68501,2.5011342516426427,43.75,2.2857142857142856,109.42462350936559,54.296875,1646.7071414005504,1801.903089779389,4118.6356337814605,3.0064771072e10,1.3740539904e10
rect_2048x4096__t4__ra2__rb2__ik__fp32,rect_2048x4096,2048,4096,4096,1/4,512,1024,1024,1/2,1/2,256,256,ik,fp32,3,50331648,41.73145,15.794948,2.6420758080368483,43.75,2.2857142857142856,115.5908166016121,54.296875,1646.7071414005504,1903.4422317819597,4350.725101215908,3.0064771072e10,1.3740539904e10
rect_2048x4096__t4__ra2__rb2__ij__fp32,rect_2048x4096,2048,4096,4096,1/4,512,1024,1024,1/2,1/2,256,256,ij,fp32,3,83886080,41.73145,20.271324,2.0586445167567744,43.75,2.2857142857142856,90.06569760810888,54.296875,1646.7071414005504,1483.1182744649536,3389.9846273484654,3.0064771072e10,1.3740539904e10
rect_2048x4096__t4__ra2__rb4__kj__fp32,rect_2048x4096,2048,4096,4096,1/4,512,1024,1024,1/2,1/4,256,128,kj,fp32,3,75497472,41.73145,15.373411,2.7145211950685506,21.875,4.571428571428571,59.38015114212454,54.296875,1646.7071414005504,977.8171894318053,4470.021437402539,1.5032385536e10,6.870269952e9
rect_2048x4096__t4__ra2__rb4__kk__fp32,rect_2048x4096,2048,4096,4096,1/4,512,1024,1024,1/2,1/4,256,128,kk,fp32,3,25165824,41.73145,8.019741,5.203590739401684,21.875,4.571428571428571,113.82854742441184,54.296875,1646.7071414005504,1874.422819390302,8568.790031498524,1.5032385536e10,6.870269952e9
rect_2048x4096__t4__ra2__rb4__ik__fp32,rect_2048x4096,2048,4096,4096,1/4,512,1024,1024,1/2,1/4,256,128,ik,fp32,3,25165824,41.73145,8.004573,5.21345111100867,21.875,4.571428571428571,114.04424305331464,54.296875,1646.7071414005504,1877.9746947151332,8585.027175840609,1.5032385536e10,6.870269952e9
rect_2048x4096__t4__ra2__rb4__ij__fp32,rect_2048x4096,2048,4096,4096,1/4,512,1024,1024,1/2,1/4,256,128,ij,fp32,3,75497472,41.73145,15.664054,2.664153864638107,21.875,4.571428571428571,58.278365788958595,54.296875,1646.7071414005504,959.6740113383164,4387.081194689446,1.5032385536e10,6.870269952e9
rect_2048x4096__t4__ra2__rb8__kj__fp32,rect_2048x4096,2048,4096,4096,1/4,512,1024,1024,1/2,1/8,256,64,kj,fp32,3,71303168,41.73145,12.99471,3.211418338693207,10.9375,9.142857142857142,35.124888079456944,54.296875,1646.7071414005504,578.4040404133682,5288.265512350795,7.516192768e9,3.435134976e9
rect_2048x4096__t4__ra2__rb8__kk__fp32,rect_2048x4096,2048,4096,4096,1/4,512,1024,1024,1/2,1/8,256,64,kk,fp32,3,12582912,41.73145,4.029644,10.35611334400756,10.9375,9.142857142857142,113.26998970008269,54.296875,1646.7071414005504,1865.2250094549295,17053.485800730785,7.516192768e9,3.435134976e9
rect_2048x4096__t4__ra2__rb8__ik__fp32,rect_2048x4096,2048,4096,4096,1/4,512,1024,1024,1/2,1/8,256,64,ik,fp32,3,12582912,41.73145,3.982987,10.477425610477765,10.9375,9.142857142857142,114.59684261460055,54.296875,1646.7071414005504,1887.0743911541765,17253.251576266757,7.516192768e9,3.435134976e9
rect_2048x4096__t4__ra2__rb8__ij__fp32,rect_2048x4096,2048,4096,4096,1/4,512,1024,1024,1/2,1/8,256,64,ij,fp32,3,71303168,41.73145,14.564352,2.8653145708096046,10.9375,9.142857142857142,31.339378118230044,54.296875,1646.7071414005504,516.0677775434156,4718.333966111229,7.516192768e9,3.435134976e9
rect_2048x4096__t4__ra4__rb2__kj__fp32,rect_2048x4096,2048,4096,4096,1/4,512,1024,1024,1/4,1/2,128,256,kj,fp32,3,41943040,41.73145,10.893024,3.8310252506558324,25.0,4.0,95.7756312663958,56.0546875,1646.7071414005504,1577.1441597851983,6308.576639140793,1.7179869184e10,7.5497472e9
rect_2048x4096__t4__ra4__rb2__kk__fp32,rect_2048x4096,2048,4096,4096,1/4,512,1024,1024,1/4,1/2,128,256,kk,fp32,3,41943040,41.73145,10.890553,3.831894486900711,25.0,4.0,95.79736217251778,56.0546875,1646.7071414005504,1577.5020041681996,6310.0080166727985,1.7179869184e10,7.5497472e9
rect_2048x4096__t4__ra4__rb2__ik__fp32,rect_2048x4096,2048,4096,4096,1/4,512,1024,1024,1/4,1/2,128,256,ik,fp32,3,41943040,41.73145,13.14187,3.175457526212023,25.0,4.0,79.38643815530058,56.0546875,1646.7071414005504,1307.262146406866,5229.048585627464,1.7179869184e10,7.5497472e9
rect_2048x4096__t4__ra4__rb2__ij__fp32,rect_2048x4096,2048,4096,4096,1/4,512,1024,1024,1/4,1/2,128,256,ij,fp32,3,41943040,41.73145,11.568511,3.6073311422706,25.0,4.0,90.18327855676499,56.0546875,1646.7071414005504,1485.0544883434004,5940.217953373602,1.7179869184e10,7.5497472e9
rect_2048x4096__t4__ra4__rb4__kj__fp32,rect_2048x4096,2048,4096,4096,1/4,512,1024,1024,1/4,1/4,128,128,kj,fp32,3,37748736,41.73145,8.457125,4.934472412315061,17.1875,5.818181818181818,84.8112445866651,50.46164772727273,1646.7071414005504,1396.5928213193017,8125.63096040321,1.1811160064e10,5.85105408e9
rect_2048x4096__t4__ra4__rb4__kk__fp32,rect_2048x4096,2048,4096,4096,1/4,512,1024,1024,1/4,1/4,128,128,kk,fp32,3,20971520,41.73145,6.824373,6.11505994763182,17.1875,5.818181818181818,105.10259284992189,50.46164772727273,1646.7071414005504,1730.731902256808,10069.712885857793,1.1811160064e10,5.85105408e9
rect_2048x4096__t4__ra4__rb4__ik__fp32,rect_2048x4096,2048,4096,4096,1/4,512,1024,1024,1/4,1/4,128,128,ik,fp32,3,20971520,41.73145,6.705852,6.223139132805198,17.1875,5.818181818181818,106.96020384508932,50.46164772727273,1646.7071414005504,1761.3213151736722,10247.687651919547,1.1811160064e10,5.85105408e9
rect_2048x4096__t4__ra4__rb4__ij__fp32,rect_2048x4096,2048,4096,4096,1/4,512,1024,1024,1/4,1/4,128,128,ij,fp32,3,37748736,41.73145,9.143846,4.563883731200198,17.1875,5.818181818181818,78.44175163000338,50.46164772727273,1646.7071414005504,1291.7059259309485,7515.379932689155,1.1811160064e10,5.85105408e9
rect_2048x4096__t4__ra4__rb8__kj__fp32,rect_2048x4096,2048,4096,4096,1/4,512,1024,1024,1/4,1/8,128,64,kj,fp32,3,35651584,41.73145,7.198081,5.7975799383196716,8.59375,11.636363636363637,49.82295259493467,50.46164772727273,1646.7071414005504,820.4381184374001,9546.916287271566,5.905580032e9,2.92552704e9
rect_2048x4096__t4__ra4__rb8__kk__fp32,rect_2048x4096,2048,4096,4096,1/4,512,1024,1024,1/4,1/8,128,64,kk,fp32,3,10485760,41.73145,3.37994,12.34680201423694,8.59375,11.636363636363637,106.1053298098487,50.46164772727273,1646.7071414005504,1747.2440433853856,20331.567050302667,5.905580032e9,2.92552704e9
rect_2048x4096__t4__ra4__rb8__ik__fp32,rect_2048x4096,2048,4096,4096,1/4,512,1024,1024,1/4,1/8,128,64,ik,fp32,3,10485760,41.73145,3.286412,12.698179656111286,8.59375,11.636363636363637,109.12498141970634,50.46164772727273,1646.7071414005504,1796.9688620903282,20910.183122505638,5.905580032e9,2.92552704e9
rect_2048x4096__t4__ra4__rb8__ij__fp32,rect_2048x4096,2048,4096,4096,1/4,512,1024,1024,1/4,1/8,128,64,ij,fp32,3,35651584,41.73145,7.954871,5.246024731262142,8.59375,11.636363636363637,45.08302503428403,50.46164772727273,1646.7071414005504,742.385392798953,8638.66638893327,5.905580032e9,2.92552704e9
rect_2048x4096__t4__ra8__rb2__kj__fp32,rect_2048x4096,2048,4096,4096,1/4,512,1024,1024,1/8,1/2,64,256,kj,fp32,3,20971520,41.73145,5.618067,7.4280798004010995,12.5,8.0,92.85099750501374,56.0546875,1646.7071414005504,1528.9840067767082,12231.872054213665,8.589934592e9,3.7748736e9
rect_2048x4096__t4__ra8__rb2__kk__fp32,rect_2048x4096,2048,4096,4096,1/4,512,1024,1024,1/8,1/2,64,256,kk,fp32,3,20971520,41.73145,5.6326,7.408914178177041,12.5,8.0,92.611427227213,56.0546875,1646.7071414005504,1525.0389859034904,12200.311887227923,8.589934592e9,3.7748736e9
rect_2048x4096__t4__ra8__rb2__ik__fp32,rect_2048x4096,2048,4096,4096,1/4,512,1024,1024,1/8,1/2,64,256,ik,fp32,3,37748736,41.73145,11.047107,3.7775908208366227,12.5,8.0,47.21988526045779,56.0546875,1646.7071414005504,777.5732227451042,6220.585781960834,8.589934592e9,3.7748736e9
rect_2048x4096__t4__ra8__rb2__ij__fp32,rect_2048x4096,2048,4096,4096,1/4,512,1024,1024,1/8,1/2,64,256,ij,fp32,3,20971520,41.73145,6.391678,6.529028840313921,12.5,8.0,81.612860503924,56.0546875,1646.7071414005504,1343.9248022193858,10751.398417755086,8.589934592e9,3.7748736e9
rect_2048x4096__t4__ra8__rb4__kj__fp32,rect_2048x4096,2048,4096,4096,1/4,512,1024,1024,1/8,1/4,64,128,kj,fp32,3,18874368,41.73145,4.411197,9.460346023993036,9.375,10.666666666666666,88.69074397493469,51.953125,1646.7071414005504,1460.476814796528,15578.419357829633,6.442450944e9,3.095396352e9
rect_2048x4096__t4__ra8__rb4__kk__fp32,rect_2048x4096,2048,4096,4096,1/4,512,1024,1024,1/8,1/4,64,128,kk,fp32,3,18874368,41.73145,4.335771,9.624920227567369,9.375,10.666666666666666,90.23362713344409,51.953125,1646.7071414005504,1485.8835819511685,15849.424874145798,6.442450944e9,3.095396352e9
rect_2048x4096__t4__ra8__rb4__ik__fp32,rect_2048x4096,2048,4096,4096,1/4,512,1024,1024,1/8,1/4,64,128,ik,fp32,3,18874368,41.73145,5.68222,7.344215817057418,9.375,10.666666666666666,68.85202328491329,51.953125,1646.7071414005504,1133.791184431437,12093.772633935328,6.442450944e9,3.095396352e9
rect_2048x4096__t4__ra8__rb4__ij__fp32,rect_2048x4096,2048,4096,4096,1/4,512,1024,1024,1/8,1/4,64,128,ij,fp32,3,18874368,41.73145,5.140657,8.117921503029672,9.375,10.666666666666666,76.10551409090316,51.953125,1646.7071414005504,1253.2349355345045,13367.839312368049,6.442450944e9,3.095396352e9
rect_2048x4096__t4__ra8__rb8__kj__fp32,rect_2048x4096,2048,4096,4096,1/4,512,1024,1024,1/8,1/8,64,64,kj,fp32,3,17825792,41.73145,3.753535,11.11790618710096,7.421875,13.473684210526315,82.51570998238992,47.635690789473685,1646.7071414005504,1358.7920890573819,18307.935515720514,5.100273664e9,2.670723072e9
rect_2048x4096__t4__ra8__rb8__kk__fp32,rect_2048x4096,2048,4096,4096,1/4,512,1024,1024,1/8,1/8,64,64,kk,fp32,3,9437184,41.73145,2.79692,14.920501837735795,7.421875,13.473684210526315,110.73809957694536,47.635690789473685,1646.7071414005504,1823.5321939848118,24569.69692947957,5.100273664e9,2.670723072e9
rect_2048x4096__t4__ra8__rb8__ik__fp32,rect_2048x4096,2048,4096,4096,1/4,512,1024,1024,1/8,1/8,64,64,ik,fp32,3,9437184,41.73145,2.823731,14.77883339454077,7.421875,13.473684210526315,109.68665410010728,47.635690789473685,1646.7071414005504,1806.217966229786,24336.410492359224,5.100273664e9,2.670723072e9
rect_2048x4096__t4__ra8__rb8__ij__fp32,rect_2048x4096,2048,4096,4096,1/4,512,1024,1024,1/8,1/8,64,64,ij,fp32,3,17825792,41.73145,4.552402,9.166907931241575,7.421875,13.473684210526315,68.03564480218355,47.635690789473685,1646.7071414005504,1120.3478216554688,15095.212754936845,5.100273664e9,2.670723072e9
rect_4096x8192__t8__ra2__rb2__kj__fp32,rect_4096x8192,4096,8192,8192,1/8,512,1024,1024,1/2,1/2,256,256,kj,fp32,3,671088640,348.756106,159.871216,2.1814815369891223,43.75,2.2857142857142856,95.4398172432741,57.547433035714285,1576.333157842977,1504.4494849904688,3438.7416799782145,2.40518168576e11,1.02106136576e11
rect_4096x8192__t8__ra2__rb2__kk__fp32,rect_4096x8192,4096,8192,8192,1/8,512,1024,1024,1/2,1/2,256,256,kk,fp32,3,402653184,348.756106,133.984521,2.602958187983521,43.75,2.2857142857142856,113.87942072427903,57.547433035714285,1576.333157842977,1795.1190688363172,4103.129300197296,2.40518168576e11,1.02106136576e11
rect_4096x8192__t8__ra2__rb2__ik__fp32,rect_4096x8192,4096,8192,8192,1/8,512,1024,1024,1/2,1/2,256,256,ik,fp32,3,402653184,348.756106,133.659582,2.6092862238638452,43.75,2.2857142857142856,114.15627229404323,57.547433035714285,1576.333157842977,1799.4831719285191,4113.104392979472,2.40518168576e11,1.02106136576e11
rect_4096x8192__t8__ra2__rb2__ij__fp32,rect_4096x8192,4096,8192,8192,1/8,512,1024,1024,1/2,1/2,256,256,ij,fp32,3,671088640,348.756106,164.348057,2.12205798088626,43.75,2.2857142857142856,92.84003666377387,57.547433035714285,1576.333157842977,1463.4682816846444,3345.07035813633,2.40518168576e11,1.02106136576e11
rect_4096x8192__t8__ra2__rb4__kj__fp32,rect_4096x8192,4096,8192,8192,1/8,512,1024,1024,1/2,1/4,256,128,kj,fp32,3,603979776,348.756106,123.693354,2.819521782876063,21.875,4.571428571428571,61.67703900041388,57.547433035714285,1576.333157842977,972.2356165392686,4444.505675608085,1.20259084288e11,5.1053068288e10
rect_4096x8192__t8__ra2__rb4__kk__fp32,rect_4096x8192,4096,8192,8192,1/8,512,1024,1024,1/2,1/4,256,128,kk,fp32,3,201326592,348.756106,66.37532,5.254303949118437,21.875,4.571428571428571,114.93789888696581,57.547433035714285,1576.333157842977,1811.8042110832762,8282.533536380692,1.20259084288e11,5.1053068288e10
rect_4096x8192__t8__ra2__rb4__ik__fp32,rect_4096x8192,4096,8192,8192,1/8,512,1024,1024,1/2,1/4,256,128,ik,fp32,3,201326592,348.756106,66.286587,5.2613375010543235,21.875,4.571428571428571,115.09175783556331,57.547433035714285,1576.333157842977,1814.2295407063273,8293.620757514638,1.20259084288e11,5.1053068288e10
rect_4096x8192__t8__ra2__rb4__ij__fp32,rect_4096x8192,4096,8192,8192,1/8,512,1024,1024,1/2,1/4,256,128,ij,fp32,3,603979776,348.756106,127.905818,2.7266633484960003,21.875,4.571428571428571,59.64576074835001,57.547433035714285,1576.333157842977,940.2159039239325,4298.129846509406,1.20259084288e11,5.1053068288e10
rect_4096x8192__t8__ra2__rb8__kj__fp32,rect_4096x8192,4096,8192,8192,1/8,512,1024,1024,1/2,1/8,256,64,kj,fp32,3,570425344,348.756106,105.647587,3.30112703851911,10.9375,9.142857142857142,36.10607698380276,57.547433035714285,1576.333157842977,569.1520634919943,5203.6760090696625,6.0129542144e10,2.5526534144e10
rect_4096x8192__t8__ra2__rb8__kk__fp32,rect_4096x8192,4096,8192,8192,1/8,512,1024,1024,1/2,1/8,256,64,kk,fp32,3,100663296,348.756106,29.638113,11.76714948080534,10.9375,9.142857142857142,128.7031974463084,57.547433035714285,1576.333157842977,2028.791176550275,18548.94789988823,6.0129542144e10,2.5526534144e10
rect_4096x8192__t8__ra2__rb8__ik__fp32,rect_4096x8192,4096,8192,8192,1/8,512,1024,1024,1/2,1/8,256,64,ik,fp32,3,100663296,348.756106,30.190381,11.551894823718852,10.9375,9.142857142857142,126.34884963442494,57.547433035714285,1576.333157842977,1991.6788113406055,18209.634846542678,6.0129542144e10,2.5526534144e10
rect_4096x8192__t8__ra2__rb8__ij__fp32,rect_4096x8192,4096,8192,8192,1/8,512,1024,1024,1/2,1/8,256,64,ij,fp32,3,570425344,348.756106,108.949667,3.2010754654256997,10.9375,9.142857142857142,35.01176290309359,57.547433035714285,1576.333157842977,551.9020277868311,5045.96139690817,6.0129542144e10,2.5526534144e10
rect_4096x8192__t8__ra4__rb2__kj__fp32,rect_4096x8192,4096,8192,8192,1/8,512,1024,1024,1/4,1/2,128,256,kj,fp32,3,335544320,348.756106,80.947482,4.308424392991001,25.0,4.0,107.71060982477503,59.326171875,1576.333157842977,1697.878057182804,6791.512228731216,1.37438953472e11,5.5901683712e10
rect_4096x8192__t8__ra4__rb2__kk__fp32,rect_4096x8192,4096,8192,8192,1/8,512,1024,1024,1/4,1/2,128,256,kk,fp32,3,335544320,348.756106,80.95611,4.307965217202259,25.0,4.0,107.69913043005647,59.326171875,1576.333157842977,1697.6971036775358,6790.788414710143,1.37438953472e11,5.5901683712e10
rect_4096x8192__t8__ra4__rb2__ik__fp32,rect_4096x8192,4096,8192,8192,1/8,512,1024,1024,1/4,1/2,128,256,ik,fp32,3,335544320,348.756106,103.041164,3.3846289430503718,25.0,4.0,84.61572357625928,59.326171875,1576.333157842977,1333.8257074813323,5335.302829925329,1.37438953472e11,5.5901683712e10
rect_4096x8192__t8__ra4__rb2__ij__fp32,rect_4096x8192,4096,8192,8192,1/8,512,1024,1024,1/4,1/2,128,256,ij,fp32,3,335544320,348.756106,86.326383,4.039971256527682,25.0,4.0,100.99928141319208,59.326171875,1576.333157842977,1592.0851620992855,6368.340648397142,1.37438953472e11,5.5901683712e10
rect_4096x8192__t8__ra4__rb4__kj__fp32,rect_4096x8192,4096,8192,8192,1/8,512,1024,1024,1/4,1/4,128,128,kj,fp32,3,301989888,348.756106,63.478318,5.494098095037741,17.1875,5.818181818181818,94.42981100846119,53.66654829545455,1576.333157842977,1488.5284218148313,8660.528999649927,9.4489280512e10,4.3780145152e10
rect_4096x8192__t8__ra4__rb4__kk__fp32,rect_4096x8192,4096,8192,8192,1/8,512,1024,1024,1/4,1/4,128,128,kk,fp32,3,167772160,348.756106,50.856843,6.857604314919823,17.1875,5.818181818181818,117.86507416268446,53.66654829545455,1576.333157842977,1857.9462455426108,10809.86906497519,9.4489280512e10,4.3780145152e10
rect_4096x8192__t8__ra4__rb4__ik__fp32,rect_4096x8192,4096,8192,8192,1/8,512,1024,1024,1/4,1/4,128,128,ik,fp32,3,167772160,348.756106,50.906214,6.850953520134103,17.1875,5.818181818181818,117.7507636273049,53.66654829545455,1576.333157842977,1856.144330670515,10799.385196628451,9.4489280512e10,4.3780145152e10
rect_4096x8192__t8__ra4__rb4__ij__fp32,rect_4096x8192,4096,8192,8192,1/8,512,1024,1024,1/4,1/4,128,128,ij,fp32,3,301989888,348.756106,67.237041,5.1869639236503575,17.1875,5.818181818181818,89.15094243774053,53.66654829545455,1576.333157842977,1405.31586617561,8176.383221385367,9.4489280512e10,4.3780145152e10
rect_4096x8192__t8__ra4__rb8__kj__fp32,rect_4096x8192,4096,8192,8192,1/8,512,1024,1024,1/4,1/8,128,64,kj,fp32,3,285212672,348.756106,53.522348,6.516083823527323,8.59375,11.636363636363637,55.997595358437934,53.66654829545455,1576.333157842977,882.708663229797,10271.518990310366,4.7244640256e10,2.1890072576e10
rect_4096x8192__t8__ra4__rb8__kk__fp32,rect_4096x8192,4096,8192,8192,1/8,512,1024,1024,1/4,1/8,128,64,kk,fp32,3,83886080,348.756106,24.332436,14.332971265186929,8.59375,11.636363636363637,123.17397181020017,53.66654829545455,1576.333157842977,1941.6321594763467,22593.53785572476,4.7244640256e10,2.1890072576e10
rect_4096x8192__t8__ra4__rb8__ik__fp32,rect_4096x8192,4096,8192,8192,1/8,512,1024,1024,1/4,1/8,128,64,ik,fp32,3,83886080,348.756106,24.170598,14.428939904589866,8.59375,11.636363636363637,123.99870230506916,53.66654829545455,1576.333157842977,1954.632659729809,22744.816404128687,4.7244640256e10,2.1890072576e10
rect_4096x8192__t8__ra4__rb8__ij__fp32,rect_4096x8192,4096,8192,8192,1/8,512,1024,1024,1/4,1/8,128,64,ij,fp32,3,285212672,348.756106,58.192618,5.993133115269019,8.59375,11.636363636363637,51.50348770934313,53.66654829545455,1576.333157842977,811.8665542079581,9447.17444896533,4.7244640256e10,2.1890072576e10
rect_4096x8192__t8__ra8__rb2__kj__fp32,rect_4096x8192,4096,8192,8192,1/8,512,1024,1024,1/8,1/2,64,256,kj,fp32,3,167772160,348.756106,41.296188,8.445237269841952,12.5,8.0,105.5654658730244,59.326171875,1576.333157842977,1664.0634417878957,13312.507534303166,6.8719476736e10,2.7950841856e10
rect_4096x8192__t8__ra8__rb2__kk__fp32,rect_4096x8192,4096,8192,8192,1/8,512,1024,1024,1/8,1/2,64,256,kk,fp32,3,167772160,348.756106,41.325305,8.439286921173359,12.5,8.0,105.49108651466699,59.326171875,1576.333157842977,1662.8909752995169,13303.127802396135,6.8719476736e10,2.7950841856e10
rect_4096x8192__t8__ra8__rb2__ik__fp32,rect_4096x8192,4096,8192,8192,1/8,512,1024,1024,1/8,1/2,64,256,ik,fp32,3,301989888,348.756106,87.63424,3.9796785594306514,12.5,8.0,49.745981992883145,59.326171875,1576.333157842977,784.1624088484136,6273.299270787309,6.8719476736e10,2.7950841856e10
rect_4096x8192__t8__ra8__rb2__ij__fp32,rect_4096x8192,4096,8192,8192,1/8,512,1024,1024,1/8,1/2,64,256,ij,fp32,3,167772160,348.756106,48.260951,7.226465678225031,12.5,8.0,90.33082097781288,59.326171875,1576.333157842977,1423.914682825044,11391.317462600353,6.8719476736e10,2.7950841856e10
rect_4096x8192__t8__ra8__rb4__kj__fp32,rect_4096x8192,4096,8192,8192,1/8,512,1024,1024,1/8,1/4,64,128,kj,fp32,3,150994944,348.756106,32.127824,10.855266948673524,9.375,10.666666666666666,101.76812764381428,55.17578125,1576.333157842977,1604.2047401654095,17111.517228431036,5.1539607552e10,2.3102226432e10
rect_4096x8192__t8__ra8__rb4__kk__fp32,rect_4096x8192,4096,8192,8192,1/8,512,1024,1024,1/8,1/4,64,128,kk,fp32,3,150994944,348.756106,32.075428,10.872999294039037,9.375,10.666666666666666,101.93436838161595,55.17578125,1576.333157842977,1606.82524803722,17139.469312397014,5.1539607552e10,2.3102226432e10
rect_4096x8192__t8__ra8__rb4__ik__fp32,rect_4096x8192,4096,8192,8192,1/8,512,1024,1024,1/8,1/4,64,128,ik,fp32,3,150994944,348.756106,43.317903,8.051084698167406,9.375,10.666666666666666,75.47891904531944,55.17578125,1576.333157842977,1189.7992280928281,12691.1917663235,5.1539607552e10,2.3102226432e10
rect_4096x8192__t8__ra8__rb4__ij__fp32,rect_4096x8192,4096,8192,8192,1/8,512,1024,1024,1/8,1/4,64,128,ij,fp32,3,150994944,348.756106,38.900022,8.96544752596798,9.375,10.666666666666666,84.05107055594982,55.17578125,1576.333157842977,1324.9248946954324,14132.532210084612,5.1539607552e10,2.3102226432e10
rect_4096x8192__t8__ra8__rb8__kj__fp32,rect_4096x8192,4096,8192,8192,1/8,512,1024,1024,1/8,1/8,64,64,kj,fp32,3,142606336,348.756106,27.683116,12.59815210108573,7.421875,13.473684210526315,93.50191012524564,50.8069490131579,1576.333157842977,1473.901612520787,19858.884884490606,4.0802189312e10,2.0071841792e10
rect_4096x8192__t8__ra8__rb8__kk__fp32,rect_4096x8192,4096,8192,8192,1/8,512,1024,1024,1/8,1/8,64,64,kk,fp32,3,75497472,348.756106,21.769219,16.020607170151578,7.421875,13.473684210526315,118.90294384096876,50.8069490131579,1576.333157842977,1874.3065294166042,25253.814291086877,4.0802189312e10,2.0071841792e10
rect_4096x8192__t8__ra8__rb8__ik__fp32,rect_4096x8192,4096,8192,8192,1/8,512,1024,1024,1/8,1/8,64,64,ik,fp32,3,75497472,348.756106,21.804479,15.994700263189044,7.421875,13.473684210526315,118.71066601585618,50.8069490131579,1576.333157842977,1871.2755903041755,25212.976374624683,4.0802189312e10,2.0071841792e10
rect_4096x8192__t8__ra8__rb8__ij__fp32,rect_4096x8192,4096,8192,8192,1/8,512,1024,1024,1/8,1/8,64,64,ij,fp32,3,142606336,348.756106,34.255122,10.18113746609923,7.421875,13.473684210526315,75.56312963120521,50.8069490131579,1576.333157842977,1191.1266674805595,16048.864572369645,4.0802189312e10,2.0071841792e10
rect_4096x8192__t4__ra2__rb2__kj__fp32,rect_4096x8192,4096,8192,8192,1/4,1024,2048,2048,1/2,1/2,512,512,kj,fp32,3,335544320,348.756106,159.119822,2.1917829068461376,43.75,2.2857142857142856,95.89050217451852,54.296875,1576.333157842977,1511.5537809990763,3454.9800708550315,2.40518168576e11,1.09924319232e11
rect_4096x8192__t4__ra2__rb2__kk__fp32,rect_4096x8192,4096,8192,8192,1/4,1024,2048,2048,1/2,1/2,512,512,kk,fp32,3,201326592,348.756106,132.821263,2.625755079591436,43.75,2.2857142857142856,114.87678473212533,54.296875,1576.333157842977,1810.84084839639,4139.0647963346055,2.40518168576e11,1.09924319232e11
rect_4096x8192__t4__ra2__rb2__ik__fp32,rect_4096x8192,4096,8192,8192,1/4,1024,2048,2048,1/2,1/2,512,512,ik,fp32,3,201326592,348.756106,133.154548,2.6191828310663485,43.75,2.2857142857142856,114.58924885915273,54.296875,1576.333157842977,1806.30832509003,4128.704743062925,2.40518168576e11,1.09924319232e11
rect_4096x8192__t4__ra2__rb2__ij__fp32,rect_4096x8192,4096,8192,8192,1/4,1024,2048,2048,1/2,1/2,512,512,ij,fp32,3,335544320,348.756106,161.870692,2.1545352138236367,43.75,2.2857142857142856,94.26091560478409,54.296875,1576.333157842977,1485.8660675645965,3396.2652972905066,2.40518168576e11,1.09924319232e11
rect_4096x8192__t4__ra2__rb4__kj__fp32,rect_4096x8192,4096,8192,8192,1/4,1024,2048,2048,1/2,1/4,512,256,kj,fp32,3,301989888,348.756106,122.130875,2.8555932805688977,21.875,4.571428571428571,62.46610301244464,54.296875,1576.333157842977,984.6738941975156,4501.366373474357,1.20259084288e11,5.4962159616e10
rect_4096x8192__t4__ra2__rb4__kk__fp32,rect_4096x8192,4096,8192,8192,1/4,1024,2048,2048,1/2,1/4,512,256,kk,fp32,3,100663296,348.756106,65.740334,5.305055280065964,21.875,4.571428571428571,116.04808425144296,54.296875,1576.333157842977,1829.304431097049,8362.534542157939,1.20259084288e11,5.4962159616e10
rect_4096x8192__t4__ra2__rb4__ik__fp32,rect_4096x8192,4096,8192,8192,1/4,1024,2048,2048,1/2,1/4,512,256,ik,fp32,3,100663296,348.756106,65.444728,5.329017579536735,21.875,4.571428571428571,116.57225955236608,54.296875,1576.333157842977,1837.5671801707235,8400.30710935188,1.20259084288e11,5.4962159616e10
rect_4096x8192__t4__ra2__rb4__ij__fp32,rect_4096x8192,4096,8192,8192,1/4,1024,2048,2048,1/2,1/4,512,256,ij,fp32,3,301989888,348.756106,124.389164,2.803749898986378,21.875,4.571428571428571,61.332029040327015,54.296875,1576.333157842977,966.7971101405585,4419.643932071125,1.20259084288e11,5.4962159616e10
rect_4096x8192__t4__ra2__rb8__kj__fp32,rect_4096x8192,4096,8192,8192,1/4,1024,2048,2048,1/2,1/8,512,128,kj,fp32,3,285212672,348.756106,103.53049,3.368631849419432,10.9375,9.142857142857142,36.84441085302503,54.296875,1576.333157842977,580.79066508813,5310.0860808057605,6.0129542144e10,2.7481079808e10
rect_4096x8192__t4__ra2__rb8__kk__fp32,rect_4096x8192,4096,8192,8192,1/4,1024,2048,2048,1/2,1/8,512,128,kk,fp32,3,50331648,348.756106,32.841664,10.619318984567894,10.9375,9.142857142857142,116.14880139371135,54.296875,1576.333157842977,1830.8920688062578,16739.584629085784,6.0129542144e10,2.7481079808e10
rect_4096x8192__t4__ra2__rb8__ik__fp32,rect_4096x8192,4096,8192,8192,1/4,1024,2048,2048,1/2,1/8,512,128,ik,fp32,3,50331648,348.756106,33.341338,10.460171274470149,10.9375,9.142857142857142,114.40812331451724,54.296875,1576.333157842977,1803.4531830726169,16488.714816663927,6.0129542144e10,2.7481079808e10
rect_4096x8192__t4__ra2__rb8__ij__fp32,rect_4096x8192,4096,8192,8192,1/4,1024,2048,2048,1/2,1/8,512,128,ij,fp32,3,285212672,348.756106,105.640435,3.3013505292741363,10.9375,9.142857142857142,36.10852141393586,54.296875,1576.333157842977,569.1905958547028,5204.028304957283,6.0129542144e10,2.7481079808e10
rect_4096x8192__t4__ra4__rb2__kj__fp32,rect_4096x8192,4096,8192,8192,1/4,1024,2048,2048,1/4,1/2,256,512,kj,fp32,3,167772160,348.756106,79.532065,4.385100600619385,25.0,4.0,109.62751501548462,56.0546875,1576.333157842977,1728.0948693083726,6912.37947723349,1.37438953472e11,6.03979776e10
rect_4096x8192__t4__ra4__rb2__kk__fp32,rect_4096x8192,4096,8192,8192,1/4,1024,2048,2048,1/4,1/2,256,512,kk,fp32,3,167772160,348.756106,79.562933,4.3833993148543176,25.0,4.0,109.58498287135794,56.0546875,1576.333157842977,1727.4244210177621,6909.697684071049,1.37438953472e11,6.03979776e10
rect_4096x8192__t4__ra4__rb2__ik__fp32,rect_4096x8192,4096,8192,8192,1/4,1024,2048,2048,1/4,1/2,256,512,ik,fp32,3,167772160,348.756106,101.614901,3.4321354699740345,25.0,4.0,85.80338674935086,56.0546875,1576.333157842977,1352.5472358822649,5410.1889435290595,1.37438953472e11,6.03979776e10
rect_4096x8192__t4__ra4__rb2__ij__fp32,rect_4096x8192,4096,8192,8192,1/4,1024,2048,2048,1/4,1/2,256,512,ij,fp32,3,167772160,348.756106,83.164401,4.193574435773306,25.0,4.0,104.83936089433266,56.0546875,1576.333157842977,1652.617608248029,6610.470432992116,1.37438953472e11,6.03979776e10
rect_4096x8192__t4__ra4__rb4__kj__fp32,rect_4096x8192,4096,8192,8192,1/4,1024,2048,2048,1/4,1/4,256,256,kj,fp32,3,150994944,348.756106,61.182496,5.700259531745812,17.1875,5.818181818181818,97.97321070188114,50.46164772727273,1576.333157842977,1544.3842060971165,8985.508108201404,9.4489280512e10,4.680843264e10
rect_4096x8192__t4__ra4__rb4__kk__fp32,rect_4096x8192,4096,8192,8192,1/4,1024,2048,2048,1/4,1/4,256,256,kk,fp32,3,83886080,348.756106,50.393381,6.920672895513798,17.1875,5.818181818181818,118.94906539164339,50.46164772727273,1576.333157842977,1875.0335587128,10909.286159783564,9.4489280512e10,4.680843264e10
rect_4096x8192__t4__ra4__rb4__ik__fp32,rect_4096x8192,4096,8192,8192,1/4,1024,2048,2048,1/4,1/4,256,256,ik,fp32,3,83886080,348.756106,49.999577,6.975181130032359,17.1875,5.818181818181818,119.8859256724312,50.46164772727273,1576.333157842977,1889.8015979615188,10995.209297230655,9.4489280512e10,4.680843264e10
rect_4096x8192__t4__ra4__rb4__ij__fp32,rect_4096x8192,4096,8192,8192,1/4,1024,2048,2048,1/4,1/4,256,256,ij,fp32,3,150994944,348.756106,64.413851,5.414302988964284,17.1875,5.818181818181818,93.05833262282363,50.46164772727273,1576.333157842977,1466.9093532693769,8534.745328112738,9.4489280512e10,4.680843264e10
rect_4096x8192__t4__ra4__rb8__kj__fp32,rect_4096x8192,4096,8192,8192,1/4,1024,2048,2048,1/4,1/8,256,128,kj,fp32,3,142606336,348.756106,52.14504,6.688193277826615,8.59375,11.636363636363637,57.47666098132248,50.46164772727273,1576.333157842977,906.0236650695829,10542.8208299006,4.7244640256e10,2.340421632e10
rect_4096x8192__t4__ra4__rb8__kk__fp32,rect_4096x8192,4096,8192,8192,1/4,1024,2048,2048,1/4,1/8,256,128,kk,fp32,3,41943040,348.756106,26.014273,13.406336821328814,8.59375,11.636363636363637,115.21070705829447,50.46164772727273,1576.333157842977,1816.1045767452351,21132.853256671828,4.7244640256e10,2.340421632e10
rect_4096x8192__t4__ra4__rb8__ik__fp32,rect_4096x8192,4096,8192,8192,1/4,1024,2048,2048,1/4,1/8,256,128,ik,fp32,3,41943040,348.756106,25.706402,13.56689691540652,8.59375,11.636363636363637,116.59052036677477,50.46164772727273,1576.333157842977,1837.8550314431402,21385.949456792903,4.7244640256e10,2.340421632e10
rect_4096x8192__t4__ra4__rb8__ij__fp32,rect_4096x8192,4096,8192,8192,1/4,1024,2048,2048,1/4,1/8,256,128,ij,fp32,3,142606336,348.756106,55.176537,6.320732053191377,8.59375,11.636363636363637,54.31879108211341,50.46164772727273,1576.333157842977,856.2451147668075,9963.579517286487,4.7244640256e10,2.340421632e10
rect_4096x8192__t4__ra8__rb2__kj__fp32,rect_4096x8192,4096,8192,8192,1/4,1024,2048,2048,1/8,1/2,128,512,kj,fp32,3,83886080,348.756106,40.114263,8.694067394432748,12.5,8.0,108.67584243040935,56.0546875,1576.333157842977,1713.0933387957296,13704.746710365836,6.8719476736e10,3.01989888e10
rect_4096x8192__t4__ra8__rb2__kk__fp32,rect_4096x8192,4096,8192,8192,1/4,1024,2048,2048,1/8,1/2,128,512,kk,fp32,3,83886080,348.756106,40.057172,8.706458508853295,12.5,8.0,108.83073136066619,56.0546875,1576.333157842977,1715.5349043611966,13724.279234889573,6.8719476736e10,3.01989888e10
rect_4096x8192__t4__ra8__rb2__ik__fp32,rect_4096x8192,4096,8192,8192,1/4,1024,2048,2048,1/8,1/2,128,512,ik,fp32,3,150994944,348.756106,86.031209,4.053832441201657,12.5,8.0,50.672905515020716,56.0546875,1576.333157842977,798.7738116757141,6390.190493405713,6.8719476736e10,3.01989888e10
rect_4096x8192__t4__ra8__rb2__ij__fp32,rect_4096x8192,4096,8192,8192,1/4,1024,2048,2048,1/8,1/2,128,512,ij,fp32,3,83886080,348.756106,44.160842,7.897406168116087,12.5,8.0,98.7175771014511,56.0546875,1576.333157842977,1556.1179004693797,12448.943203755038,6.8719476736e10,3.01989888e10
rect_4096x8192__t4__ra8__rb4__kj__fp32,rect_4096x8192,4096,8192,8192,1/4,1024,2048,2048,1/8,1/4,128,256,kj,fp32,3,75497472,348.756106,31.296214,11.14371553057504,9.375,10.666666666666666,104.472333099141,51.953125,1576.333157842977,1646.832027413923,17566.20829241518,5.1539607552e10,2.4763170816e10
rect_4096x8192__t4__ra8__rb4__kk__fp32,rect_4096x8192,4096,8192,8192,1/4,1024,2048,2048,1/8,1/4,128,256,kk,fp32,3,75497472,348.756106,31.177035,11.18631409304958,9.375,10.666666666666666,104.8716946223398,51.953125,1576.333157842977,1653.1272955237725,17633.35781892024,5.1539607552e10,2.4763170816e10
rect_4096x8192__t4__ra8__rb4__ik__fp32,rect_4096x8192,4096,8192,8192,1/4,1024,2048,2048,1/8,1/4,128,256,ik,fp32,3,75497472,348.756106,42.514526,8.203222258669896,9.375,10.666666666666666,76.90520867503027,51.953125,1576.333157842977,1212.2823044528357,12931.011247496914,5.1539607552e10,2.4763170816e10
rect_4096x8192__t4__ra8__rb4__ij__fp32,rect_4096x8192,4096,8192,8192,1/4,1024,2048,2048,1/8,1/4,128,256,ij,fp32,3,75497472,348.756106,34.409673,10.135408900863428,9.375,10.666666666666666,95.01945844559464,51.953125,1576.333157842977,1497.8232298807372,15976.781118727864,5.1539607552e10,2.4763170816e10
rect_4096x8192__t4__ra8__rb8__kj__fp32,rect_4096x8192,4096,8192,8192,1/4,1024,2048,2048,1/8,1/8,128,128,kj,fp32,3,71303168,348.756106,26.809646,13.008605410157225,7.421875,13.473684210526315,96.54824327851065,47.635690789473685,1576.333157842977,1521.9219721140666,20505.89604532637,4.0802189312e10,2.1365784576e10
rect_4096x8192__t4__ra8__rb8__kk__fp32,rect_4096x8192,4096,8192,8192,1/4,1024,2048,2048,1/8,1/8,128,128,kk,fp32,3,37748736,348.756106,22.17832,15.725091260293837,7.421875,13.473684210526315,116.7096616974933,47.635690789473685,1576.333157842977,1839.7330957439517,24787.98276370798,4.0802189312e10,2.1365784576e10
rect_4096x8192__t4__ra8__rb8__ik__fp32,rect_4096x8192,4096,8192,8192,1/4,1024,2048,2048,1/8,1/8,128,128,ik,fp32,3,37748736,348.756106,22.218366,15.696748626789207,7.421875,13.473684210526315,116.49930621445112,47.635690789473685,1576.333157842977,1836.4171925154171,24743.30533073404,4.0802189312e10,2.1365784576e10
rect_4096x8192__t4__ra8__rb8__ij__fp32,rect_4096x8192,4096,8192,8192,1/4,1024,2048,2048,1/8,1/8,128,128,ij,fp32,3,71303168,348.756106,30.376286,11.481196417494884,7.421875,13.473684210526315,85.21200466109484,47.635690789473685,1576.333157842977,1343.225083935541,18098.190604605184,4.0802189312e10,2.1365784576e10
