workspace_case_id,case_id,shape,m,k,n,tile_ratio,bm,bk,bn,rank_ratio_A,rank_ratio_B,maxrank_A,maxrank_B,axis,precision,nreps,requested_workspace_fraction,actual_workspace_fraction,minimum_workspace_bytes,maximum_workspace_bytes,workspace_bytes,status,reason,available_gpu_bytes_before_workspace,dense_ms,tlr_ms,speedup,tlr_work_ratio_pct,tlr_arithmetic_reduction,tlr_rate_ratio_pct,wasted_flops_pct,dense_gflops,tlr_executed_gflops,tlr_dense_equiv_gflops
square_4096__t8__ra2__rb2__kj__fp32__ws0p125000,square_4096__t8__ra2__rb2__kj__fp32,square_4096,4096,4096,4096,1/8,512,512,512,1/2,1/2,256,256,kj,fp32,2,0.125,0.125,6291456,402653184,50331648,ok,,3481272320,83.915685,75.542527,1.1108403217700142,100.0,1.0,111.08403217700142,59.326171875,1637.8219813375772,1819.3586967510366,1819.3586967510366
square_4096__t8__ra2__rb2__kj__fp32__ws0p250000,square_4096__t8__ra2__rb2__kj__fp32,square_4096,4096,4096,4096,1/8,512,512,512,1/2,1/2,256,256,kj,fp32,2,0.25,0.25,6291456,402653184,100663296,ok,,3481272320,83.915685,75.54638,1.1107836669341402,100.0,1.0,111.07836669341403,59.326171875,1637.8219813375772,1819.265906215493,1819.265906215493
square_4096__t8__ra2__rb2__kj__fp32__ws0p500000,square_4096__t8__ra2__rb2__kj__fp32,square_4096,4096,4096,4096,1/8,512,512,512,1/2,1/2,256,256,kj,fp32,2,0.5,0.5,6291456,402653184,201326592,ok,,3481272320,83.915685,75.560917,1.11056996568742,100.0,1.0,111.05699656874202,59.326171875,1637.8219813375772,1818.9159016161755,1818.9159016161755
square_4096__t8__ra2__rb2__kj__fp32__ws0p750000,square_4096__t8__ra2__rb2__kj__fp32,square_4096,4096,4096,4096,1/8,512,512,512,1/2,1/2,256,256,kj,fp32,2,0.75,0.75,6291456,402653184,301989888,ok,,3481272320,83.915685,76.291173,1.0999396352183495,100.0,1.0,109.99396352183494,59.326171875,1637.8219813375772,1801.5053127050492,1801.5053127050492
square_4096__t8__ra2__rb2__kj__fp32__ws1p000000,square_4096__t8__ra2__rb2__kj__fp32,square_4096,4096,4096,4096,1/8,512,512,512,1/2,1/2,256,256,kj,fp32,2,1.0,1.0,6291456,402653184,402653184,ok,,3481272320,83.915685,76.31623,1.099578490708988,100.0,1.0,109.9578490708988,59.326171875,1637.8219813375772,1800.9138222891775,1800.9138222891775
square_4096__t8__ra2__rb2__kk__fp32__ws0p125000,square_4096__t8__ra2__rb2__kk__fp32,square_4096,4096,4096,4096,1/8,512,512,512,1/2,1/2,256,256,kk,fp32,2,0.125,0.125,6291456,402653184,50331648,ok,,3481272320,83.915685,75.223913,1.1155453319744215,100.0,1.0,111.55453319744215,59.326171875,1637.8219813375772,1827.0646658862322,1827.0646658862322
square_4096__t8__ra2__rb2__kk__fp32__ws0p250000,square_4096__t8__ra2__rb2__kk__fp32,square_4096,4096,4096,4096,1/8,512,512,512,1/2,1/2,256,256,kk,fp32,2,0.25,0.25,6291456,402653184,100663296,ok,,3481272320,83.915685,75.868465,1.1060680481673115,100.0,1.0,110.60680481673117,59.326171875,1637.8219813375772,1811.5425621435732,1811.5425621435732
square_4096__t8__ra2__rb2__kk__fp32__ws0p500000,square_4096__t8__ra2__rb2__kk__fp32,square_4096,4096,4096,4096,1/8,512,512,512,1/2,1/2,256,256,kk,fp32,2,0.5,0.5,6291456,402653184,201326592,ok,,3481272320,83.915685,76.213119,1.1010661432187283,100.0,1.0,110.10661432187285,59.326171875,1637.8219813375772,1803.3503322702225,1803.3503322702225
square_4096__t8__ra2__rb2__kk__fp32__ws0p750000,square_4096__t8__ra2__rb2__kk__fp32,square_4096,4096,4096,4096,1/8,512,512,512,1/2,1/2,256,256,kk,fp32,2,0.75,0.75,6291456,402653184,301989888,ok,,3481272320,83.915685,76.641579,1.0949107011482633,100.0,1.0,109.4910701148263,59.326171875,1637.8219813375772,1793.2688139423642,1793.2688139423642
square_4096__t8__ra2__rb2__kk__fp32__ws1p000000,square_4096__t8__ra2__rb2__kk__fp32,square_4096,4096,4096,4096,1/8,512,512,512,1/2,1/2,256,256,kk,fp32,2,1.0,1.0,6291456,402653184,402653184,ok,,3481272320,83.915685,76.859077,1.0918122917349111,100.0,1.0,109.18122917349112,59.326171875,1637.8219813375772,1788.194170897993,1788.194170897993
square_4096__t8__ra2__rb2__ik__fp32__ws0p125000,square_4096__t8__ra2__rb2__ik__fp32,square_4096,4096,4096,4096,1/8,512,512,512,1/2,1/2,256,256,ik,fp32,2,0.125,0.125,6291456,402653184,50331648,ok,,3481272320,83.915685,72.460138,1.158094468437253,100.0,1.0,115.8094468437253,59.326171875,1637.8219813375772,1896.75257687199,1896.75257687199
square_4096__t8__ra2__rb2__ik__fp32__ws0p250000,square_4096__t8__ra2__rb2__ik__fp32,square_4096,4096,4096,4096,1/8,512,512,512,1/2,1/2,256,256,ik,fp32,2,0.25,0.25,6291456,402653184,100663296,ok,,3481272320,83.915685,72.967167,1.1500471849208562,100.0,1.0,115.00471849208563,59.326171875,1637.8219813375772,1883.5725590387797,1883.5725590387797
square_4096__t8__ra2__rb2__ik__fp32__ws0p500000,square_4096__t8__ra2__rb2__ik__fp32,square_4096,4096,4096,4096,1/8,512,512,512,1/2,1/2,256,256,ik,fp32,2,0.5,0.5,6291456,402653184,201326592,ok,,3481272320,83.915685,72.878013,1.1514540743584762,100.0,1.0,115.14540743584763,59.326171875,1637.8219813375772,1885.8767934850255,1885.8767934850255
square_4096__t8__ra2__rb2__ik__fp32__ws0p750000,square_4096__t8__ra2__rb2__ik__fp32,square_4096,4096,4096,4096,1/8,512,512,512,1/2,1/2,256,256,ik,fp32,2,0.75,0.75,6291456,402653184,301989888,ok,,3481272320,83.915685,73.725239,1.1382219459471674,100.0,1.0,113.82219459471673,59.326171875,1637.8219813375772,1864.2049227131024,1864.2049227131024
square_4096__t8__ra2__rb2__ik__fp32__ws1p000000,square_4096__t8__ra2__rb2__ik__fp32,square_4096,4096,4096,4096,1/8,512,512,512,1/2,1/2,256,256,ik,fp32,2,1.0,1.0,6291456,402653184,402653184,ok,,3481272320,83.915685,74.497964,1.1264158172161591,100.0,1.0,112.6415817216159,59.326171875,1637.8219813375772,1844.8685855629558,1844.8685855629558
square_4096__t8__ra2__rb2__ij__fp32__ws0p125000,square_4096__t8__ra2__rb2__ij__fp32,square_4096,4096,4096,4096,1/8,512,512,512,1/2,1/2,256,256,ij,fp32,2,0.125,0.125,6291456,402653184,50331648,ok,,3481272320,83.915685,78.157064,1.0736801090685801,100.0,1.0,107.36801090685802,59.326171875,1637.8219813375772,1758.496883557448,1758.496883557448
square_4096__t8__ra2__rb2__ij__fp32__ws0p250000,square_4096__t8__ra2__rb2__ij__fp32,square_4096,4096,4096,4096,1/8,512,512,512,1/2,1/2,256,256,ij,fp32,2,0.25,0.25,6291456,402653184,100663296,ok,,3481272320,83.915685,78.451123,1.0696556249424243,100.0,1.0,106.96556249424243,59.326171875,1637.8219813375772,1751.9054949920858,1751.9054949920858
square_4096__t8__ra2__rb2__ij__fp32__ws0p500000,square_4096__t8__ra2__rb2__ij__fp32,square_4096,4096,4096,4096,1/8,512,512,512,1/2,1/2,256,256,ij,fp32,2,0.5,0.5,6291456,402653184,201326592,ok,,3481272320,83.915685,78.720567,1.0659944179517913,100.0,1.0,106.59944179517913,59.326171875,1637.8219813375772,1745.9090897046003,1745.9090897046003
square_4096__t8__ra2__rb2__ij__fp32__ws0p750000,square_4096__t8__ra2__rb2__ij__fp32,square_4096,4096,4096,4096,1/8,512,512,512,1/2,1/2,256,256,ij,fp32,2,0.75,0.75,6291456,402653184,301989888,ok,,3481272320,83.915685,78.815846,1.0647057572661214,100.0,1.0,106.47057572661211,59.326171875,1637.8219813375772,1743.7984929071242,1743.7984929071242
square_4096__t8__ra2__rb2__ij__fp32__ws1p000000,square_4096__t8__ra2__rb2__ij__fp32,square_4096,4096,4096,4096,1/8,512,512,512,1/2,1/2,256,256,ij,fp32,2,1.0,1.0,6291456,402653184,402653184,ok,,3481272320,83.915685,79.321459,1.0579190808883128,100.0,1.0,105.79190808883129,59.326171875,1637.8219813375772,1732.6831251553253,1732.6831251553253
square_4096__t8__ra2__rb4__kj__fp32__ws0p125000,square_4096__t8__ra2__rb4__kj__fp32,square_4096,4096,4096,4096,1/8,512,512,512,1/2,1/4,256,128,kj,fp32,2,0.125,0.125,5242880,335544320,41943040,ok,,3514826752,83.915685,59.399541,1.4127328862692727,50.0,2.0,70.63664431346362,59.326171875,1637.8219813375772,1156.902487445147,2313.804974890294
square_4096__t8__ra2__rb4__kj__fp32__ws0p250000,square_4096__t8__ra2__rb4__kj__fp32,square_4096,4096,4096,4096,1/8,512,512,512,1/2,1/4,256,128,kj,fp32,2,0.25,0.25,5242880,335544320,83886080,ok,,3514826752,83.915685,59.389653,1.412968097321599,50.0,2.0,70.64840486607994,59.326171875,1637.8219813375772,1157.095104361024,2314.190208722048
square_4096__t8__ra2__rb4__kj__fp32__ws0p500000,square_4096__t8__ra2__rb4__kj__fp32,square_4096,4096,4096,4096,1/8,512,512,512,1/2,1/4,256,128,kj,fp32,2,0.5,0.5,5242880,335544320,167772160,ok,,3514826752,83.915685,59.547848,1.4092144018369899,50.0,2.0,70.4607200918495,59.326171875,1637.8219813375772,1154.0211618730536,2308.0423237461073
square_4096__t8__ra2__rb4__kj__fp32__ws0p750000,square_4096__t8__ra2__rb4__kj__fp32,square_4096,4096,4096,4096,1/8,512,512,512,1/2,1/4,256,128,kj,fp32,2,0.75,0.75,5242880,335544320,251658240,ok,,3514826752,83.915685,59.503349,1.4102682691019626,50.0,2.0,70.51341345509813,59.326171875,1637.8219813375772,1154.884185359046,2309.768370718092
square_4096__t8__ra2__rb4__kj__fp32__ws1p000000,square_4096__t8__ra2__rb4__kj__fp32,square_4096,4096,4096,4096,1/8,512,512,512,1/2,1/4,256,128,kj,fp32,2,1.0,1.0,5242880,335544320,335544320,ok,,3514826752,83.915685,59.637544,1.4070949165847608,50.0,2.0,70.35474582923804,59.326171875,1637.8219813375772,1152.285492105443,2304.570984210886
square_4096__t8__ra2__rb4__kk__fp32__ws0p125000,square_4096__t8__ra2__rb4__kk__fp32,square_4096,4096,4096,4096,1/8,512,512,512,1/2,1/4,256,128,kk,fp32,2,0.125,0.125,3145728,201326592,25165824,ok,,3514826752,83.915685,37.459336,2.2401807923130295,50.0,2.0,112.00903961565147,59.326171875,1637.8219813375772,1834.5086719102549,3669.0173438205097
square_4096__t8__ra2__rb4__kk__fp32__ws0p250000,square_4096__t8__ra2__rb4__kk__fp32,square_4096,4096,4096,4096,1/8,512,512,512,1/2,1/4,256,128,kk,fp32,2,0.25,0.25,3145728,201326592,50331648,ok,,3514826752,83.915685,37.259137,2.2522176238274114,50.0,2.0,112.61088119137057,59.326171875,1637.8219813375772,1844.3657655302106,3688.7315310604213
square_4096__t8__ra2__rb4__kk__fp32__ws0p500000,square_4096__t8__ra2__rb4__kk__fp32,square_4096,4096,4096,4096,1/8,512,512,512,1/2,1/4,256,128,kk,fp32,2,0.5,0.5,3145728,201326592,100663296,ok,,3514826752,83.915685,37.073374,2.2635027769525373,50.0,2.0,113.17513884762687,59.326171875,1637.8219813375772,1853.6073014557564,3707.214602911513
square_4096__t8__ra2__rb4__kk__fp32__ws0p750000,square_4096__t8__ra2__rb4__kk__fp32,square_4096,4096,4096,4096,1/8,512,512,512,1/2,1/4,256,128,kk,fp32,2,0.75,0.75,3145728,201326592,150994944,ok,,3514826752,83.915685,37.103129,2.2616875520121225,50.0,2.0,113.08437760060615,59.326171875,1637.8219813375772,1852.1207938015148,3704.2415876030295
square_4096__t8__ra2__rb4__kk__fp32__ws1p000000,square_4096__t8__ra2__rb4__kk__fp32,square_4096,4096,4096,4096,1/8,512,512,512,1/2,1/4,256,128,kk,fp32,2,1.0,1.0,3145728,201326592,201326592,ok,,3514826752,83.915685,37.282317,2.250817324470472,50.0,2.0,112.5408662235236,59.326171875,1637.8219813375772,1843.2190449965865,3686.438089993173
square_4096__t8__ra2__rb4__ik__fp32__ws0p125000,square_4096__t8__ra2__rb4__ik__fp32,square_4096,4096,4096,4096,1/8,512,512,512,1/2,1/4,256,128,ik,fp32,2,0.125,0.125,3145728,201326592,25165824,ok,,3514826752,83.915685,37.205829,2.255444570258063,50.0,2.0,112.77222851290318,59.326171875,1637.8219813375772,1847.008347428571,3694.016694857142
square_4096__t8__ra2__rb4__ik__fp32__ws0p250000,square_4096__t8__ra2__rb4__ik__fp32,square_4096,4096,4096,4096,1/8,512,512,512,1/2,1/4,256,128,ik,fp32,2,0.25,0.25,3145728,201326592,50331648,ok,,3514826752,83.915685,37.404436,2.24346879605403,50.0,2.0,112.17343980270147,59.326171875,1637.8219813375772,1837.2012543111198,3674.4025086222396
square_4096__t8__ra2__rb4__ik__fp32__ws0p500000,square_4096__t8__ra2__rb4__ik__fp32,square_4096,4096,4096,4096,1/8,512,512,512,1/2,1/4,256,128,ik,fp32,2,0.5,0.5,3145728,201326592,100663296,ok,,3514826752,83.915685,37.385365,2.2446132330124366,50.0,2.0,112.23066165062183,59.326171875,1637.8219813375772,1838.138446314487,3676.276892628974
square_4096__t8__ra2__rb4__ik__fp32__ws0p750000,square_4096__t8__ra2__rb4__ik__fp32,square_4096,4096,4096,4096,1/8,512,512,512,1/2,1/4,256,128,ik,fp32,2,0.75,0.75,3145728,201326592,150994944,ok,,3514826752,83.915685,37.084559,2.2628200863868977,50.0,2.0,113.14100431934486,59.326171875,1637.8219813375772,1853.048238648328,3706.096477296656
square_4096__t8__ra2__rb4__ik__fp32__ws1p000000,square_4096__t8__ra2__rb4__ik__fp32,square_4096,4096,4096,4096,1/8,512,512,512,1/2,1/4,256,128,ik,fp32,2,1.0,1.0,3145728,201326592,201326592,ok,,3514826752,83.915685,37.310587,2.249111894165589,50.0,2.0,112.45559470827943,59.326171875,1637.8219813375772,1841.822449376098,3683.644898752196
square_4096__t8__ra2__rb4__ij__fp32__ws0p125000,square_4096__t8__ra2__rb4__ij__fp32,square_4096,4096,4096,4096,1/8,512,512,512,1/2,1/4,256,128,ij,fp32,2,0.125,0.125,5242880,335544320,41943040,ok,,3514826752,83.915685,61.229024,1.3705213560157352,50.0,2.0,68.52606780078676,59.326171875,1637.8219813375772,1122.3350013875772,2244.6700027751544
square_4096__t8__ra2__rb4__ij__fp32__ws0p250000,square_4096__t8__ra2__rb4__ij__fp32,square_4096,4096,4096,4096,1/8,512,512,512,1/2,1/4,256,128,ij,fp32,2,0.25,0.25,5242880,335544320,83886080,ok,,3514826752,83.915685,61.501295,1.3644539517419918,50.0,2.0,68.22269758709957,59.326171875,1637.8219813375772,1117.3663373429779,2234.7326746859558
square_4096__t8__ra2__rb4__ij__fp32__ws0p500000,square_4096__t8__ra2__rb4__ij__fp32,square_4096,4096,4096,4096,1/8,512,512,512,1/2,1/4,256,128,ij,fp32,2,0.5,0.5,5242880,335544320,167772160,ok,,3514826752,83.915685,61.447992,1.3656375459754648,50.0,2.0,68.28187729877324,59.326171875,1637.8219813375772,1118.3355956692612,2236.6711913385225
square_4096__t8__ra2__rb4__ij__fp32__ws0p750000,square_4096__t8__ra2__rb4__ij__fp32,square_4096,4096,4096,4096,1/8,512,512,512,1/2,1/4,256,128,ij,fp32,2,0.75,0.75,5242880,335544320,251658240,ok,,3514826752,83.915685,61.318734,1.368516267801615,50.0,2.0,68.42581339008076,59.326171875,1637.8219813375772,1120.6930126117738,2241.3860252235477
square_4096__t8__ra2__rb4__ij__fp32__ws1p000000,square_4096__t8__ra2__rb4__ij__fp32,square_4096,4096,4096,4096,1/8,512,512,512,1/2,1/4,256,128,ij,fp32,2,1.0,1.0,5242880,335544320,335544320,ok,,3514826752,83.915685,61.319074,1.368508679697283,50.0,2.0,68.42543398486414,59.326171875,1637.8219813375772,1120.686798629738,2241.373597259476
square_4096__t8__ra2__rb8__kj__fp32__ws0p125000,square_4096__t8__ra2__rb8__kj__fp32,square_4096,4096,4096,4096,1/8,512,512,512,1/2,1/8,256,64,kj,fp32,2,0.125,0.125,4718592,301989888,37748736,ok,,3514826752,83.915685,50.95147,1.6469727958781168,25.0,4.0,41.17431989695292,59.326171875,1637.8219813375772,674.3620619385466,2697.4482477541865
square_4096__t8__ra2__rb8__kj__fp32__ws0p250000,square_4096__t8__ra2__rb8__kj__fp32,square_4096,4096,4096,4096,1/8,512,512,512,1/2,1/8,256,64,kj,fp32,2,0.25,0.25,4718592,301989888,75497472,ok,,3514826752,83.915685,50.766409,1.6529765774845329,25.0,4.0,41.324414437113326,59.326171875,1637.8219813375772,676.8203433100813,2707.281373240325
square_4096__t8__ra2__rb8__kj__fp32__ws0p500000,square_4096__t8__ra2__rb8__kj__fp32,square_4096,4096,4096,4096,1/8,512,512,512,1/2,1/8,256,64,kj,fp32,2,0.5,0.5,4718592,301989888,150994944,ok,,3514826752,83.915685,50.517088,1.6611346441821824,25.0,4.0,41.52836610455456,59.326171875,1637.8219813375772,680.1607085507383,2720.642834202953
square_4096__t8__ra2__rb8__kj__fp32__ws0p750000,square_4096__t8__ra2__rb8__kj__fp32,square_4096,4096,4096,4096,1/8,512,512,512,1/2,1/8,256,64,kj,fp32,2,0.75,0.75,4718592,301989888,226492416,ok,,3514826752,83.915685,50.785909,1.6523418927088616,25.0,4.0,41.30854731772153,59.326171875,1637.8219813375772,676.5604681408774,2706.24187256351
square_4096__t8__ra2__rb8__kj__fp32__ws1p000000,square_4096__t8__ra2__rb8__kj__fp32,square_4096,4096,4096,4096,1/8,512,512,512,1/2,1/8,256,64,kj,fp32,2,1.0,1.0,4718592,301989888,301989888,ok,,3514826752,83.915685,50.930587,1.6476481019156521,25.0,4.0,41.19120254789131,59.326171875,1637.8219813375772,674.638569706648,2698.554278826592
square_4096__t8__ra2__rb8__kk__fp32__ws0p125000,square_4096__t8__ra2__rb8__kk__fp32,square_4096,4096,4096,4096,1/8,512,512,512,1/2,1/8,256,64,kk,fp32,2,0.125,0.125,1572864,100663296,12582912,ok,,3514826752,83.915685,16.265969,5.15897239199214,25.0,4.0,128.9743097998035,59.326171875,1637.8219813375772,2112.369596179607,8449.478384718428
square_4096__t8__ra2__rb8__kk__fp32__ws0p250000,square_4096__t8__ra2__rb8__kk__fp32,square_4096,4096,4096,4096,1/8,512,512,512,1/2,1/8,256,64,kk,fp32,2,0.25,0.25,1572864,100663296,25165824,ok,,3514826752,83.915685,13.701063,6.124757254236405,25.0,4.0,153.11893135591012,59.326171875,1637.8219813375772,2507.815515336292,10031.262061345167
square_4096__t8__ra2__rb8__kk__fp32__ws0p500000,square_4096__t8__ra2__rb8__kk__fp32,square_4096,4096,4096,4096,1/8,512,512,512,1/2,1/8,256,64,kk,fp32,2,0.5,0.5,1572864,100663296,50331648,ok,,3514826752,83.915685,15.332471,5.473069865907458,25.0,4.0,136.82674664768646,59.326171875,1637.8219813375772,2240.9785329448855,8963.914131779542
square_4096__t8__ra2__rb8__kk__fp32__ws0p750000,square_4096__t8__ra2__rb8__kk__fp32,square_4096,4096,4096,4096,1/8,512,512,512,1/2,1/8,256,64,kk,fp32,2,0.75,0.75,1572864,100663296,75497472,ok,,3514826752,83.915685,13.445615,6.241119130660814,25.0,4.0,156.02797826652036,59.326171875,1637.8219813375772,2555.460525085688,10221.842100342752
square_4096__t8__ra2__rb8__kk__fp32__ws1p000000,square_4096__t8__ra2__rb8__kk__fp32,square_4096,4096,4096,4096,1/8,512,512,512,1/2,1/8,256,64,kk,fp32,2,1.0,1.0,1572864,100663296,100663296,ok,,3514826752,83.915685,15.495122,5.415619509159075,25.0,4.0,135.3904877289769,59.326171875,1637.8219813375772,2217.4551686653385,8869.820674661354
square_4096__t8__ra2__rb8__ik__fp32__ws0p125000,square_4096__t8__ra2__rb8__ik__fp32,square_4096,4096,4096,4096,1/8,512,512,512,1/2,1/8,256,64,ik,fp32,2,0.125,0.125,1572864,100663296,12582912,ok,,3514826752,83.915685,17.492099,4.797347934058686,25.0,4.0,119.93369835146714,59.326171875,1637.8219813375772,1964.3004746314323,7857.201898525729
square_4096__t8__ra2__rb8__ik__fp32__ws0p250000,square_4096__t8__ra2__rb8__ik__fp32,square_4096,4096,4096,4096,1/8,512,512,512,1/2,1/8,256,64,ik,fp32,2,0.25,0.25,1572864,100663296,25165824,ok,,3514826752,83.915685,17.007985,4.93389928318963,25.0,4.0,123.34748207974077,59.326171875,1637.8219813375772,2020.2121749284233,8080.848699713693
square_4096__t8__ra2__rb8__ik__fp32__ws0p500000,square_4096__t8__ra2__rb8__ik__fp32,square_4096,4096,4096,4096,1/8,512,512,512,1/2,1/8,256,64,ik,fp32,2,0.5,0.5,1572864,100663296,50331648,ok,,3514826752,83.915685,16.735607,5.0142002617532775,25.0,4.0,125.35500654383193,59.326171875,1637.8219813375772,2053.0918518820376,8212.36740752815
square_4096__t8__ra2__rb8__ik__fp32__ws0p750000,square_4096__t8__ra2__rb8__ik__fp32,square_4096,4096,4096,4096,1/8,512,512,512,1/2,1/8,256,64,ik,fp32,2,0.75,0.75,1572864,100663296,75497472,ok,,3514826752,83.915685,16.731315,5.0154865293014925,25.0,4.0,125.38716323253732,59.326171875,1637.8219813375772,2053.6185211981247,8214.474084792499
square_4096__t8__ra2__rb8__ik__fp32__ws1p000000,square_4096__t8__ra2__rb8__ik__fp32,square_4096,4096,4096,4096,1/8,512,512,512,1/2,1/8,256,64,ik,fp32,2,1.0,1.0,1572864,100663296,100663296,ok,,3514826752,83.915685,16.641416,5.042580811632856,25.0,4.0,126.0645202908214,59.326171875,1637.8219813375772,2064.712423990843,8258.849695963372
square_4096__t8__ra2__rb8__ij__fp32__ws0p125000,square_4096__t8__ra2__rb8__ij__fp32,square_4096,4096,4096,4096,1/8,512,512,512,1/2,1/8,256,64,ij,fp32,2,0.125,0.125,4718592,301989888,37748736,ok,,3514826752,83.915685,53.86787,1.557805886885819,25.0,4.0,38.945147172145475,59.326171875,1637.8219813375772,637.8521810496684,2551.4087241986736
square_4096__t8__ra2__rb8__ij__fp32__ws0p250000,square_4096__t8__ra2__rb8__ij__fp32,square_4096,4096,4096,4096,1/8,512,512,512,1/2,1/8,256,64,ij,fp32,2,0.25,0.25,4718592,301989888,75497472,ok,,3514826752,83.915685,52.915915,1.5858307467611588,25.0,4.0,39.64576866902897,59.326171875,1637.8219813375772,649.3271139316026,2597.3084557264106
square_4096__t8__ra2__rb8__ij__fp32__ws0p500000,square_4096__t8__ra2__rb8__ij__fp32,square_4096,4096,4096,4096,1/8,512,512,512,1/2,1/8,256,64,ij,fp32,2,0.5,0.5,4718592,301989888,150994944,ok,,3514826752,83.915685,52.452016,1.5998562381281969,25.0,4.0,39.99640595320492,59.326171875,1637.8219813375772,655.0699284466016,2620.2797137864063
square_4096__t8__ra2__rb8__ij__fp32__ws0p750000,square_4096__t8__ra2__rb8__ij__fp32,square_4096,4096,4096,4096,1/8,512,512,512,1/2,1/8,256,64,ij,fp32,2,0.75,0.75,4718592,301989888,226492416,ok,,3514826752,83.915685,52.647705,1.5939096490530782,25.0,4.0,39.84774122632695,59.326171875,1637.8219813375772,652.6350648712987,2610.540259485195
square_4096__t8__ra2__rb8__ij__fp32__ws1p000000,square_4096__t8__ra2__rb8__ij__fp32,square_4096,4096,4096,4096,1/8,512,512,512,1/2,1/8,256,64,ij,fp32,2,1.0,1.0,4718592,301989888,301989888,ok,,3514826752,83.915685,52.431026,1.6004967173444211,25.0,4.0,40.01241793361053,59.326171875,1637.8219813375772,655.332176181332,2621.328704725328
square_4096__t8__ra4__rb2__kj__fp32__ws0p125000,square_4096__t8__ra4__rb2__kj__fp32,square_4096,4096,4096,4096,1/8,512,512,512,1/4,1/2,128,256,kj,fp32,2,0.125,0.125,3145728,201326592,25165824,ok,,3514826752,83.915685,39.472009,2.125954242663453,50.0,2.0,106.29771213317265,59.326171875,1637.8219813375772,1740.9672949760425,3481.934589952085
square_4096__t8__ra4__rb2__kj__fp32__ws0p250000,square_4096__t8__ra4__rb2__kj__fp32,square_4096,4096,4096,4096,1/8,512,512,512,1/4,1/2,128,256,kj,fp32,2,0.25,0.25,3145728,201326592,50331648,ok,,3514826752,83.915685,39.439919,2.1276840096958614,50.0,2.0,106.38420048479307,59.326171875,1637.8219813375772,1742.3838202101783,3484.7676404203567
square_4096__t8__ra4__rb2__kj__fp32__ws0p500000,square_4096__t8__ra4__rb2__kj__fp32,square_4096,4096,4096,4096,1/8,512,512,512,1/4,1/2,128,256,kj,fp32,2,0.5,0.5,3145728,201326592,100663296,ok,,3514826752,83.915685,39.231647,2.1389794060901903,50.0,2.0,106.94897030450952,59.326171875,1637.8219813375772,1751.6337444614549,3503.2674889229097
square_4096__t8__ra4__rb2__kj__fp32__ws0p750000,square_4096__t8__ra4__rb2__kj__fp32,square_4096,4096,4096,4096,1/8,512,512,512,1/4,1/2,128,256,kj,fp32,2,0.75,0.75,3145728,201326592,150994944,ok,,3514826752,83.915685,39.185039,2.141523579956115,50.0,2.0,107.07617899780577,59.326171875,1637.8219813375772,1753.717196402433,3507.434392804866
square_4096__t8__ra4__rb2__kj__fp32__ws1p000000,square_4096__t8__ra4__rb2__kj__fp32,square_4096,4096,4096,4096,1/8,512,512,512,1/4,1/2,128,256,kj,fp32,2,1.0,1.0,3145728,201326592,201326592,ok,,3514826752,83.915685,39.71617,2.1128846260855467,50.0,2.0,105.64423130427731,59.326171875,1637.8219813375772,1730.2644423165677,3460.5288846331355
square_4096__t8__ra4__rb2__kk__fp32__ws0p125000,square_4096__t8__ra4__rb2__kk__fp32,square_4096,4096,4096,4096,1/8,512,512,512,1/4,1/2,128,256,kk,fp32,2,0.125,0.125,3145728,201326592,25165824,ok,,3514826752,83.915685,39.54639,2.1219556323598687,50.0,2.0,106.09778161799343,59.326171875,1637.8219813375772,1737.692789051036,3475.385578102072
square_4096__t8__ra4__rb2__kk__fp32__ws0p250000,square_4096__t8__ra4__rb2__kk__fp32,square_4096,4096,4096,4096,1/8,512,512,512,1/4,1/2,128,256,kk,fp32,2,0.25,0.25,3145728,201326592,50331648,ok,,3514826752,83.915685,39.458586,2.126677448603962,50.0,2.0,106.33387243019807,59.326171875,1637.8219813375772,1741.5595362692418,3483.1190725384836
square_4096__t8__ra4__rb2__kk__fp32__ws0p500000,square_4096__t8__ra4__rb2__kk__fp32,square_4096,4096,4096,4096,1/8,512,512,512,1/4,1/2,128,256,kk,fp32,2,0.5,0.5,3145728,201326592,100663296,ok,,3514826752,83.915685,39.563648,2.1210300172522008,50.0,2.0,106.05150086261004,59.326171875,1637.8219813375772,1736.9347926662374,3473.869585332475
square_4096__t8__ra4__rb2__kk__fp32__ws0p750000,square_4096__t8__ra4__rb2__kk__fp32,square_4096,4096,4096,4096,1/8,512,512,512,1/4,1/2,128,256,kk,fp32,2,0.75,0.75,3145728,201326592,150994944,ok,,3514826752,83.915685,39.199597,2.140728257997142,50.0,2.0,107.0364128998571,59.326171875,1637.8219813375772,1753.0658985091097,3506.1317970182195
square_4096__t8__ra4__rb2__kk__fp32__ws1p000000,square_4096__t8__ra4__rb2__kk__fp32,square_4096,4096,4096,4096,1/8,512,512,512,1/4,1/2,128,256,kk,fp32,2,1.0,1.0,3145728,201326592,201326592,ok,,3514826752,83.915685,39.679075,2.1148599104187786,50.0,2.0,105.74299552093893,59.326171875,1637.8219813375772,1731.8820243667474,3463.7640487334947
square_4096__t8__ra4__rb2__ik__fp32__ws0p125000,square_4096__t8__ra4__rb2__ik__fp32,square_4096,4096,4096,4096,1/8,512,512,512,1/4,1/2,128,256,ik,fp32,2,0.125,0.125,5242880,335544320,41943040,ok,,3514826752,83.915685,54.25952,1.546561506625934,50.0,2.0,77.3280753312967,59.326171875,1637.8219813375772,1266.496215521258,2532.992431042516
square_4096__t8__ra4__rb2__ik__fp32__ws0p250000,square_4096__t8__ra4__rb2__ik__fp32,square_4096,4096,4096,4096,1/8,512,512,512,1/4,1/2,128,256,ik,fp32,2,0.25,0.25,5242880,335544320,83886080,ok,,3514826752,83.915685,54.661465,1.5351890952794625,50.0,2.0,76.75945476397311,59.326171875,1637.8219813375772,1257.1832228792257,2514.3664457584514
square_4096__t8__ra4__rb2__ik__fp32__ws0p500000,square_4096__t8__ra4__rb2__ik__fp32,square_4096,4096,4096,4096,1/8,512,512,512,1/4,1/2,128,256,ik,fp32,2,0.5,0.5,5242880,335544320,167772160,ok,,3514826752,83.915685,54.613407,1.5365400111368257,50.0,2.0,76.82700055684128,59.326171875,1637.8219813375772,1258.2895027222894,2516.579005444579
square_4096__t8__ra4__rb2__ik__fp32__ws0p750000,square_4096__t8__ra4__rb2__ik__fp32,square_4096,4096,4096,4096,1/8,512,512,512,1/4,1/2,128,256,ik,fp32,2,0.75,0.75,5242880,335544320,251658240,ok,,3514826752,83.915685,55.071115,1.5237694933178672,50.0,2.0,76.18847466589337,59.326171875,1637.8219813375772,1247.8315853238128,2495.6631706476255
square_4096__t8__ra4__rb2__ik__fp32__ws1p000000,square_4096__t8__ra4__rb2__ik__fp32,square_4096,4096,4096,4096,1/8,512,512,512,1/4,1/2,128,256,ik,fp32,2,1.0,1.0,5242880,335544320,335544320,ok,,3514826752,83.915685,55.776985,1.5044858555907958,50.0,2.0,75.22429277953981,59.326171875,1637.8219813375772,1232.0400024490389,2464.0800048980777
square_4096__t8__ra4__rb2__ij__fp32__ws0p125000,square_4096__t8__ra4__rb2__ij__fp32,square_4096,4096,4096,4096,1/8,512,512,512,1/4,1/2,128,256,ij,fp32,2,0.125,0.125,3145728,201326592,25165824,ok,,3514826752,83.915685,42.191857,1.988907124898532,50.0,2.0,99.4453562449266,59.326171875,1637.8219813375772,1628.737903998869,3257.475807997738
square_4096__t8__ra4__rb2__ij__fp32__ws0p250000,square_4096__t8__ra4__rb2__ij__fp32,square_4096,4096,4096,4096,1/8,512,512,512,1/4,1/2,128,256,ij,fp32,2,0.25,0.25,3145728,201326592,50331648,ok,,3514826752,83.915685,42.125743,1.992028603507361,50.0,2.0,99.60143017536805,59.326171875,1637.8219813375772,1631.2941171387765,3262.588234277553
square_4096__t8__ra4__rb2__ij__fp32__ws0p500000,square_4096__t8__ra4__rb2__ij__fp32,square_4096,4096,4096,4096,1/8,512,512,512,1/4,1/2,128,256,ij,fp32,2,0.5,0.5,3145728,201326592,100663296,ok,,3514826752,83.915685,42.137393,1.9914778543608522,50.0,2.0,99.57389271804263,59.326171875,1637.8219813375772,1630.843102609599,3261.686205219198
square_4096__t8__ra4__rb2__ij__fp32__ws0p750000,square_4096__t8__ra4__rb2__ij__fp32,square_4096,4096,4096,4096,1/8,512,512,512,1/4,1/2,128,256,ij,fp32,2,0.75,0.75,3145728,201326592,150994944,ok,,3514826752,83.915685,42.24141,1.9865739566932068,50.0,2.0,99.32869783466035,59.326171875,1637.8219813375772,1626.8272469124493,3253.6544938248985
square_4096__t8__ra4__rb2__ij__fp32__ws1p000000,square_4096__t8__ra4__rb2__ij__fp32,square_4096,4096,4096,4096,1/8,512,512,512,1/4,1/2,128,256,ij,fp32,2,1.0,1.0,3145728,201326592,201326592,ok,,3514826752,83.915685,42.348598,1.981545764513857,50.0,2.0,99.07728822569285,59.326171875,1637.8219813375772,1622.7096050735847,3245.4192101471695
square_4096__t8__ra4__rb4__kj__fp32__ws0p125000,square_4096__t8__ra4__rb4__kj__fp32,square_4096,4096,4096,4096,1/8,512,512,512,1/4,1/4,128,128,kj,fp32,2,0.125,0.125,2621440,167772160,20971520,ok,,3548381184,83.915685,31.357082,2.676131822469961,37.5,2.6666666666666665,100.35494334262351,55.17578125,1637.8219813375772,1643.6353214243595,4383.027523798292
square_4096__t8__ra4__rb4__kj__fp32__ws0p250000,square_4096__t8__ra4__rb4__kj__fp32,square_4096,4096,4096,4096,1/8,512,512,512,1/4,1/4,128,128,kj,fp32,2,0.25,0.25,2621440,167772160,41943040,ok,,3548381184,83.915685,31.144016,2.694440081202116,37.5,2.6666666666666665,101.04150304507935,55.17578125,1637.8219813375772,1654.8799471461869,4413.013192389832
square_4096__t8__ra4__rb4__kj__fp32__ws0p500000,square_4096__t8__ra4__rb4__kj__fp32,square_4096,4096,4096,4096,1/8,512,512,512,1/4,1/4,128,128,kj,fp32,2,0.5,0.5,2621440,167772160,83886080,ok,,3548381184,83.915685,30.930931,2.713002237145723,37.5,2.6666666666666665,101.73758389296461,55.17578125,1637.8219813375772,1666.2805122807329,4443.414699415288
square_4096__t8__ra4__rb4__kj__fp32__ws0p750000,square_4096__t8__ra4__rb4__kj__fp32,square_4096,4096,4096,4096,1/8,512,512,512,1/4,1/4,128,128,kj,fp32,2,0.75,0.75,2621440,167772160,125829120,ok,,3548381184,83.915685,31.577399,2.657460324708821,37.5,2.6666666666666665,99.65476217658077,55.17578125,1637.8219813375772,1632.1676003777259,4352.446934340603
square_4096__t8__ra4__rb4__kj__fp32__ws1p000000,square_4096__t8__ra4__rb4__kj__fp32,square_4096,4096,4096,4096,1/8,512,512,512,1/4,1/4,128,128,kj,fp32,2,1.0,1.0,2621440,167772160,167772160,ok,,3548381184,83.915685,31.259179,2.6845134032470908,37.5,2.6666666666666665,100.66925262176592,55.17578125,1637.8219813375772,1648.7831478875373,4396.755061033433
square_4096__t8__ra4__rb4__kk__fp32__ws0p125000,square_4096__t8__ra4__rb4__kk__fp32,square_4096,4096,4096,4096,1/8,512,512,512,1/4,1/4,128,128,kk,fp32,2,0.125,0.125,2621440,167772160,20971520,ok,,3548381184,83.915685,31.465485,2.666912173767542,37.5,2.6666666666666665,100.00920651628284,55.17578125,1637.8219813375772,1637.972767684973,4367.927380493261
square_4096__t8__ra4__rb4__kk__fp32__ws0p250000,square_4096__t8__ra4__rb4__kk__fp32,square_4096,4096,4096,4096,1/8,512,512,512,1/4,1/4,128,128,kk,fp32,2,0.25,0.25,2621440,167772160,41943040,ok,,3548381184,83.915685,31.160795,2.6929892193058618,37.5,2.6666666666666665,100.9870957239698,55.17578125,1637.8219813375772,1653.988852081598,4410.636938884261
square_4096__t8__ra4__rb4__kk__fp32__ws0p500000,square_4096__t8__ra4__rb4__kk__fp32,square_4096,4096,4096,4096,1/8,512,512,512,1/4,1/4,128,128,kk,fp32,2,0.5,0.5,2621440,167772160,83886080,ok,,3548381184,83.915685,31.099781,2.6982725376747827,37.5,2.6666666666666665,101.18522016280436,55.17578125,1637.8219813375772,1657.233777691232,4419.290073843285
square_4096__t8__ra4__rb4__kk__fp32__ws0p750000,square_4096__t8__ra4__rb4__kk__fp32,square_4096,4096,4096,4096,1/8,512,512,512,1/4,1/4,128,128,kk,fp32,2,0.75,0.75,2621440,167772160,125829120,ok,,3548381184,83.915685,31.308863,2.6802533519023033,37.5,2.6666666666666665,100.50950069633637,55.17578125,1637.8219813375772,1646.1666957372422,4389.777855299312
square_4096__t8__ra4__rb4__kk__fp32__ws1p000000,square_4096__t8__ra4__rb4__kk__fp32,square_4096,4096,4096,4096,1/8,512,512,512,1/4,1/4,128,128,kk,fp32,2,1.0,1.0,2621440,167772160,167772160,ok,,3548381184,83.915685,31.733297,2.644404865967756,37.5,2.6666666666666665,99.16518247379086,55.17578125,1637.8219813375772,1624.1491563892653,4331.06441703804
square_4096__t8__ra4__rb4__ik__fp32__ws0p125000,square_4096__t8__ra4__rb4__ik__fp32,square_4096,4096,4096,4096,1/8,512,512,512,1/4,1/4,128,128,ik,fp32,2,0.125,0.125,2621440,167772160,20971520,ok,,3548381184,83.915685,28.320446,2.9630778060486755,37.5,2.6666666666666665,111.11541772682534,55.17578125,1637.8219813375772,1819.8727361850163,4852.993963160044
square_4096__t8__ra4__rb4__ik__fp32__ws0p250000,square_4096__t8__ra4__rb4__ik__fp32,square_4096,4096,4096,4096,1/8,512,512,512,1/4,1/4,128,128,ik,fp32,2,0.25,0.25,2621440,167772160,41943040,ok,,3548381184,83.915685,28.535192,2.9407787058170136,37.5,2.6666666666666665,110.27920146813801,55.17578125,1637.8219813375772,1806.1770024887164,4816.472006636577
square_4096__t8__ra4__rb4__ik__fp32__ws0p500000,square_4096__t8__ra4__rb4__ik__fp32,square_4096,4096,4096,4096,1/8,512,512,512,1/4,1/4,128,128,ik,fp32,2,0.5,0.5,2621440,167772160,83886080,ok,,3548381184,83.915685,28.859482,2.9077335830213444,37.5,2.6666666666666665,109.04000936330043,55.17578125,1637.8219813375772,1785.8812418046866,4762.349978145831
square_4096__t8__ra4__rb4__ik__fp32__ws0p750000,square_4096__t8__ra4__rb4__ik__fp32,square_4096,4096,4096,4096,1/8,512,512,512,1/4,1/4,128,128,ik,fp32,2,0.75,0.75,2621440,167772160,125829120,ok,,3548381184,83.915685,29.868882,2.809468563302771,37.5,2.6666666666666665,105.35507112385392,55.17578125,1637.8219813375772,1725.5285133203179,4601.409368854181
square_4096__t8__ra4__rb4__ik__fp32__ws1p000000,square_4096__t8__ra4__rb4__ik__fp32,square_4096,4096,4096,4096,1/8,512,512,512,1/4,1/4,128,128,ik,fp32,2,1.0,1.0,2621440,167772160,167772160,ok,,3548381184,83.915685,28.951831,2.898458650162748,37.5,2.6666666666666665,108.69219938110304,55.17578125,1637.8219813375772,1780.1847334629717,4747.159289234591
square_4096__t8__ra4__rb4__ij__fp32__ws0p125000,square_4096__t8__ra4__rb4__ij__fp32,square_4096,4096,4096,4096,1/8,512,512,512,1/4,1/4,128,128,ij,fp32,2,0.125,0.125,2621440,167772160,20971520,ok,,3548381184,83.915685,33.685574,2.4911460615158285,37.5,2.6666666666666665,93.41797730684358,55.17578125,1637.8219813375772,1530.0201668524337,4080.0537782731562
square_4096__t8__ra4__rb4__ij__fp32__ws0p250000,square_4096__t8__ra4__rb4__ij__fp32,square_4096,4096,4096,4096,1/8,512,512,512,1/4,1/4,128,128,ij,fp32,2,0.25,0.25,2621440,167772160,41943040,ok,,3548381184,83.915685,33.818108,2.4813831986106374,37.5,2.6666666666666665,93.05186994789891,55.17578125,1637.8219813375772,1524.0239800523436,4064.0639468062495
square_4096__t8__ra4__rb4__ij__fp32__ws0p500000,square_4096__t8__ra4__rb4__ij__fp32,square_4096,4096,4096,4096,1/8,512,512,512,1/4,1/4,128,128,ij,fp32,2,0.5,0.5,2621440,167772160,83886080,ok,,3548381184,83.915685,33.736261,2.4874032424636505,37.5,2.6666666666666665,93.2776215923869,55.17578125,1637.8219813375772,1527.7213901089988,4073.92370695733
square_4096__t8__ra4__rb4__ij__fp32__ws0p750000,square_4096__t8__ra4__rb4__ij__fp32,square_4096,4096,4096,4096,1/8,512,512,512,1/4,1/4,128,128,ij,fp32,2,0.75,0.75,2621440,167772160,125829120,ok,,3548381184,83.915685,33.889102,2.4761849694335365,37.5,2.6666666666666665,92.85693635375762,55.17578125,1637.8219813375772,1520.831314798486,4055.5501727959627
square_4096__t8__ra4__rb4__ij__fp32__ws1p000000,square_4096__t8__ra4__rb4__ij__fp32,square_4096,4096,4096,4096,1/8,512,512,512,1/4,1/4,128,128,ij,fp32,2,1.0,1.0,2621440,167772160,167772160,ok,,3548381184,83.915685,33.775626,2.4845042102254444,37.5,2.6666666666666665,93.16890788345418,55.17578125,1637.8219813375772,1525.9408530873714,4069.1756082329903
square_4096__t8__ra4__rb8__kj__fp32__ws0p125000,square_4096__t8__ra4__rb8__kj__fp32,square_4096,4096,4096,4096,1/8,512,512,512,1/4,1/8,128,64,kj,fp32,2,0.125,0.125,2359296,150994944,18874368,ok,,3548381184,83.915685,26.846794,3.1257246209733647,18.75,5.333333333333333,58.607336643250584,55.17578125,1637.8219813375772,959.8838422196707,5119.380491838243
square_4096__t8__ra4__rb8__kj__fp32__ws0p250000,square_4096__t8__ra4__rb8__kj__fp32,square_4096,4096,4096,4096,1/8,512,512,512,1/4,1/8,128,64,kj,fp32,2,0.25,0.25,2359296,150994944,37748736,ok,,3548381184,83.915685,27.612102,3.0390907943190997,18.75,5.333333333333333,56.98295239348311,55.17578125,1637.8219813375772,933.2793199155935,4977.489706216499
square_4096__t8__ra4__rb8__kj__fp32__ws0p500000,square_4096__t8__ra4__rb8__kj__fp32,square_4096,4096,4096,4096,1/8,512,512,512,1/4,1/8,128,64,kj,fp32,2,0.5,0.5,2359296,150994944,75497472,ok,,3548381184,83.915685,27.576812,3.0429799137043108,18.75,5.333333333333333,57.05587338195583,55.17578125,1637.8219813375772,934.4736358938081,4983.859391433643
square_4096__t8__ra4__rb8__kj__fp32__ws0p750000,square_4096__t8__ra4__rb8__kj__fp32,square_4096,4096,4096,4096,1/8,512,512,512,1/4,1/8,128,64,kj,fp32,2,0.75,0.75,2359296,150994944,113246208,ok,,3548381184,83.915685,27.523519,3.0488719483871227,18.75,5.333333333333333,57.16634903225856,55.17578125,1637.8219813375772,936.283030378492,4993.509495351957
square_4096__t8__ra4__rb8__kj__fp32__ws1p000000,square_4096__t8__ra4__rb8__kj__fp32,square_4096,4096,4096,4096,1/8,512,512,512,1/4,1/8,128,64,kj,fp32,2,1.0,1.0,2359296,150994944,150994944,ok,,3548381184,83.915685,27.738652,3.025225775210706,18.75,5.333333333333333,56.72298328520073,55.17578125,1637.8219813375772,929.0214887154574,4954.781273149106
square_4096__t8__ra4__rb8__kk__fp32__ws0p125000,square_4096__t8__ra4__rb8__kk__fp32,square_4096,4096,4096,4096,1/8,512,512,512,1/4,1/8,128,64,kk,fp32,2,0.125,0.125,1310720,83886080,10485760,ok,,3548381184,83.915685,11.128371,7.540698005125818,18.75,5.333333333333333,141.38808759610907,55.17578125,1637.8219813375772,2315.685177641903,12350.320947423483
square_4096__t8__ra4__rb8__kk__fp32__ws0p250000,square_4096__t8__ra4__rb8__kk__fp32,square_4096,4096,4096,4096,1/8,512,512,512,1/4,1/8,128,64,kk,fp32,2,0.25,0.25,1310720,83886080,20971520,ok,,3548381184,83.915685,11.723126,7.158132139840516,18.75,5.333333333333333,134.21497762200966,55.17578125,1637.8219813375772,2198.2024057405847,11723.746163949787
square_4096__t8__ra4__rb8__kk__fp32__ws0p500000,square_4096__t8__ra4__rb8__kk__fp32,square_4096,4096,4096,4096,1/8,512,512,512,1/4,1/8,128,64,kk,fp32,2,0.5,0.5,1310720,83886080,41943040,ok,,3548381184,83.915685,9.994984,8.395779823159296,18.75,5.333333333333333,157.42087168423683,55.17578125,1637.8219813375772,2578.2736396576524,13750.792744840812
square_4096__t8__ra4__rb8__kk__fp32__ws0p750000,square_4096__t8__ra4__rb8__kk__fp32,square_4096,4096,4096,4096,1/8,512,512,512,1/4,1/8,128,64,kk,fp32,2,0.75,0.75,1310720,83886080,62914560,ok,,3548381184,83.915685,11.074035,7.577697289199465,18.75,5.333333333333333,142.08182417248997,55.17578125,1637.8219813375772,2327.047347782448,12410.919188173055
square_4096__t8__ra4__rb8__kk__fp32__ws1p000000,square_4096__t8__ra4__rb8__kk__fp32,square_4096,4096,4096,4096,1/8,512,512,512,1/4,1/8,128,64,kk,fp32,2,1.0,1.0,1310720,83886080,83886080,ok,,3548381184,83.915685,9.880507,8.493054556815759,18.75,5.333333333333333,159.2447729402955,55.17578125,1637.8219813375772,2608.1458953472734,13910.111441852123
square_4096__t8__ra4__rb8__ik__fp32__ws0p125000,square_4096__t8__ra4__rb8__ik__fp32,square_4096,4096,4096,4096,1/8,512,512,512,1/4,1/8,128,64,ik,fp32,2,0.125,0.125,1310720,83886080,10485760,ok,,3548381184,83.915685,13.740338,6.107250418439488,18.75,5.333333333333333,114.5109453457404,55.17578125,1637.8219813375772,1875.4854339099954,10002.58898085331
square_4096__t8__ra4__rb8__ik__fp32__ws0p250000,square_4096__t8__ra4__rb8__ik__fp32,square_4096,4096,4096,4096,1/8,512,512,512,1/4,1/8,128,64,ik,fp32,2,0.25,0.25,1310720,83886080,20971520,ok,,3548381184,83.915685,13.34838,6.286581967249957,18.75,5.333333333333333,117.87341188593672,55.17578125,1637.8219813375772,1930.556650020452,10296.30213344241
square_4096__t8__ra4__rb8__ik__fp32__ws0p500000,square_4096__t8__ra4__rb8__ik__fp32,square_4096,4096,4096,4096,1/8,512,512,512,1/4,1/8,128,64,ik,fp32,2,0.5,0.5,1310720,83886080,41943040,ok,,3548381184,83.915685,13.151573,6.3806576597339335,18.75,5.333333333333333,119.63733112001127,55.17578125,1637.8219813375772,1959.4465069691664,10450.38137050222
square_4096__t8__ra4__rb8__ik__fp32__ws0p750000,square_4096__t8__ra4__rb8__ik__fp32,square_4096,4096,4096,4096,1/8,512,512,512,1/4,1/8,128,64,ik,fp32,2,0.75,0.75,1310720,83886080,62914560,ok,,3548381184,83.915685,13.153527,6.379709791906003,18.75,5.333333333333333,119.61955859823756,55.17578125,1637.8219813375772,1959.1554247009187,10448.828931738233
square_4096__t8__ra4__rb8__ik__fp32__ws1p000000,square_4096__t8__ra4__rb8__ik__fp32,square_4096,4096,4096,4096,1/8,512,512,512,1/4,1/8,128,64,ik,fp32,2,1.0,1.0,1310720,83886080,83886080,ok,,3548381184,83.915685,13.058842,6.425966789398324,18.75,5.333333333333333,120.48687730121858,55.17578125,1637.8219813375772,1973.3605610665938,10524.589659021834
square_4096__t8__ra4__rb8__ij__fp32__ws0p125000,square_4096__t8__ra4__rb8__ij__fp32,square_4096,4096,4096,4096,1/8,512,512,512,1/4,1/8,128,64,ij,fp32,2,0.125,0.125,2359296,150994944,18874368,ok,,3548381184,83.915685,29.295625,2.8644442642886094,18.75,5.333333333333333,53.70832995541143,55.17578125,1637.8219813375772,879.646833819043,4691.449780368229
square_4096__t8__ra4__rb8__ij__fp32__ws0p250000,square_4096__t8__ra4__rb8__ij__fp32,square_4096,4096,4096,4096,1/8,512,512,512,1/4,1/8,128,64,ij,fp32,2,0.25,0.25,2359296,150994944,37748736,ok,,3548381184,83.915685,29.425619,2.851789965743796,18.75,5.333333333333333,53.47106185769618,55.17578125,1637.8219813375772,875.760804759961,4670.724292053125
square_4096__t8__ra4__rb8__ij__fp32__ws0p500000,square_4096__t8__ra4__rb8__ij__fp32,square_4096,4096,4096,4096,1/8,512,512,512,1/4,1/8,128,64,ij,fp32,2,0.5,0.5,2359296,150994944,75497472,ok,,3548381184,83.915685,32.62683,2.57198400825333,18.75,5.333333333333333,48.22470015474994,55.17578125,1637.8219813375772,789.8347395686311,4212.451944366033
square_4096__t8__ra4__rb8__ij__fp32__ws0p750000,square_4096__t8__ra4__rb8__ij__fp32,square_4096,4096,4096,4096,1/8,512,512,512,1/4,1/8,128,64,ij,fp32,2,0.75,0.75,2359296,150994944,113246208,ok,,3548381184,83.915685,29.424965,2.8518533496981218,18.75,5.333333333333333,53.47225030683978,55.17578125,1637.8219813375772,875.780269441272,4670.828103686785
square_4096__t8__ra4__rb8__ij__fp32__ws1p000000,square_4096__t8__ra4__rb8__ij__fp32,square_4096,4096,4096,4096,1/8,512,512,512,1/4,1/8,128,64,ij,fp32,2,1.0,1.0,2359296,150994944,150994944,ok,,3548381184,83.915685,29.577215,2.8371733106041255,18.75,5.333333333333333,53.196999573827355,55.17578125,1637.8219813375772,871.2721524322017,4646.784812971742
square_4096__t8__ra8__rb2__kj__fp32__ws0p125000,square_4096__t8__ra8__rb2__kj__fp32,square_4096,4096,4096,4096,1/8,512,512,512,1/8,1/2,64,256,kj,fp32,2,0.125,0.125,1572864,100663296,12582912,ok,,3514826752,83.915685,21.58059,3.888479647683404,25.0,4.0,97.21199119208511,59.326171875,1637.8219813375772,1592.1593602399194,6368.637440959677
square_4096__t8__ra8__rb2__kj__fp32__ws0p250000,square_4096__t8__ra8__rb2__kj__fp32,square_4096,4096,4096,4096,1/8,512,512,512,1/8,1/2,64,256,kj,fp32,2,0.25,0.25,1572864,100663296,25165824,ok,,3514826752,83.915685,19.84855,4.227799259895559,25.0,4.0,105.69498149738898,59.326171875,1637.8219813375772,1731.0956401349217,6924.382560539687
square_4096__t8__ra8__rb2__kj__fp32__ws0p500000,square_4096__t8__ra8__rb2__kj__fp32,square_4096,4096,4096,4096,1/8,512,512,512,1/8,1/2,64,256,kj,fp32,2,0.5,0.5,1572864,100663296,50331648,ok,,3514826752,83.915685,20.491881,4.095069896218898,25.0,4.0,102.37674740547244,59.326171875,1637.8219813375772,1676.7488727852754,6706.995491141101
square_4096__t8__ra8__rb2__kj__fp32__ws0p750000,square_4096__t8__ra8__rb2__kj__fp32,square_4096,4096,4096,4096,1/8,512,512,512,1/8,1/2,64,256,kj,fp32,2,0.75,0.75,1572864,100663296,75497472,ok,,3514826752,83.915685,20.788642,4.036612155810851,25.0,4.0,100.91530389527128,59.326171875,1637.8219813375772,1652.8130297303692,6611.252118921477
square_4096__t8__ra8__rb2__kj__fp32__ws1p000000,square_4096__t8__ra8__rb2__kj__fp32,square_4096,4096,4096,4096,1/8,512,512,512,1/8,1/2,64,256,kj,fp32,2,1.0,1.0,1572864,100663296,100663296,ok,,3514826752,83.915685,20.225866,4.148929148447834,25.0,4.0,103.72322871119583,59.326171875,1637.8219813375772,1698.8018395850145,6795.207358340058
square_4096__t8__ra8__rb2__kk__fp32__ws0p125000,square_4096__t8__ra8__rb2__kk__fp32,square_4096,4096,4096,4096,1/8,512,512,512,1/8,1/2,64,256,kk,fp32,2,0.125,0.125,1572864,100663296,12582912,ok,,3514826752,83.915685,20.771297,4.0399829148849005,25.0,4.0,100.99957287212251,59.326171875,1637.8219813375772,1654.1932055566872,6616.772822226749
square_4096__t8__ra8__rb2__kk__fp32__ws0p250000,square_4096__t8__ra8__rb2__kk__fp32,square_4096,4096,4096,4096,1/8,512,512,512,1/8,1/2,64,256,kk,fp32,2,0.25,0.25,1572864,100663296,25165824,ok,,3514826752,83.915685,22.019446,3.8109807576448564,25.0,4.0,95.2745189411214,59.326171875,1637.8219813375772,1560.4270138313198,6241.708055325279
square_4096__t8__ra8__rb2__kk__fp32__ws0p500000,square_4096__t8__ra8__rb2__kk__fp32,square_4096,4096,4096,4096,1/8,512,512,512,1/8,1/2,64,256,kk,fp32,2,0.5,0.5,1572864,100663296,50331648,ok,,3514826752,83.915685,20.155656,4.163381484581796,25.0,4.0,104.0845371145449,59.326171875,1637.8219813375772,1704.7194280354854,6818.877712141942
square_4096__t8__ra8__rb2__kk__fp32__ws0p750000,square_4096__t8__ra8__rb2__kk__fp32,square_4096,4096,4096,4096,1/8,512,512,512,1/8,1/2,64,256,kk,fp32,2,0.75,0.75,1572864,100663296,75497472,ok,,3514826752,83.915685,20.057047,4.183850444185527,25.0,4.0,104.59626110463817,59.326171875,1637.8219813375772,1713.1005560290107,6852.402224116043
square_4096__t8__ra8__rb2__kk__fp32__ws1p000000,square_4096__t8__ra8__rb2__kk__fp32,square_4096,4096,4096,4096,1/8,512,512,512,1/8,1/2,64,256,kk,fp32,2,1.0,1.0,1572864,100663296,100663296,ok,,3514826752,83.915685,20.242449,4.145530266619419,25.0,4.0,103.63825666548547,59.326171875,1637.8219813375772,1697.410148742378,6789.640594969512
square_4096__t8__ra8__rb2__ik__fp32__ws0p125000,square_4096__t8__ra8__rb2__ik__fp32,square_4096,4096,4096,4096,1/8,512,512,512,1/8,1/2,64,256,ik,fp32,2,0.125,0.125,4718592,301989888,37748736,ok,,3514826752,83.915685,44.958184,1.8665274602728614,25.0,4.0,46.66318650682154,59.326171875,1637.8219813375772,764.2599258012734,3057.0397032050937
square_4096__t8__ra8__rb2__ik__fp32__ws0p250000,square_4096__t8__ra8__rb2__ik__fp32,square_4096,4096,4096,4096,1/8,512,512,512,1/8,1/2,64,256,ik,fp32,2,0.25,0.25,4718592,301989888,75497472,ok,,3514826752,83.915685,40.42986,2.0755868311193755,25.0,4.0,51.889670777984385,59.326171875,1637.8219813375772,849.8604340455297,3399.441736182119
square_4096__t8__ra8__rb2__ik__fp32__ws0p500000,square_4096__t8__ra8__rb2__ik__fp32,square_4096,4096,4096,4096,1/8,512,512,512,1/8,1/2,64,256,ik,fp32,2,0.5,0.5,4718592,301989888,150994944,ok,,3514826752,83.915685,45.480302,1.8450995554075256,25.0,4.0,46.12748888518814,59.326171875,1637.8219813375772,755.4861524006591,3021.9446096026363
square_4096__t8__ra8__rb2__ik__fp32__ws0p750000,square_4096__t8__ra8__rb2__ik__fp32,square_4096,4096,4096,4096,1/8,512,512,512,1/8,1/2,64,256,ik,fp32,2,0.75,0.75,4718592,301989888,226492416,ok,,3514826752,83.915685,45.598497,1.8403169078138693,25.0,4.0,46.007922695346736,59.326171875,1637.8219813375772,753.5278710611888,3014.111484244755
square_4096__t8__ra8__rb2__ik__fp32__ws1p000000,square_4096__t8__ra8__rb2__ik__fp32,square_4096,4096,4096,4096,1/8,512,512,512,1/8,1/2,64,256,ik,fp32,2,1.0,1.0,4718592,301989888,301989888,ok,,3514826752,83.915685,45.99255,1.8245495194330386,25.0,4.0,45.61373798582596,59.326171875,1637.8219813375772,747.0718272415859,2988.2873089663435
square_4096__t8__ra8__rb2__ij__fp32__ws0p125000,square_4096__t8__ra8__rb2__ij__fp32,square_4096,4096,4096,4096,1/8,512,512,512,1/8,1/2,64,256,ij,fp32,2,0.125,0.125,1572864,100663296,12582912,ok,,3514826752,83.915685,24.575785,3.4145678357781857,25.0,4.0,85.36419589445464,59.326171875,1637.8219813375772,1398.1135645514478,5592.454258205791
square_4096__t8__ra8__rb2__ij__fp32__ws0p250000,square_4096__t8__ra8__rb2__ij__fp32,square_4096,4096,4096,4096,1/8,512,512,512,1/8,1/2,64,256,ij,fp32,2,0.25,0.25,1572864,100663296,25165824,ok,,3514826752,83.915685,24.814276,3.381750287616693,25.0,4.0,84.54375719041732,59.326171875,1637.8219813375772,1384.6762391133234,5538.704956453294
square_4096__t8__ra8__rb2__ij__fp32__ws0p500000,square_4096__t8__ra8__rb2__ij__fp32,square_4096,4096,4096,4096,1/8,512,512,512,1/8,1/2,64,256,ij,fp32,2,0.5,0.5,1572864,100663296,50331648,ok,,3514826752,83.915685,24.372357,3.443068103753773,25.0,4.0,86.07670259384432,59.326171875,1637.8219813375772,1409.7831558925548,5639.132623570219
square_4096__t8__ra8__rb2__ij__fp32__ws0p750000,square_4096__t8__ra8__rb2__ij__fp32,square_4096,4096,4096,4096,1/8,512,512,512,1/8,1/2,64,256,ij,fp32,2,0.75,0.75,1572864,100663296,75497472,ok,,3514826752,83.915685,24.567087,3.415776766696027,25.0,4.0,85.39441916740067,59.326171875,1637.8219813375772,1398.6085679592375,5594.43427183695
square_4096__t8__ra8__rb2__ij__fp32__ws1p000000,square_4096__t8__ra8__rb2__ij__fp32,square_4096,4096,4096,4096,1/8,512,512,512,1/8,1/2,64,256,ij,fp32,2,1.0,1.0,1572864,100663296,100663296,ok,,3514826752,83.915685,26.335908,3.186360045000157,25.0,4.0,79.65900112500393,59.326171875,1637.8219813375772,1304.6726305392622,5218.690522157049
square_4096__t8__ra8__rb4__kj__fp32__ws0p125000,square_4096__t8__ra8__rb4__kj__fp32,square_4096,4096,4096,4096,1/8,512,512,512,1/8,1/4,64,128,kj,fp32,2,0.125,0.125,1310720,83886080,10485760,ok,,3548381184,83.915685,15.895774,5.279119154562716,18.75,5.333333333333333,98.98348414805092,55.17578125,1637.8219813375772,1621.1732612705741,8646.257393443062
square_4096__t8__ra8__rb4__kj__fp32__ws0p250000,square_4096__t8__ra8__rb4__kj__fp32,square_4096,4096,4096,4096,1/8,512,512,512,1/8,1/4,64,128,kj,fp32,2,0.25,0.25,1310720,83886080,20971520,ok,,3548381184,83.915685,13.888841,6.041950152644127,18.75,5.333333333333333,113.28656536207737,55.17578125,1637.8219813375772,1855.432269402465,9895.63877014648
square_4096__t8__ra8__rb4__kj__fp32__ws0p500000,square_4096__t8__ra8__rb4__kj__fp32,square_4096,4096,4096,4096,1/8,512,512,512,1/8,1/4,64,128,kj,fp32,2,0.5,0.5,1310720,83886080,41943040,ok,,3548381184,83.915685,13.776188,6.0913574204997785,18.75,5.333333333333333,114.21295163437084,55.17578125,1637.8219813375772,1870.6048274021812,9976.5590794783
square_4096__t8__ra8__rb4__kj__fp32__ws0p750000,square_4096__t8__ra8__rb4__kj__fp32,square_4096,4096,4096,4096,1/8,512,512,512,1/8,1/4,64,128,kj,fp32,2,0.75,0.75,1310720,83886080,62914560,ok,,3548381184,83.915685,15.527997,5.4041538647901595,18.75,5.333333333333333,101.32788496481548,55.17578125,1637.8219813375772,1659.5703731782019,8851.041990283744
square_4096__t8__ra8__rb4__kj__fp32__ws1p000000,square_4096__t8__ra8__rb4__kj__fp32,square_4096,4096,4096,4096,1/8,512,512,512,1/8,1/4,64,128,kj,fp32,2,1.0,1.0,1310720,83886080,83886080,ok,,3548381184,83.915685,14.222726,5.900112608511195,18.75,5.333333333333333,110.6271114095849,55.17578125,1637.8219813375772,1811.8751479849925,9663.334122586626
square_4096__t8__ra8__rb4__kk__fp32__ws0p125000,square_4096__t8__ra8__rb4__kk__fp32,square_4096,4096,4096,4096,1/8,512,512,512,1/8,1/4,64,128,kk,fp32,2,0.125,0.125,1310720,83886080,10485760,ok,,3548381184,83.915685,17.357448,4.834563525698017,18.75,5.333333333333333,90.64806610683782,55.17578125,1637.8219813375772,1484.653952355208,7918.154412561109
square_4096__t8__ra8__rb4__kk__fp32__ws0p250000,square_4096__t8__ra8__rb4__kk__fp32,square_4096,4096,4096,4096,1/8,512,512,512,1/8,1/4,64,128,kk,fp32,2,0.25,0.25,1310720,83886080,20971520,ok,,3548381184,83.915685,17.038787,4.924979988305505,18.75,5.333333333333333,92.34337478072821,55.17578125,1637.8219813375772,1512.4200904677075,8066.240482494441
square_4096__t8__ra8__rb4__kk__fp32__ws0p500000,square_4096__t8__ra8__rb4__kk__fp32,square_4096,4096,4096,4096,1/8,512,512,512,1/8,1/4,64,128,kk,fp32,2,0.5,0.5,1310720,83886080,41943040,ok,,3548381184,83.915685,16.928492,4.957067942023424,18.75,5.333333333333333,92.94502391293919,55.17578125,1637.8219813375772,1522.2740322055856,8118.794838429791
square_4096__t8__ra8__rb4__kk__fp32__ws0p750000,square_4096__t8__ra8__rb4__kk__fp32,square_4096,4096,4096,4096,1/8,512,512,512,1/8,1/4,64,128,kk,fp32,2,0.75,0.75,1310720,83886080,62914560,ok,,3548381184,83.915685,16.946867,4.951693135964305,18.75,5.333333333333333,92.84424629933072,55.17578125,1637.8219813375772,1520.6234742976387,8109.99186292074
square_4096__t8__ra8__rb4__kk__fp32__ws1p000000,square_4096__t8__ra8__rb4__kk__fp32,square_4096,4096,4096,4096,1/8,512,512,512,1/8,1/4,64,128,kk,fp32,2,1.0,1.0,1310720,83886080,83886080,ok,,3548381184,83.915685,16.91218,4.961849093375307,18.75,5.333333333333333,93.03467050078702,55.17578125,1637.8219813375772,1523.7422837268762,8126.625513210006
square_4096__t8__ra8__rb4__ik__fp32__ws0p125000,square_4096__t8__ra8__rb4__ik__fp32,square_4096,4096,4096,4096,1/8,512,512,512,1/8,1/4,64,128,ik,fp32,2,0.125,0.125,2359296,150994944,18874368,ok,,3548381184,83.915685,24.330338,3.449014354013495,18.75,5.333333333333333,64.66901913775304,55.17578125,1637.8219813375772,1059.1634105535238,5648.871522952127
square_4096__t8__ra8__rb4__ik__fp32__ws0p250000,square_4096__t8__ra8__rb4__ik__fp32,square_4096,4096,4096,4096,1/8,512,512,512,1/8,1/4,64,128,ik,fp32,2,0.25,0.25,2359296,150994944,37748736,ok,,3548381184,83.915685,23.238408,3.6110771873873633,18.75,5.333333333333333,67.70769726351305,55.17578125,1637.8219813375772,1108.931548839318,5914.301593809696
square_4096__t8__ra8__rb4__ik__fp32__ws0p500000,square_4096__t8__ra8__rb4__ik__fp32,square_4096,4096,4096,4096,1/8,512,512,512,1/8,1/4,64,128,ik,fp32,2,0.5,0.5,2359296,150994944,75497472,ok,,3548381184,83.915685,23.629923,3.5512466545066603,18.75,5.333333333333333,66.58587477199988,55.17578125,1637.8219813375772,1090.5580934817265,5816.309831902541
square_4096__t8__ra8__rb4__ik__fp32__ws0p750000,square_4096__t8__ra8__rb4__ik__fp32,square_4096,4096,4096,4096,1/8,512,512,512,1/8,1/4,64,128,ik,fp32,2,0.75,0.75,2359296,150994944,113246208,ok,,3548381184,83.915685,23.430016,3.5815462097849187,18.75,5.333333333333333,67.15399143346723,55.17578125,1637.8219813375772,1099.8628330428796,5865.935109562025
square_4096__t8__ra8__rb4__ik__fp32__ws1p000000,square_4096__t8__ra8__rb4__ik__fp32,square_4096,4096,4096,4096,1/8,512,512,512,1/8,1/4,64,128,ik,fp32,2,1.0,1.0,2359296,150994944,150994944,ok,,3548381184,83.915685,24.103518,3.481470422699292,18.75,5.333333333333333,65.27757042561171,55.17578125,1637.8219813375772,1069.1303973137863,5702.028785673527
square_4096__t8__ra8__rb4__ij__fp32__ws0p125000,square_4096__t8__ra8__rb4__ij__fp32,square_4096,4096,4096,4096,1/8,512,512,512,1/8,1/4,64,128,ij,fp32,2,0.125,0.125,1310720,83886080,10485760,ok,,3548381184,83.915685,19.465262,4.3110483177673125,18.75,5.333333333333333,80.83215595813711,55.17578125,1637.8219813375772,1323.8868182714416,7060.729697447689
square_4096__t8__ra8__rb4__ij__fp32__ws0p250000,square_4096__t8__ra8__rb4__ij__fp32,square_4096,4096,4096,4096,1/8,512,512,512,1/8,1/4,64,128,ij,fp32,2,0.25,0.25,1310720,83886080,20971520,ok,,3548381184,83.915685,17.922855,4.6820489815936135,18.75,5.333333333333333,87.78841840488025,55.17578125,1637.8219813375772,1437.8180137037318,7668.362739753237
square_4096__t8__ra8__rb4__ij__fp32__ws0p500000,square_4096__t8__ra8__rb4__ij__fp32,square_4096,4096,4096,4096,1/8,512,512,512,1/8,1/4,64,128,ij,fp32,2,0.5,0.5,1310720,83886080,41943040,ok,,3548381184,83.915685,19.380037,4.330006439100194,18.75,5.333333333333333,81.18762073312863,55.17578125,1637.8219813375772,1329.708698492165,7091.779725291546
square_4096__t8__ra8__rb4__ij__fp32__ws0p750000,square_4096__t8__ra8__rb4__ij__fp32,square_4096,4096,4096,4096,1/8,512,512,512,1/8,1/4,64,128,ij,fp32,2,0.75,0.75,1310720,83886080,62914560,ok,,3548381184,83.915685,17.960623,4.672203464211681,18.75,5.333333333333333,87.60381495396902,55.17578125,1637.8219813375772,1434.7945378064,7652.237534967468
square_4096__t8__ra8__rb4__ij__fp32__ws1p000000,square_4096__t8__ra8__rb4__ij__fp32,square_4096,4096,4096,4096,1/8,512,512,512,1/8,1/4,64,128,ij,fp32,2,1.0,1.0,1310720,83886080,83886080,ok,,3548381184,83.915685,19.468885,4.310246066993564,18.75,5.333333333333333,80.81711375612933,55.17578125,1637.8219813375772,1323.640453780481,7059.415753495899
square_4096__t8__ra8__rb8__kj__fp32__ws0p125000,square_4096__t8__ra8__rb8__kj__fp32,square_4096,4096,4096,4096,1/8,512,512,512,1/8,1/8,64,64,kj,fp32,2,0.125,0.125,1179648,75497472,9437184,ok,,3581935616,83.915685,14.554483,5.765624584535225,15.625,6.4,90.08788413336289,51.85546875,1637.8219813375772,1475.479168858145,9443.066680692127
square_4096__t8__ra8__rb8__kj__fp32__ws0p250000,square_4096__t8__ra8__rb8__kj__fp32,square_4096,4096,4096,4096,1/8,512,512,512,1/8,1/8,64,64,kj,fp32,2,0.25,0.25,1179648,75497472,18874368,ok,,3581935616,83.915685,14.395137,5.829446777755571,15.625,6.4,91.0851059024308,51.85546875,1637.8219813375772,1491.8118861946225,9547.596071645585
square_4096__t8__ra8__rb8__kj__fp32__ws0p500000,square_4096__t8__ra8__rb8__kj__fp32,square_4096,4096,4096,4096,1/8,512,512,512,1/8,1/8,64,64,kj,fp32,2,0.5,0.5,1179648,75497472,37748736,ok,,3581935616,83.915685,14.302973,5.86700995660133,15.625,6.4,91.67203057189577,51.85546875,1637.8219813375772,1501.424667445013,9609.117871648083
square_4096__t8__ra8__rb8__kj__fp32__ws0p750000,square_4096__t8__ra8__rb8__kj__fp32,square_4096,4096,4096,4096,1/8,512,512,512,1/8,1/8,64,64,kj,fp32,2,0.75,0.75,1179648,75497472,56623104,ok,,3581935616,83.915685,14.294327,5.870558648896167,15.625,6.4,91.7274788890026,51.85546875,1637.8219813375772,1502.3328121708703,9614.92999789357
square_4096__t8__ra8__rb8__kj__fp32__ws1p000000,square_4096__t8__ra8__rb8__kj__fp32,square_4096,4096,4096,4096,1/8,512,512,512,1/8,1/8,64,64,kj,fp32,2,1.0,1.0,1179648,75497472,75497472,ok,,3581935616,83.915685,14.262083,5.883830924276629,15.625,6.4,91.93485819182233,51.85546875,1637.8219813375772,1505.7293159771964,9636.667622254057
square_4096__t8__ra8__rb8__kk__fp32__ws0p125000,square_4096__t8__ra8__rb8__kk__fp32,square_4096,4096,4096,4096,1/8,512,512,512,1/8,1/8,64,64,kk,fp32,2,0.125,0.125,1179648,75497472,9437184,ok,,3581935616,83.915685,14.143323,5.933236835501812,15.625,6.4,92.7068255547158,51.85546875,1637.8219813375772,1518.372767135418,9717.585709666675
square_4096__t8__ra8__rb8__kk__fp32__ws0p250000,square_4096__t8__ra8__rb8__kk__fp32,square_4096,4096,4096,4096,1/8,512,512,512,1/8,1/8,64,64,kk,fp32,2,0.25,0.25,1179648,75497472,18874368,ok,,3581935616,83.915685,14.205498,5.907268087327878,15.625,6.4,92.30106386449809,51.85546875,1637.8219813375772,1511.7271129811852,9675.053523079585
square_4096__t8__ra8__rb8__kk__fp32__ws0p500000,square_4096__t8__ra8__rb8__kk__fp32,square_4096,4096,4096,4096,1/8,512,512,512,1/8,1/8,64,64,kk,fp32,2,0.5,0.5,1179648,75497472,37748736,ok,,3581935616,83.915685,14.028227,5.981916674145635,15.625,6.4,93.46744803352554,51.85546875,1637.8219813375772,1530.8304092883584,9797.314619445493
square_4096__t8__ra8__rb8__kk__fp32__ws0p750000,square_4096__t8__ra8__rb8__kk__fp32,square_4096,4096,4096,4096,1/8,512,512,512,1/8,1/8,64,64,kk,fp32,2,0.75,0.75,1179648,75497472,56623104,ok,,3581935616,83.915685,14.01665,5.986857416001683,15.625,6.4,93.5446471250263,51.85546875,1637.8219813375772,1532.0947929783508,9805.406675061446
square_4096__t8__ra8__rb8__kk__fp32__ws1p000000,square_4096__t8__ra8__rb8__kk__fp32,square_4096,4096,4096,4096,1/8,512,512,512,1/8,1/8,64,64,kk,fp32,2,1.0,1.0,1179648,75497472,75497472,ok,,3581935616,83.915685,13.921716,6.027682578785546,15.625,6.4,94.18254029352417,51.85546875,1637.8219813375772,1542.5423475094594,9872.27102406054
square_4096__t8__ra8__rb8__ik__fp32__ws0p125000,square_4096__t8__ra8__rb8__ik__fp32,square_4096,4096,4096,4096,1/8,512,512,512,1/8,1/8,64,64,ik,fp32,2,0.125,0.125,1179648,75497472,9437184,ok,,3581935616,83.915685,11.58883,7.24108343982956,15.625,6.4,113.14192874733686,51.85546875,1637.8219813375772,1853.0633791331825,11859.605626452369
square_4096__t8__ra8__rb8__ik__fp32__ws0p250000,square_4096__t8__ra8__rb8__ik__fp32,square_4096,4096,4096,4096,1/8,512,512,512,1/8,1/8,64,64,ik,fp32,2,0.25,0.25,1179648,75497472,18874368,ok,,3581935616,83.915685,11.629919,7.2155003831067095,15.625,6.4,112.74219348604232,51.85546875,1637.8219813375772,1846.5164271565434,11817.705133801877
square_4096__t8__ra8__rb8__ik__fp32__ws0p500000,square_4096__t8__ra8__rb8__ik__fp32,square_4096,4096,4096,4096,1/8,512,512,512,1/8,1/8,64,64,ik,fp32,2,0.5,0.5,1179648,75497472,37748736,ok,,3581935616,83.915685,11.449129,7.32943833544019,15.625,6.4,114.52247399125295,51.85546875,1637.8219813375772,1875.6742526003507,12004.315216642244
square_4096__t8__ra8__rb8__ik__fp32__ws0p750000,square_4096__t8__ra8__rb8__ik__fp32,square_4096,4096,4096,4096,1/8,512,512,512,1/8,1/8,64,64,ik,fp32,2,0.75,0.75,1179648,75497472,56623104,ok,,3581935616,83.915685,11.453371,7.326723721775886,15.625,6.4,114.48005815274823,51.85546875,1637.8219813375772,1874.9795566737514,11999.869162712008
square_4096__t8__ra8__rb8__ik__fp32__ws1p000000,square_4096__t8__ra8__rb8__ik__fp32,square_4096,4096,4096,4096,1/8,512,512,512,1/8,1/8,64,64,ik,fp32,2,1.0,1.0,1179648,75497472,75497472,ok,,3581935616,83.915685,11.35219,7.3920261200702235,15.625,6.4,115.50040812609726,51.85546875,1637.8219813375772,1891.691072823834,12106.822866072538
square_4096__t8__ra8__rb8__ij__fp32__ws0p125000,square_4096__t8__ra8__rb8__ij__fp32,square_4096,4096,4096,4096,1/8,512,512,512,1/8,1/8,64,64,ij,fp32,2,0.125,0.125,1179648,75497472,9437184,ok,,3581935616,83.915685,17.519552,4.78983052762993,15.625,6.4,74.84110199421767,51.85546875,1637.8219813375772,1225.7640195365727,7844.889725034065
square_4096__t8__ra8__rb8__ij__fp32__ws0p250000,square_4096__t8__ra8__rb8__ij__fp32,square_4096,4096,4096,4096,1/8,512,512,512,1/8,1/8,64,64,ij,fp32,2,0.25,0.25,1179648,75497472,18874368,ok,,3581935616,83.915685,17.398835,4.823063440741866,15.625,6.4,75.36036626159165,51.85546875,1637.8219813375772,1234.2686438488554,7899.319320632674
square_4096__t8__ra8__rb8__ij__fp32__ws0p500000,square_4096__t8__ra8__rb8__ij__fp32,square_4096,4096,4096,4096,1/8,512,512,512,1/8,1/8,64,64,ij,fp32,2,0.5,0.5,1179648,75497472,37748736,ok,,3581935616,83.915685,17.3669,4.831932296495056,15.625,6.4,75.49894213273525,51.85546875,1637.8219813375772,1236.5382699272755,7913.844927534563
square_4096__t8__ra8__rb8__ij__fp32__ws0p750000,square_4096__t8__ra8__rb8__ij__fp32,square_4096,4096,4096,4096,1/8,512,512,512,1/8,1/8,64,64,ij,fp32,2,0.75,0.75,1179648,75497472,56623104,ok,,3581935616,83.915685,17.361896,4.833324943312642,15.625,6.4,75.52070223926003,51.85546875,1637.8219813375772,1236.8946617351007,7916.125835104645
square_4096__t8__ra8__rb8__ij__fp32__ws1p000000,square_4096__t8__ra8__rb8__ij__fp32,square_4096,4096,4096,4096,1/8,512,512,512,1/8,1/8,64,64,ij,fp32,2,1.0,1.0,1179648,75497472,75497472,ok,,3581935616,83.915685,17.362957,4.833029592827995,15.625,6.4,75.51608738793743,51.85546875,1637.8219813375772,1236.819078685733,7915.6421035886915
square_4096__t4__ra2__rb2__kj__fp32__ws0p125000,square_4096__t4__ra2__rb2__kj__fp32,square_4096,4096,4096,4096,1/4,1024,1024,1024,1/2,1/2,512,512,kj,fp32,2,0.125,0.125,12582912,201326592,25165824,ok,,3481272320,83.915685,76.784878,1.092867335154195,100.0,1.0,109.28673351541953,56.0546875,1637.8219813375772,1789.9221442013622,1789.9221442013622
square_4096__t4__ra2__rb2__kj__fp32__ws0p250000,square_4096__t4__ra2__rb2__kj__fp32,square_4096,4096,4096,4096,1/4,1024,1024,1024,1/2,1/2,512,512,kj,fp32,2,0.25,0.25,12582912,201326592,50331648,ok,,3481272320,83.915685,76.8591,1.0918119650112998,100.0,1.0,109.18119650112999,56.0546875,1637.8219813375772,1788.1936357828806,1788.1936357828806
square_4096__t4__ra2__rb2__kj__fp32__ws0p500000,square_4096__t4__ra2__rb2__kj__fp32,square_4096,4096,4096,4096,1/4,1024,1024,1024,1/2,1/2,512,512,kj,fp32,2,0.5,0.5,12582912,201326592,100663296,ok,,3481272320,83.915685,76.871484,1.0916360740479525,100.0,1.0,109.16360740479524,56.0546875,1637.8219813375772,1787.9055576967917,1787.9055576967917
square_4096__t4__ra2__rb2__kj__fp32__ws0p750000,square_4096__t4__ra2__rb2__kj__fp32,square_4096,4096,4096,4096,1/4,1024,1024,1024,1/2,1/2,512,512,kj,fp32,2,0.75,0.75,12582912,201326592,150994944,ok,,3481272320,83.915685,77.560156,1.0819432209496844,100.0,1.0,108.19432209496844,56.0546875,1637.8219813375772,1772.0303898305722,1772.0303898305722
square_4096__t4__ra2__rb2__kj__fp32__ws1p000000,square_4096__t4__ra2__rb2__kj__fp32,square_4096,4096,4096,4096,1/4,1024,1024,1024,1/2,1/2,512,512,kj,fp32,2,1.0,1.0,12582912,201326592,201326592,ok,,3481272320,83.915685,77.700878,1.0799837422686522,100.0,1.0,107.99837422686525,56.0546875,1637.8219813375772,1768.8211125748155,1768.8211125748155
square_4096__t4__ra2__rb2__kk__fp32__ws0p125000,square_4096__t4__ra2__rb2__kk__fp32,square_4096,4096,4096,4096,1/4,1024,1024,1024,1/2,1/2,512,512,kk,fp32,2,0.125,0.125,12582912,201326592,25165824,ok,,3481272320,83.915685,77.150327,1.0876905939750585,100.0,1.0,108.76905939750586,56.0546875,1637.8219813375772,1781.4435637064767,1781.4435637064767
square_4096__t4__ra2__rb2__kk__fp32__ws0p250000,square_4096__t4__ra2__rb2__kk__fp32,square_4096,4096,4096,4096,1/4,1024,1024,1024,1/2,1/2,512,512,kk,fp32,2,0.25,0.25,12582912,201326592,50331648,ok,,3481272320,83.915685,77.08214,1.0886527670352693,100.0,1.0,108.8652767035269,56.0546875,1637.8219813375772,1783.0194318943402,1783.0194318943402
square_4096__t4__ra2__rb2__kk__fp32__ws0p500000,square_4096__t4__ra2__rb2__kk__fp32,square_4096,4096,4096,4096,1/4,1024,1024,1024,1/2,1/2,512,512,kk,fp32,2,0.5,0.5,12582912,201326592,100663296,ok,,3481272320,83.915685,77.397523,1.0842166744793627,100.0,1.0,108.42166744793627,56.0546875,1637.8219813375772,1775.7539019950289,1775.7539019950289
square_4096__t4__ra2__rb2__kk__fp32__ws0p750000,square_4096__t4__ra2__rb2__kk__fp32,square_4096,4096,4096,4096,1/4,1024,1024,1024,1/2,1/2,512,512,kk,fp32,2,0.75,0.75,12582912,201326592,150994944,ok,,3481272320,83.915685,77.948399,1.0765543112694336,100.0,1.0,107.65543112694334,56.0546875,1637.8219813375772,1763.2043151008143,1763.2043151008143
square_4096__t4__ra2__rb2__kk__fp32__ws1p000000,square_4096__t4__ra2__rb2__kk__fp32,square_4096,4096,4096,4096,1/4,1024,1024,1024,1/2,1/2,512,512,kk,fp32,2,1.0,1.0,12582912,201326592,201326592,ok,,3481272320,83.915685,78.002627,1.075805882794178,100.0,1.0,107.58058827941781,56.0546875,1637.8219813375772,1761.9785224925822,1761.9785224925822
square_4096__t4__ra2__rb2__ik__fp32__ws0p125000,square_4096__t4__ra2__rb2__ik__fp32,square_4096,4096,4096,4096,1/4,1024,1024,1024,1/2,1/2,512,512,ik,fp32,2,0.125,0.125,12582912,201326592,25165824,ok,,3481272320,83.915685,73.639102,1.1395533449063515,100.0,1.0,113.95533449063515,56.0546875,1637.8219813375772,1866.385517194384,1866.385517194384
square_4096__t4__ra2__rb2__ik__fp32__ws0p250000,square_4096__t4__ra2__rb2__ik__fp32,square_4096,4096,4096,4096,1/4,1024,1024,1024,1/2,1/2,512,512,ik,fp32,2,0.25,0.25,12582912,201326592,50331648,ok,,3481272320,83.915685,73.519921,1.1414006416029745,100.0,1.0,114.14006416029746,56.0546875,1637.8219813375772,1869.4110603301656,1869.4110603301656
square_4096__t4__ra2__rb2__ik__fp32__ws0p500000,square_4096__t4__ra2__rb2__ik__fp32,square_4096,4096,4096,4096,1/4,1024,1024,1024,1/2,1/2,512,512,ik,fp32,2,0.5,0.5,12582912,201326592,100663296,ok,,3481272320,83.915685,74.25563,1.1300918866353973,100.0,1.0,113.0091886635397,56.0546875,1637.8219813375772,1850.8893328627069,1850.8893328627069
square_4096__t4__ra2__rb2__ik__fp32__ws0p750000,square_4096__t4__ra2__rb2__ik__fp32,square_4096,4096,4096,4096,1/4,1024,1024,1024,1/2,1/2,512,512,ik,fp32,2,0.75,0.75,12582912,201326592,150994944,ok,,3481272320,83.915685,75.048386,1.1181544263989902,100.0,1.0,111.815442639899,56.0546875,1637.8219813375772,1831.337898086176,1831.337898086176
square_4096__t4__ra2__rb2__ik__fp32__ws1p000000,square_4096__t4__ra2__rb2__ik__fp32,square_4096,4096,4096,4096,1/4,1024,1024,1024,1/2,1/2,512,512,ik,fp32,2,1.0,1.0,12582912,201326592,201326592,ok,,3481272320,83.915685,75.058366,1.1180057530162593,100.0,1.0,111.80057530162593,56.0546875,1637.8219813375772,1831.0943975518999,1831.0943975518999
square_4096__t4__ra2__rb2__ij__fp32__ws0p125000,square_4096__t4__ra2__rb2__ij__fp32,square_4096,4096,4096,4096,1/4,1024,1024,1024,1/2,1/2,512,512,ij,fp32,2,0.125,0.125,12582912,201326592,25165824,ok,,3481272320,83.915685,79.082627,1.0611140295073909,100.0,1.0,106.1114029507391,56.0546875,1637.8219813375772,1737.9158822328955,1737.9158822328955
square_4096__t4__ra2__rb2__ij__fp32__ws0p250000,square_4096__t4__ra2__rb2__ij__fp32,square_4096,4096,4096,4096,1/4,1024,1024,1024,1/2,1/2,512,512,ij,fp32,2,0.25,0.25,12582912,201326592,50331648,ok,,3481272320,83.915685,78.915348,1.0633633016482422,100.0,1.0,106.3363301648242,56.0546875,1637.8219813375772,1741.5997895871915,1741.5997895871915
square_4096__t4__ra2__rb2__ij__fp32__ws0p500000,square_4096__t4__ra2__rb2__ij__fp32,square_4096,4096,4096,4096,1/4,1024,1024,1024,1/2,1/2,512,512,ij,fp32,2,0.5,0.5,12582912,201326592,100663296,ok,,3481272320,83.915685,79.47236,1.055910319009024,100.0,1.0,105.5910319009024,56.0546875,1637.8219813375772,1729.3931307941527,1729.3931307941527
square_4096__t4__ra2__rb2__ij__fp32__ws0p750000,square_4096__t4__ra2__rb2__ij__fp32,square_4096,4096,4096,4096,1/4,1024,1024,1024,1/2,1/2,512,512,ij,fp32,2,0.75,0.75,12582912,201326592,150994944,ok,,3481272320,83.915685,79.073621,1.0612348838811871,100.0,1.0,106.12348838811869,56.0546875,1637.8219813375772,1738.1138201828394,1738.1138201828394
square_4096__t4__ra2__rb2__ij__fp32__ws1p000000,square_4096__t4__ra2__rb2__ij__fp32,square_4096,4096,4096,4096,1/4,1024,1024,1024,1/2,1/2,512,512,ij,fp32,2,1.0,1.0,12582912,201326592,201326592,ok,,3481272320,83.915685,79.055477,1.0614784475969956,100.0,1.0,106.14784475969957,56.0546875,1637.8219813375772,1738.512734190447,1738.512734190447
square_4096__t4__ra2__rb4__kj__fp32__ws0p125000,square_4096__t4__ra2__rb4__kj__fp32,square_4096,4096,4096,4096,1/4,1024,1024,1024,1/2,1/4,512,256,kj,fp32,2,0.125,0.125,10485760,167772160,20971520,ok,,3514826752,83.915685,59.309148,1.41488603073509,50.0,2.0,70.74430153675449,56.0546875,1637.8219813375772,1158.6657211127026,2317.331442225405
square_4096__t4__ra2__rb4__kj__fp32__ws0p250000,square_4096__t4__ra2__rb4__kj__fp32,square_4096,4096,4096,4096,1/4,1024,1024,1024,1/2,1/4,512,256,kj,fp32,2,0.25,0.25,10485760,167772160,41943040,ok,,3514826752,83.915685,59.171222,1.4181840794161729,50.0,2.0,70.90920397080865,56.0546875,1637.8219813375772,1161.3665294254022,2322.7330588508044
square_4096__t4__ra2__rb4__kj__fp32__ws0p500000,square_4096__t4__ra2__rb4__kj__fp32,square_4096,4096,4096,4096,1/4,1024,1024,1024,1/2,1/4,512,256,kj,fp32,2,0.5,0.5,10485760,167772160,83886080,ok,,3514826752,83.915685,59.25556,1.4161655885118627,50.0,2.0,70.80827942559314,56.0546875,1637.8219813375772,1159.7135650392977,2319.4271300785954
square_4096__t4__ra2__rb4__kj__fp32__ws0p750000,square_4096__t4__ra2__rb4__kj__fp32,square_4096,4096,4096,4096,1/4,1024,1024,1024,1/2,1/4,512,256,kj,fp32,2,0.75,0.75,10485760,167772160,125829120,ok,,3514826752,83.915685,59.543488,1.4093175898597003,50.0,2.0,70.46587949298501,56.0546875,1637.8219813375772,1154.1056636789567,2308.2113273579134
square_4096__t4__ra2__rb4__kj__fp32__ws1p000000,square_4096__t4__ra2__rb4__kj__fp32,square_4096,4096,4096,4096,1/4,1024,1024,1024,1/2,1/4,512,256,kj,fp32,2,1.0,1.0,10485760,167772160,167772160,ok,,3514826752,83.915685,60.148009,1.3951531629251435,50.0,2.0,69.75765814625717,56.0546875,1637.8219813375772,1142.506258785723,2285.012517571446
square_4096__t4__ra2__rb4__kk__fp32__ws0p125000,square_4096__t4__ra2__rb4__kk__fp32,square_4096,4096,4096,4096,1/4,1024,1024,1024,1/2,1/4,512,256,kk,fp32,2,0.125,0.125,6291456,100663296,12582912,ok,,3514826752,83.915685,37.81708,2.2189890123721874,50.0,2.0,110.94945061860938,56.0546875,1637.8219813375772,1817.1544904048646,3634.3089808097293
square_4096__t4__ra2__rb4__kk__fp32__ws0p250000,square_4096__t4__ra2__rb4__kk__fp32,square_4096,4096,4096,4096,1/4,1024,1024,1024,1/2,1/4,512,256,kk,fp32,2,0.25,0.25,6291456,100663296,25165824,ok,,3514826752,83.915685,37.549188,2.2348202309994027,50.0,2.0,111.74101154997014,56.0546875,1637.8219813375772,1830.1188493343718,3660.2376986687436
square_4096__t4__ra2__rb4__kk__fp32__ws0p500000,square_4096__t4__ra2__rb4__kk__fp32,square_4096,4096,4096,4096,1/4,1024,1024,1024,1/2,1/4,512,256,kk,fp32,2,0.5,0.5,6291456,100663296,50331648,ok,,3514826752,83.915685,37.652427,2.2286925886610174,50.0,2.0,111.43462943305089,56.0546875,1637.8219813375772,1825.100855676581,3650.201711353162
square_4096__t4__ra2__rb4__kk__fp32__ws0p750000,square_4096__t4__ra2__rb4__kk__fp32,square_4096,4096,4096,4096,1/4,1024,1024,1024,1/2,1/4,512,256,kk,fp32,2,0.75,0.75,6291456,100663296,75497472,ok,,3514826752,83.915685,37.836643,2.217841709688674,50.0,2.0,110.8920854844337,56.0546875,1637.8219813375772,1816.2149516277118,3632.4299032554236
square_4096__t4__ra2__rb4__kk__fp32__ws1p000000,square_4096__t4__ra2__rb4__kk__fp32,square_4096,4096,4096,4096,1/4,1024,1024,1024,1/2,1/4,512,256,kk,fp32,2,1.0,1.0,6291456,100663296,100663296,ok,,3514826752,83.915685,37.601398,2.2317171558355353,50.0,2.0,111.58585779177676,56.0546875,1637.8219813375772,1827.5777069778096,3655.155413955619
square_4096__t4__ra2__rb4__ik__fp32__ws0p125000,square_4096__t4__ra2__rb4__ik__fp32,square_4096,4096,4096,4096,1/4,1024,1024,1024,1/2,1/4,512,256,ik,fp32,2,0.125,0.125,6291456,100663296,12582912,ok,,3514826752,83.915685,37.765294,2.222031821068307,50.0,2.0,111.10159105341533,56.0546875,1637.8219813375772,1819.6462798886193,3639.2925597772387
square_4096__t4__ra2__rb4__ik__fp32__ws0p250000,square_4096__t4__ra2__rb4__ik__fp32,square_4096,4096,4096,4096,1/4,1024,1024,1024,1/2,1/4,512,256,ik,fp32,2,0.25,0.25,6291456,100663296,25165824,ok,,3514826752,83.915685,37.522973,2.2363815628361854,50.0,2.0,111.81907814180927,56.0546875,1637.8219813375772,1831.3974411355944,3662.7948822711887
square_4096__t4__ra2__rb4__ik__fp32__ws0p500000,square_4096__t4__ra2__rb4__ik__fp32,square_4096,4096,4096,4096,1/4,1024,1024,1024,1/2,1/4,512,256,ik,fp32,2,0.5,0.5,6291456,100663296,50331648,ok,,3514826752,83.915685,37.697762,2.2260123823796225,50.0,2.0,111.3006191189811,56.0546875,1637.8219813375772,1822.9060052954867,3645.8120105909734
square_4096__t4__ra2__rb4__ik__fp32__ws0p750000,square_4096__t4__ra2__rb4__ik__fp32,square_4096,4096,4096,4096,1/4,1024,1024,1024,1/2,1/4,512,256,ik,fp32,2,0.75,0.75,6291456,100663296,75497472,ok,,3514826752,83.915685,37.771901,2.2216431468461173,50.0,2.0,111.08215734230586,56.0546875,1637.8219813375772,1819.3279902962788,3638.6559805925576
square_4096__t4__ra2__rb4__ik__fp32__ws1p000000,square_4096__t4__ra2__rb4__ik__fp32,square_4096,4096,4096,4096,1/4,1024,1024,1024,1/2,1/4,512,256,ik,fp32,2,1.0,1.0,6291456,100663296,100663296,ok,,3514826752,83.915685,37.722579,2.224547929238878,50.0,2.0,111.22739646194393,56.0546875,1637.8219813375772,1821.7067485232121,3643.4134970464243
square_4096__t4__ra2__rb4__ij__fp32__ws0p125000,square_4096__t4__ra2__rb4__ij__fp32,square_4096,4096,4096,4096,1/4,1024,1024,1024,1/2,1/4,512,256,ij,fp32,2,0.125,0.125,10485760,167772160,20971520,ok,,3514826752,83.915685,60.897096,1.3779915712236919,50.0,2.0,68.89957856118458,56.0546875,1637.8219813375772,1128.452442724034,2256.904885448068
square_4096__t4__ra2__rb4__ij__fp32__ws0p250000,square_4096__t4__ra2__rb4__ij__fp32,square_4096,4096,4096,4096,1/4,1024,1024,1024,1/2,1/4,512,256,ij,fp32,2,0.25,0.25,10485760,167772160,41943040,ok,,3514826752,83.915685,61.050598,1.3745268310066348,50.0,2.0,68.72634155033174,56.0546875,1637.8219813375772,1125.6151288804738,2251.2302577609476
square_4096__t4__ra2__rb4__ij__fp32__ws0p500000,square_4096__t4__ra2__rb4__ij__fp32,square_4096,4096,4096,4096,1/4,1024,1024,1024,1/2,1/4,512,256,ij,fp32,2,0.5,0.5,10485760,167772160,83886080,ok,,3514826752,83.915685,61.055151,1.374424329898062,50.0,2.0,68.7212164949031,56.0546875,1637.8219813375772,1125.5311895961079,2251.0623791922158
square_4096__t4__ra2__rb4__ij__fp32__ws0p750000,square_4096__t4__ra2__rb4__ij__fp32,square_4096,4096,4096,4096,1/4,1024,1024,1024,1/2,1/4,512,256,ij,fp32,2,0.75,0.75,10485760,167772160,125829120,ok,,3514826752,83.915685,61.057374,1.3743742893364526,50.0,2.0,68.71871446682263,56.0546875,1637.8219813375772,1125.4902108302267,2250.9804216604534
square_4096__t4__ra2__rb4__ij__fp32__ws1p000000,square_4096__t4__ra2__rb4__ij__fp32,square_4096,4096,4096,4096,1/4,1024,1024,1024,1/2,1/4,512,256,ij,fp32,2,1.0,1.0,10485760,167772160,167772160,ok,,3514826752,83.915685,61.267398,1.3696629486370548,50.0,2.0,68.48314743185273,56.0546875,1637.8219813375772,1121.6320421507046,2243.264084301409
square_4096__t4__ra2__rb8__kj__fp32__ws0p125000,square_4096__t4__ra2__rb8__kj__fp32,square_4096,4096,4096,4096,1/4,1024,1024,1024,1/2,1/8,512,128,kj,fp32,2,0.125,0.125,9437184,150994944,18874368,ok,,3514826752,83.915685,50.517535,1.6611199457772434,25.0,4.0,41.52799864443108,56.0546875,1637.8219813375772,680.1546902080634,2720.6187608322534
square_4096__t4__ra2__rb8__kj__fp32__ws0p250000,square_4096__t4__ra2__rb8__kj__fp32,square_4096,4096,4096,4096,1/4,1024,1024,1024,1/2,1/8,512,128,kj,fp32,2,0.25,0.25,9437184,150994944,37748736,ok,,3514826752,83.915685,50.222027,1.6708940282318752,25.0,4.0,41.77235070579688,56.0546875,1637.8219813375772,684.1567419809638,2736.6269679238553
square_4096__t4__ra2__rb8__kj__fp32__ws0p500000,square_4096__t4__ra2__rb8__kj__fp32,square_4096,4096,4096,4096,1/4,1024,1024,1024,1/2,1/8,512,128,kj,fp32,2,0.5,0.5,9437184,150994944,75497472,ok,,3514826752,83.915685,50.446014,1.6634750368978608,25.0,4.0,41.58687592244652,56.0546875,1637.8219813375772,681.1189952094134,2724.4759808376534
square_4096__t4__ra2__rb8__kj__fp32__ws0p750000,square_4096__t4__ra2__rb8__kj__fp32,square_4096,4096,4096,4096,1/4,1024,1024,1024,1/2,1/8,512,128,kj,fp32,2,0.75,0.75,9437184,150994944,113246208,ok,,3514826752,83.915685,50.295073,1.6684673069268632,25.0,4.0,41.71168267317159,56.0546875,1637.8219813375772,683.1631076069817,2732.652430427927
square_4096__t4__ra2__rb8__kj__fp32__ws1p000000,square_4096__t4__ra2__rb8__kj__fp32,square_4096,4096,4096,4096,1/4,1024,1024,1024,1/2,1/8,512,128,kj,fp32,2,1.0,1.0,9437184,150994944,150994944,ok,,3514826752,83.915685,50.715307,1.654642157642859,25.0,4.0,41.36605394107148,56.0546875,1637.8219813375772,677.5023242588278,2710.009297035311
square_4096__t4__ra2__rb8__kk__fp32__ws0p125000,square_4096__t4__ra2__rb8__kk__fp32,square_4096,4096,4096,4096,1/4,1024,1024,1024,1/2,1/8,512,128,kk,fp32,2,0.125,0.125,3145728,50331648,6291456,ok,,3514826752,83.915685,19.566667,4.288706144996488,25.0,4.0,107.2176536249122,56.0546875,1637.8219813375772,1756.0342989431977,7024.137195772791
square_4096__t4__ra2__rb8__kk__fp32__ws0p250000,square_4096__t4__ra2__rb8__kk__fp32,square_4096,4096,4096,4096,1/4,1024,1024,1024,1/2,1/8,512,128,kk,fp32,2,0.25,0.25,3145728,50331648,12582912,ok,,3514826752,83.915685,19.146822,4.382747434535089,25.0,4.0,109.5686858633772,56.0546875,1637.8219813375772,1794.5400217331105,7178.160086932442
square_4096__t4__ra2__rb8__kk__fp32__ws0p500000,square_4096__t4__ra2__rb8__kk__fp32,square_4096,4096,4096,4096,1/4,1024,1024,1024,1/2,1/8,512,128,kk,fp32,2,0.5,0.5,3145728,50331648,25165824,ok,,3514826752,83.915685,17.846624,4.702048129663067,25.0,4.0,117.55120324157666,56.0546875,1637.8219813375772,1925.2794460173532,7701.117784069413
square_4096__t4__ra2__rb8__kk__fp32__ws0p750000,square_4096__t4__ra2__rb8__kk__fp32,square_4096,4096,4096,4096,1/4,1024,1024,1024,1/2,1/8,512,128,kk,fp32,2,0.75,0.75,3145728,50331648,37748736,ok,,3514826752,83.915685,19.353017,4.336051841426068,25.0,4.0,108.4012960356517,56.0546875,1637.8219813375772,1775.420254526723,7101.681018106892
square_4096__t4__ra2__rb8__kk__fp32__ws1p000000,square_4096__t4__ra2__rb8__kk__fp32,square_4096,4096,4096,4096,1/4,1024,1024,1024,1/2,1/8,512,128,kk,fp32,2,1.0,1.0,3145728,50331648,50331648,ok,,3514826752,83.915685,17.967536,4.670405836392925,25.0,4.0,116.76014590982314,56.0546875,1637.8219813375772,1912.3233351529113,7649.293340611645
square_4096__t4__ra2__rb8__ik__fp32__ws0p125000,square_4096__t4__ra2__rb8__ik__fp32,square_4096,4096,4096,4096,1/4,1024,1024,1024,1/2,1/8,512,128,ik,fp32,2,0.125,0.125,3145728,50331648,6291456,ok,,3514826752,83.915685,20.41613,4.110264041226227,25.0,4.0,102.75660103065564,56.0546875,1637.8219813375772,1682.9701989554337,6731.880795821735
square_4096__t4__ra2__rb8__ik__fp32__ws0p250000,square_4096__t4__ra2__rb8__ik__fp32,square_4096,4096,4096,4096,1/4,1024,1024,1024,1/2,1/8,512,128,ik,fp32,2,0.25,0.25,3145728,50331648,12582912,ok,,3514826752,83.915685,19.413089,4.322634331919047,25.0,4.0,108.06585829797616,56.0546875,1637.8219813375772,1769.9263815253719,7079.7055261014875
square_4096__t4__ra2__rb8__ik__fp32__ws0p500000,square_4096__t4__ra2__rb8__ik__fp32,square_4096,4096,4096,4096,1/4,1024,1024,1024,1/2,1/8,512,128,ik,fp32,2,0.5,0.5,3145728,50331648,25165824,ok,,3514826752,83.915685,19.236855,4.36223514706536,25.0,4.0,109.05587867663398,56.0546875,1637.8219813375772,1786.1411529067511,7144.5646116270045
square_4096__t4__ra2__rb8__ik__fp32__ws0p750000,square_4096__t4__ra2__rb8__ik__fp32,square_4096,4096,4096,4096,1/4,1024,1024,1024,1/2,1/8,512,128,ik,fp32,2,0.75,0.75,3145728,50331648,37748736,ok,,3514826752,83.915685,19.256173,4.357858905816851,25.0,4.0,108.94647264542128,56.0546875,1637.8219813375772,1784.3492768786405,7137.397107514562
square_4096__t4__ra2__rb8__ik__fp32__ws1p000000,square_4096__t4__ra2__rb8__ik__fp32,square_4096,4096,4096,4096,1/4,1024,1024,1024,1/2,1/8,512,128,ik,fp32,2,1.0,1.0,3145728,50331648,50331648,ok,,3514826752,83.915685,19.1836,4.374345013448988,25.0,4.0,109.35862533622469,56.0546875,1637.8219813375772,1791.0996042452928,7164.398416981171
square_4096__t4__ra2__rb8__ij__fp32__ws0p125000,square_4096__t4__ra2__rb8__ij__fp32,square_4096,4096,4096,4096,1/4,1024,1024,1024,1/2,1/8,512,128,ij,fp32,2,0.125,0.125,9437184,150994944,18874368,ok,,3514826752,83.915685,52.503467,1.5982884520749838,25.0,4.0,39.957211301874594,56.0546875,1637.8219813375772,654.4279898316048,2617.711959326419
square_4096__t4__ra2__rb8__ij__fp32__ws0p250000,square_4096__t4__ra2__rb8__ij__fp32,square_4096,4096,4096,4096,1/4,1024,1024,1024,1/2,1/8,512,128,ij,fp32,2,0.25,0.25,9437184,150994944,37748736,ok,,3514826752,83.915685,51.725517,1.6223266555267102,25.0,4.0,40.55816638816776,56.0546875,1637.8219813375772,664.2705643328804,2657.0822573315218
square_4096__t4__ra2__rb8__ij__fp32__ws0p500000,square_4096__t4__ra2__rb8__ij__fp32,square_4096,4096,4096,4096,1/4,1024,1024,1024,1/2,1/8,512,128,ij,fp32,2,0.5,0.5,9437184,150994944,75497472,ok,,3514826752,83.915685,51.887527,1.6172612157831303,25.0,4.0,40.43153039457826,56.0546875,1637.8219813375772,662.1964921935863,2648.7859687743453
square_4096__t4__ra2__rb8__ij__fp32__ws0p750000,square_4096__t4__ra2__rb8__ij__fp32,square_4096,4096,4096,4096,1/4,1024,1024,1024,1/2,1/8,512,128,ij,fp32,2,0.75,0.75,9437184,150994944,113246208,ok,,3514826752,83.915685,51.888355,1.617235408599868,25.0,4.0,40.4308852149967,56.0546875,1637.8219813375772,662.1859253005805,2648.743701202322
square_4096__t4__ra2__rb8__ij__fp32__ws1p000000,square_4096__t4__ra2__rb8__ij__fp32,square_4096,4096,4096,4096,1/4,1024,1024,1024,1/2,1/8,512,128,ij,fp32,2,1.0,1.0,9437184,150994944,150994944,ok,,3514826752,83.915685,51.865312,1.6179539226525812,25.0,4.0,40.44884806631453,56.0546875,1637.8219813375772,662.480124827939,2649.920499311756
square_4096__t4__ra4__rb2__kj__fp32__ws0p125000,square_4096__t4__ra4__rb2__kj__fp32,square_4096,4096,4096,4096,1/4,1024,1024,1024,1/4,1/2,256,512,kj,fp32,2,0.125,0.125,6291456,100663296,12582912,ok,,3514826752,83.915685,39.39681,2.1300121761127357,50.0,2.0,106.50060880563679,56.0546875,1637.8219813375772,1744.2903812770628,3488.5807625541256
square_4096__t4__ra4__rb2__kj__fp32__ws0p250000,square_4096__t4__ra4__rb2__kj__fp32,square_4096,4096,4096,4096,1/4,1024,1024,1024,1/4,1/2,256,512,kj,fp32,2,0.25,0.25,6291456,100663296,25165824,ok,,3514826752,83.915685,39.113517,2.1454395164720164,50.0,2.0,107.27197582360081,56.0546875,1637.8219813375772,1756.9239998540659,3513.8479997081317
square_4096__t4__ra4__rb2__kj__fp32__ws0p500000,square_4096__t4__ra4__rb2__kj__fp32,square_4096,4096,4096,4096,1/4,1024,1024,1024,1/4,1/2,256,512,kj,fp32,2,0.5,0.5,6291456,100663296,50331648,ok,,3514826752,83.915685,39.213452,2.139971890258476,50.0,2.0,106.99859451292377,56.0546875,1637.8219813375772,1752.4465006549283,3504.8930013098566
square_4096__t4__ra4__rb2__kj__fp32__ws0p750000,square_4096__t4__ra4__rb2__kj__fp32,square_4096,4096,4096,4096,1/4,1024,1024,1024,1/4,1/2,256,512,kj,fp32,2,0.75,0.75,6291456,100663296,75497472,ok,,3514826752,83.915685,39.085972,2.146951468931104,50.0,2.0,107.34757344655519,56.0546875,1637.8219813375772,1758.1621543401811,3516.3243086803623
square_4096__t4__ra4__rb2__kj__fp32__ws1p000000,square_4096__t4__ra4__rb2__kj__fp32,square_4096,4096,4096,4096,1/4,1024,1024,1024,1/4,1/2,256,512,kj,fp32,2,1.0,1.0,6291456,100663296,100663296,ok,,3514826752,83.915685,39.073061,2.147660890965261,50.0,2.0,107.38304454826306,56.0546875,1637.8219813375772,1758.7431078409752,3517.4862156819504
square_4096__t4__ra4__rb2__kk__fp32__ws0p125000,square_4096__t4__ra4__rb2__kk__fp32,square_4096,4096,4096,4096,1/4,1024,1024,1024,1/4,1/2,256,512,kk,fp32,2,0.125,0.125,6291456,100663296,12582912,ok,,3514826752,83.915685,39.557364,2.1213669596386655,50.0,2.0,106.06834798193327,56.0546875,1637.8219813375772,1737.2107184897357,3474.4214369794713
square_4096__t4__ra4__rb2__kk__fp32__ws0p250000,square_4096__t4__ra4__rb2__kk__fp32,square_4096,4096,4096,4096,1/4,1024,1024,1024,1/4,1/2,256,512,kk,fp32,2,0.25,0.25,6291456,100663296,25165824,ok,,3514826752,83.915685,39.22997,2.1390708430314884,50.0,2.0,106.95354215157442,56.0546875,1637.8219813375772,1751.7086231776368,3503.4172463552736
square_4096__t4__ra4__rb2__kk__fp32__ws0p500000,square_4096__t4__ra4__rb2__kk__fp32,square_4096,4096,4096,4096,1/4,1024,1024,1024,1/4,1/2,256,512,kk,fp32,2,0.5,0.5,6291456,100663296,50331648,ok,,3514826752,83.915685,39.347442,2.1326846355094697,50.0,2.0,106.63423177547348,56.0546875,1637.8219813375772,1746.478887649164,3492.957775298328
square_4096__t4__ra4__rb2__kk__fp32__ws0p750000,square_4096__t4__ra4__rb2__kk__fp32,square_4096,4096,4096,4096,1/4,1024,1024,1024,1/4,1/2,256,512,kk,fp32,2,0.75,0.75,6291456,100663296,75497472,ok,,3514826752,83.915685,39.395709,2.130071704002078,50.0,2.0,106.5035852001039,56.0546875,1637.8219813375772,1744.3391293198963,3488.6782586397926
square_4096__t4__ra4__rb2__kk__fp32__ws1p000000,square_4096__t4__ra4__rb2__kk__fp32,square_4096,4096,4096,4096,1/4,1024,1024,1024,1/4,1/2,256,512,kk,fp32,2,1.0,1.0,6291456,100663296,100663296,ok,,3514826752,83.915685,38.999421,2.1517161754786054,50.0,2.0,107.58580877393027,56.0546875,1637.8219813375772,1762.0640248992415,3524.128049798483
square_4096__t4__ra4__rb2__ik__fp32__ws0p125000,square_4096__t4__ra4__rb2__ik__fp32,square_4096,4096,4096,4096,1/4,1024,1024,1024,1/4,1/2,256,512,ik,fp32,2,0.125,0.125,10485760,167772160,20971520,ok,,3514826752,83.915685,54.13981,1.5499811506542043,50.0,2.0,77.49905753271021,56.0546875,1637.8219813375772,1269.2965996001833,2538.5931992003666
square_4096__t4__ra4__rb2__ik__fp32__ws0p250000,square_4096__t4__ra4__rb2__ik__fp32,square_4096,4096,4096,4096,1/4,1024,1024,1024,1/4,1/2,256,512,ik,fp32,2,0.25,0.25,10485760,167772160,41943040,ok,,3514826752,83.915685,54.269864,1.546266727331397,50.0,2.0,77.31333636656984,56.0546875,1637.8219813375772,1266.2548175171398,2532.5096350342797
square_4096__t4__ra4__rb2__ik__fp32__ws0p500000,square_4096__t4__ra4__rb2__ik__fp32,square_4096,4096,4096,4096,1/4,1024,1024,1024,1/4,1/2,256,512,ik,fp32,2,0.5,0.5,10485760,167772160,83886080,ok,,3514826752,83.915685,54.461616,1.5408225308628374,50.0,2.0,77.04112654314187,56.0546875,1637.8219813375772,1261.7965051936762,2523.5930103873525
square_4096__t4__ra4__rb2__ik__fp32__ws0p750000,square_4096__t4__ra4__rb2__ik__fp32,square_4096,4096,4096,4096,1/4,1024,1024,1024,1/4,1/2,256,512,ik,fp32,2,0.75,0.75,10485760,167772160,125829120,ok,,3514826752,83.915685,55.104452,1.5228476457764246,50.0,2.0,76.14238228882122,56.0546875,1637.8219813375772,1247.0766742404044,2494.1533484808087
square_4096__t4__ra4__rb2__ik__fp32__ws1p000000,square_4096__t4__ra4__rb2__ik__fp32,square_4096,4096,4096,4096,1/4,1024,1024,1024,1/4,1/2,256,512,ik,fp32,2,1.0,1.0,10485760,167772160,167772160,ok,,3514826752,83.915685,55.15627,1.5214169667383237,50.0,2.0,76.07084833691617,56.0546875,1637.8219813375772,1245.905075451984,2491.810150903968
square_4096__t4__ra4__rb2__ij__fp32__ws0p125000,square_4096__t4__ra4__rb2__ij__fp32,square_4096,4096,4096,4096,1/4,1024,1024,1024,1/4,1/2,256,512,ij,fp32,2,0.125,0.125,6291456,100663296,12582912,ok,,3514826752,83.915685,40.946415,2.049402493478367,50.0,2.0,102.47012467391833,56.0546875,1637.8219813375772,1678.278226213455,3356.55645242691
square_4096__t4__ra4__rb2__ij__fp32__ws0p250000,square_4096__t4__ra4__rb2__ij__fp32,square_4096,4096,4096,4096,1/4,1024,1024,1024,1/4,1/2,256,512,ij,fp32,2,0.25,0.25,6291456,100663296,25165824,ok,,3514826752,83.915685,41.053954,2.044034175124764,50.0,2.0,102.20170875623819,56.0546875,1637.8219813375772,1673.8820513122805,3347.764102624561
square_4096__t4__ra4__rb2__ij__fp32__ws0p500000,square_4096__t4__ra4__rb2__ij__fp32,square_4096,4096,4096,4096,1/4,1024,1024,1024,1/4,1/2,256,512,ij,fp32,2,0.5,0.5,6291456,100663296,50331648,ok,,3514826752,83.915685,40.759707,2.0587901919903397,50.0,2.0,102.93950959951698,56.0546875,1637.8219813375772,1685.9659157019946,3371.9318314039892
square_4096__t4__ra4__rb2__ij__fp32__ws0p750000,square_4096__t4__ra4__rb2__ij__fp32,square_4096,4096,4096,4096,1/4,1024,1024,1024,1/4,1/2,256,512,ij,fp32,2,0.75,0.75,6291456,100663296,75497472,ok,,3514826752,83.915685,41.005468,2.04645109769263,50.0,2.0,102.32255488463149,56.0546875,1637.8219813375772,1675.8612957667012,3351.7225915334025
square_4096__t4__ra4__rb2__ij__fp32__ws1p000000,square_4096__t4__ra4__rb2__ij__fp32,square_4096,4096,4096,4096,1/4,1024,1024,1024,1/4,1/2,256,512,ij,fp32,2,1.0,1.0,6291456,100663296,100663296,ok,,3514826752,83.915685,40.961201,2.048662708888833,50.0,2.0,102.43313544444166,56.0546875,1637.8219813375772,1677.6724084823586,3355.344816964717
square_4096__t4__ra4__rb4__kj__fp32__ws0p125000,square_4096__t4__ra4__rb4__kj__fp32,square_4096,4096,4096,4096,1/4,1024,1024,1024,1/4,1/4,256,256,kj,fp32,2,0.125,0.125,5242880,83886080,10485760,ok,,3548381184,83.915685,30.673628,2.7357600150852712,37.5,2.6666666666666665,102.59100056569767,51.953125,1637.8219813375772,1680.2579581391547,4480.687888371079
square_4096__t4__ra4__rb4__kj__fp32__ws0p250000,square_4096__t4__ra4__rb4__kj__fp32,square_4096,4096,4096,4096,1/4,1024,1024,1024,1/4,1/4,256,256,kj,fp32,2,0.25,0.25,5242880,83886080,20971520,ok,,3548381184,83.915685,30.665648,2.736471931067623,37.5,2.6666666666666665,102.61769741503586,51.953125,1637.8219813375772,1680.6952050059401,4481.85388001584
square_4096__t4__ra4__rb4__kj__fp32__ws0p500000,square_4096__t4__ra4__rb4__kj__fp32,square_4096,4096,4096,4096,1/4,1024,1024,1024,1/4,1/4,256,256,kj,fp32,2,0.5,0.5,5242880,83886080,41943040,ok,,3548381184,83.915685,30.922821,2.713713764989294,37.5,2.6666666666666665,101.76426618709851,51.953125,1637.8219813375772,1666.717520759183,4444.580055357821
square_4096__t4__ra4__rb4__kj__fp32__ws0p750000,square_4096__t4__ra4__rb4__kj__fp32,square_4096,4096,4096,4096,1/4,1024,1024,1024,1/4,1/4,256,256,kj,fp32,2,0.75,0.75,5242880,83886080,62914560,ok,,3548381184,83.915685,30.881746,2.7173232044587117,37.5,2.6666666666666665,101.89962016720166,51.953125,1637.8219813375772,1668.9343779979279,4450.491674661142
square_4096__t4__ra4__rb4__kj__fp32__ws1p000000,square_4096__t4__ra4__rb4__kj__fp32,square_4096,4096,4096,4096,1/4,1024,1024,1024,1/4,1/4,256,256,kj,fp32,2,1.0,1.0,5242880,83886080,83886080,ok,,3548381184,83.915685,30.823136,2.7224901775082198,37.5,2.6666666666666665,102.09338165655824,51.953125,1637.8219813375772,1672.1078462619766,4458.954256698605
square_4096__t4__ra4__rb4__kk__fp32__ws0p125000,square_4096__t4__ra4__rb4__kk__fp32,square_4096,4096,4096,4096,1/4,1024,1024,1024,1/4,1/4,256,256,kk,fp32,2,0.125,0.125,5242880,83886080,10485760,ok,,3548381184,83.915685,31.228121,2.687183292264046,37.5,2.6666666666666665,100.76937345990173,51.953125,1637.8219813375772,1650.4229489824252,4401.127863953134
square_4096__t4__ra4__rb4__kk__fp32__ws0p250000,square_4096__t4__ra4__rb4__kk__fp32,square_4096,4096,4096,4096,1/4,1024,1024,1024,1/4,1/4,256,256,kk,fp32,2,0.25,0.25,5242880,83886080,20971520,ok,,3548381184,83.915685,30.714657,2.7321055546868065,37.5,2.6666666666666665,102.45395830075523,51.953125,1637.8219813375772,1678.0134498002044,4474.702532800546
square_4096__t4__ra4__rb4__kk__fp32__ws0p500000,square_4096__t4__ra4__rb4__kk__fp32,square_4096,4096,4096,4096,1/4,1024,1024,1024,1/4,1/4,256,256,kk,fp32,2,0.5,0.5,5242880,83886080,41943040,ok,,3548381184,83.915685,30.438431,2.7568991647434125,37.5,2.6666666666666665,103.38371867787797,51.953125,1637.8219813375772,1693.2412696304877,4515.310052347968
square_4096__t4__ra4__rb4__kk__fp32__ws0p750000,square_4096__t4__ra4__rb4__kk__fp32,square_4096,4096,4096,4096,1/4,1024,1024,1024,1/4,1/4,256,256,kk,fp32,2,0.75,0.75,5242880,83886080,62914560,ok,,3548381184,83.915685,31.022231,2.705017733895412,37.5,2.6666666666666665,101.43816502107794,51.953125,1637.8219813375772,1661.3765641807,4430.337504481867
square_4096__t4__ra4__rb4__kk__fp32__ws1p000000,square_4096__t4__ra4__rb4__kk__fp32,square_4096,4096,4096,4096,1/4,1024,1024,1024,1/4,1/4,256,256,kk,fp32,2,1.0,1.0,5242880,83886080,83886080,ok,,3548381184,83.915685,31.133076,2.6953868933477696,37.5,2.6666666666666665,101.07700850054135,51.953125,1637.8219813375772,1655.4614633003177,4414.56390213418
square_4096__t4__ra4__rb4__ik__fp32__ws0p125000,square_4096__t4__ra4__rb4__ik__fp32,square_4096,4096,4096,4096,1/4,1024,1024,1024,1/4,1/4,256,256,ik,fp32,2,0.125,0.125,5242880,83886080,10485760,ok,,3548381184,83.915685,29.711383,2.8243614576945135,37.5,2.6666666666666665,105.91355466354426,51.953125,1637.8219813375772,1734.6754794955186,4625.801278654716
square_4096__t4__ra4__rb4__ik__fp32__ws0p250000,square_4096__t4__ra4__rb4__ik__fp32,square_4096,4096,4096,4096,1/4,1024,1024,1024,1/4,1/4,256,256,ik,fp32,2,0.25,0.25,5242880,83886080,20971520,ok,,3548381184,83.915685,28.431284,2.951526389029774,37.5,2.6666666666666665,110.68223958861654,51.953125,1637.8219813375772,1812.7780494190836,4834.07479845089
square_4096__t4__ra4__rb4__ik__fp32__ws0p500000,square_4096__t4__ra4__rb4__ik__fp32,square_4096,4096,4096,4096,1/4,1024,1024,1024,1/4,1/4,256,256,ik,fp32,2,0.5,0.5,5242880,83886080,41943040,ok,,3548381184,83.915685,28.097039,2.986638022604446,37.5,2.6666666666666665,111.99892584766671,51.953125,1637.8219813375772,1834.3430263950588,4891.581403720157
square_4096__t4__ra4__rb4__ik__fp32__ws0p750000,square_4096__t4__ra4__rb4__ik__fp32,square_4096,4096,4096,4096,1/4,1024,1024,1024,1/4,1/4,256,256,ik,fp32,2,0.75,0.75,5242880,83886080,62914560,ok,,3548381184,83.915685,29.280493,2.8659245935510715,37.5,2.6666666666666665,107.47217225816519,51.953125,1637.8219813375772,1760.202861065215,4693.874296173906
square_4096__t4__ra4__rb4__ik__fp32__ws1p000000,square_4096__t4__ra4__rb4__ik__fp32,square_4096,4096,4096,4096,1/4,1024,1024,1024,1/4,1/4,256,256,ik,fp32,2,1.0,1.0,5242880,83886080,83886080,ok,,3548381184,83.915685,28.957728,2.8978684032117434,37.5,2.6666666666666665,108.67006512044037,51.953125,1637.8219813375772,1779.822213676432,4746.1925698038185
square_4096__t4__ra4__rb4__ij__fp32__ws0p125000,square_4096__t4__ra4__rb4__ij__fp32,square_4096,4096,4096,4096,1/4,1024,1024,1024,1/4,1/4,256,256,ij,fp32,2,0.125,0.125,5242880,83886080,10485760,ok,,3548381184,83.915685,32.555188,2.577643999475598,37.5,2.6666666666666665,96.66164998033493,51.953125,1637.8219813375772,1583.1457509015154,4221.722002404041
square_4096__t4__ra4__rb4__ij__fp32__ws0p250000,square_4096__t4__ra4__rb4__ij__fp32,square_4096,4096,4096,4096,1/4,1024,1024,1024,1/4,1/4,256,256,ij,fp32,2,0.25,0.25,5242880,83886080,20971520,ok,,3548381184,83.915685,32.591296,2.574788219529533,37.5,2.6666666666666665,96.5545582323575,51.953125,1637.8219813375772,1581.3917787129421,4217.044743234513
square_4096__t4__ra4__rb4__ij__fp32__ws0p500000,square_4096__t4__ra4__rb4__ij__fp32,square_4096,4096,4096,4096,1/4,1024,1024,1024,1/4,1/4,256,256,ij,fp32,2,0.5,0.5,5242880,83886080,41943040,ok,,3548381184,83.915685,32.880104,2.5521721281660175,37.5,2.6666666666666665,95.70645480622566,51.953125,1637.8219813375772,1567.501354375278,4180.003611667408
square_4096__t4__ra4__rb4__ij__fp32__ws0p750000,square_4096__t4__ra4__rb4__ij__fp32,square_4096,4096,4096,4096,1/4,1024,1024,1024,1/4,1/4,256,256,ij,fp32,2,0.75,0.75,5242880,83886080,62914560,ok,,3548381184,83.915685,32.812938,2.5573962624133197,37.5,2.6666666666666665,95.90235984049949,51.953125,1637.8219813375772,1570.7099300891616,4188.559813571098
square_4096__t4__ra4__rb4__ij__fp32__ws1p000000,square_4096__t4__ra4__rb4__ij__fp32,square_4096,4096,4096,4096,1/4,1024,1024,1024,1/4,1/4,256,256,ij,fp32,2,1.0,1.0,5242880,83886080,83886080,ok,,3548381184,83.915685,32.855192,2.554107277778197,37.5,2.6666666666666665,95.77902291668237,51.953125,1637.8219813375772,1568.6898908397793,4183.173042239412
square_4096__t4__ra4__rb8__kj__fp32__ws0p125000,square_4096__t4__ra4__rb8__kj__fp32,square_4096,4096,4096,4096,1/4,1024,1024,1024,1/4,1/8,256,128,kj,fp32,2,0.125,0.125,4718592,75497472,9437184,ok,,3548381184,83.915685,26.259074,3.195683328361084,18.75,5.333333333333333,59.919062406770315,51.953125,1637.8219813375772,981.3675751094651,5233.960400583814
square_4096__t4__ra4__rb8__kj__fp32__ws0p250000,square_4096__t4__ra4__rb8__kj__fp32,square_4096,4096,4096,4096,1/4,1024,1024,1024,1/4,1/8,256,128,kj,fp32,2,0.25,0.25,4718592,75497472,18874368,ok,,3548381184,83.915685,26.468524,3.1703953344735054,18.75,5.333333333333333,59.44491252137822,51.953125,1637.8219813375772,973.6018440620263,5192.543168330807
square_4096__t4__ra4__rb8__kj__fp32__ws0p500000,square_4096__t4__ra4__rb8__kj__fp32,square_4096,4096,4096,4096,1/4,1024,1024,1024,1/4,1/8,256,128,kj,fp32,2,0.5,0.5,4718592,75497472,37748736,ok,,3548381184,83.915685,28.713649,2.922501594973178,18.75,5.333333333333333,54.79690490574709,51.953125,1637.8219813375772,897.475753638975,4786.5373527412
square_4096__t4__ra4__rb8__kj__fp32__ws0p750000,square_4096__t4__ra4__rb8__kj__fp32,square_4096,4096,4096,4096,1/4,1024,1024,1024,1/4,1/8,256,128,kj,fp32,2,0.75,0.75,4718592,75497472,56623104,ok,,3548381184,83.915685,27.198192,3.0853405623432617,18.75,5.333333333333333,57.850135543936155,51.953125,1637.8219813375772,947.4822361721691,5053.238592918236
square_4096__t4__ra4__rb8__kj__fp32__ws1p000000,square_4096__t4__ra4__rb8__kj__fp32,square_4096,4096,4096,4096,1/4,1024,1024,1024,1/4,1/8,256,128,kj,fp32,2,1.0,1.0,4718592,75497472,75497472,ok,,3548381184,83.915685,26.917011,3.1175707064948632,18.75,5.333333333333333,58.454450746778676,51.953125,1637.8219813375772,957.3798434008887,5106.0258314714065
square_4096__t4__ra4__rb8__kk__fp32__ws0p125000,square_4096__t4__ra4__rb8__kk__fp32,square_4096,4096,4096,4096,1/4,1024,1024,1024,1/4,1/8,256,128,kk,fp32,2,0.125,0.125,2621440,41943040,5242880,ok,,3548381184,83.915685,13.286753,6.315740572583836,18.75,5.333333333333333,118.42013573594691,51.953125,1637.8219813375772,1939.5110134131342,10344.058738203383
square_4096__t4__ra4__rb8__kk__fp32__ws0p250000,square_4096__t4__ra4__rb8__kk__fp32,square_4096,4096,4096,4096,1/4,1024,1024,1024,1/4,1/8,256,128,kk,fp32,2,0.25,0.25,2621440,41943040,10485760,ok,,3548381184,83.915685,11.890791,7.057199558885527,18.75,5.333333333333333,132.32249172910363,51.953125,1637.8219813375772,2167.206855792857,11558.43656422857
square_4096__t4__ra4__rb8__kk__fp32__ws0p500000,square_4096__t4__ra4__rb8__kk__fp32,square_4096,4096,4096,4096,1/4,1024,1024,1024,1/4,1/8,256,128,kk,fp32,2,0.5,0.5,2621440,41943040,20971520,ok,,3548381184,83.915685,11.415657,7.3509290792461615,18.75,5.333333333333333,137.82992023586553,51.953125,1637.8219813375772,2257.408730483055,12039.51322924296
square_4096__t4__ra4__rb8__kk__fp32__ws0p750000,square_4096__t4__ra4__rb8__kk__fp32,square_4096,4096,4096,4096,1/4,1024,1024,1024,1/4,1/8,256,128,kk,fp32,2,0.75,0.75,2621440,41943040,31457280,ok,,3548381184,83.915685,11.325319,7.409564799013608,18.75,5.333333333333333,138.92933998150517,51.953125,1637.8219813375772,2275.4152687443066,12135.548099969634
square_4096__t4__ra4__rb8__kk__fp32__ws1p000000,square_4096__t4__ra4__rb8__kk__fp32,square_4096,4096,4096,4096,1/4,1024,1024,1024,1/4,1/8,256,128,kk,fp32,2,1.0,1.0,2621440,41943040,41943040,ok,,3548381184,83.915685,12.167458,6.896731018097618,18.75,5.333333333333333,129.31370658933034,51.953125,1637.8219813375772,2117.928311402431,11295.617660812964
square_4096__t4__ra4__rb8__ik__fp32__ws0p125000,square_4096__t4__ra4__rb8__ik__fp32,square_4096,4096,4096,4096,1/4,1024,1024,1024,1/4,1/8,256,128,ik,fp32,2,0.125,0.125,2621440,41943040,5242880,ok,,3548381184,83.915685,15.138057,5.54335903213999,18.75,5.333333333333333,103.93798185262482,51.953125,1637.8219813375772,1702.319113740951,9079.035273285072
square_4096__t4__ra4__rb8__ik__fp32__ws0p250000,square_4096__t4__ra4__rb8__ik__fp32,square_4096,4096,4096,4096,1/4,1024,1024,1024,1/4,1/8,256,128,ik,fp32,2,0.25,0.25,2621440,41943040,10485760,ok,,3548381184,83.915685,14.750655,5.688946355263545,18.75,5.333333333333333,106.6677441611915,51.953125,1637.8219813375772,1747.0277608689241,9317.48139130093
square_4096__t4__ra4__rb8__ik__fp32__ws0p500000,square_4096__t4__ra4__rb8__ik__fp32,square_4096,4096,4096,4096,1/4,1024,1024,1024,1/4,1/8,256,128,ik,fp32,2,0.5,0.5,2621440,41943040,20971520,ok,,3548381184,83.915685,14.63314,5.734632826584042,18.75,5.333333333333333,107.52436549845076,51.953125,1637.8219813375772,1761.0576934273847,9392.307698279385
square_4096__t4__ra4__rb8__ik__fp32__ws0p750000,square_4096__t4__ra4__rb8__ik__fp32,square_4096,4096,4096,4096,1/4,1024,1024,1024,1/4,1/8,256,128,ik,fp32,2,0.75,0.75,2621440,41943040,31457280,ok,,3548381184,83.915685,14.658511,5.724707304855179,18.75,5.333333333333333,107.33826196603462,51.953125,1637.8219813375772,1758.0096488654272,9376.05146061561
square_4096__t4__ra4__rb8__ik__fp32__ws1p000000,square_4096__t4__ra4__rb8__ik__fp32,square_4096,4096,4096,4096,1/4,1024,1024,1024,1/4,1/8,256,128,ik,fp32,2,1.0,1.0,2621440,41943040,41943040,ok,,3548381184,83.915685,14.552401,5.766449467685779,18.75,5.333333333333333,108.12092751910836,51.953125,1637.8219813375772,1770.8283173340262,9444.41769244814
square_4096__t4__ra4__rb8__ij__fp32__ws0p125000,square_4096__t4__ra4__rb8__ij__fp32,square_4096,4096,4096,4096,1/4,1024,1024,1024,1/4,1/8,256,128,ij,fp32,2,0.125,0.125,4718592,75497472,9437184,ok,,3548381184,83.915685,28.850096,2.908679575970908,18.75,5.333333333333333,54.53774204945453,51.953125,1637.8219813375772,893.2311274111531,4763.899346192817
square_4096__t4__ra4__rb8__ij__fp32__ws0p250000,square_4096__t4__ra4__rb8__ij__fp32,square_4096,4096,4096,4096,1/4,1024,1024,1024,1/4,1/8,256,128,ij,fp32,2,0.25,0.25,4718592,75497472,18874368,ok,,3548381184,83.915685,27.902642,3.0074458540521,18.75,5.333333333333333,56.38960976347688,51.953125,1637.8219813375772,923.5614238967048,4925.660927449092
square_4096__t4__ra4__rb8__ij__fp32__ws0p500000,square_4096__t4__ra4__rb8__ij__fp32,square_4096,4096,4096,4096,1/4,1024,1024,1024,1/4,1/8,256,128,ij,fp32,2,0.5,0.5,4718592,75497472,37748736,ok,,3548381184,83.915685,29.181774,2.875619727573793,18.75,5.333333333333333,53.91786989200862,51.953125,1637.8219813375772,883.0787249603126,4709.753199788333
square_4096__t4__ra4__rb8__ij__fp32__ws0p750000,square_4096__t4__ra4__rb8__ij__fp32,square_4096,4096,4096,4096,1/4,1024,1024,1024,1/4,1/8,256,128,ij,fp32,2,0.75,0.75,4718592,75497472,56623104,ok,,3548381184,83.915685,21.326798,3.9347531214015343,18.75,5.333333333333333,73.77662102627876,51.953125,1637.8219813375772,1208.3297162565145,6444.425153368077
square_4096__t4__ra4__rb8__ij__fp32__ws1p000000,square_4096__t4__ra4__rb8__ij__fp32,square_4096,4096,4096,4096,1/4,1024,1024,1024,1/4,1/8,256,128,ij,fp32,2,1.0,1.0,4718592,75497472,75497472,ok,,3548381184,83.915685,29.742499,2.8214066679467655,18.75,5.333333333333333,52.90137502400185,51.953125,1637.8219813375772,866.4303485729292,4620.961859055623
square_4096__t4__ra8__rb2__kj__fp32__ws0p125000,square_4096__t4__ra8__rb2__kj__fp32,square_4096,4096,4096,4096,1/4,1024,1024,1024,1/8,1/2,128,512,kj,fp32,2,0.125,0.125,3145728,50331648,6291456,ok,,3514826752,83.915685,20.289282,4.135961292272442,25.0,4.0,103.39903230681105,56.0546875,1637.8219813375772,1693.4920796112942,6773.968318445177
square_4096__t4__ra8__rb2__kj__fp32__ws0p250000,square_4096__t4__ra8__rb2__kj__fp32,square_4096,4096,4096,4096,1/4,1024,1024,1024,1/8,1/2,128,512,kj,fp32,2,0.25,0.25,3145728,50331648,12582912,ok,,3514826752,83.915685,19.966169,4.202893654761712,25.0,4.0,105.0723413690428,56.0546875,1637.8219813375772,1720.8979032482396,6883.591612992958
square_4096__t4__ra8__rb2__kj__fp32__ws0p500000,square_4096__t4__ra8__rb2__kj__fp32,square_4096,4096,4096,4096,1/4,1024,1024,1024,1/8,1/2,128,512,kj,fp32,2,0.5,0.5,3145728,50331648,25165824,ok,,3514826752,83.915685,20.726925,4.048631671123429,25.0,4.0,101.21579177808573,56.0546875,1637.8219813375772,1657.7344863263604,6630.937945305442
square_4096__t4__ra8__rb2__kj__fp32__ws0p750000,square_4096__t4__ra8__rb2__kj__fp32,square_4096,4096,4096,4096,1/4,1024,1024,1024,1/8,1/2,128,512,kj,fp32,2,0.75,0.75,3145728,50331648,37748736,ok,,3514826752,83.915685,19.226661,4.364548009662208,25.0,4.0,109.1137002415552,56.0546875,1637.8219813375772,1787.088167206984,7148.352668827936
square_4096__t4__ra8__rb2__kj__fp32__ws1p000000,square_4096__t4__ra8__rb2__kj__fp32,square_4096,4096,4096,4096,1/4,1024,1024,1024,1/8,1/2,128,512,kj,fp32,2,1.0,1.0,3145728,50331648,50331648,ok,,3514826752,83.915685,20.54557,4.084368795803669,25.0,4.0,102.10921989509174,56.0546875,1637.8219813375772,1672.367248414135,6689.46899365654
square_4096__t4__ra8__rb2__kk__fp32__ws0p125000,square_4096__t4__ra8__rb2__kk__fp32,square_4096,4096,4096,4096,1/4,1024,1024,1024,1/8,1/2,128,512,kk,fp32,2,0.125,0.125,3145728,50331648,6291456,ok,,3514826752,83.915685,20.380999,4.117348958213481,25.0,4.0,102.93372395533702,56.0546875,1637.8219813375772,1685.8711571498532,6743.484628599413
square_4096__t4__ra8__rb2__kk__fp32__ws0p250000,square_4096__t4__ra8__rb2__kk__fp32,square_4096,4096,4096,4096,1/4,1024,1024,1024,1/8,1/2,128,512,kk,fp32,2,0.25,0.25,3145728,50331648,12582912,ok,,3514826752,83.915685,19.972596,4.201541201754644,25.0,4.0,105.0385300438661,56.0546875,1637.8219813375772,1720.344133932314,6881.376535729256
square_4096__t4__ra8__rb2__kk__fp32__ws0p500000,square_4096__t4__ra8__rb2__kk__fp32,square_4096,4096,4096,4096,1/4,1024,1024,1024,1/8,1/2,128,512,kk,fp32,2,0.5,0.5,3145728,50331648,25165824,ok,,3514826752,83.915685,19.822613,4.2333311455961935,25.0,4.0,105.83327863990483,56.0546875,1637.8219813375772,1733.3607011346082,6933.442804538433
square_4096__t4__ra8__rb2__kk__fp32__ws0p750000,square_4096__t4__ra8__rb2__kk__fp32,square_4096,4096,4096,4096,1/4,1024,1024,1024,1/8,1/2,128,512,kk,fp32,2,0.75,0.75,3145728,50331648,37748736,ok,,3514826752,83.915685,19.789885,4.240332119160874,25.0,4.0,106.00830297902183,56.0546875,1637.8219813375772,1736.2272882333575,6944.90915293343
square_4096__t4__ra8__rb2__kk__fp32__ws1p000000,square_4096__t4__ra8__rb2__kk__fp32,square_4096,4096,4096,4096,1/4,1024,1024,1024,1/8,1/2,128,512,kk,fp32,2,1.0,1.0,3145728,50331648,50331648,ok,,3514826752,83.915685,19.730939,4.253000072627056,25.0,4.0,106.32500181567639,56.0546875,1637.8219813375772,1741.4142513947259,6965.657005578903
square_4096__t4__ra8__rb2__ik__fp32__ws0p125000,square_4096__t4__ra8__rb2__ik__fp32,square_4096,4096,4096,4096,1/4,1024,1024,1024,1/8,1/2,128,512,ik,fp32,2,0.125,0.125,9437184,150994944,18874368,ok,,3514826752,83.915685,46.790086,1.7934501124875042,25.0,4.0,44.8362528121876,56.0546875,1637.8219813375772,734.3380041660962,2937.352016664385
square_4096__t4__ra8__rb2__ik__fp32__ws0p250000,square_4096__t4__ra8__rb2__ik__fp32,square_4096,4096,4096,4096,1/4,1024,1024,1024,1/8,1/2,128,512,ik,fp32,2,0.25,0.25,9437184,150994944,37748736,ok,,3514826752,83.915685,44.328918,1.8930235337573544,25.0,4.0,47.32558834393386,56.0546875,1637.8219813375772,775.108888694283,3100.435554777132
square_4096__t4__ra8__rb2__ik__fp32__ws0p500000,square_4096__t4__ra8__rb2__ik__fp32,square_4096,4096,4096,4096,1/4,1024,1024,1024,1/8,1/2,128,512,ik,fp32,2,0.5,0.5,9437184,150994944,75497472,ok,,3514826752,83.915685,44.570047,1.882782062132445,25.0,4.0,47.06955155331113,56.0546875,1637.8219813375772,770.9154618571526,3083.6618474286106
square_4096__t4__ra8__rb2__ik__fp32__ws0p750000,square_4096__t4__ra8__rb2__ik__fp32,square_4096,4096,4096,4096,1/4,1024,1024,1024,1/8,1/2,128,512,ik,fp32,2,0.75,0.75,9437184,150994944,113246208,ok,,3514826752,83.915685,44.677125,1.8782695842671167,25.0,4.0,46.956739606677914,56.0546875,1637.8219813375772,769.0678029976191,3076.2712119904763
square_4096__t4__ra8__rb2__ik__fp32__ws1p000000,square_4096__t4__ra8__rb2__ik__fp32,square_4096,4096,4096,4096,1/4,1024,1024,1024,1/8,1/2,128,512,ik,fp32,2,1.0,1.0,9437184,150994944,150994944,ok,,3514826752,83.915685,44.5729,1.882661549955242,25.0,4.0,47.066538748881044,56.0546875,1637.8219813375772,770.866117483942,3083.464469935768
square_4096__t4__ra8__rb2__ij__fp32__ws0p125000,square_4096__t4__ra8__rb2__ij__fp32,square_4096,4096,4096,4096,1/4,1024,1024,1024,1/8,1/2,128,512,ij,fp32,2,0.125,0.125,3145728,50331648,6291456,ok,,3514826752,83.915685,24.309235,3.4520084650956724,25.0,4.0,86.3002116273918,56.0546875,1637.8219813375772,1413.4438359742708,5653.775343897083
square_4096__t4__ra8__rb2__ij__fp32__ws0p250000,square_4096__t4__ra8__rb2__ij__fp32,square_4096,4096,4096,4096,1/4,1024,1024,1024,1/8,1/2,128,512,ij,fp32,2,0.25,0.25,3145728,50331648,12582912,ok,,3514826752,83.915685,22.967095,3.653735267782016,25.0,4.0,91.3433816945504,56.0546875,1637.8219813375772,1496.041983890431,5984.167935561724
square_4096__t4__ra8__rb2__ij__fp32__ws0p500000,square_4096__t4__ra8__rb2__ij__fp32,square_4096,4096,4096,4096,1/4,1024,1024,1024,1/8,1/2,128,512,ij,fp32,2,0.5,0.5,3145728,50331648,25165824,ok,,3514826752,83.915685,21.684438,3.8698574987278893,25.0,4.0,96.74643746819723,56.0546875,1637.8219813375772,1584.5344190151482,6338.137676060593
square_4096__t4__ra8__rb2__ij__fp32__ws0p750000,square_4096__t4__ra8__rb2__ij__fp32,square_4096,4096,4096,4096,1/4,1024,1024,1024,1/8,1/2,128,512,ij,fp32,2,0.75,0.75,3145728,50331648,37748736,ok,,3514826752,83.915685,21.664163,3.873479210805421,25.0,4.0,96.83698027013551,56.0546875,1637.8219813375772,1586.0173489278122,6344.069395711249
square_4096__t4__ra8__rb2__ij__fp32__ws1p000000,square_4096__t4__ra8__rb2__ij__fp32,square_4096,4096,4096,4096,1/4,1024,1024,1024,1/8,1/2,128,512,ij,fp32,2,1.0,1.0,3145728,50331648,50331648,ok,,3514826752,83.915685,21.489705,3.9049249396397014,25.0,4.0,97.62312349099254,56.0546875,1637.8219813375772,1598.8929754038038,6395.571901615215
square_4096__t4__ra8__rb4__kj__fp32__ws0p125000,square_4096__t4__ra8__rb4__kj__fp32,square_4096,4096,4096,4096,1/4,1024,1024,1024,1/8,1/4,128,256,kj,fp32,2,0.125,0.125,2621440,41943040,5242880,ok,,3548381184,83.915685,15.43327,5.437323716879184,18.75,5.333333333333333,101.94981969148469,51.953125,1637.8219813375772,1669.756556841162,8905.368303152864
square_4096__t4__ra8__rb4__kj__fp32__ws0p250000,square_4096__t4__ra8__rb4__kj__fp32,square_4096,4096,4096,4096,1/4,1024,1024,1024,1/8,1/4,128,256,kj,fp32,2,0.25,0.25,2621440,41943040,10485760,ok,,3548381184,83.915685,15.221691,5.512901621771195,18.75,5.333333333333333,103.3669054082099,51.953125,1637.8219813375772,1692.9658982040826,9029.151457088441
square_4096__t4__ra8__rb4__kj__fp32__ws0p500000,square_4096__t4__ra8__rb4__kj__fp32,square_4096,4096,4096,4096,1/4,1024,1024,1024,1/8,1/4,128,256,kj,fp32,2,0.5,0.5,2621440,41943040,20971520,ok,,3548381184,83.915685,14.026737,5.982552107450221,18.75,5.333333333333333,112.17285201469164,51.953125,1637.8219813375772,1837.1916273898912,9798.35534607942
square_4096__t4__ra8__rb4__kj__fp32__ws0p750000,square_4096__t4__ra8__rb4__kj__fp32,square_4096,4096,4096,4096,1/4,1024,1024,1024,1/8,1/4,128,256,kj,fp32,2,0.75,0.75,2621440,41943040,31457280,ok,,3548381184,83.915685,14.578531,5.7561139047548755,18.75,5.333333333333333,107.9271357141539,51.953125,1637.8219813375772,1767.6543525544514,9427.489880290408
square_4096__t4__ra8__rb4__kj__fp32__ws1p000000,square_4096__t4__ra8__rb4__kj__fp32,square_4096,4096,4096,4096,1/4,1024,1024,1024,1/8,1/4,128,256,kj,fp32,2,1.0,1.0,2621440,41943040,41943040,ok,,3548381184,83.915685,16.500605,5.085612618446414,18.75,5.333333333333333,95.35523659587027,51.953125,1637.8219813375772,1561.749025323617,8329.32813505929
square_4096__t4__ra8__rb4__kk__fp32__ws0p125000,square_4096__t4__ra8__rb4__kk__fp32,square_4096,4096,4096,4096,1/4,1024,1024,1024,1/8,1/4,128,256,kk,fp32,2,0.125,0.125,2621440,41943040,5242880,ok,,3548381184,83.915685,16.887656,4.969054615986967,18.75,5.333333333333333,93.16977404975563,51.953125,1637.8219813375772,1525.9550393494515,8138.426876530408
square_4096__t4__ra8__rb4__kk__fp32__ws0p250000,square_4096__t4__ra8__rb4__kk__fp32,square_4096,4096,4096,4096,1/4,1024,1024,1024,1/8,1/4,128,256,kk,fp32,2,0.25,0.25,2621440,41943040,10485760,ok,,3548381184,83.915685,16.475465,5.093372781891133,18.75,5.333333333333333,95.50073966045875,51.953125,1637.8219813375772,1564.1321064989668,8342.037901327823
square_4096__t4__ra8__rb4__kk__fp32__ws0p500000,square_4096__t4__ra8__rb4__kk__fp32,square_4096,4096,4096,4096,1/4,1024,1024,1024,1/8,1/4,128,256,kk,fp32,2,0.5,0.5,2621440,41943040,20971520,ok,,3548381184,83.915685,16.438996,5.104672146644479,18.75,5.333333333333333,95.71260274958397,51.953125,1637.8219813375772,1567.6020467430005,8360.544249296003
square_4096__t4__ra8__rb4__kk__fp32__ws0p750000,square_4096__t4__ra8__rb4__kk__fp32,square_4096,4096,4096,4096,1/4,1024,1024,1024,1/8,1/4,128,256,kk,fp32,2,0.75,0.75,2621440,41943040,31457280,ok,,3548381184,83.915685,16.325278,5.140230077552125,18.75,5.333333333333333,96.37931395410234,51.953125,1637.8219813375772,1578.521589402643,8418.78181014743
square_4096__t4__ra8__rb4__kk__fp32__ws1p000000,square_4096__t4__ra8__rb4__kk__fp32,square_4096,4096,4096,4096,1/4,1024,1024,1024,1/8,1/4,128,256,kk,fp32,2,1.0,1.0,2621440,41943040,41943040,ok,,3548381184,83.915685,16.279684,5.1546261585912845,18.75,5.333333333333333,96.64924047358659,51.953125,1637.8219813375772,1582.9425052722154,8442.360028118483
square_4096__t4__ra8__rb4__ik__fp32__ws0p125000,square_4096__t4__ra8__rb4__ik__fp32,square_4096,4096,4096,4096,1/4,1024,1024,1024,1/8,1/4,128,256,ik,fp32,2,0.125,0.125,4718592,75497472,9437184,ok,,3548381184,83.915685,23.611413,3.554030629170732,18.75,5.333333333333333,66.63807429695122,51.953125,1637.8219813375772,1091.4130287755333,5820.869486802844
square_4096__t4__ra8__rb4__ik__fp32__ws0p250000,square_4096__t4__ra8__rb4__ik__fp32,square_4096,4096,4096,4096,1/4,1024,1024,1024,1/8,1/4,128,256,ik,fp32,2,0.25,0.25,4718592,75497472,18874368,ok,,3548381184,83.915685,23.373882,3.590147541602204,18.75,5.333333333333333,67.31526640504131,51.953125,1637.8219813375772,1102.5042299777162,5880.022559881153
square_4096__t4__ra8__rb4__ik__fp32__ws0p500000,square_4096__t4__ra8__rb4__ik__fp32,square_4096,4096,4096,4096,1/4,1024,1024,1024,1/8,1/4,128,256,ik,fp32,2,0.5,0.5,4718592,75497472,37748736,ok,,3548381184,83.915685,22.380797,3.7494502541620833,18.75,5.333333333333333,70.30219226553906,51.953125,1637.8219813375772,1151.424758287205,6140.932044198426
square_4096__t4__ra8__rb4__ik__fp32__ws0p750000,square_4096__t4__ra8__rb4__ik__fp32,square_4096,4096,4096,4096,1/4,1024,1024,1024,1/8,1/4,128,256,ik,fp32,2,0.75,0.75,4718592,75497472,56623104,ok,,3548381184,83.915685,22.69031,3.698304915181855,18.75,5.333333333333333,69.34321715965979,51.953125,1637.8219813375772,1135.7184532075587,6057.165083773646
square_4096__t4__ra8__rb4__ik__fp32__ws1p000000,square_4096__t4__ra8__rb4__ik__fp32,square_4096,4096,4096,4096,1/4,1024,1024,1024,1/8,1/4,128,256,ik,fp32,2,1.0,1.0,4718592,75497472,75497472,ok,,3548381184,83.915685,22.833873,3.675052629048081,18.75,5.333333333333333,68.90723679465151,51.953125,1637.8219813375772,1128.5778709551375,6019.081978427401
square_4096__t4__ra8__rb4__ij__fp32__ws0p125000,square_4096__t4__ra8__rb4__ij__fp32,square_4096,4096,4096,4096,1/4,1024,1024,1024,1/8,1/4,128,256,ij,fp32,2,0.125,0.125,2621440,41943040,5242880,ok,,3548381184,83.915685,16.597784,5.055836670726646,18.75,5.333333333333333,94.79693757612462,51.953125,1637.8219813375772,1552.6050812566305,8280.560433368695
square_4096__t4__ra8__rb4__ij__fp32__ws0p250000,square_4096__t4__ra8__rb4__ij__fp32,square_4096,4096,4096,4096,1/4,1024,1024,1024,1/8,1/4,128,256,ij,fp32,2,0.25,0.25,2621440,41943040,10485760,ok,,3548381184,83.915685,15.9487,5.261600318521259,18.75,5.333333333333333,98.6550059722736,51.953125,1637.8219813375772,1615.7933735037966,8617.564658686915
square_4096__t4__ra8__rb4__ij__fp32__ws0p500000,square_4096__t4__ra8__rb4__ij__fp32,square_4096,4096,4096,4096,1/4,1024,1024,1024,1/8,1/4,128,256,ij,fp32,2,0.5,0.5,2621440,41943040,20971520,ok,,3548381184,83.915685,16.408046,5.11430093504126,18.75,5.333333333333333,95.89314253202362,51.953125,1637.8219813375772,1570.5589669848562,8376.3144905859
square_4096__t4__ra8__rb4__ij__fp32__ws0p750000,square_4096__t4__ra8__rb4__ij__fp32,square_4096,4096,4096,4096,1/4,1024,1024,1024,1/8,1/4,128,256,ij,fp32,2,0.75,0.75,2621440,41943040,31457280,ok,,3548381184,83.915685,16.197319,5.180837952256172,18.75,5.333333333333333,97.14071160480324,51.953125,1637.8219813375772,1590.9919274912102,8485.29027995312
square_4096__t4__ra8__rb4__ij__fp32__ws1p000000,square_4096__t4__ra8__rb4__ij__fp32,square_4096,4096,4096,4096,1/4,1024,1024,1024,1/8,1/4,128,256,ij,fp32,2,1.0,1.0,2621440,41943040,41943040,ok,,3548381184,83.915685,18.095725,4.637320969455493,18.75,5.333333333333333,86.9497681772905,51.953125,1637.8219813375772,1424.0824159297292,7595.1062182918895
square_4096__t4__ra8__rb8__kj__fp32__ws0p125000,square_4096__t4__ra8__rb8__kj__fp32,square_4096,4096,4096,4096,1/4,1024,1024,1024,1/8,1/8,128,128,kj,fp32,2,0.125,0.125,2359296,37748736,4718592,ok,,3581935616,83.915685,14.599706,5.747765400207374,15.625,6.4,89.8088343782402,48.671875,1637.8219813375772,1470.908830629877,9413.816516031213
square_4096__t4__ra8__rb8__kj__fp32__ws0p250000,square_4096__t4__ra8__rb8__kj__fp32,square_4096,4096,4096,4096,1/4,1024,1024,1024,1/8,1/8,128,128,kj,fp32,2,0.25,0.25,2359296,37748736,9437184,ok,,3581935616,83.915685,14.185503,5.915594603871289,15.625,6.4,92.43116568548892,48.671875,1637.8219813375772,1513.8579492034933,9688.690874902357
square_4096__t4__ra8__rb8__kj__fp32__ws0p500000,square_4096__t4__ra8__rb8__kj__fp32,square_4096,4096,4096,4096,1/4,1024,1024,1024,1/8,1/8,128,128,kj,fp32,2,0.5,0.5,2359296,37748736,18874368,ok,,3581935616,83.915685,14.060365,5.968243712023123,15.625,6.4,93.25380800036129,48.671875,1637.8219813375772,1527.3313658642574,9774.920741531248
square_4096__t4__ra8__rb8__kj__fp32__ws0p750000,square_4096__t4__ra8__rb8__kj__fp32,square_4096,4096,4096,4096,1/4,1024,1024,1024,1/8,1/8,128,128,kj,fp32,2,0.75,0.75,2359296,37748736,28311552,ok,,3581935616,83.915685,14.054591,5.970695625365405,15.625,6.4,93.29211914633446,48.671875,1637.8219813375772,1527.9588342343081,9778.936539099572
square_4096__t4__ra8__rb8__kj__fp32__ws1p000000,square_4096__t4__ra8__rb8__kj__fp32,square_4096,4096,4096,4096,1/4,1024,1024,1024,1/8,1/8,128,128,kj,fp32,2,1.0,1.0,2359296,37748736,37748736,ok,,3581935616,83.915685,14.060823,5.968049309773688,15.625,6.4,93.25077046521388,48.671875,1637.8219813375772,1527.281616445922,9774.602345253901
square_4096__t4__ra8__rb8__kk__fp32__ws0p125000,square_4096__t4__ra8__rb8__kk__fp32,square_4096,4096,4096,4096,1/4,1024,1024,1024,1/8,1/8,128,128,kk,fp32,2,0.125,0.125,2359296,37748736,4718592,ok,,3581935616,83.915685,14.608338,5.744369071964244,15.625,6.4,89.7557667494413,48.671875,1637.8219813375772,1470.0396773404339,9408.253934978777
square_4096__t4__ra8__rb8__kk__fp32__ws0p250000,square_4096__t4__ra8__rb8__kk__fp32,square_4096,4096,4096,4096,1/4,1024,1024,1024,1/8,1/8,128,128,kk,fp32,2,0.25,0.25,2359296,37748736,9437184,ok,,3581935616,83.915685,14.0226,5.984317102391852,15.625,6.4,93.50495472487269,48.671875,1637.8219813375772,1531.4447021237145,9801.246093591773
square_4096__t4__ra8__rb8__kk__fp32__ws0p500000,square_4096__t4__ra8__rb8__kk__fp32,square_4096,4096,4096,4096,1/4,1024,1024,1024,1/8,1/8,128,128,kk,fp32,2,0.5,0.5,2359296,37748736,18874368,ok,,3581935616,83.915685,13.913239,6.03135509998786,15.625,6.4,94.23992343731031,48.671875,1637.8219813375772,1543.4821812519715,9878.285960012618
square_4096__t4__ra8__rb8__kk__fp32__ws0p750000,square_4096__t4__ra8__rb8__kk__fp32,square_4096,4096,4096,4096,1/4,1024,1024,1024,1/8,1/8,128,128,kk,fp32,2,0.75,0.75,2359296,37748736,28311552,ok,,3581935616,83.915685,13.916682,6.029862937157003,15.625,6.4,94.21660839307818,48.671875,1637.8219813375772,1543.100322332579,9875.842062928505
square_4096__t4__ra8__rb8__kk__fp32__ws1p000000,square_4096__t4__ra8__rb8__kk__fp32,square_4096,4096,4096,4096,1/4,1024,1024,1024,1/8,1/8,128,128,kk,fp32,2,1.0,1.0,2359296,37748736,37748736,ok,,3581935616,83.915685,13.917127,6.029670132348436,15.625,6.4,94.21359581794432,48.671875,1637.8219813375772,1543.0509817148325,9875.526282974928
square_4096__t4__ra8__rb8__ik__fp32__ws0p125000,square_4096__t4__ra8__rb8__ik__fp32,square_4096,4096,4096,4096,1/4,1024,1024,1024,1/8,1/8,128,128,ik,fp32,2,0.125,0.125,2359296,37748736,4718592,ok,,3581935616,83.915685,12.463963,6.732664803321383,15.625,6.4,105.19788755189661,48.671875,1637.8219813375772,1722.9541262277496,11026.906407857598
square_4096__t4__ra8__rb8__ik__fp32__ws0p250000,square_4096__t4__ra8__rb8__ik__fp32,square_4096,4096,4096,4096,1/4,1024,1024,1024,1/8,1/8,128,128,ik,fp32,2,0.25,0.25,2359296,37748736,9437184,ok,,3581935616,83.915685,12.011267,6.986414089371254,15.625,6.4,109.16272014642585,48.671875,1637.8219813375772,1787.8910259841864,11442.502566298792
square_4096__t4__ra8__rb8__ik__fp32__ws0p500000,square_4096__t4__ra8__rb8__ik__fp32,square_4096,4096,4096,4096,1/4,1024,1024,1024,1/8,1/8,128,128,ik,fp32,2,0.5,0.5,2359296,37748736,18874368,ok,,3581935616,83.915685,11.985971,7.001158687936088,15.625,6.4,109.39310449900137,48.671875,1637.8219813375772,1791.6643115522306,11466.651593934275
square_4096__t4__ra8__rb8__ik__fp32__ws0p750000,square_4096__t4__ra8__rb8__ik__fp32,square_4096,4096,4096,4096,1/4,1024,1024,1024,1/8,1/8,128,128,ik,fp32,2,0.75,0.75,2359296,37748736,28311552,ok,,3581935616,83.915685,11.868124,7.070678145931067,15.625,6.4,110.4793460301729,48.671875,1637.8219813375772,1809.455014120176,11580.512090369126
square_4096__t4__ra8__rb8__ik__fp32__ws1p000000,square_4096__t4__ra8__rb8__ik__fp32,square_4096,4096,4096,4096,1/4,1024,1024,1024,1/8,1/8,128,128,ik,fp32,2,1.0,1.0,2359296,37748736,37748736,ok,,3581935616,83.915685,11.883445,7.061562114353203,15.625,6.4,110.3369080367688,48.671875,1637.8219813375772,1807.1221333544272,11565.581653468333
square_4096__t4__ra8__rb8__ij__fp32__ws0p125000,square_4096__t4__ra8__rb8__ij__fp32,square_4096,4096,4096,4096,1/4,1024,1024,1024,1/8,1/8,128,128,ij,fp32,2,0.125,0.125,2359296,37748736,4718592,ok,,3581935616,83.915685,15.871906,5.287057836658055,15.625,6.4,82.6102786977821,48.671875,1637.8219813375772,1353.0093033565092,8659.259541481659
square_4096__t4__ra8__rb8__ij__fp32__ws0p250000,square_4096__t4__ra8__rb8__ij__fp32,square_4096,4096,4096,4096,1/4,1024,1024,1024,1/8,1/8,128,128,ij,fp32,2,0.25,0.25,2359296,37748736,9437184,ok,,3581935616,83.915685,15.538161,5.400618837711876,15.625,6.4,84.38466933924806,48.671875,1637.8219813375772,1382.0706633172356,8845.252245230307
square_4096__t4__ra8__rb8__ij__fp32__ws0p500000,square_4096__t4__ra8__rb8__ij__fp32,square_4096,4096,4096,4096,1/4,1024,1024,1024,1/8,1/8,128,128,ij,fp32,2,0.5,0.5,2359296,37748736,18874368,ok,,3581935616,83.915685,15.43179,5.43784518840653,15.625,6.4,84.96633106885203,48.671875,1637.8219813375772,1391.5972469817177,8906.222380682993
square_4096__t4__ra8__rb8__ij__fp32__ws0p750000,square_4096__t4__ra8__rb8__ij__fp32,square_4096,4096,4096,4096,1/4,1024,1024,1024,1/8,1/8,128,128,ij,fp32,2,0.75,0.75,2359296,37748736,28311552,ok,,3581935616,83.915685,15.470605,5.424201897727981,15.625,6.4,84.75315465199971,48.671875,1637.8219813375772,1388.1057967674826,8883.877099311889
square_4096__t4__ra8__rb8__ij__fp32__ws1p000000,square_4096__t4__ra8__rb8__ij__fp32,square_4096,4096,4096,4096,1/4,1024,1024,1024,1/8,1/8,128,128,ij,fp32,2,1.0,1.0,2359296,37748736,37748736,ok,,3581935616,83.915685,15.495499,5.415487749055386,15.625,6.4,84.61699607899041,48.671875,1637.8219813375772,1385.8757617292608,8869.604875067269
square_8192__t8__ra2__rb2__kj__fp32__ws0p125000,square_8192__t8__ra2__rb2__kj__fp32,square_8192,8192,8192,8192,1/8,1024,1024,1024,1/2,1/2,512,512,kj,fp32,2,0.125,0.125,25165824,1610612736,201326592,ok,,2877292544,715.948647,628.067275,1.1399235010294082,100.0,1.0,113.9923501029408,59.326171875,1535.7409115628932,1750.6271565828677,1750.6271565828677
square_8192__t8__ra2__rb2__kj__fp32__ws0p250000,square_8192__t8__ra2__rb2__kj__fp32,square_8192,8192,8192,8192,1/8,1024,1024,1024,1/2,1/2,512,512,kj,fp32,2,0.25,0.25,25165824,1610612736,402653184,ok,,2877292544,715.948647,636.5382,1.1247536235845705,100.0,1.0,112.47536235845703,59.326171875,1535.7409115628932,1727.3301551674354,1727.3301551674354
square_8192__t8__ra2__rb2__kj__fp32__ws0p500000,square_8192__t8__ra2__rb2__kj__fp32,square_8192,8192,8192,8192,1/8,1024,1024,1024,1/2,1/2,512,512,kj,fp32,2,0.5,0.5,25165824,1610612736,805306368,ok,,2877292544,715.948647,644.41995,1.1109970245334584,100.0,1.0,111.09970245334581,59.326171875,1535.7409115628932,1706.2035832006752,1706.2035832006752
square_8192__t8__ra2__rb2__kj__fp32__ws0p750000,square_8192__t8__ra2__rb2__kj__fp32,square_8192,8192,8192,8192,1/8,1024,1024,1024,1/2,1/2,512,512,kj,fp32,2,0.75,0.75,25165824,1610612736,1207959552,ok,,2877292544,715.948647,644.827038,1.11029563713797,100.0,1.0,111.029563713797,59.326171875,1535.7409115628932,1705.1264338825692,1705.1264338825692
square_8192__t8__ra2__rb2__kj__fp32__ws1p000000,square_8192__t8__ra2__rb2__kj__fp32,square_8192,8192,8192,8192,1/8,1024,1024,1024,1/2,1/2,512,512,kj,fp32,2,1.0,1.0,25165824,1610612736,1610612736,ok,,2877292544,715.948647,650.080639,1.1013228268131825,100.0,1.0,110.13228268131824,59.326171875,1535.7409115628932,1691.3465219750992,1691.3465219750992
square_8192__t8__ra2__rb2__kk__fp32__ws0p125000,square_8192__t8__ra2__rb2__kk__fp32,square_8192,8192,8192,8192,1/8,1024,1024,1024,1/2,1/2,512,512,kk,fp32,2,0.125,0.125,25165824,1610612736,201326592,ok,,2877292544,715.948647,632.229709,1.1324185447286534,100.0,1.0,113.24185447286533,59.326171875,1535.7409115628932,1739.101488152307,1739.101488152307
square_8192__t8__ra2__rb2__kk__fp32__ws0p250000,square_8192__t8__ra2__rb2__kk__fp32,square_8192,8192,8192,8192,1/8,1024,1024,1024,1/2,1/2,512,512,kk,fp32,2,0.25,0.25,25165824,1610612736,402653184,ok,,2877292544,715.948647,641.932754,1.1153016301766712,100.0,1.0,111.53016301766712,59.326171875,1535.7409115628932,1712.8143421951017,1712.8143421951017
square_8192__t8__ra2__rb2__kk__fp32__ws0p500000,square_8192__t8__ra2__rb2__kk__fp32,square_8192,8192,8192,8192,1/8,1024,1024,1024,1/2,1/2,512,512,kk,fp32,2,0.5,0.5,25165824,1610612736,805306368,ok,,2877292544,715.948647,648.273805,1.1043923747620807,100.0,1.0,110.43923747620805,59.326171875,1535.7409115628932,1696.060552340226,1696.060552340226
square_8192__t8__ra2__rb2__kk__fp32__ws0p750000,square_8192__t8__ra2__rb2__kk__fp32,square_8192,8192,8192,8192,1/8,1024,1024,1024,1/2,1/2,512,512,kk,fp32,2,0.75,0.75,25165824,1610612736,1207959552,ok,,2877292544,715.948647,652.592563,1.097083674549935,100.0,1.0,109.7083674549935,59.326171875,1535.7409115628932,1684.8362824140856,1684.8362824140856
square_8192__t8__ra2__rb2__kk__fp32__ws1p000000,square_8192__t8__ra2__rb2__kk__fp32,square_8192,8192,8192,8192,1/8,1024,1024,1024,1/2,1/2,512,512,kk,fp32,2,1.0,1.0,25165824,1610612736,1610612736,ok,,2877292544,715.948647,655.751738,1.0917983216996063,100.0,1.0,109.17983216996063,59.326171875,1535.7409115628932,1676.7193498097904,1676.7193498097904
square_8192__t8__ra2__rb2__ik__fp32__ws0p125000,square_8192__t8__ra2__rb2__ik__fp32,square_8192,8192,8192,8192,1/8,1024,1024,1024,1/2,1/2,512,512,ik,fp32,2,0.125,0.125,25165824,1610612736,201326592,ok,,2877292544,715.948647,615.350272,1.1634814829496005,100.0,1.0,116.34814829496003,59.326171875,1535.7409115628932,1786.806113211566,1786.806113211566
square_8192__t8__ra2__rb2__ik__fp32__ws0p250000,square_8192__t8__ra2__rb2__ik__fp32,square_8192,8192,8192,8192,1/8,1024,1024,1024,1/2,1/2,512,512,ik,fp32,2,0.25,0.25,25165824,1610612736,402653184,ok,,2877292544,715.948647,625.945,1.1437884270982275,100.0,1.0,114.37884270982275,59.326171875,1535.7409115628932,1756.5626816669196,1756.5626816669196
square_8192__t8__ra2__rb2__ik__fp32__ws0p500000,square_8192__t8__ra2__rb2__ik__fp32,square_8192,8192,8192,8192,1/8,1024,1024,1024,1/2,1/2,512,512,ik,fp32,2,0.5,0.5,25165824,1610612736,805306368,ok,,2877292544,715.948647,630.007305,1.1364132468273525,100.0,1.0,113.64132468273522,59.326171875,1535.7409115628932,1745.236315594785,1745.236315594785
square_8192__t8__ra2__rb2__ik__fp32__ws0p750000,square_8192__t8__ra2__rb2__ik__fp32,square_8192,8192,8192,8192,1/8,1024,1024,1024,1/2,1/2,512,512,ik,fp32,2,0.75,0.75,25165824,1610612736,1207959552,ok,,2877292544,715.948647,629.354482,1.1375920367243846,100.0,1.0,113.75920367243843,59.326171875,1535.7409115628932,1747.0466314657945,1747.0466314657945
square_8192__t8__ra2__rb2__ik__fp32__ws1p000000,square_8192__t8__ra2__rb2__ik__fp32,square_8192,8192,8192,8192,1/8,1024,1024,1024,1/2,1/2,512,512,ik,fp32,2,1.0,1.0,25165824,1610612736,1610612736,ok,,2877292544,715.948647,638.02442,1.1221336120645666,100.0,1.0,112.21336120645664,59.326171875,1535.7409115628932,1723.306496287399,1723.306496287399
square_8192__t8__ra2__rb2__ij__fp32__ws0p125000,square_8192__t8__ra2__rb2__ij__fp32,square_8192,8192,8192,8192,1/8,1024,1024,1024,1/2,1/2,512,512,ij,fp32,2,0.125,0.125,25165824,1610612736,201326592,ok,,2877292544,715.948647,658.460049,1.0873076477263999,100.0,1.0,108.73076477263999,59.326171875,1535.7409115628932,1669.8228380686464,1669.8228380686464
square_8192__t8__ra2__rb2__ij__fp32__ws0p250000,square_8192__t8__ra2__rb2__ij__fp32,square_8192,8192,8192,8192,1/8,1024,1024,1024,1/2,1/2,512,512,ij,fp32,2,0.25,0.25,25165824,1610612736,402653184,ok,,2877292544,715.948647,657.069668,1.0896084264233608,100.0,1.0,108.96084264233605,59.326171875,1535.7409115628932,1673.3562380420215,1673.3562380420215
square_8192__t8__ra2__rb2__ij__fp32__ws0p500000,square_8192__t8__ra2__rb2__ij__fp32,square_8192,8192,8192,8192,1/8,1024,1024,1024,1/2,1/2,512,512,ij,fp32,2,0.5,0.5,25165824,1610612736,805306368,ok,,2877292544,715.948647,677.786611,1.0563039094910656,100.0,1.0,105.63039094910653,59.326171875,1535.7409115628932,1622.2091288492566,1622.2091288492566
square_8192__t8__ra2__rb2__ij__fp32__ws0p750000,square_8192__t8__ra2__rb2__ij__fp32,square_8192,8192,8192,8192,1/8,1024,1024,1024,1/2,1/2,512,512,ij,fp32,2,0.75,0.75,25165824,1610612736,1207959552,ok,,2877292544,715.948647,677.057221,1.057441859851311,100.0,1.0,105.74418598513107,59.326171875,1535.7409115628932,1623.9567257728131,1623.9567257728131
square_8192__t8__ra2__rb2__ij__fp32__ws1p000000,square_8192__t8__ra2__rb2__ij__fp32,square_8192,8192,8192,8192,1/8,1024,1024,1024,1/2,1/2,512,512,ij,fp32,2,1.0,1.0,25165824,1610612736,1610612736,ok,,2877292544,715.948647,677.852988,1.0562004736637673,100.0,1.0,105.62004736637674,59.326171875,1535.7409115628932,1622.0502782175536,1622.0502782175536
square_8192__t8__ra2__rb4__kj__fp32__ws0p125000,square_8192__t8__ra2__rb4__kj__fp32,square_8192,8192,8192,8192,1/8,1024,1024,1024,1/2,1/4,512,256,kj,fp32,2,0.125,0.125,20971520,1342177280,167772160,ok,,3011510272,715.948647,512.577702,1.396761201680209,50.0,2.0,69.83806008401044,59.326171875,1535.7409115628932,1072.531660552023,2145.063321104046
square_8192__t8__ra2__rb4__kj__fp32__ws0p250000,square_8192__t8__ra2__rb4__kj__fp32,square_8192,8192,8192,8192,1/8,1024,1024,1024,1/2,1/4,512,256,kj,fp32,2,0.25,0.25,20971520,1342177280,335544320,ok,,3011510272,715.948647,513.005649,1.3955960297817307,50.0,2.0,69.77980148908654,59.326171875,1535.7409115628932,1071.6369594752748,2143.2739189505496
square_8192__t8__ra2__rb4__kj__fp32__ws0p500000,square_8192__t8__ra2__rb4__kj__fp32,square_8192,8192,8192,8192,1/8,1024,1024,1024,1/2,1/4,512,256,kj,fp32,2,0.5,0.5,20971520,1342177280,671088640,ok,,3011510272,715.948647,516.161996,1.3870619157323625,50.0,2.0,69.35309578661811,59.326171875,1535.7409115628932,1065.0838654304955,2130.167730860991
square_8192__t8__ra2__rb4__kj__fp32__ws0p750000,square_8192__t8__ra2__rb4__kj__fp32,square_8192,8192,8192,8192,1/8,1024,1024,1024,1/2,1/4,512,256,kj,fp32,2,0.75,0.75,20971520,1342177280,1006632960,ok,,3011510272,715.948647,517.071184,1.384622986455188,50.0,2.0,69.23114932275939,59.326171875,1535.7409115628932,1063.211083694813,2126.422167389626
square_8192__t8__ra2__rb4__kj__fp32__ws1p000000,square_8192__t8__ra2__rb4__kj__fp32,square_8192,8192,8192,8192,1/8,1024,1024,1024,1/2,1/4,512,256,kj,fp32,2,1.0,1.0,20971520,1342177280,1342177280,ok,,3011510272,715.948647,519.139089,1.379107568992941,50.0,2.0,68.95537844964704,59.326171875,1535.7409115628932,1058.9759575742523,2117.9519151485047
square_8192__t8__ra2__rb4__kk__fp32__ws0p125000,square_8192__t8__ra2__rb4__kk__fp32,square_8192,8192,8192,8192,1/8,1024,1024,1024,1/2,1/4,512,256,kk,fp32,2,0.125,0.125,12582912,805306368,100663296,ok,,3011510272,715.948647,318.220512,2.24985071672564,50.0,2.0,112.49253583628199,59.326171875,1535.7409115628932,1727.5938952923311,3455.1877905846623
square_8192__t8__ra2__rb4__kk__fp32__ws0p250000,square_8192__t8__ra2__rb4__kk__fp32,square_8192,8192,8192,8192,1/8,1024,1024,1024,1/2,1/4,512,256,kk,fp32,2,0.25,0.25,12582912,805306368,201326592,ok,,3011510272,715.948647,316.039386,2.265377920333006,50.0,2.0,113.26889601665029,59.326171875,1535.7409115628932,1739.5167762033307,3479.0335524066613
square_8192__t8__ra2__rb4__kk__fp32__ws0p500000,square_8192__t8__ra2__rb4__kk__fp32,square_8192,8192,8192,8192,1/8,1024,1024,1024,1/2,1/4,512,256,kk,fp32,2,0.5,0.5,12582912,805306368,402653184,ok,,3011510272,715.948647,318.069221,2.250920867945283,50.0,2.0,112.54604339726413,59.326171875,1535.7409115628932,1728.4156327971136,3456.8312655942273
square_8192__t8__ra2__rb4__kk__fp32__ws0p750000,square_8192__t8__ra2__rb4__kk__fp32,square_8192,8192,8192,8192,1/8,1024,1024,1024,1/2,1/4,512,256,kk,fp32,2,0.75,0.75,12582912,805306368,603979776,ok,,3011510272,715.948647,320.32432,2.2350742740982015,50.0,2.0,111.75371370491007,59.326171875,1535.7409115628932,1716.2475015571717,3432.4950031143435
square_8192__t8__ra2__rb4__kk__fp32__ws1p000000,square_8192__t8__ra2__rb4__kk__fp32,square_8192,8192,8192,8192,1/8,1024,1024,1024,1/2,1/4,512,256,kk,fp32,2,1.0,1.0,12582912,805306368,805306368,ok,,3011510272,715.948647,322.185045,2.2221659822851185,50.0,2.0,111.1082991142559,59.326171875,1535.7409115628932,1706.3356056392995,3412.671211278599
square_8192__t8__ra2__rb4__ik__fp32__ws0p125000,square_8192__t8__ra2__rb4__ik__fp32,square_8192,8192,8192,8192,1/8,1024,1024,1024,1/2,1/4,512,256,ik,fp32,2,0.125,0.125,12582912,805306368,100663296,ok,,3011510272,715.948647,315.188229,2.2714955100686836,50.0,2.0,113.57477550343418,59.326171875,1535.7409115628932,1744.2142926219494,3488.428585243899
square_8192__t8__ra2__rb4__ik__fp32__ws0p250000,square_8192__t8__ra2__rb4__ik__fp32,square_8192,8192,8192,8192,1/8,1024,1024,1024,1/2,1/4,512,256,ik,fp32,2,0.25,0.25,12582912,805306368,201326592,ok,,3011510272,715.948647,316.527365,2.261885467627736,50.0,2.0,113.09427338138678,59.326171875,1535.7409115628932,1736.8350249527398,3473.6700499054796
square_8192__t8__ra2__rb4__ik__fp32__ws0p500000,square_8192__t8__ra2__rb4__ik__fp32,square_8192,8192,8192,8192,1/8,1024,1024,1024,1/2,1/4,512,256,ik,fp32,2,0.5,0.5,12582912,805306368,402653184,ok,,3011510272,715.948647,319.671334,2.239639813934646,50.0,2.0,111.98199069673227,59.326171875,1535.7409115628932,1719.7532447122705,3439.506489424541
square_8192__t8__ra2__rb4__ik__fp32__ws0p750000,square_8192__t8__ra2__rb4__ik__fp32,square_8192,8192,8192,8192,1/8,1024,1024,1024,1/2,1/4,512,256,ik,fp32,2,0.75,0.75,12582912,805306368,603979776,ok,,3011510272,715.948647,320.72761,2.23226384220554,50.0,2.0,111.613192110277,59.326171875,1535.7409115628932,1714.0894539388112,3428.1789078776224
square_8192__t8__ra2__rb4__ik__fp32__ws1p000000,square_8192__t8__ra2__rb4__ik__fp32,square_8192,8192,8192,8192,1/8,1024,1024,1024,1/2,1/4,512,256,ik,fp32,2,1.0,1.0,12582912,805306368,805306368,ok,,3011510272,715.948647,322.595004,2.219342017460382,50.0,2.0,110.96710087301909,59.326171875,1535.7409115628932,1704.1671664822186,3408.334332964437
square_8192__t8__ra2__rb4__ij__fp32__ws0p125000,square_8192__t8__ra2__rb4__ij__fp32,square_8192,8192,8192,8192,1/8,1024,1024,1024,1/2,1/4,512,256,ij,fp32,2,0.125,0.125,20971520,1342177280,167772160,ok,,3011510272,715.948647,520.016449,1.3767807698713779,50.0,2.0,68.83903849356889,59.326171875,1535.7409115628932,1057.1892772722658,2114.3785545445317
square_8192__t8__ra2__rb4__ij__fp32__ws0p250000,square_8192__t8__ra2__rb4__ij__fp32,square_8192,8192,8192,8192,1/8,1024,1024,1024,1/2,1/4,512,256,ij,fp32,2,0.25,0.25,20971520,1342177280,335544320,ok,,3011510272,715.948647,515.290049,1.3894090297094017,50.0,2.0,69.47045148547008,59.326171875,1535.7409115628932,1066.8861449098158,2133.7722898196316
square_8192__t8__ra2__rb4__ij__fp32__ws0p500000,square_8192__t8__ra2__rb4__ij__fp32,square_8192,8192,8192,8192,1/8,1024,1024,1024,1/2,1/4,512,256,ij,fp32,2,0.5,0.5,20971520,1342177280,671088640,ok,,3011510272,715.948647,519.845314,1.3772340111927988,50.0,2.0,68.86170055963993,59.326171875,1535.7409115628932,1057.5373078923242,2115.0746157846484
square_8192__t8__ra2__rb4__ij__fp32__ws0p750000,square_8192__t8__ra2__rb4__ij__fp32,square_8192,8192,8192,8192,1/8,1024,1024,1024,1/2,1/4,512,256,ij,fp32,2,0.75,0.75,20971520,1342177280,1006632960,ok,,3011510272,715.948647,515.291178,1.3894059855222287,50.0,2.0,69.47029927611142,59.326171875,1535.7409115628932,1066.8838073684235,2133.767614736847
square_8192__t8__ra2__rb4__ij__fp32__ws1p000000,square_8192__t8__ra2__rb4__ij__fp32,square_8192,8192,8192,8192,1/8,1024,1024,1024,1/2,1/4,512,256,ij,fp32,2,1.0,1.0,20971520,1342177280,1342177280,ok,,3011510272,715.948647,519.774852,1.3774207125357423,50.0,2.0,68.87103562678712,59.326171875,1535.7409115628932,1057.6806703376253,2115.3613406752506
square_8192__t8__ra2__rb8__kj__fp32__ws0p125000,square_8192__t8__ra2__rb8__kj__fp32,square_8192,8192,8192,8192,1/8,1024,1024,1024,1/2,1/8,512,128,kj,fp32,2,0.125,0.125,18874368,1207959552,150994944,ok,,3078619136,715.948647,429.526376,1.6668327884013343,25.0,4.0,41.670819710033356,59.326171875,1535.7409115628932,639.9558264705961,2559.8233058823844
square_8192__t8__ra2__rb8__kj__fp32__ws0p250000,square_8192__t8__ra2__rb8__kj__fp32,square_8192,8192,8192,8192,1/8,1024,1024,1024,1/2,1/8,512,128,kj,fp32,2,0.25,0.25,18874368,1207959552,301989888,ok,,3078619136,715.948647,434.805087,1.6465967588829062,25.0,4.0,41.16491897207265,59.326171875,1535.7409115628932,632.1865018658349,2528.7460074633395
square_8192__t8__ra2__rb8__kj__fp32__ws0p500000,square_8192__t8__ra2__rb8__kj__fp32,square_8192,8192,8192,8192,1/8,1024,1024,1024,1/2,1/8,512,128,kj,fp32,2,0.5,0.5,18874368,1207959552,603979776,ok,,3078619136,715.948647,437.619052,1.636008861424068,25.0,4.0,40.900221535601695,59.326171875,1535.7409115628932,628.1214350420922,2512.485740168369
square_8192__t8__ra2__rb8__kj__fp32__ws0p750000,square_8192__t8__ra2__rb8__kj__fp32,square_8192,8192,8192,8192,1/8,1024,1024,1024,1/2,1/8,512,128,kj,fp32,2,0.75,0.75,18874368,1207959552,905969664,ok,,3078619136,715.948647,438.871623,1.6313395751267337,25.0,4.0,40.78348937816833,59.326171875,1535.7409115628932,626.3287315434382,2505.3149261737526
square_8192__t8__ra2__rb8__kj__fp32__ws1p000000,square_8192__t8__ra2__rb8__kj__fp32,square_8192,8192,8192,8192,1/8,1024,1024,1024,1/2,1/8,512,128,kj,fp32,2,1.0,1.0,18874368,1207959552,1207959552,ok,,3078619136,715.948647,441.219718,1.6226578681599177,25.0,4.0,40.56644670399794,59.326171875,1535.7409115628932,622.9955184006532,2491.9820736026127
square_8192__t8__ra2__rb8__kk__fp32__ws0p125000,square_8192__t8__ra2__rb8__kk__fp32,square_8192,8192,8192,8192,1/8,1024,1024,1024,1/2,1/8,512,128,kk,fp32,2,0.125,0.125,6291456,402653184,50331648,ok,,3078619136,715.948647,158.485705,4.517433588095533,25.0,4.0,112.9358397023883,59.326171875,1535.7409115628932,1734.4018941266659,6937.6075765066635
square_8192__t8__ra2__rb8__kk__fp32__ws0p250000,square_8192__t8__ra2__rb8__kk__fp32,square_8192,8192,8192,8192,1/8,1024,1024,1024,1/2,1/8,512,128,kk,fp32,2,0.25,0.25,6291456,402653184,100663296,ok,,3078619136,715.948647,159.971109,4.475487176875169,25.0,4.0,111.88717942187922,59.326171875,1535.7409115628932,1718.2971891755778,6873.188756702311
square_8192__t8__ra2__rb8__kk__fp32__ws0p500000,square_8192__t8__ra2__rb8__kk__fp32,square_8192,8192,8192,8192,1/8,1024,1024,1024,1/2,1/8,512,128,kk,fp32,2,0.5,0.5,6291456,402653184,201326592,ok,,3078619136,715.948647,158.109571,4.528180314903265,25.0,4.0,113.2045078725816,59.326171875,1535.7409115628932,1738.527941132672,6954.111764530688
square_8192__t8__ra2__rb8__kk__fp32__ws0p750000,square_8192__t8__ra2__rb8__kk__fp32,square_8192,8192,8192,8192,1/8,1024,1024,1024,1/2,1/8,512,128,kk,fp32,2,0.75,0.75,6291456,402653184,301989888,ok,,3078619136,715.948647,159.415808,4.491076863594356,25.0,4.0,112.27692158985889,59.326171875,1535.7409115628932,1724.2826190988537,6897.130476395415
square_8192__t8__ra2__rb8__kk__fp32__ws1p000000,square_8192__t8__ra2__rb8__kk__fp32,square_8192,8192,8192,8192,1/8,1024,1024,1024,1/2,1/8,512,128,kk,fp32,2,1.0,1.0,6291456,402653184,402653184,ok,,3078619136,715.948647,158.811607,4.508163228900518,25.0,4.0,112.70408072251293,59.326171875,1535.7409115628932,1730.842676656499,6923.370706625996
square_8192__t8__ra2__rb8__ik__fp32__ws0p125000,square_8192__t8__ra2__rb8__ik__fp32,square_8192,8192,8192,8192,1/8,1024,1024,1024,1/2,1/8,512,128,ik,fp32,2,0.125,0.125,6291456,402653184,50331648,ok,,3078619136,715.948647,160.19467,4.469241373636215,25.0,4.0,111.73103434090534,59.326171875,1535.7409115628932,1715.899205285669,6863.596821142676
square_8192__t8__ra2__rb8__ik__fp32__ws0p250000,square_8192__t8__ra2__rb8__ik__fp32,square_8192,8192,8192,8192,1/8,1024,1024,1024,1/2,1/8,512,128,ik,fp32,2,0.25,0.25,6291456,402653184,100663296,ok,,3078619136,715.948647,158.261125,4.523844039400075,25.0,4.0,113.09610098500184,59.326171875,1535.7409115628932,1736.8630922091575,6947.45236883663
square_8192__t8__ra2__rb8__ik__fp32__ws0p500000,square_8192__t8__ra2__rb8__ik__fp32,square_8192,8192,8192,8192,1/8,1024,1024,1024,1/2,1/8,512,128,ik,fp32,2,0.5,0.5,6291456,402653184,201326592,ok,,3078619136,715.948647,158.081698,4.528978724659195,25.0,4.0,113.22446811647985,59.326171875,1535.7409115628932,1738.8344787642652,6955.337915057061
square_8192__t8__ra2__rb8__ik__fp32__ws0p750000,square_8192__t8__ra2__rb8__ik__fp32,square_8192,8192,8192,8192,1/8,1024,1024,1024,1/2,1/8,512,128,ik,fp32,2,0.75,0.75,6291456,402653184,301989888,ok,,3078619136,715.948647,159.193086,4.497360186861382,25.0,4.0,112.43400467153452,59.326171875,1535.7409115628932,1726.6950082492904,6906.7800329971615
square_8192__t8__ra2__rb8__ik__fp32__ws1p000000,square_8192__t8__ra2__rb8__ik__fp32,square_8192,8192,8192,8192,1/8,1024,1024,1024,1/2,1/8,512,128,ik,fp32,2,1.0,1.0,6291456,402653184,402653184,ok,,3078619136,715.948647,158.047241,4.5299661194338725,25.0,4.0,113.24915298584679,59.326171875,1535.7409115628932,1739.213574402099,6956.854297608396
square_8192__t8__ra2__rb8__ij__fp32__ws0p125000,square_8192__t8__ra2__rb8__ij__fp32,square_8192,8192,8192,8192,1/8,1024,1024,1024,1/2,1/8,512,128,ij,fp32,2,0.125,0.125,18874368,1207959552,150994944,ok,,3078619136,715.948647,441.100234,1.6230974091933945,25.0,4.0,40.577435229834855,59.326171875,1535.7409115628932,623.1642736875084,2492.6570947500336
square_8192__t8__ra2__rb8__ij__fp32__ws0p250000,square_8192__t8__ra2__rb8__ij__fp32,square_8192,8192,8192,8192,1/8,1024,1024,1024,1/2,1/8,512,128,ij,fp32,2,0.25,0.25,18874368,1207959552,301989888,ok,,3078619136,715.948647,440.81579,1.6241447408224647,25.0,4.0,40.60361852056161,59.326171875,1535.7409115628932,623.5663811951927,2494.2655247807706
square_8192__t8__ra2__rb8__ij__fp32__ws0p500000,square_8192__t8__ra2__rb8__ij__fp32,square_8192,8192,8192,8192,1/8,1024,1024,1024,1/2,1/8,512,128,ij,fp32,2,0.5,0.5,18874368,1207959552,603979776,ok,,3078619136,715.948647,440.811323,1.6241611992348937,25.0,4.0,40.60402998087233,59.326171875,1535.7409115628932,623.5727001595193,2494.290800638077
square_8192__t8__ra2__rb8__ij__fp32__ws0p750000,square_8192__t8__ra2__rb8__ij__fp32,square_8192,8192,8192,8192,1/8,1024,1024,1024,1/2,1/8,512,128,ij,fp32,2,0.75,0.75,18874368,1207959552,905969664,ok,,3078619136,715.948647,436.871511,1.6388082742250503,25.0,4.0,40.97020685562625,59.326171875,1535.7409115628932,629.1962282337976,2516.7849129351903
square_8192__t8__ra2__rb8__ij__fp32__ws1p000000,square_8192__t8__ra2__rb8__ij__fp32,square_8192,8192,8192,8192,1/8,1024,1024,1024,1/2,1/8,512,128,ij,fp32,2,1.0,1.0,18874368,1207959552,1207959552,ok,,3078619136,715.948647,436.868758,1.6388186014436859,25.0,4.0,40.97046503609214,59.326171875,1535.7409115628932,629.2001932168379,2516.8007728673515
square_8192__t8__ra4__rb2__kj__fp32__ws0p125000,square_8192__t8__ra4__rb2__kj__fp32,square_8192,8192,8192,8192,1/8,1024,1024,1024,1/4,1/2,256,512,kj,fp32,2,0.125,0.125,12582912,805306368,100663296,ok,,3011510272,715.948647,336.15791,2.1297986026864577,50.0,2.0,106.48993013432289,59.326171875,1535.7409115628932,1635.4094237675383,3270.8188475350767
square_8192__t8__ra4__rb2__kj__fp32__ws0p250000,square_8192__t8__ra4__rb2__kj__fp32,square_8192,8192,8192,8192,1/8,1024,1024,1024,1/4,1/2,256,512,kj,fp32,2,0.25,0.25,12582912,805306368,201326592,ok,,3011510272,715.948647,336.037769,2.1305600532064,50.0,2.0,106.52800266032001,59.326171875,1535.7409115628932,1635.9941191253415,3271.988238250683
square_8192__t8__ra4__rb2__kj__fp32__ws0p500000,square_8192__t8__ra4__rb2__kj__fp32,square_8192,8192,8192,8192,1/8,1024,1024,1024,1/4,1/2,256,512,kj,fp32,2,0.5,0.5,12582912,805306368,402653184,ok,,3011510272,715.948647,335.790075,2.1321316510024904,50.0,2.0,106.6065825501245,59.326171875,1535.7409115628932,1637.2009026413302,3274.4018052826605
square_8192__t8__ra4__rb2__kj__fp32__ws0p750000,square_8192__t8__ra4__rb2__kj__fp32,square_8192,8192,8192,8192,1/8,1024,1024,1024,1/4,1/2,256,512,kj,fp32,2,0.75,0.75,12582912,805306368,603979776,ok,,3011510272,715.948647,335.736825,2.132469820669806,50.0,2.0,106.6234910334903,59.326171875,1535.7409115628932,1637.4605731379036,3274.921146275807
square_8192__t8__ra4__rb2__kj__fp32__ws1p000000,square_8192__t8__ra4__rb2__kj__fp32,square_8192,8192,8192,8192,1/8,1024,1024,1024,1/4,1/2,256,512,kj,fp32,2,1.0,1.0,12582912,805306368,805306368,ok,,3011510272,715.948647,335.660963,2.132951775509266,50.0,2.0,106.64758877546328,59.326171875,1535.7409115628932,1637.8306520201456,3275.6613040402913
square_8192__t8__ra4__rb2__kk__fp32__ws0p125000,square_8192__t8__ra4__rb2__kk__fp32,square_8192,8192,8192,8192,1/8,1024,1024,1024,1/4,1/2,256,512,kk,fp32,2,0.125,0.125,12582912,805306368,100663296,ok,,3011510272,715.948647,336.251834,2.1292036938005223,50.0,2.0,106.4601846900261,59.326171875,1535.7409115628932,1634.9526108101466,3269.905221620293
square_8192__t8__ra4__rb2__kk__fp32__ws0p250000,square_8192__t8__ra4__rb2__kk__fp32,square_8192,8192,8192,8192,1/8,1024,1024,1024,1/4,1/2,256,512,kk,fp32,2,0.25,0.25,12582912,805306368,201326592,ok,,3011510272,715.948647,336.042796,2.1305281812974797,50.0,2.0,106.52640906487399,59.326171875,1535.7409115628932,1635.9696456281122,3271.9392912562244
square_8192__t8__ra4__rb2__kk__fp32__ws0p500000,square_8192__t8__ra4__rb2__kk__fp32,square_8192,8192,8192,8192,1/8,1024,1024,1024,1/4,1/2,256,512,kk,fp32,2,0.5,0.5,12582912,805306368,402653184,ok,,3011510272,715.948647,335.777796,2.1322096205551366,50.0,2.0,106.6104810277568,59.326171875,1535.7409115628932,1637.2607731572577,3274.5215463145155
square_8192__t8__ra4__rb2__kk__fp32__ws0p750000,square_8192__t8__ra4__rb2__kk__fp32,square_8192,8192,8192,8192,1/8,1024,1024,1024,1/4,1/2,256,512,kk,fp32,2,0.75,0.75,12582912,805306368,603979776,ok,,3011510272,715.948647,332.624589,2.152422492733993,50.0,2.0,107.62112463669966,59.326171875,1535.7409115628932,1652.7816405298888,3305.5632810597776
square_8192__t8__ra4__rb2__kk__fp32__ws1p000000,square_8192__t8__ra4__rb2__kk__fp32,square_8192,8192,8192,8192,1/8,1024,1024,1024,1/4,1/2,256,512,kk,fp32,2,1.0,1.0,12582912,805306368,805306368,ok,,3011510272,715.948647,335.877491,2.1315767390914564,50.0,2.0,106.57883695457282,59.326171875,1535.7409115628932,1636.7748021792863,3273.5496043585727
square_8192__t8__ra4__rb2__ik__fp32__ws0p125000,square_8192__t8__ra4__rb2__ik__fp32,square_8192,8192,8192,8192,1/8,1024,1024,1024,1/4,1/2,256,512,ik,fp32,2,0.125,0.125,20971520,1342177280,167772160,ok,,3011510272,715.948647,458.911981,1.5601001426022914,50.0,2.0,78.00500713011456,59.326171875,1535.7409115628932,1197.9548075647212,2395.9096151294425
square_8192__t8__ra4__rb2__ik__fp32__ws0p250000,square_8192__t8__ra4__rb2__ik__fp32,square_8192,8192,8192,8192,1/8,1024,1024,1024,1/4,1/2,256,512,ik,fp32,2,0.25,0.25,20971520,1342177280,335544320,ok,,3011510272,715.948647,473.575048,1.5117955433327646,50.0,2.0,75.58977716663823,59.326171875,1535.7409115628932,1160.8631329072896,2321.726265814579
square_8192__t8__ra4__rb2__ik__fp32__ws0p500000,square_8192__t8__ra4__rb2__ik__fp32,square_8192,8192,8192,8192,1/8,1024,1024,1024,1/4,1/2,256,512,ik,fp32,2,0.5,0.5,20971520,1342177280,671088640,ok,,3011510272,715.948647,478.383308,1.496600393507041,50.0,2.0,74.83001967535205,59.326171875,1535.7409115628932,1149.1952262849438,2298.3904525698877
square_8192__t8__ra4__rb2__ik__fp32__ws0p750000,square_8192__t8__ra4__rb2__ik__fp32,square_8192,8192,8192,8192,1/8,1024,1024,1024,1/4,1/2,256,512,ik,fp32,2,0.75,0.75,20971520,1342177280,1006632960,ok,,3011510272,715.948647,479.555193,1.4929431636871047,50.0,2.0,74.64715818435522,59.326171875,1535.7409115628932,1146.3869475562117,2292.7738951124234
square_8192__t8__ra4__rb2__ik__fp32__ws1p000000,square_8192__t8__ra4__rb2__ik__fp32,square_8192,8192,8192,8192,1/8,1024,1024,1024,1/4,1/2,256,512,ik,fp32,2,1.0,1.0,20971520,1342177280,1342177280,ok,,3011510272,715.948647,483.21752,1.4816280812831457,50.0,2.0,74.08140406415727,59.326171875,1535.7409115628932,1137.6984300734791,2275.3968601469583
square_8192__t8__ra4__rb2__ij__fp32__ws0p125000,square_8192__t8__ra4__rb2__ij__fp32,square_8192,8192,8192,8192,1/8,1024,1024,1024,1/4,1/2,256,512,ij,fp32,2,0.125,0.125,12582912,805306368,100663296,ok,,3011510272,715.948647,344.07671,2.080782064557639,50.0,2.0,104.03910322788195,59.326171875,1535.7409115628932,1597.7710722937336,3195.542144587467
square_8192__t8__ra4__rb2__ij__fp32__ws0p250000,square_8192__t8__ra4__rb2__ij__fp32,square_8192,8192,8192,8192,1/8,1024,1024,1024,1/4,1/2,256,512,ij,fp32,2,0.25,0.25,12582912,805306368,201326592,ok,,3011510272,715.948647,346.979541,2.063374240846091,50.0,2.0,103.16871204230453,59.326171875,1535.7409115628932,1584.404118766184,3168.808237532368
square_8192__t8__ra4__rb2__ij__fp32__ws0p500000,square_8192__t8__ra4__rb2__ij__fp32,square_8192,8192,8192,8192,1/8,1024,1024,1024,1/4,1/2,256,512,ij,fp32,2,0.5,0.5,12582912,805306368,402653184,ok,,3011510272,715.948647,346.969712,2.0634326923613435,50.0,2.0,103.17163461806717,59.326171875,1535.7409115628932,1584.4490019578423,3168.8980039156845
square_8192__t8__ra4__rb2__ij__fp32__ws0p750000,square_8192__t8__ra4__rb2__ij__fp32,square_8192,8192,8192,8192,1/8,1024,1024,1024,1/4,1/2,256,512,ij,fp32,2,0.75,0.75,12582912,805306368,603979776,ok,,3011510272,715.948647,346.816578,2.0643437840506,50.0,2.0,103.21718920252998,59.326171875,1535.7409115628932,1585.1486023485302,3170.2972046970604
square_8192__t8__ra4__rb2__ij__fp32__ws1p000000,square_8192__t8__ra4__rb2__ij__fp32,square_8192,8192,8192,8192,1/8,1024,1024,1024,1/4,1/2,256,512,ij,fp32,2,1.0,1.0,12582912,805306368,805306368,ok,,3011510272,715.948647,346.860811,2.064080531138469,50.0,2.0,103.20402655692342,59.326171875,1535.7409115628932,1584.9464582149062,3169.8929164298124
square_8192__t8__ra4__rb4__kj__fp32__ws0p125000,square_8192__t8__ra4__rb4__kj__fp32,square_8192,8192,8192,8192,1/8,1024,1024,1024,1/4,1/4,256,256,kj,fp32,2,0.125,0.125,10485760,671088640,83886080,ok,,3145728000,715.948647,257.275567,2.782808547847841,37.5,2.6666666666666665,104.35532054429405,55.17578125,1535.7409115628932,1602.6273509913203,4273.672935976854
square_8192__t8__ra4__rb4__kj__fp32__ws0p250000,square_8192__t8__ra4__rb4__kj__fp32,square_8192,8192,8192,8192,1/8,1024,1024,1024,1/4,1/4,256,256,kj,fp32,2,0.25,0.25,10485760,671088640,167772160,ok,,3145728000,715.948647,256.849261,2.787427319092034,37.5,2.6666666666666665,104.52852446595125,55.17578125,1535.7409115628932,1605.2873144766415,4280.766171937711
square_8192__t8__ra4__rb4__kj__fp32__ws0p500000,square_8192__t8__ra4__rb4__kj__fp32,square_8192,8192,8192,8192,1/8,1024,1024,1024,1/4,1/4,256,256,kj,fp32,2,0.5,0.5,10485760,671088640,335544320,ok,,3145728000,715.948647,256.739745,2.7886163359708873,37.5,2.6666666666666665,104.57311259890827,55.17578125,1535.7409115628932,1605.9720726761645,4282.592193803105
square_8192__t8__ra4__rb4__kj__fp32__ws0p750000,square_8192__t8__ra4__rb4__kj__fp32,square_8192,8192,8192,8192,1/8,1024,1024,1024,1/4,1/4,256,256,kj,fp32,2,0.75,0.75,10485760,671088640,503316480,ok,,3145728000,715.948647,256.686355,2.789196359892212,37.5,2.6666666666666665,104.59486349595792,55.17578125,1535.7409115628932,1606.3061101007881,4283.482960268769
square_8192__t8__ra4__rb4__kj__fp32__ws1p000000,square_8192__t8__ra4__rb4__kj__fp32,square_8192,8192,8192,8192,1/8,1024,1024,1024,1/4,1/4,256,256,kj,fp32,2,1.0,1.0,10485760,671088640,671088640,ok,,3145728000,715.948647,256.707758,2.7889638107470054,37.5,2.6666666666666665,104.58614290301269,55.17578125,1535.7409115628932,1606.1721843871971,4283.125825032526
square_8192__t8__ra4__rb4__kk__fp32__ws0p125000,square_8192__t8__ra4__rb4__kk__fp32,square_8192,8192,8192,8192,1/8,1024,1024,1024,1/4,1/4,256,256,kk,fp32,2,0.125,0.125,10485760,671088640,83886080,ok,,3145728000,715.948647,257.20585,2.783562842758048,37.5,2.6666666666666665,104.38360660342678,55.17578125,1535.7409115628932,1603.0617515736908,4274.831337529842
square_8192__t8__ra4__rb4__kk__fp32__ws0p250000,square_8192__t8__ra4__rb4__kk__fp32,square_8192,8192,8192,8192,1/8,1024,1024,1024,1/4,1/4,256,256,kk,fp32,2,0.25,0.25,10485760,671088640,167772160,ok,,3145728000,715.948647,256.936214,2.7864839909254675,37.5,2.6666666666666665,104.49314965970504,55.17578125,1535.7409115628932,1604.7440491047323,4279.3174642792865
square_8192__t8__ra4__rb4__kk__fp32__ws0p500000,square_8192__t8__ra4__rb4__kk__fp32,square_8192,8192,8192,8192,1/8,1024,1024,1024,1/4,1/4,256,256,kk,fp32,2,0.5,0.5,10485760,671088640,335544320,ok,,3145728000,715.948647,256.619572,2.7899222238590595,37.5,2.6666666666666665,104.62208339471472,55.17578125,1535.7409115628932,1606.7241372220822,4284.597699258886
square_8192__t8__ra4__rb4__kk__fp32__ws0p750000,square_8192__t8__ra4__rb4__kk__fp32,square_8192,8192,8192,8192,1/8,1024,1024,1024,1/4,1/4,256,256,kk,fp32,2,0.75,0.75,10485760,671088640,503316480,ok,,3145728000,715.948647,254.35443,2.814767751440382,37.5,2.6666666666666665,105.55379067901431,55.17578125,1535.7409115628932,1621.0327471630826,4322.753992434887
square_8192__t8__ra4__rb4__kk__fp32__ws1p000000,square_8192__t8__ra4__rb4__kk__fp32,square_8192,8192,8192,8192,1/8,1024,1024,1024,1/4,1/4,256,256,kk,fp32,2,1.0,1.0,10485760,671088640,671088640,ok,,3145728000,715.948647,256.641597,2.7896827925365506,37.5,2.6666666666666665,104.61310472012065,55.17578125,1535.7409115628932,1606.5862480430249,4284.229994781399
square_8192__t8__ra4__rb4__ik__fp32__ws0p125000,square_8192__t8__ra4__rb4__ik__fp32,square_8192,8192,8192,8192,1/8,1024,1024,1024,1/4,1/4,256,256,ik,fp32,2,0.125,0.125,10485760,671088640,83886080,ok,,3145728000,715.948647,229.508286,3.1194893198757976,37.5,2.6666666666666665,116.9808494953424,55.17578125,1535.7409115628932,1796.5227643937876,4790.727371716766
square_8192__t8__ra4__rb4__ik__fp32__ws0p250000,square_8192__t8__ra4__rb4__ik__fp32,square_8192,8192,8192,8192,1/8,1024,1024,1024,1/4,1/4,256,256,ik,fp32,2,0.25,0.25,10485760,671088640,167772160,ok,,3145728000,715.948647,230.22813,3.1097357520994504,37.5,2.6666666666666665,116.61509070372938,55.17578125,1535.7409115628932,1790.9056569933482,4775.748418648929
square_8192__t8__ra4__rb4__ik__fp32__ws0p500000,square_8192__t8__ra4__rb4__ik__fp32,square_8192,8192,8192,8192,1/8,1024,1024,1024,1/4,1/4,256,256,ik,fp32,2,0.5,0.5,10485760,671088640,335544320,ok,,3145728000,715.948647,232.327133,3.0816402619663026,37.5,2.6666666666666665,115.56150982373634,55.17578125,1535.7409115628932,1774.7253843828908,4732.601025021042
square_8192__t8__ra4__rb4__ik__fp32__ws0p750000,square_8192__t8__ra4__rb4__ik__fp32,square_8192,8192,8192,8192,1/8,1024,1024,1024,1/4,1/4,256,256,ik,fp32,2,0.75,0.75,10485760,671088640,503316480,ok,,3145728000,715.948647,233.204823,3.070042196339996,37.5,2.6666666666666665,115.12658236274984,55.17578125,1535.7409115628932,1768.0460254288994,4714.789401143732
square_8192__t8__ra4__rb4__ik__fp32__ws1p000000,square_8192__t8__ra4__rb4__ik__fp32,square_8192,8192,8192,8192,1/8,1024,1024,1024,1/4,1/4,256,256,ik,fp32,2,1.0,1.0,10485760,671088640,671088640,ok,,3145728000,715.948647,235.688503,3.03769016259567,37.5,2.6666666666666665,113.91338109733762,55.17578125,1535.7409115628932,1749.4143972563652,4665.105059350307
square_8192__t8__ra4__rb4__ij__fp32__ws0p125000,square_8192__t8__ra4__rb4__ij__fp32,square_8192,8192,8192,8192,1/8,1024,1024,1024,1/4,1/4,256,256,ij,fp32,2,0.125,0.125,10485760,671088640,83886080,ok,,3145728000,715.948647,267.278291,2.6786636667023584,37.5,2.6666666666666665,100.44988750133842,55.17578125,1535.7409115628932,1542.6500179769555,4113.733381271882
square_8192__t8__ra4__rb4__ij__fp32__ws0p250000,square_8192__t8__ra4__rb4__ij__fp32,square_8192,8192,8192,8192,1/8,1024,1024,1024,1/4,1/4,256,256,ij,fp32,2,0.25,0.25,10485760,671088640,167772160,ok,,3145728000,715.948647,265.576815,2.6958251118419354,37.5,2.6666666666666665,101.09344169407257,55.17578125,1535.7409115628932,1552.533343002852,4140.088914674272
square_8192__t8__ra4__rb4__ij__fp32__ws0p500000,square_8192__t8__ra4__rb4__ij__fp32,square_8192,8192,8192,8192,1/8,1024,1024,1024,1/4,1/4,256,256,ij,fp32,2,0.5,0.5,10485760,671088640,335544320,ok,,3145728000,715.948647,265.384751,2.6977761318320814,37.5,2.6666666666666665,101.16660494370305,55.17578125,1535.7409115628932,1553.656940959656,4143.0851758924155
square_8192__t8__ra4__rb4__ij__fp32__ws0p750000,square_8192__t8__ra4__rb4__ij__fp32,square_8192,8192,8192,8192,1/8,1024,1024,1024,1/4,1/4,256,256,ij,fp32,2,0.75,0.75,10485760,671088640,503316480,ok,,3145728000,715.948647,267.833201,2.6731138795596894,37.5,2.6666666666666665,100.24177048348835,55.17578125,1535.7409115628932,1539.4538797899072,4105.210346106419
square_8192__t8__ra4__rb4__ij__fp32__ws1p000000,square_8192__t8__ra4__rb4__ij__fp32,square_8192,8192,8192,8192,1/8,1024,1024,1024,1/4,1/4,256,256,ij,fp32,2,1.0,1.0,10485760,671088640,671088640,ok,,3145728000,715.948647,267.853258,2.6729137153149733,37.5,2.6666666666666665,100.23426432431148,55.17578125,1535.7409115628932,1539.338604632541,4104.902945686777
square_8192__t8__ra4__rb8__kj__fp32__ws0p125000,square_8192__t8__ra4__rb8__kj__fp32,square_8192,8192,8192,8192,1/8,1024,1024,1024,1/4,1/8,256,128,kj,fp32,2,0.125,0.125,9437184,603979776,75497472,ok,,3212836864,715.948647,217.83099,3.286716215172139,18.75,5.333333333333333,61.6259290344776,55.17578125,1535.7409115628932,946.414604313188,5047.544556337002
square_8192__t8__ra4__rb8__kj__fp32__ws0p250000,square_8192__t8__ra4__rb8__kj__fp32,square_8192,8192,8192,8192,1/8,1024,1024,1024,1/4,1/8,256,128,kj,fp32,2,0.25,0.25,9437184,603979776,150994944,ok,,3212836864,715.948647,215.524511,3.321889671286623,18.75,5.333333333333333,62.285431336624164,55.17578125,1535.7409115628932,956.5428509799519,5101.561871893076
square_8192__t8__ra4__rb8__kj__fp32__ws0p500000,square_8192__t8__ra4__rb8__kj__fp32,square_8192,8192,8192,8192,1/8,1024,1024,1024,1/4,1/8,256,128,kj,fp32,2,0.5,0.5,9437184,603979776,301989888,ok,,3212836864,715.948647,217.154891,3.296949213084959,18.75,5.333333333333333,61.81779774534297,55.17578125,1535.7409115628932,949.3612106024358,5063.259789879658
square_8192__t8__ra4__rb8__kj__fp32__ws0p750000,square_8192__t8__ra4__rb8__kj__fp32,square_8192,8192,8192,8192,1/8,1024,1024,1024,1/4,1/8,256,128,kj,fp32,2,0.75,0.75,9437184,603979776,452984832,ok,,3212836864,715.948647,215.344949,3.32465957676119,18.75,5.333333333333333,62.33736706427231,55.17578125,1535.7409115628932,957.3404491971622,5105.815729051532
square_8192__t8__ra4__rb8__kj__fp32__ws1p000000,square_8192__t8__ra4__rb8__kj__fp32,square_8192,8192,8192,8192,1/8,1024,1024,1024,1/4,1/8,256,128,kj,fp32,2,1.0,1.0,9437184,603979776,603979776,ok,,3212836864,715.948647,215.827552,3.3172254439507336,18.75,5.333333333333333,62.19797707407625,55.17578125,1535.7409115628932,955.1997800910979,5094.398827152522
square_8192__t8__ra4__rb8__kk__fp32__ws0p125000,square_8192__t8__ra4__rb8__kk__fp32,square_8192,8192,8192,8192,1/8,1024,1024,1024,1/4,1/8,256,128,kk,fp32,2,0.125,0.125,5242880,335544320,41943040,ok,,3212836864,715.948647,114.648984,6.244701191595383,18.75,5.333333333333333,117.08814734241342,55.17578125,1535.7409115628932,1798.1705813284834,9590.243100418578
square_8192__t8__ra4__rb8__kk__fp32__ws0p250000,square_8192__t8__ra4__rb8__kk__fp32,square_8192,8192,8192,8192,1/8,1024,1024,1024,1/4,1/8,256,128,kk,fp32,2,0.25,0.25,5242880,335544320,83886080,ok,,3212836864,715.948647,114.483209,6.253743699654681,18.75,5.333333333333333,117.25769436852525,55.17578125,1535.7409115628932,1800.774384372821,9604.130049988378
square_8192__t8__ra4__rb8__kk__fp32__ws0p500000,square_8192__t8__ra4__rb8__kk__fp32,square_8192,8192,8192,8192,1/8,1024,1024,1024,1/4,1/8,256,128,kk,fp32,2,0.5,0.5,5242880,335544320,167772160,ok,,3212836864,715.948647,114.38749,6.258976807691122,18.75,5.333333333333333,117.35581514420852,55.17578125,1535.7409115628932,1802.2812652677317,9612.166748094569
square_8192__t8__ra4__rb8__kk__fp32__ws0p750000,square_8192__t8__ra4__rb8__kk__fp32,square_8192,8192,8192,8192,1/8,1024,1024,1024,1/4,1/8,256,128,kk,fp32,2,0.75,0.75,5242880,335544320,251658240,ok,,3212836864,715.948647,115.3756,6.205373120486481,18.75,5.333333333333333,116.35074600912152,55.17578125,1535.7409115628932,1786.8460073707092,9529.845372643782
square_8192__t8__ra4__rb8__kk__fp32__ws1p000000,square_8192__t8__ra4__rb8__kk__fp32,square_8192,8192,8192,8192,1/8,1024,1024,1024,1/4,1/8,256,128,kk,fp32,2,1.0,1.0,5242880,335544320,335544320,ok,,3212836864,715.948647,114.784219,6.237343889581198,18.75,5.333333333333333,116.95019792964744,55.17578125,1535.7409115628932,1796.0520357593755,9578.94419071667
square_8192__t8__ra4__rb8__ik__fp32__ws0p125000,square_8192__t8__ra4__rb8__ik__fp32,square_8192,8192,8192,8192,1/8,1024,1024,1024,1/4,1/8,256,128,ik,fp32,2,0.125,0.125,5242880,335544320,41943040,ok,,3212836864,715.948647,114.745349,6.239456790531876,18.75,5.333333333333333,116.98981482247265,55.17578125,1535.7409115628932,1796.6604485903824,9582.189059148706
square_8192__t8__ra4__rb8__ik__fp32__ws0p250000,square_8192__t8__ra4__rb8__ik__fp32,square_8192,8192,8192,8192,1/8,1024,1024,1024,1/4,1/8,256,128,ik,fp32,2,0.25,0.25,5242880,335544320,83886080,ok,,3212836864,715.948647,114.51465,6.252026679555848,18.75,5.333333333333333,117.22550024167214,55.17578125,1535.7409115628932,1800.2799659956172,9601.493151976625
square_8192__t8__ra4__rb8__ik__fp32__ws0p500000,square_8192__t8__ra4__rb8__ik__fp32,square_8192,8192,8192,8192,1/8,1024,1024,1024,1/4,1/8,256,128,ik,fp32,2,0.5,0.5,5242880,335544320,167772160,ok,,3212836864,715.948647,115.118494,6.219232219976749,18.75,5.333333333333333,116.61060412456403,55.17578125,1535.7409115628932,1790.8367547615765,9551.129358728407
square_8192__t8__ra4__rb8__ik__fp32__ws0p750000,square_8192__t8__ra4__rb8__ik__fp32,square_8192,8192,8192,8192,1/8,1024,1024,1024,1/4,1/8,256,128,ik,fp32,2,0.75,0.75,5242880,335544320,251658240,ok,,3212836864,715.948647,114.381855,6.259285154974974,18.75,5.333333333333333,117.36159665578076,55.17578125,1535.7409115628932,1802.3700543062535,9612.640289633351
square_8192__t8__ra4__rb8__ik__fp32__ws1p000000,square_8192__t8__ra4__rb8__ik__fp32,square_8192,8192,8192,8192,1/8,1024,1024,1024,1/4,1/8,256,128,ik,fp32,2,1.0,1.0,5242880,335544320,335544320,ok,,3212836864,715.948647,115.103274,6.220054583330097,18.75,5.333333333333333,116.6260234374393,55.17578125,1535.7409115628932,1791.073555457684,9552.392295774314
square_8192__t8__ra4__rb8__ij__fp32__ws0p125000,square_8192__t8__ra4__rb8__ij__fp32,square_8192,8192,8192,8192,1/8,1024,1024,1024,1/4,1/8,256,128,ij,fp32,2,0.125,0.125,9437184,603979776,75497472,ok,,3212836864,715.948647,228.496983,3.1332958431227955,18.75,5.333333333333333,58.74929705855241,55.17578125,1535.7409115628932,902.2369901838048,4811.9306143136255
square_8192__t8__ra4__rb8__ij__fp32__ws0p250000,square_8192__t8__ra4__rb8__ij__fp32,square_8192,8192,8192,8192,1/8,1024,1024,1024,1/4,1/8,256,128,ij,fp32,2,0.25,0.25,9437184,603979776,150994944,ok,,3212836864,715.948647,228.423605,3.1343023721213052,18.75,5.333333333333333,58.76816947727447,55.17578125,1535.7409115628932,902.5268216391208,4813.476382075311
square_8192__t8__ra4__rb8__ij__fp32__ws0p500000,square_8192__t8__ra4__rb8__ij__fp32,square_8192,8192,8192,8192,1/8,1024,1024,1024,1/4,1/8,256,128,ij,fp32,2,0.5,0.5,9437184,603979776,301989888,ok,,3212836864,715.948647,228.327698,3.1356189076981806,18.75,5.333333333333333,58.792854519340885,55.17578125,1535.7409115628932,902.9059199291713,4815.498239622247
square_8192__t8__ra4__rb8__ij__fp32__ws0p750000,square_8192__t8__ra4__rb8__ij__fp32,square_8192,8192,8192,8192,1/8,1024,1024,1024,1/4,1/8,256,128,ij,fp32,2,0.75,0.75,9437184,603979776,452984832,ok,,3212836864,715.948647,226.332033,3.1632669821863,18.75,5.333333333333333,59.31125591599312,55.17578125,1535.7409115628932,910.8672222636732,4857.95851873959
square_8192__t8__ra4__rb8__ij__fp32__ws1p000000,square_8192__t8__ra4__rb8__ij__fp32,square_8192,8192,8192,8192,1/8,1024,1024,1024,1/4,1/8,256,128,ij,fp32,2,1.0,1.0,9437184,603979776,603979776,ok,,3212836864,715.948647,226.273386,3.164086858186672,18.75,5.333333333333333,59.326628591000095,55.17578125,1535.7409115628932,911.1033067229569,4859.21763585577
square_8192__t8__ra8__rb2__kj__fp32__ws0p125000,square_8192__t8__ra8__rb2__kj__fp32,square_8192,8192,8192,8192,1/8,1024,1024,1024,1/8,1/2,128,512,kj,fp32,2,0.125,0.125,6291456,402653184,50331648,ok,,3078619136,715.948647,167.507491,4.274129131335386,25.0,4.0,106.85322828338467,59.326171875,1535.7409115628932,1640.9887420736306,6563.954968294523
square_8192__t8__ra8__rb2__kj__fp32__ws0p250000,square_8192__t8__ra8__rb2__kj__fp32,square_8192,8192,8192,8192,1/8,1024,1024,1024,1/8,1/2,128,512,kj,fp32,2,0.25,0.25,6291456,402653184,100663296,ok,,3078619136,715.948647,169.004808,4.236262006226474,25.0,4.0,105.90655015566183,59.326171875,1535.7409115628932,1626.4502187653738,6505.800875061495
square_8192__t8__ra8__rb2__kj__fp32__ws0p500000,square_8192__t8__ra8__rb2__kj__fp32,square_8192,8192,8192,8192,1/8,1024,1024,1024,1/8,1/2,128,512,kj,fp32,2,0.5,0.5,6291456,402653184,201326592,ok,,3078619136,715.948647,167.204945,4.281862877919071,25.0,4.0,107.04657194797677,59.326171875,1535.7409115628932,1643.9579998306867,6575.831999322747
square_8192__t8__ra8__rb2__kj__fp32__ws0p750000,square_8192__t8__ra8__rb2__kj__fp32,square_8192,8192,8192,8192,1/8,1024,1024,1024,1/8,1/2,128,512,kj,fp32,2,0.75,0.75,6291456,402653184,301989888,ok,,3078619136,715.948647,167.167178,4.282830251522221,25.0,4.0,107.07075628805553,59.326171875,1535.7409115628932,1644.3294086354679,6577.3176345418715
square_8192__t8__ra8__rb2__kj__fp32__ws1p000000,square_8192__t8__ra8__rb2__kj__fp32,square_8192,8192,8192,8192,1/8,1024,1024,1024,1/8,1/2,128,512,kj,fp32,2,1.0,1.0,6291456,402653184,402653184,ok,,3078619136,715.948647,168.595887,4.246536850569789,25.0,4.0,106.16342126424472,59.326171875,1535.7409115628932,1630.3950934698662,6521.580373879465
square_8192__t8__ra8__rb2__kk__fp32__ws0p125000,square_8192__t8__ra8__rb2__kk__fp32,square_8192,8192,8192,8192,1/8,1024,1024,1024,1/8,1/2,128,512,kk,fp32,2,0.125,0.125,6291456,402653184,50331648,ok,,3078619136,715.948647,167.545238,4.273166194075895,25.0,4.0,106.82915485189737,59.326171875,1535.7409115628932,1640.6190365374634,6562.476146149854
square_8192__t8__ra8__rb2__kk__fp32__ws0p250000,square_8192__t8__ra8__rb2__kk__fp32,square_8192,8192,8192,8192,1/8,1024,1024,1024,1/8,1/2,128,512,kk,fp32,2,0.25,0.25,6291456,402653184,100663296,ok,,3078619136,715.948647,167.316343,4.279012044866413,25.0,4.0,106.9753011216603,59.326171875,1535.7409115628932,1642.8634645929358,6571.453858371743
square_8192__t8__ra8__rb2__kk__fp32__ws0p500000,square_8192__t8__ra8__rb2__kk__fp32,square_8192,8192,8192,8192,1/8,1024,1024,1024,1/8,1/2,128,512,kk,fp32,2,0.5,0.5,6291456,402653184,201326592,ok,,3078619136,715.948647,167.218424,4.2815177291708,25.0,4.0,107.03794322927,59.326171875,1535.7409115628932,1643.8254850673632,6575.301940269453
square_8192__t8__ra8__rb2__kk__fp32__ws0p750000,square_8192__t8__ra8__rb2__kk__fp32,square_8192,8192,8192,8192,1/8,1024,1024,1024,1/8,1/2,128,512,kk,fp32,2,0.75,0.75,6291456,402653184,301989888,ok,,3078619136,715.948647,168.758023,4.242456946772836,25.0,4.0,106.0614236693209,59.326171875,1535.7409115628932,1628.8286746758108,6515.314698703243
square_8192__t8__ra8__rb2__kk__fp32__ws1p000000,square_8192__t8__ra8__rb2__kk__fp32,square_8192,8192,8192,8192,1/8,1024,1024,1024,1/8,1/2,128,512,kk,fp32,2,1.0,1.0,6291456,402653184,402653184,ok,,3078619136,715.948647,168.60407,4.246330749904199,25.0,4.0,106.15826874760496,59.326171875,1535.7409115628932,1630.3159641638545,6521.263856655418
square_8192__t8__ra8__rb2__ik__fp32__ws0p125000,square_8192__t8__ra8__rb2__ik__fp32,square_8192,8192,8192,8192,1/8,1024,1024,1024,1/8,1/2,128,512,ik,fp32,2,0.125,0.125,18874368,1207959552,150994944,ok,,3078619136,715.948647,371.203969,1.9287203445823073,25.0,4.0,48.218008614557675,59.326171875,1535.7409115628932,740.5036850346823,2962.0147401387294
square_8192__t8__ra8__rb2__ik__fp32__ws0p250000,square_8192__t8__ra8__rb2__ik__fp32,square_8192,8192,8192,8192,1/8,1024,1024,1024,1/8,1/2,128,512,ik,fp32,2,0.25,0.25,18874368,1207959552,301989888,ok,,3078619136,715.948647,383.869075,1.8650855034362954,25.0,4.0,46.627137585907384,59.326171875,1535.7409115628932,716.0720277974984,2864.2881111899937
square_8192__t8__ra8__rb2__ik__fp32__ws0p500000,square_8192__t8__ra8__rb2__ik__fp32,square_8192,8192,8192,8192,1/8,1024,1024,1024,1/8,1/2,128,512,ik,fp32,2,0.5,0.5,18874368,1207959552,603979776,ok,,3078619136,715.948647,390.847993,1.8317828409573031,25.0,4.0,45.794571023932576,59.326171875,1535.7409115628932,703.2859624892586,2813.1438499570345
square_8192__t8__ra8__rb2__ik__fp32__ws0p750000,square_8192__t8__ra8__rb2__ik__fp32,square_8192,8192,8192,8192,1/8,1024,1024,1024,1/8,1/2,128,512,ik,fp32,2,0.75,0.75,18874368,1207959552,905969664,ok,,3078619136,715.948647,391.426687,1.8290746920891472,25.0,4.0,45.72686730222868,59.326171875,1535.7409115628932,702.2462087364013,2808.984834945605
square_8192__t8__ra8__rb2__ik__fp32__ws1p000000,square_8192__t8__ra8__rb2__ik__fp32,square_8192,8192,8192,8192,1/8,1024,1024,1024,1/8,1/2,128,512,ik,fp32,2,1.0,1.0,18874368,1207959552,1207959552,ok,,3078619136,715.948647,395.492165,1.8102726434542642,25.0,4.0,45.25681608635661,59.326171875,1535.7409115628932,695.027439908955,2780.10975963582
square_8192__t8__ra8__rb2__ij__fp32__ws0p125000,square_8192__t8__ra8__rb2__ij__fp32,square_8192,8192,8192,8192,1/8,1024,1024,1024,1/8,1/2,128,512,ij,fp32,2,0.125,0.125,6291456,402653184,50331648,ok,,3078619136,715.948647,179.998181,3.9775326785107907,25.0,4.0,99.43831696276975,59.326171875,1535.7409115628932,1527.114915366839,6108.459661467356
square_8192__t8__ra8__rb2__ij__fp32__ws0p250000,square_8192__t8__ra8__rb2__ij__fp32,square_8192,8192,8192,8192,1/8,1024,1024,1024,1/8,1/2,128,512,ij,fp32,2,0.25,0.25,6291456,402653184,100663296,ok,,3078619136,715.948647,181.468198,3.945311932837951,25.0,4.0,98.63279832094878,59.326171875,1535.7409115628932,1514.7442360341288,6058.976944136515
square_8192__t8__ra8__rb2__ij__fp32__ws0p500000,square_8192__t8__ra8__rb2__ij__fp32,square_8192,8192,8192,8192,1/8,1024,1024,1024,1/8,1/2,128,512,ij,fp32,2,0.5,0.5,6291456,402653184,201326592,ok,,3078619136,715.948647,181.332038,3.9482744191073396,25.0,4.0,98.70686047768349,59.326171875,1535.7409115628932,1515.8816388750895,6063.526555500358
square_8192__t8__ra8__rb2__ij__fp32__ws0p750000,square_8192__t8__ra8__rb2__ij__fp32,square_8192,8192,8192,8192,1/8,1024,1024,1024,1/8,1/2,128,512,ij,fp32,2,0.75,0.75,6291456,402653184,301989888,ok,,3078619136,715.948647,182.215241,3.929137008906956,25.0,4.0,98.22842522267388,59.326171875,1535.7409115628932,1508.5341129285666,6034.1364517142665
square_8192__t8__ra8__rb2__ij__fp32__ws1p000000,square_8192__t8__ra8__rb2__ij__fp32,square_8192,8192,8192,8192,1/8,1024,1024,1024,1/8,1/2,128,512,ij,fp32,2,1.0,1.0,6291456,402653184,402653184,ok,,3078619136,715.948647,182.002849,3.9337221968431937,25.0,4.0,98.34305492107983,59.326171875,1535.7409115628932,1510.294528103788,6041.178112415152
square_8192__t8__ra8__rb4__kj__fp32__ws0p125000,square_8192__t8__ra8__rb4__kj__fp32,square_8192,8192,8192,8192,1/8,1024,1024,1024,1/8,1/4,128,256,kj,fp32,2,0.125,0.125,5242880,335544320,41943040,ok,,3212836864,715.948647,129.653177,5.52202933677437,18.75,5.333333333333333,103.53805006451944,55.17578125,1535.7409115628932,1590.0761938752955,8480.40636733491
square_8192__t8__ra8__rb4__kj__fp32__ws0p250000,square_8192__t8__ra8__rb4__kj__fp32,square_8192,8192,8192,8192,1/8,1024,1024,1024,1/8,1/4,128,256,kj,fp32,2,0.25,0.25,5242880,335544320,83886080,ok,,3212836864,715.948647,128.213476,5.58403585439022,18.75,5.333333333333333,104.70067226981661,55.17578125,1535.7409115628932,1607.931058728959,8575.632313221115
square_8192__t8__ra8__rb4__kj__fp32__ws0p500000,square_8192__t8__ra8__rb4__kj__fp32,square_8192,8192,8192,8192,1/8,1024,1024,1024,1/8,1/4,128,256,kj,fp32,2,0.5,0.5,5242880,335544320,167772160,ok,,3212836864,715.948647,128.136637,5.587384402791842,18.75,5.333333333333333,104.76345755234703,55.17578125,1535.7409115628932,1608.895277999219,8580.774815995834
square_8192__t8__ra8__rb4__kj__fp32__ws0p750000,square_8192__t8__ra8__rb4__kj__fp32,square_8192,8192,8192,8192,1/8,1024,1024,1024,1/8,1/4,128,256,kj,fp32,2,0.75,0.75,5242880,335544320,251658240,ok,,3212836864,715.948647,128.070245,5.590280919662487,18.75,5.333333333333333,104.81776724367163,55.17578125,1535.7409115628932,1609.7293341478342,8585.223115455115
square_8192__t8__ra8__rb4__kj__fp32__ws1p000000,square_8192__t8__ra8__rb4__kj__fp32,square_8192,8192,8192,8192,1/8,1024,1024,1024,1/8,1/4,128,256,kj,fp32,2,1.0,1.0,5242880,335544320,335544320,ok,,3212836864,715.948647,127.989593,5.593803607141716,18.75,5.333333333333333,104.88381763390716,55.17578125,1535.7409115628932,1610.7436970129281,8590.633050735618
square_8192__t8__ra8__rb4__kk__fp32__ws0p125000,square_8192__t8__ra8__rb4__kk__fp32,square_8192,8192,8192,8192,1/8,1024,1024,1024,1/8,1/4,128,256,kk,fp32,2,0.125,0.125,5242880,335544320,41943040,ok,,3212836864,715.948647,128.363058,5.577528754417802,18.75,5.333333333333333,104.57866414533376,55.17578125,1535.7409115628932,1606.0573300458454,8565.639093577842
square_8192__t8__ra8__rb4__kk__fp32__ws0p250000,square_8192__t8__ra8__rb4__kk__fp32,square_8192,8192,8192,8192,1/8,1024,1024,1024,1/8,1/4,128,256,kk,fp32,2,0.25,0.25,5242880,335544320,83886080,ok,,3212836864,715.948647,128.257453,5.582121196496862,18.75,5.333333333333333,104.66477243431615,55.17578125,1535.7409115628932,1607.3797302679945,8572.691894762638
square_8192__t8__ra8__rb4__kk__fp32__ws0p500000,square_8192__t8__ra8__rb4__kk__fp32,square_8192,8192,8192,8192,1/8,1024,1024,1024,1/8,1/4,128,256,kk,fp32,2,0.5,0.5,5242880,335544320,167772160,ok,,3212836864,715.948647,128.137647,5.5873403621966,18.75,5.333333333333333,104.76263179118625,55.17578125,1535.7409115628932,1608.882596447241,8580.707181051952
square_8192__t8__ra8__rb4__kk__fp32__ws0p750000,square_8192__t8__ra8__rb4__kk__fp32,square_8192,8192,8192,8192,1/8,1024,1024,1024,1/8,1/4,128,256,kk,fp32,2,0.75,0.75,5242880,335544320,251658240,ok,,3212836864,715.948647,128.093647,5.589259606294136,18.75,5.333333333333333,104.79861761801506,55.17578125,1535.7409115628932,1609.435245512215,8583.654642731814
square_8192__t8__ra8__rb4__kk__fp32__ws1p000000,square_8192__t8__ra8__rb4__kk__fp32,square_8192,8192,8192,8192,1/8,1024,1024,1024,1/8,1/4,128,256,kk,fp32,2,1.0,1.0,5242880,335544320,335544320,ok,,3212836864,715.948647,128.009208,5.592946462101383,18.75,5.333333333333333,104.86774616440091,55.17578125,1535.7409115628932,1610.4968808806316,8589.316698030036
square_8192__t8__ra8__rb4__ik__fp32__ws0p125000,square_8192__t8__ra8__rb4__ik__fp32,square_8192,8192,8192,8192,1/8,1024,1024,1024,1/8,1/4,128,256,ik,fp32,2,0.125,0.125,9437184,603979776,75497472,ok,,3212836864,715.948647,183.742815,3.8964715273356405,18.75,5.333333333333333,73.05884113754325,55.17578125,1535.7409115628932,1121.9945128629927,5983.970735269295
square_8192__t8__ra8__rb4__ik__fp32__ws0p250000,square_8192__t8__ra8__rb4__ik__fp32,square_8192,8192,8192,8192,1/8,1024,1024,1024,1/8,1/4,128,256,ik,fp32,2,0.25,0.25,9437184,603979776,150994944,ok,,3212836864,715.948647,185.978133,3.8496388551228224,18.75,5.333333333333333,72.18072853355292,55.17578125,1535.7409115628932,1108.5089783539229,5912.047884554256
square_8192__t8__ra8__rb4__ik__fp32__ws0p500000,square_8192__t8__ra8__rb4__ik__fp32,square_8192,8192,8192,8192,1/8,1024,1024,1024,1/8,1/4,128,256,ik,fp32,2,0.5,0.5,9437184,603979776,301989888,ok,,3212836864,715.948647,187.762265,3.8130592800422387,18.75,5.333333333333333,71.49486150079197,55.17578125,1535.7409115628932,1097.9758377328906,5855.871134575416
square_8192__t8__ra8__rb4__ik__fp32__ws0p750000,square_8192__t8__ra8__rb4__ik__fp32,square_8192,8192,8192,8192,1/8,1024,1024,1024,1/8,1/4,128,256,ik,fp32,2,0.75,0.75,9437184,603979776,452984832,ok,,3212836864,715.948647,189.059936,3.78688717529239,18.75,5.333333333333333,71.0041345367323,55.17578125,1535.7409115628932,1090.4395429817557,5815.677562569364
square_8192__t8__ra8__rb4__ik__fp32__ws1p000000,square_8192__t8__ra8__rb4__ik__fp32,square_8192,8192,8192,8192,1/8,1024,1024,1024,1/8,1/4,128,256,ik,fp32,2,1.0,1.0,9437184,603979776,603979776,ok,,3212836864,715.948647,191.031264,3.747808772285567,18.75,5.333333333333333,70.27141448035437,55.17578125,1535.7409115628932,1079.1868613087331,5755.663260313244
square_8192__t8__ra8__rb4__ij__fp32__ws0p125000,square_8192__t8__ra8__rb4__ij__fp32,square_8192,8192,8192,8192,1/8,1024,1024,1024,1/8,1/4,128,256,ij,fp32,2,0.125,0.125,5242880,335544320,41943040,ok,,3212836864,715.948647,140.918912,5.080571775916067,18.75,5.333333333333333,95.26072079842626,55.17578125,1535.7409115628932,1462.957861951134,7802.441930406048
square_8192__t8__ra8__rb4__ij__fp32__ws0p250000,square_8192__t8__ra8__rb4__ij__fp32,square_8192,8192,8192,8192,1/8,1024,1024,1024,1/8,1/4,128,256,ij,fp32,2,0.25,0.25,5242880,335544320,83886080,ok,,3212836864,715.948647,140.607111,5.091838114787808,18.75,5.333333333333333,95.4719646522714,55.17578125,1535.7409115628932,1466.2020202377958,7819.744107934911
square_8192__t8__ra8__rb4__ij__fp32__ws0p500000,square_8192__t8__ra8__rb4__ij__fp32,square_8192,8192,8192,8192,1/8,1024,1024,1024,1/8,1/4,128,256,ij,fp32,2,0.5,0.5,5242880,335544320,167772160,ok,,3212836864,715.948647,141.819712,5.048301374353376,18.75,5.333333333333333,94.6556507691258,55.17578125,1535.7409115628932,1453.6655539675612,7752.88295449366
square_8192__t8__ra8__rb4__ij__fp32__ws0p750000,square_8192__t8__ra8__rb4__ij__fp32,square_8192,8192,8192,8192,1/8,1024,1024,1024,1/8,1/4,128,256,ij,fp32,2,0.75,0.75,5242880,335544320,251658240,ok,,3212836864,715.948647,142.21221,5.034368335883396,18.75,5.333333333333333,94.39440629781366,55.17578125,1535.7409115628932,1449.6535157424246,7731.485417292932
square_8192__t8__ra8__rb4__ij__fp32__ws1p000000,square_8192__t8__ra8__rb4__ij__fp32,square_8192,8192,8192,8192,1/8,1024,1024,1024,1/8,1/4,128,256,ij,fp32,2,1.0,1.0,5242880,335544320,335544320,ok,,3212836864,715.948647,142.483874,5.024769659196662,18.75,5.333333333333333,94.2144311099374,55.17578125,1535.7409115628932,1446.8895631515466,7716.744336808249
square_8192__t8__ra8__rb8__kj__fp32__ws0p125000,square_8192__t8__ra8__rb8__kj__fp32,square_8192,8192,8192,8192,1/8,1024,1024,1024,1/8,1/8,128,128,kj,fp32,2,0.125,0.125,4718592,301989888,37748736,ok,,3279945728,715.948647,109.849481,6.517542372366785,15.625,6.4,101.836599568231,51.85546875,1535.7409115628932,1563.946322513804,10009.256464088347
square_8192__t8__ra8__rb8__kj__fp32__ws0p250000,square_8192__t8__ra8__rb8__kj__fp32,square_8192,8192,8192,8192,1/8,1024,1024,1024,1/8,1/8,128,128,kj,fp32,2,0.25,0.25,4718592,301989888,75497472,ok,,3279945728,715.948647,108.649669,6.58951521518211,15.625,6.4,102.96117523722046,51.85546875,1535.7409115628932,1581.2168911439574,10119.788103321327
square_8192__t8__ra8__rb8__kj__fp32__ws0p500000,square_8192__t8__ra8__rb8__kj__fp32,square_8192,8192,8192,8192,1/8,1024,1024,1024,1/8,1/8,128,128,kj,fp32,2,0.5,0.5,4718592,301989888,150994944,ok,,3279945728,715.948647,108.531601,6.596683734537373,15.625,6.4,103.07318335214643,51.85546875,1535.7409115628932,1582.937045589146,10130.797091770533
square_8192__t8__ra8__rb8__kj__fp32__ws0p750000,square_8192__t8__ra8__rb8__kj__fp32,square_8192,8192,8192,8192,1/8,1024,1024,1024,1/8,1/8,128,128,kj,fp32,2,0.75,0.75,4718592,301989888,226492416,ok,,3279945728,715.948647,108.491808,6.599103288978279,15.625,6.4,103.11098889028563,51.85546875,1535.7409115628932,1583.5176407051858,10134.51290051319
square_8192__t8__ra8__rb8__kj__fp32__ws1p000000,square_8192__t8__ra8__rb8__kj__fp32,square_8192,8192,8192,8192,1/8,1024,1024,1024,1/8,1/8,128,128,kj,fp32,2,1.0,1.0,4718592,301989888,301989888,ok,,3279945728,715.948647,108.383544,6.605695113641976,15.625,6.4,103.21398615065587,51.85546875,1535.7409115628932,1585.0994117704806,10144.636235331076
square_8192__t8__ra8__rb8__kk__fp32__ws0p125000,square_8192__t8__ra8__rb8__kk__fp32,square_8192,8192,8192,8192,1/8,1024,1024,1024,1/8,1/8,128,128,kk,fp32,2,0.125,0.125,4718592,301989888,37748736,ok,,3279945728,715.948647,108.769203,6.58227354116036,15.625,6.4,102.84802408063062,51.85546875,1535.7409115628932,1579.4791825403006,10108.666768257923
square_8192__t8__ra8__rb8__kk__fp32__ws0p250000,square_8192__t8__ra8__rb8__kk__fp32,square_8192,8192,8192,8192,1/8,1024,1024,1024,1/8,1/8,128,128,kk,fp32,2,0.25,0.25,4718592,301989888,75497472,ok,,3279945728,715.948647,108.661983,6.588768465600338,15.625,6.4,102.94950727500527,51.85546875,1535.7409115628932,1581.037701474673,10118.641289437908
square_8192__t8__ra8__rb8__kk__fp32__ws0p500000,square_8192__t8__ra8__rb8__kk__fp32,square_8192,8192,8192,8192,1/8,1024,1024,1024,1/8,1/8,128,128,kk,fp32,2,0.5,0.5,4718592,301989888,150994944,ok,,3279945728,715.948647,108.529906,6.5967867603239245,15.625,6.4,103.07479313006131,51.85546875,1535.7409115628932,1582.96176760717,10130.955312685888
square_8192__t8__ra8__rb8__kk__fp32__ws0p750000,square_8192__t8__ra8__rb8__kk__fp32,square_8192,8192,8192,8192,1/8,1024,1024,1024,1/8,1/8,128,128,kk,fp32,2,0.75,0.75,4718592,301989888,226492416,ok,,3279945728,715.948647,108.495307,6.598890466294548,15.625,6.4,103.10766353585228,51.85546875,1535.7409115628932,1583.4665718766987,10134.186060010872
square_8192__t8__ra8__rb8__kk__fp32__ws1p000000,square_8192__t8__ra8__rb8__kk__fp32,square_8192,8192,8192,8192,1/8,1024,1024,1024,1/8,1/8,128,128,kk,fp32,2,1.0,1.0,4718592,301989888,301989888,ok,,3279945728,715.948647,109.388266,6.545022360990712,15.625,6.4,102.26597439047987,51.85546875,1535.7409115628932,1570.5404073230304,10051.458606867394
square_8192__t8__ra8__rb8__ik__fp32__ws0p125000,square_8192__t8__ra8__rb8__ik__fp32,square_8192,8192,8192,8192,1/8,1024,1024,1024,1/8,1/8,128,128,ik,fp32,2,0.125,0.125,4718592,301989888,37748736,ok,,3279945728,715.948647,92.823702,7.712993896752794,15.625,6.4,120.5155296367624,51.85546875,1535.7409115628932,1850.8062934184634,11845.160277878165
square_8192__t8__ra8__rb8__ik__fp32__ws0p250000,square_8192__t8__ra8__rb8__ik__fp32,square_8192,8192,8192,8192,1/8,1024,1024,1024,1/8,1/8,128,128,ik,fp32,2,0.25,0.25,4718592,301989888,75497472,ok,,3279945728,715.948647,93.611488,7.648085318331871,15.625,6.4,119.50133309893548,51.85546875,1535.7409115628932,1835.230862263401,11745.477518485764
square_8192__t8__ra8__rb8__ik__fp32__ws0p500000,square_8192__t8__ra8__rb8__ik__fp32,square_8192,8192,8192,8192,1/8,1024,1024,1024,1/8,1/8,128,128,ik,fp32,2,0.5,0.5,4718592,301989888,150994944,ok,,3279945728,715.948647,92.96894,7.700944498237799,15.625,6.4,120.3272577849656,51.85546875,1535.7409115628932,1847.9149255654631,11826.655523618963
square_8192__t8__ra8__rb8__ik__fp32__ws0p750000,square_8192__t8__ra8__rb8__ik__fp32,square_8192,8192,8192,8192,1/8,1024,1024,1024,1/8,1/8,128,128,ik,fp32,2,0.75,0.75,4718592,301989888,226492416,ok,,3279945728,715.948647,93.555375,7.6526725161435145,15.625,6.4,119.5730080647424,51.85546875,1535.7409115628932,1836.3316040366467,11752.52226583454
square_8192__t8__ra8__rb8__ik__fp32__ws1p000000,square_8192__t8__ra8__rb8__ik__fp32,square_8192,8192,8192,8192,1/8,1024,1024,1024,1/8,1/8,128,128,ik,fp32,2,1.0,1.0,4718592,301989888,301989888,ok,,3279945728,715.948647,92.924977,7.704587831105948,15.625,6.4,120.38418486103042,51.85546875,1535.7409115628932,1848.789177962347,11832.250738959021
square_8192__t8__ra8__rb8__ij__fp32__ws0p125000,square_8192__t8__ra8__rb8__ij__fp32,square_8192,8192,8192,8192,1/8,1024,1024,1024,1/8,1/8,128,128,ij,fp32,2,0.125,0.125,4718592,301989888,37748736,ok,,3279945728,715.948647,121.085973,5.912729850219728,15.625,6.4,92.38640390968325,51.85546875,1535.7409115628932,1418.815801562746,9080.421130001574
square_8192__t8__ra8__rb8__ij__fp32__ws0p250000,square_8192__t8__ra8__rb8__ij__fp32,square_8192,8192,8192,8192,1/8,1024,1024,1024,1/8,1/8,128,128,ij,fp32,2,0.25,0.25,4718592,301989888,75497472,ok,,3279945728,715.948647,121.812534,5.877462880790248,15.625,6.4,91.83535751234761,51.85546875,1535.7409115628932,1410.3531565971691,9026.260202221883
square_8192__t8__ra8__rb8__ij__fp32__ws0p500000,square_8192__t8__ra8__rb8__ij__fp32,square_8192,8192,8192,8192,1/8,1024,1024,1024,1/8,1/8,128,128,ij,fp32,2,0.5,0.5,4718592,301989888,150994944,ok,,3279945728,715.948647,121.203257,5.907008315791383,15.625,6.4,92.29700493424033,51.85546875,1535.7409115628932,1417.442864922351,9071.634335503048
square_8192__t8__ra8__rb8__ij__fp32__ws0p750000,square_8192__t8__ra8__rb8__ij__fp32,square_8192,8192,8192,8192,1/8,1024,1024,1024,1/8,1/8,128,128,ij,fp32,2,0.75,0.75,4718592,301989888,226492416,ok,,3279945728,715.948647,121.723782,5.881748293032828,15.625,6.4,91.90231707863794,51.85546875,1535.7409115628932,1411.3814820508946,9032.841485125726
square_8192__t8__ra8__rb8__ij__fp32__ws1p000000,square_8192__t8__ra8__rb8__ij__fp32,square_8192,8192,8192,8192,1/8,1024,1024,1024,1/8,1/8,128,128,ij,fp32,2,1.0,1.0,4718592,301989888,301989888,ok,,3279945728,715.948647,122.563222,5.841463983379941,15.625,6.4,91.27287474031156,51.85546875,1535.7409115628932,1401.7148785465185,8970.97522269772
square_8192__t4__ra2__rb2__kj__fp32__ws0p125000,square_8192__t4__ra2__rb2__kj__fp32,square_8192,8192,8192,8192,1/4,2048,2048,2048,1/2,1/2,1024,1024,kj,fp32,2,0.125,0.125,50331648,805306368,100663296,ok,,2877292544,715.948647,657.647971,1.0886502788282761,100.0,1.0,108.86502788282762,56.0546875,1535.7409115628932,1671.8847715809345,1671.8847715809345
square_8192__t4__ra2__rb2__kj__fp32__ws0p250000,square_8192__t4__ra2__rb2__kj__fp32,square_8192,8192,8192,8192,1/4,2048,2048,2048,1/2,1/2,1024,1024,kj,fp32,2,0.25,0.25,50331648,805306368,201326592,ok,,2877292544,715.948647,668.753283,1.0705721604659397,100.0,1.0,107.05721604659398,56.0546875,1535.7409115628932,1644.1214656078182,1644.1214656078182
square_8192__t4__ra2__rb2__kj__fp32__ws0p500000,square_8192__t4__ra2__rb2__kj__fp32,square_8192,8192,8192,8192,1/4,2048,2048,2048,1/2,1/2,1024,1024,kj,fp32,2,0.5,0.5,50331648,805306368,402653184,ok,,2877292544,715.948647,669.467852,1.0694294653001502,100.0,1.0,106.94294653001499,56.0546875,1535.7409115628932,1642.3665818922698,1642.3665818922698
square_8192__t4__ra2__rb2__kj__fp32__ws0p750000,square_8192__t4__ra2__rb2__kj__fp32,square_8192,8192,8192,8192,1/4,2048,2048,2048,1/2,1/2,1024,1024,kj,fp32,2,0.75,0.75,50331648,805306368,603979776,ok,,2877292544,715.948647,668.88547,1.0703605910291338,100.0,1.0,107.03605910291338,56.0546875,1535.7409115628932,1643.796549768079,1643.796549768079
square_8192__t4__ra2__rb2__kj__fp32__ws1p000000,square_8192__t4__ra2__rb2__kj__fp32,square_8192,8192,8192,8192,1/4,2048,2048,2048,1/2,1/2,1024,1024,kj,fp32,2,1.0,1.0,50331648,805306368,805306368,ok,,2877292544,715.948647,670.713001,1.067444116831724,100.0,1.0,106.74441168317237,56.0546875,1535.7409115628932,1639.3176010255988,1639.3176010255988
square_8192__t4__ra2__rb2__kk__fp32__ws0p125000,square_8192__t4__ra2__rb2__kk__fp32,square_8192,8192,8192,8192,1/4,2048,2048,2048,1/2,1/2,1024,1024,kk,fp32,2,0.125,0.125,50331648,805306368,100663296,ok,,2877292544,715.948647,657.551424,1.0888101232368406,100.0,1.0,108.88101232368406,56.0546875,1535.7409115628932,1672.1302511786516,1672.1302511786516
square_8192__t4__ra2__rb2__kk__fp32__ws0p250000,square_8192__t4__ra2__rb2__kk__fp32,square_8192,8192,8192,8192,1/4,2048,2048,2048,1/2,1/2,1024,1024,kk,fp32,2,0.25,0.25,50331648,805306368,201326592,ok,,2877292544,715.948647,667.602544,1.0724174936637152,100.0,1.0,107.2417493663715,56.0546875,1535.7409115628932,1646.9554192951068,1646.9554192951068
square_8192__t4__ra2__rb2__kk__fp32__ws0p500000,square_8192__t4__ra2__rb2__kk__fp32,square_8192,8192,8192,8192,1/4,2048,2048,2048,1/2,1/2,1024,1024,kk,fp32,2,0.5,0.5,50331648,805306368,402653184,ok,,2877292544,715.948647,671.62369,1.0659967146185687,100.0,1.0,106.59967146185687,56.0546875,1535.7409115628932,1637.09476623137,1637.09476623137
square_8192__t4__ra2__rb2__kk__fp32__ws0p750000,square_8192__t4__ra2__rb2__kk__fp32,square_8192,8192,8192,8192,1/4,2048,2048,2048,1/2,1/2,1024,1024,kk,fp32,2,0.75,0.75,50331648,805306368,603979776,ok,,2877292544,715.948647,672.438103,1.0647056491978715,100.0,1.0,106.47056491978712,56.0546875,1535.7409115628932,1635.1120242453007,1635.1120242453007
square_8192__t4__ra2__rb2__kk__fp32__ws1p000000,square_8192__t4__ra2__rb2__kk__fp32,square_8192,8192,8192,8192,1/4,2048,2048,2048,1/2,1/2,1024,1024,kk,fp32,2,1.0,1.0,50331648,805306368,805306368,ok,,2877292544,715.948647,677.701348,1.0564368052577637,100.0,1.0,105.64368052577638,56.0546875,1535.7409115628932,1622.4132223151487,1622.4132223151487
square_8192__t4__ra2__rb2__ik__fp32__ws0p125000,square_8192__t4__ra2__rb2__ik__fp32,square_8192,8192,8192,8192,1/4,2048,2048,2048,1/2,1/2,1024,1024,ik,fp32,2,0.125,0.125,50331648,805306368,100663296,ok,,2877292544,715.948647,632.442646,1.1320372709338138,100.0,1.0,113.20372709338136,56.0546875,1535.7409115628932,1738.5159503870648,1738.5159503870648
square_8192__t4__ra2__rb2__ik__fp32__ws0p250000,square_8192__t4__ra2__rb2__ik__fp32,square_8192,8192,8192,8192,1/4,2048,2048,2048,1/2,1/2,1024,1024,ik,fp32,2,0.25,0.25,50331648,805306368,201326592,ok,,2877292544,715.948647,639.473579,1.1195906609927353,100.0,1.0,111.95906609927351,56.0546875,1535.7409115628932,1719.401182290285,1719.401182290285
square_8192__t4__ra2__rb2__ik__fp32__ws0p500000,square_8192__t4__ra2__rb2__ik__fp32,square_8192,8192,8192,8192,1/4,2048,2048,2048,1/2,1/2,1024,1024,ik,fp32,2,0.5,0.5,50331648,805306368,402653184,ok,,2877292544,715.948647,650.645428,1.1003668299041671,100.0,1.0,110.03668299041671,56.0546875,1535.7409115628932,1689.8783584105965,1689.8783584105965
square_8192__t4__ra2__rb2__ik__fp32__ws0p750000,square_8192__t4__ra2__rb2__ik__fp32,square_8192,8192,8192,8192,1/4,2048,2048,2048,1/2,1/2,1024,1024,ik,fp32,2,0.75,0.75,50331648,805306368,603979776,ok,,2877292544,715.948647,650.533486,1.100556177979745,100.0,1.0,110.0556177979745,56.0546875,1535.7409115628932,1690.1691479967874,1690.1691479967874
square_8192__t4__ra2__rb2__ik__fp32__ws1p000000,square_8192__t4__ra2__rb2__ik__fp32,square_8192,8192,8192,8192,1/4,2048,2048,2048,1/2,1/2,1024,1024,ik,fp32,2,1.0,1.0,50331648,805306368,805306368,ok,,2877292544,715.948647,655.654574,1.0919601195369684,100.0,1.0,109.19601195369684,56.0546875,1535.7409115628932,1676.9678293680295,1676.9678293680295
square_8192__t4__ra2__rb2__ij__fp32__ws0p125000,square_8192__t4__ra2__rb2__ij__fp32,square_8192,8192,8192,8192,1/4,2048,2048,2048,1/2,1/2,1024,1024,ij,fp32,2,0.125,0.125,50331648,805306368,100663296,ok,,2877292544,715.948647,661.08715,1.0829867847227104,100.0,1.0,108.29867847227102,56.0546875,1535.7409115628932,1663.1871119806217,1663.1871119806217
square_8192__t4__ra2__rb2__ij__fp32__ws0p250000,square_8192__t4__ra2__rb2__ij__fp32,square_8192,8192,8192,8192,1/4,2048,2048,2048,1/2,1/2,1024,1024,ij,fp32,2,0.25,0.25,50331648,805306368,201326592,ok,,2877292544,715.948647,660.617186,1.0837572230523231,100.0,1.0,108.37572230523232,56.0546875,1535.7409115628932,1664.3703056432444,1664.3703056432444
square_8192__t4__ra2__rb2__ij__fp32__ws0p500000,square_8192__t4__ra2__rb2__ij__fp32,square_8192,8192,8192,8192,1/4,2048,2048,2048,1/2,1/2,1024,1024,ij,fp32,2,0.5,0.5,50331648,805306368,402653184,ok,,2877292544,715.948647,660.529707,1.0839007533085867,100.0,1.0,108.39007533085866,56.0546875,1535.7409115628932,1664.5907309298354,1664.5907309298354
square_8192__t4__ra2__rb2__ij__fp32__ws0p750000,square_8192__t4__ra2__rb2__ij__fp32,square_8192,8192,8192,8192,1/4,2048,2048,2048,1/2,1/2,1024,1024,ij,fp32,2,0.75,0.75,50331648,805306368,603979776,ok,,2877292544,715.948647,660.57317,1.0838294370932444,100.0,1.0,108.38294370932442,56.0546875,1535.7409115628932,1664.4812077002764,1664.4812077002764
square_8192__t4__ra2__rb2__ij__fp32__ws1p000000,square_8192__t4__ra2__rb2__ij__fp32,square_8192,8192,8192,8192,1/4,2048,2048,2048,1/2,1/2,1024,1024,ij,fp32,2,1.0,1.0,50331648,805306368,805306368,ok,,2877292544,715.948647,662.712035,1.0803314398839914,100.0,1.0,108.03314398839912,56.0546875,1535.7409115628932,1659.1091902774936,1659.1091902774936
square_8192__t4__ra2__rb4__kj__fp32__ws0p125000,square_8192__t4__ra2__rb4__kj__fp32,square_8192,8192,8192,8192,1/4,2048,2048,2048,1/2,1/4,1024,512,kj,fp32,2,0.125,0.125,41943040,671088640,83886080,ok,,3011510272,715.948647,506.304261,1.414067986680444,50.0,2.0,70.7033993340222,56.0546875,1535.7409115628932,1085.821029438265,2171.64205887653
square_8192__t4__ra2__rb4__kj__fp32__ws0p250000,square_8192__t4__ra2__rb4__kj__fp32,square_8192,8192,8192,8192,1/4,2048,2048,2048,1/2,1/4,1024,512,kj,fp32,2,0.25,0.25,41943040,671088640,167772160,ok,,3011510272,715.948647,510.387464,1.402755156619599,50.0,2.0,70.13775783097996,56.0546875,1535.7409115628932,1077.134241463266,2154.268482926532
square_8192__t4__ra2__rb4__kj__fp32__ws0p500000,square_8192__t4__ra2__rb4__kj__fp32,square_8192,8192,8192,8192,1/4,2048,2048,2048,1/2,1/4,1024,512,kj,fp32,2,0.5,0.5,41943040,671088640,335544320,ok,,3011510272,715.948647,514.034726,1.3928021022455204,50.0,2.0,69.640105112276,56.0546875,1535.7409115628932,1069.4915850646246,2138.983170129249
square_8192__t4__ra2__rb4__kj__fp32__ws0p750000,square_8192__t4__ra2__rb4__kj__fp32,square_8192,8192,8192,8192,1/4,2048,2048,2048,1/2,1/4,1024,512,kj,fp32,2,0.75,0.75,41943040,671088640,503316480,ok,,3011510272,715.948647,517.642009,1.3830961060967524,50.0,2.0,69.15480530483761,56.0546875,1535.7409115628932,1062.038637378057,2124.077274756114
square_8192__t4__ra2__rb4__kj__fp32__ws1p000000,square_8192__t4__ra2__rb4__kj__fp32,square_8192,8192,8192,8192,1/4,2048,2048,2048,1/2,1/4,1024,512,kj,fp32,2,1.0,1.0,41943040,671088640,671088640,ok,,3011510272,715.948647,521.785595,1.372112710394008,50.0,2.0,68.60563551970039,56.0546875,1535.7409115628932,1053.6048123137627,2107.2096246275255
square_8192__t4__ra2__rb4__kk__fp32__ws0p125000,square_8192__t4__ra2__rb4__kk__fp32,square_8192,8192,8192,8192,1/4,2048,2048,2048,1/2,1/4,1024,512,kk,fp32,2,0.125,0.125,25165824,402653184,50331648,ok,,3011510272,715.948647,314.442663,2.2768813880704224,50.0,2.0,113.8440694035211,56.0546875,1535.7409115628932,1748.3499492179278,3496.6998984358556
square_8192__t4__ra2__rb4__kk__fp32__ws0p250000,square_8192__t4__ra2__rb4__kk__fp32,square_8192,8192,8192,8192,1/4,2048,2048,2048,1/2,1/4,1024,512,kk,fp32,2,0.25,0.25,25165824,402653184,100663296,ok,,3011510272,715.948647,314.308639,2.2778522705511763,50.0,2.0,113.89261352755882,56.0546875,1535.7409115628932,1749.0954611909347,3498.1909223818693
square_8192__t4__ra2__rb4__kk__fp32__ws0p500000,square_8192__t4__ra2__rb4__kk__fp32,square_8192,8192,8192,8192,1/4,2048,2048,2048,1/2,1/4,1024,512,kk,fp32,2,0.5,0.5,25165824,402653184,201326592,ok,,3011510272,715.948647,319.157804,2.2432434301371496,50.0,2.0,112.16217150685746,56.0546875,1535.7409115628932,1722.5203551281484,3445.0407102562967
square_8192__t4__ra2__rb4__kk__fp32__ws0p750000,square_8192__t4__ra2__rb4__kk__fp32,square_8192,8192,8192,8192,1/4,2048,2048,2048,1/2,1/4,1024,512,kk,fp32,2,0.75,0.75,25165824,402653184,301989888,ok,,3011510272,715.948647,319.79068,2.2388039795281087,50.0,2.0,111.94019897640544,56.0546875,1535.7409115628932,1719.1114321655652,3438.2228643311305
square_8192__t4__ra2__rb4__kk__fp32__ws1p000000,square_8192__t4__ra2__rb4__kk__fp32,square_8192,8192,8192,8192,1/4,2048,2048,2048,1/2,1/4,1024,512,kk,fp32,2,1.0,1.0,25165824,402653184,402653184,ok,,3011510272,715.948647,321.764006,2.225073761047095,50.0,2.0,111.25368805235473,56.0546875,1535.7409115628932,1708.5684030425703,3417.1368060851405
square_8192__t4__ra2__rb4__ik__fp32__ws0p125000,square_8192__t4__ra2__rb4__ik__fp32,square_8192,8192,8192,8192,1/4,2048,2048,2048,1/2,1/4,1024,512,ik,fp32,2,0.125,0.125,25165824,402653184,50331648,ok,,3011510272,715.948647,314.342188,2.2776091607531854,50.0,2.0,113.88045803765927,56.0546875,1535.7409115628932,1748.9087843595464,3497.817568719093
square_8192__t4__ra2__rb4__ik__fp32__ws0p250000,square_8192__t4__ra2__rb4__ik__fp32,square_8192,8192,8192,8192,1/4,2048,2048,2048,1/2,1/4,1024,512,ik,fp32,2,0.25,0.25,25165824,402653184,100663296,ok,,3011510272,715.948647,315.505916,2.2692083117706106,50.0,2.0,113.46041558853051,56.0546875,1535.7409115628932,1742.4580206223454,3484.916041244691
square_8192__t4__ra2__rb4__ik__fp32__ws0p500000,square_8192__t4__ra2__rb4__ik__fp32,square_8192,8192,8192,8192,1/4,2048,2048,2048,1/2,1/4,1024,512,ik,fp32,2,0.5,0.5,25165824,402653184,201326592,ok,,3011510272,715.948647,318.897263,2.245076173639032,50.0,2.0,112.25380868195158,56.0546875,1535.7409115628932,1723.9276647162694,3447.855329432539
square_8192__t4__ra2__rb4__ik__fp32__ws0p750000,square_8192__t4__ra2__rb4__ik__fp32,square_8192,8192,8192,8192,1/4,2048,2048,2048,1/2,1/4,1024,512,ik,fp32,2,0.75,0.75,25165824,402653184,301989888,ok,,3011510272,715.948647,318.80226,2.245745205821314,50.0,2.0,112.28726029106568,56.0546875,1535.7409115628932,1724.4413947630107,3448.8827895260215
square_8192__t4__ra2__rb4__ik__fp32__ws1p000000,square_8192__t4__ra2__rb4__ik__fp32,square_8192,8192,8192,8192,1/4,2048,2048,2048,1/2,1/4,1024,512,ik,fp32,2,1.0,1.0,25165824,402653184,402653184,ok,,3011510272,715.948647,323.396416,2.213842243075446,50.0,2.0,110.69211215377229,56.0546875,1535.7409115628932,1699.9440522185625,3399.888104437125
square_8192__t4__ra2__rb4__ij__fp32__ws0p125000,square_8192__t4__ra2__rb4__ij__fp32,square_8192,8192,8192,8192,1/4,2048,2048,2048,1/2,1/4,1024,512,ij,fp32,2,0.125,0.125,41943040,671088640,83886080,ok,,3011510272,715.948647,509.574853,1.4049921081957315,50.0,2.0,70.24960540978657,56.0546875,1535.7409115628932,1078.851930489592,2157.703860979184
square_8192__t4__ra2__rb4__ij__fp32__ws0p250000,square_8192__t4__ra2__rb4__ij__fp32,square_8192,8192,8192,8192,1/4,2048,2048,2048,1/2,1/4,1024,512,ij,fp32,2,0.25,0.25,41943040,671088640,167772160,ok,,3011510272,715.948647,509.197007,1.4060346725486548,50.0,2.0,70.30173362743274,56.0546875,1535.7409115628932,1079.6524848544525,2159.304969708905
square_8192__t4__ra2__rb4__ij__fp32__ws0p500000,square_8192__t4__ra2__rb4__ij__fp32,square_8192,8192,8192,8192,1/4,2048,2048,2048,1/2,1/4,1024,512,ij,fp32,2,0.5,0.5,41943040,671088640,335544320,ok,,3011510272,715.948647,504.707906,1.4185405825602424,50.0,2.0,70.92702912801212,56.0546875,1535.7409115628932,1089.255403675012,2178.510807350024
square_8192__t4__ra2__rb4__ij__fp32__ws0p750000,square_8192__t4__ra2__rb4__ij__fp32,square_8192,8192,8192,8192,1/4,2048,2048,2048,1/2,1/4,1024,512,ij,fp32,2,0.75,0.75,41943040,671088640,503316480,ok,,3011510272,715.948647,509.408172,1.4054518289117672,50.0,2.0,70.27259144558835,56.0546875,1535.7409115628932,1079.2049364453462,2158.4098728906924
square_8192__t4__ra2__rb4__ij__fp32__ws1p000000,square_8192__t4__ra2__rb4__ij__fp32,square_8192,8192,8192,8192,1/4,2048,2048,2048,1/2,1/4,1024,512,ij,fp32,2,1.0,1.0,41943040,671088640,671088640,ok,,3011510272,715.948647,509.227494,1.4059504944954917,50.0,2.0,70.29752472477459,56.0546875,1535.7409115628932,1079.5878470144035,2159.175694028807
square_8192__t4__ra2__rb8__kj__fp32__ws0p125000,square_8192__t4__ra2__rb8__kj__fp32,square_8192,8192,8192,8192,1/4,2048,2048,2048,1/2,1/8,1024,256,kj,fp32,2,0.125,0.125,37748736,603979776,75497472,ok,,3078619136,715.948647,427.565015,1.6744790192902008,25.0,4.0,41.86197548225501,56.0546875,1535.7409115628932,642.891483869418,2571.565935477672
square_8192__t4__ra2__rb8__kj__fp32__ws0p250000,square_8192__t4__ra2__rb8__kj__fp32,square_8192,8192,8192,8192,1/4,2048,2048,2048,1/2,1/8,1024,256,kj,fp32,2,0.25,0.25,37748736,603979776,150994944,ok,,3078619136,715.948647,430.381783,1.663519868358369,25.0,4.0,41.58799670895922,56.0546875,1535.7409115628932,638.6838797589163,2554.735519035665
square_8192__t4__ra2__rb8__kj__fp32__ws0p500000,square_8192__t4__ra2__rb8__kj__fp32,square_8192,8192,8192,8192,1/4,2048,2048,2048,1/2,1/8,1024,256,kj,fp32,2,0.5,0.5,37748736,603979776,301989888,ok,,3078619136,715.948647,435.046059,1.6456847089838826,25.0,4.0,41.142117724597064,56.0546875,1535.7409115628932,631.8363337800056,2527.3453351200224
square_8192__t4__ra2__rb8__kj__fp32__ws0p750000,square_8192__t4__ra2__rb8__kj__fp32,square_8192,8192,8192,8192,1/4,2048,2048,2048,1/2,1/8,1024,256,kj,fp32,2,0.75,0.75,37748736,603979776,452984832,ok,,3078619136,715.948647,434.680171,1.6470699488153098,25.0,4.0,41.17674872038274,56.0546875,1535.7409115628932,632.3681761503678,2529.4727046014714
square_8192__t4__ra2__rb8__kj__fp32__ws1p000000,square_8192__t4__ra2__rb8__kj__fp32,square_8192,8192,8192,8192,1/4,2048,2048,2048,1/2,1/8,1024,256,kj,fp32,2,1.0,1.0,37748736,603979776,603979776,ok,,3078619136,715.948647,439.74978,1.6280818764707514,25.0,4.0,40.70204691176878,56.0546875,1535.7409115628932,625.0779862675543,2500.311945070217
square_8192__t4__ra2__rb8__kk__fp32__ws0p125000,square_8192__t4__ra2__rb8__kk__fp32,square_8192,8192,8192,8192,1/4,2048,2048,2048,1/2,1/8,1024,256,kk,fp32,2,0.125,0.125,12582912,201326592,25165824,ok,,3078619136,715.948647,156.667972,4.569846905275573,25.0,4.0,114.2461726318893,56.0546875,1535.7409115628932,1754.5252130026934,7018.100852010773
square_8192__t4__ra2__rb8__kk__fp32__ws0p250000,square_8192__t4__ra2__rb8__kk__fp32,square_8192,8192,8192,8192,1/4,2048,2048,2048,1/2,1/8,1024,256,kk,fp32,2,0.25,0.25,12582912,201326592,50331648,ok,,3078619136,715.948647,156.479683,4.575345714369833,25.0,4.0,114.38364285924582,56.0546875,1535.7409115628932,1756.636399525426,7026.545598101704
square_8192__t4__ra2__rb8__kk__fp32__ws0p500000,square_8192__t4__ra2__rb8__kk__fp32,square_8192,8192,8192,8192,1/4,2048,2048,2048,1/2,1/8,1024,256,kk,fp32,2,0.5,0.5,12582912,201326592,100663296,ok,,3078619136,715.948647,157.833896,4.536089301121985,25.0,4.0,113.4022325280496,56.0546875,1535.7409115628932,1741.5644795589408,6966.257918235763
square_8192__t4__ra2__rb8__kk__fp32__ws0p750000,square_8192__t4__ra2__rb8__kk__fp32,square_8192,8192,8192,8192,1/4,2048,2048,2048,1/2,1/8,1024,256,kk,fp32,2,0.75,0.75,12582912,201326592,150994944,ok,,3078619136,715.948647,157.360253,4.549742602409263,25.0,4.0,113.74356506023157,56.0546875,1535.7409115628932,1746.8064629001328,6987.225851600531
square_8192__t4__ra2__rb8__kk__fp32__ws1p000000,square_8192__t4__ra2__rb8__kk__fp32,square_8192,8192,8192,8192,1/4,2048,2048,2048,1/2,1/8,1024,256,kk,fp32,2,1.0,1.0,12582912,201326592,201326592,ok,,3078619136,715.948647,158.20725,4.525384563602491,25.0,4.0,113.13461409006224,56.0546875,1535.7409115628932,1737.4545537198833,6949.818214879533
square_8192__t4__ra2__rb8__ik__fp32__ws0p125000,square_8192__t4__ra2__rb8__ik__fp32,square_8192,8192,8192,8192,1/4,2048,2048,2048,1/2,1/8,1024,256,ik,fp32,2,0.125,0.125,12582912,201326592,25165824,ok,,3078619136,715.948647,156.704283,4.568787995411714,25.0,4.0,114.21969988529285,56.0546875,1535.7409115628932,1754.1186602027974,7016.47464081119
square_8192__t4__ra2__rb8__ik__fp32__ws0p250000,square_8192__t4__ra2__rb8__ik__fp32,square_8192,8192,8192,8192,1/4,2048,2048,2048,1/2,1/8,1024,256,ik,fp32,2,0.25,0.25,12582912,201326592,50331648,ok,,3078619136,715.948647,156.479666,4.575346211436827,25.0,4.0,114.38365528592067,56.0546875,1535.7409115628932,1756.6365903669555,7026.546361467822
square_8192__t4__ra2__rb8__ik__fp32__ws0p500000,square_8192__t4__ra2__rb8__ik__fp32,square_8192,8192,8192,8192,1/4,2048,2048,2048,1/2,1/8,1024,256,ik,fp32,2,0.5,0.5,12582912,201326592,100663296,ok,,3078619136,715.948647,157.025003,4.559456349763611,25.0,4.0,113.98640874409026,56.0546875,1535.7409115628932,1750.535912704297,7002.143650817188
square_8192__t4__ra2__rb8__ik__fp32__ws0p750000,square_8192__t4__ra2__rb8__ik__fp32,square_8192,8192,8192,8192,1/4,2048,2048,2048,1/2,1/8,1024,256,ik,fp32,2,0.75,0.75,12582912,201326592,150994944,ok,,3078619136,715.948647,158.093876,4.528629856604946,25.0,4.0,113.21574641512362,56.0546875,1535.7409115628932,1738.700536028353,6954.802144113412
square_8192__t4__ra2__rb8__ik__fp32__ws1p000000,square_8192__t4__ra2__rb8__ik__fp32,square_8192,8192,8192,8192,1/4,2048,2048,2048,1/2,1/8,1024,256,ik,fp32,2,1.0,1.0,12582912,201326592,201326592,ok,,3078619136,715.948647,158.385615,4.520288329214746,25.0,4.0,113.00720823036865,56.0546875,1535.7409115628932,1735.4979298088404,6941.991719235361
square_8192__t4__ra2__rb8__ij__fp32__ws0p125000,square_8192__t4__ra2__rb8__ij__fp32,square_8192,8192,8192,8192,1/4,2048,2048,2048,1/2,1/8,1024,256,ij,fp32,2,0.125,0.125,37748736,603979776,75497472,ok,,3078619136,715.948647,430.741844,1.6621293170672315,25.0,4.0,41.55323292668079,56.0546875,1535.7409115628932,638.1499981320599,2552.5999925282395
square_8192__t4__ra2__rb8__ij__fp32__ws0p250000,square_8192__t4__ra2__rb8__ij__fp32,square_8192,8192,8192,8192,1/4,2048,2048,2048,1/2,1/8,1024,256,ij,fp32,2,0.25,0.25,37748736,603979776,150994944,ok,,3078619136,715.948647,426.810452,1.6774393495874371,25.0,4.0,41.93598373968592,56.0546875,1535.7409115628932,644.0280589567193,2576.112235826877
square_8192__t4__ra2__rb8__ij__fp32__ws0p500000,square_8192__t4__ra2__rb8__ij__fp32,square_8192,8192,8192,8192,1/4,2048,2048,2048,1/2,1/8,1024,256,ij,fp32,2,0.5,0.5,37748736,603979776,301989888,ok,,3078619136,715.948647,430.392299,1.6634792227079325,25.0,4.0,41.586980567698305,56.0546875,1535.7409115628932,638.6682744618532,2554.673097847413
square_8192__t4__ra2__rb8__ij__fp32__ws0p750000,square_8192__t4__ra2__rb8__ij__fp32,square_8192,8192,8192,8192,1/4,2048,2048,2048,1/2,1/8,1024,256,ij,fp32,2,0.75,0.75,37748736,603979776,452984832,ok,,3078619136,715.948647,426.717056,1.6778064924594907,25.0,4.0,41.945162311487266,56.0546875,1535.7409115628932,644.1690180389696,2576.6760721558785
square_8192__t4__ra2__rb8__ij__fp32__ws1p000000,square_8192__t4__ra2__rb8__ij__fp32,square_8192,8192,8192,8192,1/4,2048,2048,2048,1/2,1/8,1024,256,ij,fp32,2,1.0,1.0,37748736,603979776,603979776,ok,,3078619136,715.948647,426.692061,1.6779047759222312,25.0,4.0,41.94761939805578,56.0546875,1535.7409115628932,644.2067525226348,2576.8270100905393
square_8192__t4__ra4__rb2__kj__fp32__ws0p125000,square_8192__t4__ra4__rb2__kj__fp32,square_8192,8192,8192,8192,1/4,2048,2048,2048,1/4,1/2,512,1024,kj,fp32,2,0.125,0.125,25165824,402653184,50331648,ok,,3011510272,715.948647,332.944627,2.150353509083659,50.0,2.0,107.51767545418296,56.0546875,1535.7409115628932,1651.1929291113024,3302.385858222605
square_8192__t4__ra4__rb2__kj__fp32__ws0p250000,square_8192__t4__ra4__rb2__kj__fp32,square_8192,8192,8192,8192,1/4,2048,2048,2048,1/4,1/2,512,1024,kj,fp32,2,0.25,0.25,25165824,402653184,100663296,ok,,3011510272,715.948647,329.463291,2.1730756249867,50.0,2.0,108.653781249335,56.0546875,1535.7409115628932,1668.640570606089,3337.281141212178
square_8192__t4__ra4__rb2__kj__fp32__ws0p500000,square_8192__t4__ra4__rb2__kj__fp32,square_8192,8192,8192,8192,1/4,2048,2048,2048,1/4,1/2,512,1024,kj,fp32,2,0.5,0.5,25165824,402653184,201326592,ok,,3011510272,715.948647,332.22356,2.1550206944986083,50.0,2.0,107.75103472493039,56.0546875,1535.7409115628932,1654.7767229030958,3309.5534458061916
square_8192__t4__ra4__rb2__kj__fp32__ws0p750000,square_8192__t4__ra4__rb2__kj__fp32,square_8192,8192,8192,8192,1/4,2048,2048,2048,1/4,1/2,512,1024,kj,fp32,2,0.75,0.75,25165824,402653184,301989888,ok,,3011510272,715.948647,332.308556,2.1544694955130796,50.0,2.0,107.72347477565398,56.0546875,1535.7409115628932,1654.3534734868517,3308.7069469737035
square_8192__t4__ra4__rb2__kj__fp32__ws1p000000,square_8192__t4__ra4__rb2__kj__fp32,square_8192,8192,8192,8192,1/4,2048,2048,2048,1/4,1/2,512,1024,kj,fp32,2,1.0,1.0,25165824,402653184,402653184,ok,,3011510272,715.948647,332.039857,2.156212972348076,50.0,2.0,107.81064861740377,56.0546875,1535.7409115628932,1655.6922378387844,3311.384475677569
square_8192__t4__ra4__rb2__kk__fp32__ws0p125000,square_8192__t4__ra4__rb2__kk__fp32,square_8192,8192,8192,8192,1/4,2048,2048,2048,1/4,1/2,512,1024,kk,fp32,2,0.125,0.125,25165824,402653184,50331648,ok,,3011510272,715.948647,332.774419,2.1514533753870064,50.0,2.0,107.57266876935032,56.0546875,1535.7409115628932,1652.0374839509523,3304.0749679019045
square_8192__t4__ra4__rb2__kk__fp32__ws0p250000,square_8192__t4__ra4__rb2__kk__fp32,square_8192,8192,8192,8192,1/4,2048,2048,2048,1/4,1/2,512,1024,kk,fp32,2,0.25,0.25,25165824,402653184,100663296,ok,,3011510272,715.948647,332.645574,2.1522867068118576,50.0,2.0,107.61433534059286,56.0546875,1535.7409115628932,1652.6773745319695,3305.354749063939
square_8192__t4__ra4__rb2__kk__fp32__ws0p500000,square_8192__t4__ra4__rb2__kk__fp32,square_8192,8192,8192,8192,1/4,2048,2048,2048,1/4,1/2,512,1024,kk,fp32,2,0.5,0.5,25165824,402653184,201326592,ok,,3011510272,715.948647,332.245329,2.154879495687357,50.0,2.0,107.74397478436784,56.0546875,1535.7409115628932,1654.6683005075445,3309.336601015089
square_8192__t4__ra4__rb2__kk__fp32__ws0p750000,square_8192__t4__ra4__rb2__kk__fp32,square_8192,8192,8192,8192,1/4,2048,2048,2048,1/4,1/2,512,1024,kk,fp32,2,0.75,0.75,25165824,402653184,301989888,ok,,3011510272,715.948647,332.274421,2.1546908270739262,50.0,2.0,107.73454135369632,56.0546875,1535.7409115628932,1654.523427453358,3309.046854906716
square_8192__t4__ra4__rb2__kk__fp32__ws1p000000,square_8192__t4__ra4__rb2__kk__fp32,square_8192,8192,8192,8192,1/4,2048,2048,2048,1/4,1/2,512,1024,kk,fp32,2,1.0,1.0,25165824,402653184,402653184,ok,,3011510272,715.948647,332.41131,2.1538035122812156,50.0,2.0,107.69017561406078,56.0546875,1535.7409115628932,1653.8420846390575,3307.684169278115
square_8192__t4__ra4__rb2__ik__fp32__ws0p125000,square_8192__t4__ra4__rb2__ik__fp32,square_8192,8192,8192,8192,1/4,2048,2048,2048,1/4,1/2,512,1024,ik,fp32,2,0.125,0.125,41943040,671088640,83886080,ok,,3011510272,715.948647,454.461111,1.5753793441745119,50.0,2.0,78.76896720872558,56.0546875,1535.7409115628932,1209.6872550399587,2419.3745100799174
square_8192__t4__ra4__rb2__ik__fp32__ws0p250000,square_8192__t4__ra4__rb2__ik__fp32,square_8192,8192,8192,8192,1/4,2048,2048,2048,1/4,1/2,512,1024,ik,fp32,2,0.25,0.25,41943040,671088640,167772160,ok,,3011510272,715.948647,464.341577,1.5418577238453925,50.0,2.0,77.09288619226962,56.0546875,1535.7409115628932,1183.9469931593053,2367.8939863186106
square_8192__t4__ra4__rb2__ik__fp32__ws0p500000,square_8192__t4__ra4__rb2__ik__fp32,square_8192,8192,8192,8192,1/4,2048,2048,2048,1/4,1/2,512,1024,ik,fp32,2,0.5,0.5,41943040,671088640,335544320,ok,,3011510272,715.948647,472.54567,1.5150887891957618,50.0,2.0,75.75443945978807,56.0546875,1535.7409115628932,1163.3919191091095,2326.783838218219
square_8192__t4__ra4__rb2__ik__fp32__ws0p750000,square_8192__t4__ra4__rb2__ik__fp32,square_8192,8192,8192,8192,1/4,2048,2048,2048,1/4,1/2,512,1024,ik,fp32,2,0.75,0.75,41943040,671088640,503316480,ok,,3011510272,715.948647,474.475017,1.5089280180161733,50.0,2.0,75.44640090080865,56.0546875,1535.7409115628932,1158.6612449354736,2317.3224898709473
square_8192__t4__ra4__rb2__ik__fp32__ws1p000000,square_8192__t4__ra4__rb2__ik__fp32,square_8192,8192,8192,8192,1/4,2048,2048,2048,1/4,1/2,512,1024,ik,fp32,2,1.0,1.0,41943040,671088640,671088640,ok,,3011510272,715.948647,480.385498,1.4903627398843753,50.0,2.0,74.51813699421875,56.0546875,1535.7409115628932,1144.4055163547007,2288.8110327094014
square_8192__t4__ra4__rb2__ij__fp32__ws0p125000,square_8192__t4__ra4__rb2__ij__fp32,square_8192,8192,8192,8192,1/4,2048,2048,2048,1/4,1/2,512,1024,ij,fp32,2,0.125,0.125,25165824,402653184,50331648,ok,,3011510272,715.948647,337.848251,2.1191426768700365,50.0,2.0,105.95713384350182,56.0546875,1535.7409115628932,1627.2270531541096,3254.4541063082193
square_8192__t4__ra4__rb2__ij__fp32__ws0p250000,square_8192__t4__ra4__rb2__ij__fp32,square_8192,8192,8192,8192,1/4,2048,2048,2048,1/4,1/2,512,1024,ij,fp32,2,0.25,0.25,25165824,402653184,100663296,ok,,3011510272,715.948647,337.833885,2.1192327909913478,50.0,2.0,105.9616395495674,56.0546875,1535.7409115628932,1627.2962491255132,3254.5924982510264
square_8192__t4__ra4__rb2__ij__fp32__ws0p500000,square_8192__t4__ra4__rb2__ij__fp32,square_8192,8192,8192,8192,1/4,2048,2048,2048,1/4,1/2,512,1024,ij,fp32,2,0.5,0.5,25165824,402653184,201326592,ok,,3011510272,715.948647,337.650128,2.120386126434402,50.0,2.0,106.0193063217201,56.0546875,1535.7409115628932,1628.1818613378402,3256.3637226756805
square_8192__t4__ra4__rb2__ij__fp32__ws0p750000,square_8192__t4__ra4__rb2__ij__fp32,square_8192,8192,8192,8192,1/4,2048,2048,2048,1/4,1/2,512,1024,ij,fp32,2,0.75,0.75,25165824,402653184,301989888,ok,,3011510272,715.948647,334.491489,2.140409160007058,50.0,2.0,107.02045800035289,56.0546875,1535.7409115628932,1643.5569572534027,3287.1139145068055
square_8192__t4__ra4__rb2__ij__fp32__ws1p000000,square_8192__t4__ra4__rb2__ij__fp32,square_8192,8192,8192,8192,1/4,2048,2048,2048,1/4,1/2,512,1024,ij,fp32,2,1.0,1.0,25165824,402653184,402653184,ok,,3011510272,715.948647,337.536227,2.1211016469648456,50.0,2.0,106.05508234824228,56.0546875,1535.7409115628932,1628.731288413673,3257.462576827346
square_8192__t4__ra4__rb4__kj__fp32__ws0p125000,square_8192__t4__ra4__rb4__kj__fp32,square_8192,8192,8192,8192,1/4,2048,2048,2048,1/4,1/4,512,512,kj,fp32,2,0.125,0.125,20971520,335544320,41943040,ok,,3145728000,715.948647,254.016271,2.818514909228,37.5,2.6666666666666665,105.69430909605,51.953125,1535.7409115628932,1623.19074598178,4328.508655951414
square_8192__t4__ra4__rb4__kj__fp32__ws0p250000,square_8192__t4__ra4__rb4__kj__fp32,square_8192,8192,8192,8192,1/4,2048,2048,2048,1/4,1/4,512,512,kj,fp32,2,0.25,0.25,20971520,335544320,83886080,ok,,3145728000,715.948647,253.831571,2.8205657955763117,37.5,2.6666666666666665,105.77121733411168,51.953125,1535.7409115628932,1624.3718572580556,4331.658286021481
square_8192__t4__ra4__rb4__kj__fp32__ws0p500000,square_8192__t4__ra4__rb4__kj__fp32,square_8192,8192,8192,8192,1/4,2048,2048,2048,1/4,1/4,512,512,kj,fp32,2,0.5,0.5,20971520,335544320,167772160,ok,,3145728000,715.948647,253.531032,2.8239093311464925,37.5,2.6666666666666665,105.89659991799347,51.953125,1535.7409115628932,1626.2974088947028,4336.793090385874
square_8192__t4__ra4__rb4__kj__fp32__ws0p750000,square_8192__t4__ra4__rb4__kj__fp32,square_8192,8192,8192,8192,1/4,2048,2048,2048,1/4,1/4,512,512,kj,fp32,2,0.75,0.75,20971520,335544320,251658240,ok,,3145728000,715.948647,253.617618,2.8229452379763305,37.5,2.6666666666666665,105.86044642411238,51.953125,1535.7409115628932,1625.7421848982117,4335.312493061898
