run_id,timestamp_utc,experiment,record_kind,case_id,baseline_case_id,operand_layout,N,tile_divisor,tile_size,tile_grid,distribution,rank_band,min_rank,max_rank,mean_rank_A,mean_rank_B,mean_execution_rank_A,mean_execution_rank_B,exact_rank_count_A,exact_rank_count_B,execution_rank_count_A,execution_rank_count_B,execution_rank_policy,precision,storage_type,compute_mode,seed,factor_fill,warmup,repetitions,analysis_repetitions,workspace_policy,workspace_parameter,A_storage_kind,B_storage_kind,A_storage_bytes,B_storage_bytes,operand_storage_bytes,workspace_bytes,dense_reference_bytes,memory_ratio,analysis_median_ms,analysis_min_ms,numeric_median_ms,numeric_min_ms,dense_median_ms,dense_min_ms,speedup_median,speedup_best,exact_flops,executed_flops,padding_waste_pct,executed_gflops_median,dense_gflops_median,has_fallback,numeric_samples_ms,dense_samples_ms,gpu_name,julia_version
workspace_tuning__20260803T194905.205Z__pid9032,20260803T194905.205Z,workspace_tuning,baseline,dense__N4096__bf16,dense__N4096__bf16,dense_dense,4096,,,,,,,,,,,,,,,,,bf16,Core.BFloat16,fp32_accumulate,20260802,random,1,4,0,none,0,dense,dense,33554432,33554432,67108864,0,67108864,1.0,,,0.20532650000000002,0.201962,0.20532650000000002,0.201962,1.0,1.0,1.37438953472e11,1.37438953472e11,0.0,669367.8286631291,669367.8286631291,false,0.285407;0.20749;0.203163;0.201962,0.285407;0.20749;0.203163;0.201962,NVIDIA H100 80GB HBM3,1.12.6
workspace_tuning__20260803T194905.205Z__pid9032,20260803T194905.205Z,workspace_tuning,compressed,compressed_dense__N4096__q16__skewed__r8-16__bf16__q8__w1,dense__N4096__bf16,compressed_dense,4096,16,256,16,skewed,b32_b16,8,16,10.453125,,12.71875,,9,,2,,q8,bf16,Core.BFloat16,fp32_accumulate,20260802,random,1,4,1,one_or_more_tile_stripes,1,compressed_tlr,dense,3334144,33554432,36888576,1667072,67108864,0.57452392578125,179.693658,179.693658,1.2304145,1.164021,0.20532650000000002,0.201962,0.16687587800696435,0.17350374263007284,1.1223957504e10,1.3656653824e10,17.813267813267814,11099.230238265234,669367.8286631291,false,36.605675;1.291451;1.164021;1.169378,,NVIDIA H100 80GB HBM3,1.12.6
workspace_tuning__20260803T194905.205Z__pid9032,20260803T194905.205Z,workspace_tuning,compressed,compressed_dense__N4096__q16__skewed__r8-16__bf16__q8__w2,dense__N4096__bf16,compressed_dense,4096,16,256,16,skewed,b32_b16,8,16,10.453125,,12.71875,,9,,2,,q8,bf16,Core.BFloat16,fp32_accumulate,20260802,random,1,4,1,one_or_more_tile_stripes,2,compressed_tlr,dense,3334144,33554432,36888576,3334144,67108864,0.599365234375,27.935691,27.935691,0.581194,0.579646,0.20532650000000002,0.201962,0.3532839292903919,0.34842300300528256,1.1223957504e10,1.3656653824e10,17.813267813267814,23497.582259968272,669367.8286631291,false,0.580518;0.604654;0.58187;0.579646,,NVIDIA H100 80GB HBM3,1.12.6
workspace_tuning__20260803T194905.205Z__pid9032,20260803T194905.205Z,workspace_tuning,compressed,compressed_dense__N4096__q16__skewed__r8-16__bf16__q8__w4,dense__N4096__bf16,compressed_dense,4096,16,256,16,skewed,b32_b16,8,16,10.453125,,12.71875,,9,,2,,q8,bf16,Core.BFloat16,fp32_accumulate,20260802,random,1,4,1,one_or_more_tile_stripes,4,compressed_tlr,dense,3334144,33554432,36888576,6668288,67108864,0.6490478515625,13.960645,13.960645,0.5019804999999999,0.430573,0.20532650000000002,0.201962,0.4090328209960348,0.4690540280045428,1.1223957504e10,1.3656653824e10,17.813267813267814,27205.546478399065,669367.8286631291,false,0.51515;0.430573;0.488811;0.519457,,NVIDIA H100 80GB HBM3,1.12.6
workspace_tuning__20260803T194905.205Z__pid9032,20260803T194905.205Z,workspace_tuning,compressed,compressed_dense__N4096__q16__skewed__r8-16__bf16__q8__w8,dense__N4096__bf16,compressed_dense,4096,16,256,16,skewed,b32_b16,8,16,10.453125,,12.71875,,9,,2,,q8,bf16,Core.BFloat16,fp32_accumulate,20260802,random,1,4,1,one_or_more_tile_stripes,8,compressed_tlr,dense,3334144,33554432,36888576,13336576,67108864,0.7484130859375,7.028829,7.028829,0.4800375,0.408681,0.20532650000000002,0.201962,0.4277301252506315,0.4941800573063098,1.1223957504e10,1.3656653824e10,17.813267813267814,28449.139544306436,669367.8286631291,false,0.503223;0.48844;0.471635;0.408681,,NVIDIA H100 80GB HBM3,1.12.6
workspace_tuning__20260803T194905.205Z__pid9032,20260803T194905.205Z,workspace_tuning,compressed,compressed_dense__N4096__q16__skewed__r8-16__bf16__q8__w16,dense__N4096__bf16,compressed_dense,4096,16,256,16,skewed,b32_b16,8,16,10.453125,,12.71875,,9,,2,,q8,bf16,Core.BFloat16,fp32_accumulate,20260802,random,1,4,1,one_or_more_tile_stripes,16,compressed_tlr,dense,3334144,33554432,36888576,26673152,67108864,0.9471435546875,3.470639,3.470639,0.466082,0.430614,0.20532650000000002,0.201962,0.4405372874301089,0.4690093680186896,1.1223957504e10,1.3656653824e10,17.813267813267814,29300.96812148935,669367.8286631291,false,0.477474;0.478706;0.430614;0.45469,,NVIDIA H100 80GB HBM3,1.12.6
workspace_tuning__20260803T194905.205Z__pid9032,20260803T194905.205Z,workspace_tuning,compressed,dense_compressed__N4096__q16__skewed__r8-16__bf16__q8__w1,dense__N4096__bf16,dense_compressed,4096,16,256,16,skewed,b32_b16,8,16,,10.453125,,12.71875,,9,,2,q8,bf16,Core.BFloat16,fp32_accumulate,20260802,random,1,4,1,one_or_more_tile_stripes,1,dense,compressed_tlr,33554432,3334144,36888576,1667072,67108864,0.57452392578125,56.86615,56.86615,0.43260149999999997,0.432046,0.20532650000000002,0.201962,0.4746319649839403,0.46745485434421336,1.1223957504e10,1.3656653824e10,17.813267813267814,31568.669604705487,669367.8286631291,false,0.442312;0.432046;0.432837;0.432366,,NVIDIA H100 80GB HBM3,1.12.6
workspace_tuning__20260803T194905.205Z__pid9032,20260803T194905.205Z,workspace_tuning,compressed,dense_compressed__N4096__q16__skewed__r8-16__bf16__q8__w2,dense__N4096__bf16,dense_compressed,4096,16,256,16,skewed,b32_b16,8,16,,10.453125,,12.71875,,9,,2,q8,bf16,Core.BFloat16,fp32_accumulate,20260802,random,1,4,1,one_or_more_tile_stripes,2,dense,compressed_tlr,33554432,3334144,36888576,3334144,67108864,0.599365234375,27.036146,27.036146,0.3137545,0.313008,0.20532650000000002,0.201962,0.6544177055627888,0.6452295149005776,1.1223957504e10,1.3656653824e10,17.813267813267814,43526.559217477356,669367.8286631291,false,0.316333;0.31425;0.313259;0.313008,,NVIDIA H100 80GB HBM3,1.12.6
workspace_tuning__20260803T194905.205Z__pid9032,20260803T194905.205Z,workspace_tuning,compressed,dense_compressed__N4096__q16__skewed__r8-16__bf16__q8__w4,dense__N4096__bf16,dense_compressed,4096,16,256,16,skewed,b32_b16,8,16,,10.453125,,12.71875,,9,,2,q8,bf16,Core.BFloat16,fp32_accumulate,20260802,random,1,4,1,one_or_more_tile_stripes,4,dense,compressed_tlr,33554432,3334144,36888576,6668288,67108864,0.6490478515625,13.498924,13.498924,0.2705845,0.270375,0.20532650000000002,0.201962,0.7588258011822555,0.7469699491447065,1.1223957504e10,1.3656653824e10,17.813267813267814,50470.93911144208,669367.8286631291,false,0.27379;0.270384;0.270785;0.270375,,NVIDIA H100 80GB HBM3,1.12.6
workspace_tuning__20260803T194905.205Z__pid9032,20260803T194905.205Z,workspace_tuning,compressed,dense_compressed__N4096__q16__skewed__r8-16__bf16__q8__w8,dense__N4096__bf16,dense_compressed,4096,16,256,16,skewed,b32_b16,8,16,,10.453125,,12.71875,,9,,2,q8,bf16,Core.BFloat16,fp32_accumulate,20260802,random,1,4,1,one_or_more_tile_stripes,8,dense,compressed_tlr,33554432,3334144,36888576,13336576,67108864,0.7484130859375,6.88135,6.88135,0.246714,0.243654,0.20532650000000002,0.201962,0.8322450286566633,0.8288885058320405,1.1223957504e10,1.3656653824e10,17.813267813267814,55354.190779607154,669367.8286631291,false,0.246108;0.24778;0.24732;0.243654,,NVIDIA H100 80GB HBM3,1.12.6
workspace_tuning__20260803T194905.205Z__pid9032,20260803T194905.205Z,workspace_tuning,compressed,dense_compressed__N4096__q16__skewed__r8-16__bf16__q8__w16,dense__N4096__bf16,dense_compressed,4096,16,256,16,skewed,b32_b16,8,16,,10.453125,,12.71875,,9,,2,q8,bf16,Core.BFloat16,fp32_accumulate,20260802,random,1,4,1,one_or_more_tile_stripes,16,dense,compressed_tlr,33554432,3334144,36888576,26673152,67108864,0.9471435546875,3.333725,3.333725,0.23570249999999998,0.235241,0.20532650000000002,0.201962,0.8711256774959962,0.858532313669811,1.1223957504e10,1.3656653824e10,17.813267813267814,57940.21626414655,669367.8286631291,false,0.240229;0.236143;0.235241;0.235262,,NVIDIA H100 80GB HBM3,1.12.6
workspace_tuning__20260803T194905.205Z__pid9032,20260803T194905.205Z,workspace_tuning,compressed,compressed_compressed__N4096__q16__skewed__r8-16__bf16__q8__w1,dense__N4096__bf16,compressed_compressed,4096,16,256,16,skewed,b32_b16,8,16,10.453125,10.4609375,12.71875,13.03125,9,9,2,2,q8,bf16,Core.BFloat16,fp32_accumulate,20260802,random,1,4,1,tlr_tlr_runs,1,compressed_tlr,compressed_tlr,3334144,3416064,6750208,28030208,67108864,0.5182685852050781,47.903648,47.903648,0.280719,0.279538,0.20532650000000002,0.201962,0.7314307189752031,0.7224849573224391,6.070597632e9,7.523139584e9,19.307656541282647,26799.53827136745,669367.8286631291,false,0.288111;0.280178;0.28126;0.279538,,NVIDIA H100 80GB HBM3,1.12.6
workspace_tuning__20260803T194905.205Z__pid9032,20260803T194905.205Z,workspace_tuning,compressed,compressed_compressed__N4096__q16__skewed__r8-16__bf16__q8__w2,dense__N4096__bf16,compressed_compressed,4096,16,256,16,skewed,b32_b16,8,16,10.453125,10.4609375,12.71875,13.03125,9,9,2,2,q8,bf16,Core.BFloat16,fp32_accumulate,20260802,random,1,4,1,tlr_tlr_runs,2,compressed_tlr,compressed_tlr,3334144,3416064,6750208,14119936,67108864,0.3109893798828125,44.832016,44.832016,0.3032985,0.30063,0.20532650000000002,0.201962,0.6769782903641133,0.6717958952865649,6.070597632e9,7.523139584e9,19.307656541282647,24804.4074863542,669367.8286631291,false,0.308421;0.303684;0.30063;0.302913,,NVIDIA H100 80GB HBM3,1.12.6
workspace_tuning__20260803T194905.205Z__pid9032,20260803T194905.205Z,workspace_tuning,compressed,compressed_compressed__N4096__q16__skewed__r8-16__bf16__q8__w4,dense__N4096__bf16,compressed_compressed,4096,16,256,16,skewed,b32_b16,8,16,10.453125,10.4609375,12.71875,13.03125,9,9,2,2,q8,bf16,Core.BFloat16,fp32_accumulate,20260802,random,1,4,1,tlr_tlr_runs,4,compressed_tlr,compressed_tlr,3334144,3416064,6750208,7182208,67108864,0.2076091766357422,91.323482,91.323482,0.32099,0.317665,0.20532650000000002,0.201962,0.6396663447459423,0.6357703870429541,6.004537344e9,7.510556672e9,20.05203334147746,23398.1017227951,669367.8286631291,false,0.323424;0.317665;0.321932;0.320048,,NVIDIA H100 80GB HBM3,1.12.6
workspace_tuning__20260803T194905.205Z__pid9032,20260803T194905.205Z,workspace_tuning,compressed,compressed_compressed__N4096__q16__skewed__r8-16__bf16__q8__w8,dense__N4096__bf16,compressed_compressed,4096,16,256,16,skewed,b32_b16,8,16,10.453125,10.4609375,12.71875,13.03125,9,9,2,2,q8,bf16,Core.BFloat16,fp32_accumulate,20260802,random,1,4,1,tlr_tlr_runs,8,compressed_tlr,compressed_tlr,3334144,3416064,6750208,3597056,67108864,0.15418624877929688,51.803069,51.803069,0.377154,0.374851,0.20532650000000002,0.201962,0.5444102409095489,0.538779408351585,5.9977216e9,7.462322176e9,19.626606054485098,19785.87573245942,669367.8286631291,false,0.379588;0.378486;0.375822;0.374851,,NVIDIA H100 80GB HBM3,1.12.6
workspace_tuning__20260803T194905.205Z__pid9032,20260803T194905.205Z,workspace_tuning,compressed,compressed_compressed__N4096__q16__skewed__r8-16__bf16__q8__w16,dense__N4096__bf16,compressed_compressed,4096,16,256,16,skewed,b32_b16,8,16,10.453125,10.4609375,12.71875,13.03125,9,9,2,2,q8,bf16,Core.BFloat16,fp32_accumulate,20260802,random,1,4,1,tlr_tlr_runs,16,compressed_tlr,compressed_tlr,3334144,3416064,6750208,1811200,67108864,0.12757492065429688,57.917322,57.917322,0.5620155,0.560739,0.20532650000000002,0.201962,0.36533956803682466,0.36017113131064543,5.934020608e9,7.310278656e9,18.826341823104368,13007.254525898306,669367.8286631291,false,0.56184;0.560739;0.562191;0.562621,,NVIDIA H100 80GB HBM3,1.12.6
workspace_tuning__20260803T194905.205Z__pid9032,20260803T194905.205Z,workspace_tuning,compressed,compressed_compressed__N4096__q16__skewed__r8-16__bf16__q8__w32,dense__N4096__bf16,compressed_compressed,4096,16,256,16,skewed,b32_b16,8,16,10.453125,10.4609375,12.71875,13.03125,9,9,2,2,q8,bf16,Core.BFloat16,fp32_accumulate,20260802,random,1,4,1,tlr_tlr_runs,32,compressed_tlr,compressed_tlr,3334144,3416064,6750208,916480,67108864,0.1142425537109375,68.067549,68.067549,0.878263,0.878013,0.20532650000000002,0.201962,0.2337870319027444,0.23002165116006254,5.934020608e9,7.310278656e9,18.826341823104368,8323.564417492255,669367.8286631291,false,0.878013;0.879084;0.878453;0.878073,,NVIDIA H100 80GB HBM3,1.12.6
workspace_tuning__20260803T194905.205Z__pid9032,20260803T194905.205Z,workspace_tuning,compressed,compressed_compressed__N4096__q16__skewed__r8-16__bf16__q8__w64,dense__N4096__bf16,compressed_compressed,4096,16,256,16,skewed,b32_b16,8,16,10.453125,10.4609375,12.71875,13.03125,9,9,2,2,q8,bf16,Core.BFloat16,fp32_accumulate,20260802,random,1,4,1,tlr_tlr_runs,64,compressed_tlr,compressed_tlr,3334144,3416064,6750208,469120,67108864,0.10757637023925781,91.089533,91.089533,1.5708440000000001,1.56494,0.20532650000000002,0.201962,0.13071094265248492,0.1290541490408578,5.918554112e9,7.301890048e9,18.94490230483405,4648.386503051862,669367.8286631291,false,1.573353;1.570308;1.56494;1.57138,,NVIDIA H100 80GB HBM3,1.12.6
workspace_tuning__20260803T194905.205Z__pid9032,20260803T194905.205Z,workspace_tuning,compressed,compressed_dense__N4096__q8__skewed__r16-32__bf16__q8__w1,dense__N4096__bf16,compressed_dense,4096,8,512,8,skewed,b32_b16,16,32,21.328125,,24.125,,17,,3,,q8,bf16,Core.BFloat16,fp32_accumulate,20260802,random,1,4,1,one_or_more_tile_stripes,1,compressed_tlr,dense,3162112,33554432,36716544,1581056,67108864,0.5706787109375,8.998284,8.998284,0.2704295,0.269372,0.20532650000000002,0.201962,0.7592607315400133,0.7497512733320464,1.145044992e10,1.2952010752e10,11.593264248704664,47894.22290097789,669367.8286631291,false,0.271866;0.269372;0.270565;0.270294,,NVIDIA H100 80GB HBM3,1.12.6
workspace_tuning__20260803T194905.205Z__pid9032,20260803T194905.205Z,workspace_tuning,compressed,compressed_dense__N4096__q8__skewed__r16-32__bf16__q8__w2,dense__N4096__bf16,compressed_dense,4096,8,512,8,skewed,b32_b16,16,32,21.328125,,24.125,,17,,3,,q8,bf16,Core.BFloat16,fp32_accumulate,20260802,random,1,4,1,one_or_more_tile_stripes,2,compressed_tlr,dense,3162112,33554432,36716544,3162112,67108864,0.59423828125,4.283195,4.283195,0.2305895,0.229173,0.20532650000000002,0.201962,0.8904416723224605,0.8812643723300738,1.145044992e10,1.2952010752e10,11.593264248704664,56169.12631321027,669367.8286631291,false,0.231777;0.230454;0.229173;0.230725,,NVIDIA H100 80GB HBM3,1.12.6
workspace_tuning__20260803T194905.205Z__pid9032,20260803T194905.205Z,workspace_tuning,compressed,compressed_dense__N4096__q8__skewed__r16-32__bf16__q8__w4,dense__N4096__bf16,compressed_dense,4096,8,512,8,skewed,b32_b16,16,32,21.328125,,24.125,,17,,3,,q8,bf16,Core.BFloat16,fp32_accumulate,20260802,random,1,4,1,one_or_more_tile_stripes,4,compressed_tlr,dense,3162112,33554432,36716544,6324224,67108864,0.641357421875,2.050626,2.050626,0.2037045,0.203394,0.20532650000000002,0.201962,1.007962514328353,0.9929594776640412,1.145044992e10,1.2952010752e10,11.593264248704664,63582.349687905764,669367.8286631291,false,0.203915;0.205317;0.203494;0.203394,,NVIDIA H100 80GB HBM3,1.12.6
workspace_tuning__20260803T194905.205Z__pid9032,20260803T194905.205Z,workspace_tuning,compressed,compressed_dense__N4096__q8__skewed__r16-32__bf16__q8__w8,dense__N4096__bf16,compressed_dense,4096,8,512,8,skewed,b32_b16,16,32,21.328125,,24.125,,17,,3,,q8,bf16,Core.BFloat16,fp32_accumulate,20260802,random,1,4,1,one_or_more_tile_stripes,8,compressed_tlr,dense,3162112,33554432,36716544,12648448,67108864,0.735595703125,1.119293,1.119293,0.1989725,0.197806,0.20532650000000002,0.201962,1.0319340612396186,1.0210104850206767,1.145044992e10,1.2952010752e10,11.593264248704664,65094.476633705664,669367.8286631291,false,0.199718;0.199458;0.198487;0.197806,,NVIDIA H100 80GB HBM3,1.12.6
workspace_tuning__20260803T194905.205Z__pid9032,20260803T194905.205Z,workspace_tuning,compressed,dense_compressed__N4096__q8__skewed__r16-32__bf16__q8__w1,dense__N4096__bf16,dense_compressed,4096,8,512,8,skewed,b32_b16,16,32,,21.328125,,24.125,,17,,3,q8,bf16,Core.BFloat16,fp32_accumulate,20260802,random,1,4,1,one_or_more_tile_stripes,1,dense,compressed_tlr,33554432,3162112,36716544,1581056,67108864,0.5706787109375,8.429714,8.429714,0.21166649999999998,0.211146,0.20532650000000002,0.201962,0.9700472205096227,0.9565040303865572,1.145044992e10,1.2952010752e10,11.593264248704664,61190.65015956706,669367.8286631291,false,0.211146;0.211727;0.212177;0.211606,,NVIDIA H100 80GB HBM3,1.12.6
workspace_tuning__20260803T194905.205Z__pid9032,20260803T194905.205Z,workspace_tuning,compressed,dense_compressed__N4096__q8__skewed__r16-32__bf16__q8__w2,dense__N4096__bf16,dense_compressed,4096,8,512,8,skewed,b32_b16,16,32,,21.328125,,24.125,,17,,3,q8,bf16,Core.BFloat16,fp32_accumulate,20260802,random,1,4,1,one_or_more_tile_stripes,2,dense,compressed_tlr,33554432,3162112,36716544,3162112,67108864,0.59423828125,8.104028,8.104028,0.175953,0.172137,0.20532650000000002,0.201962,1.1669394667894268,1.1732631566717207,1.145044992e10,1.2952010752e10,11.593264248704664,73610.62756531574,669367.8286631291,false,0.178176;0.175262;0.172137;0.176644,,NVIDIA H100 80GB HBM3,1.12.6
workspace_tuning__20260803T194905.205Z__pid9032,20260803T194905.205Z,workspace_tuning,compressed,dense_compressed__N4096__q8__skewed__r16-32__bf16__q8__w4,dense__N4096__bf16,dense_compressed,4096,8,512,8,skewed,b32_b16,16,32,,21.328125,,24.125,,17,,3,q8,bf16,Core.BFloat16,fp32_accumulate,20260802,random,1,4,1,one_or_more_tile_stripes,4,dense,compressed_tlr,33554432,3162112,36716544,6324224,67108864,0.641357421875,2.034202,2.034202,0.146634,0.145037,0.20532650000000002,0.201962,1.4002652863592349,1.3924860552824452,1.145044992e10,1.2952010752e10,11.593264248704664,88328.83745925229,669367.8286631291,false,0.148252;0.148031;0.145237;0.145037,,NVIDIA H100 80GB HBM3,1.12.6
workspace_tuning__20260803T194905.205Z__pid9032,20260803T194905.205Z,workspace_tuning,compressed,dense_compressed__N4096__q8__skewed__r16-32__bf16__q8__w8,dense__N4096__bf16,dense_compressed,4096,8,512,8,skewed,b32_b16,16,32,,21.328125,,24.125,,17,,3,q8,bf16,Core.BFloat16,fp32_accumulate,20260802,random,1,4,1,one_or_more_tile_stripes,8,dense,compressed_tlr,33554432,3162112,36716544,12648448,67108864,0.735595703125,1.083861,1.083861,0.1374955,0.137115,0.20532650000000002,0.201962,1.4933325090639333,1.4729387740218067,1.145044992e10,1.2952010752e10,11.593264248704664,94199.52472626377,669367.8286631291,false,0.137636;0.137115;0.137355;0.142172,,NVIDIA H100 80GB HBM3,1.12.6
workspace_tuning__20260803T194905.205Z__pid9032,20260803T194905.205Z,workspace_tuning,compressed,compressed_compressed__N4096__q8__skewed__r16-32__bf16__q8__w1,dense__N4096__bf16,compressed_compressed,4096,8,512,8,skewed,b32_b16,16,32,21.328125,21.421875,24.125,24.25,17,16,3,3,q8,bf16,Core.BFloat16,fp32_accumulate,20260802,random,1,4,1,tlr_tlr_runs,1,compressed_tlr,compressed_tlr,3162112,3178496,6340608,13246464,67108864,0.2918701171875,6.650084,6.650084,0.130535,0.129203,0.20532650000000002,0.201962,1.5729612747538975,1.5631370788603978,6.204796928e9,7.08837376e9,12.465155787721894,54302.47642394759,669367.8286631291,false,0.134611;0.130024;0.131046;0.129203,,NVIDIA H100 80GB HBM3,1.12.6
workspace_tuning__20260803T194905.205Z__pid9032,20260803T194905.205Z,workspace_tuning,compressed,compressed_compressed__N4096__q8__skewed__r16-32__bf16__q8__w2,dense__N4096__bf16,compressed_compressed,4096,8,512,8,skewed,b32_b16,16,32,21.328125,21.421875,24.125,24.25,17,16,3,3,q8,bf16,Core.BFloat16,fp32_accumulate,20260802,random,1,4,1,tlr_tlr_runs,2,compressed_tlr,compressed_tlr,3162112,3178496,6340608,6670336,67108864,0.193878173828125,7.48423,7.48423,0.1400045,0.137796,0.20532650000000002,0.201962,1.466570717369799,1.4656593805335423,6.06009344e9,6.954156032e9,12.856521882539203,49670.94651957616,669367.8286631291,false,0.14024;0.139769;0.137796;0.144696,,NVIDIA H100 80GB HBM3,1.12.6
workspace_tuning__20260803T194905.205Z__pid9032,20260803T194905.205Z,workspace_tuning,compressed,compressed_compressed__N4096__q8__skewed__r16-32__bf16__q8__w4,dense__N4096__bf16,compressed_compressed,4096,8,512,8,skewed,b32_b16,16,32,21.328125,21.421875,24.125,24.25,17,16,3,3,q8,bf16,Core.BFloat16,fp32_accumulate,20260802,random,1,4,1,tlr_tlr_runs,4,compressed_tlr,compressed_tlr,3162112,3178496,6340608,3351808,67108864,0.14442825317382812,8.632698,8.632698,0.188602,0.187911,0.20532650000000002,0.201962,1.088676154017455,1.0747747603918878,5.956284416e9,6.83671552e9,12.877983608128835,36249.43277377758,669367.8286631291,false,0.188972;0.189083;0.188232;0.187911,,NVIDIA H100 80GB HBM3,1.12.6
workspace_tuning__20260803T194905.205Z__pid9032,20260803T194905.205Z,workspace_tuning,compressed,compressed_compressed__N4096__q8__skewed__r16-32__bf16__q8__w8,dense__N4096__bf16,compressed_compressed,4096,8,512,8,skewed,b32_b16,16,32,21.328125,21.421875,24.125,24.25,17,16,3,3,q8,bf16,Core.BFloat16,fp32_accumulate,20260802,random,1,4,1,tlr_tlr_runs,8,compressed_tlr,compressed_tlr,3162112,3178496,6340608,1676032,67108864,0.11945724487304688,10.798997,10.798997,0.26759049999999995,0.265918,0.20532650000000002,0.201962,0.7673161042712655,0.759489767522319,5.956284416e9,6.83671552e9,12.877983608128835,25549.171289713206,669367.8286631291,false,0.265918;0.272517;0.26718;0.268001,,NVIDIA H100 80GB HBM3,1.12.6
workspace_tuning__20260803T194905.205Z__pid9032,20260803T194905.205Z,workspace_tuning,compressed,compressed_compressed__N4096__q8__skewed__r16-32__bf16__q8__w16,dense__N4096__bf16,compressed_compressed,4096,8,512,8,skewed,b32_b16,16,32,21.328125,21.421875,24.125,24.25,17,16,3,3,q8,bf16,Core.BFloat16,fp32_accumulate,20260802,random,1,4,1,tlr_tlr_runs,16,compressed_tlr,compressed_tlr,3162112,3178496,6340608,890240,67108864,0.10774803161621094,16.108537,16.108537,0.46354850000000003,0.462282,0.20532650000000002,0.201962,0.4429450208554229,0.43688051881751827,5.924827136e9,6.769606656e9,12.479004511307311,14603.87997372443,669367.8286631291,false,0.464334;0.464074;0.463023;0.462282,,NVIDIA H100 80GB HBM3,1.12.6
workspace_tuning__20260803T194905.205Z__pid9032,20260803T194905.205Z,workspace_tuning,compressed,compressed_compressed__N4096__q8__skewed__r16-32__bf16__q8__w32,dense__N4096__bf16,compressed_compressed,4096,8,512,8,skewed,b32_b16,16,32,21.328125,21.421875,24.125,24.25,17,16,3,3,q8,bf16,Core.BFloat16,fp32_accumulate,20260802,random,1,4,1,tlr_tlr_runs,32,compressed_tlr,compressed_tlr,3162112,3178496,6340608,466432,67108864,0.10143280029296875,26.374166,26.374166,0.8296304999999999,0.828559,0.20532650000000002,0.201962,0.2474915037477528,0.24375089764277497,5.917487104e9,6.769606656e9,12.587430781443619,8159.785176653945,669367.8286631291,false,0.835759;0.829901;0.828559;0.82936,,NVIDIA H100 80GB HBM3,1.12.6
workspace_tuning__20260803T194905.205Z__pid9032,20260803T194905.205Z,workspace_tuning,compressed,compressed_compressed__N4096__q8__skewed__r16-32__bf16__q8__w64,dense__N4096__bf16,compressed_compressed,4096,8,512,8,skewed,b32_b16,16,32,21.328125,21.421875,24.125,24.25,17,16,3,3,q8,bf16,Core.BFloat16,fp32_accumulate,20260802,random,1,4,1,tlr_tlr_runs,64,compressed_tlr,compressed_tlr,3162112,3178496,6340608,233216,67108864,0.09795761108398438,49.035251,49.035251,1.5912294999999999,1.587284,0.20532650000000002,0.201962,0.12903638350093435,0.1272374697911653,5.888651264e9,6.748635136e9,12.743078484307024,4241.145061727426,669367.8286631291,false,1.592972;1.587284;1.589607;1.592852,,NVIDIA H100 80GB HBM3,1.12.6
workspace_tuning__20260803T194905.205Z__pid9032,20260803T194905.205Z,workspace_tuning,baseline,dense__N4096__fp16,dense__N4096__fp16,dense_dense,4096,,,,,,,,,,,,,,,,,fp16,Float16,fp32_accumulate,20260802,random,1,4,0,none,0,dense,dense,33554432,33554432,67108864,0,67108864,1.0,,,0.20130599999999998,0.198828,0.20130599999999998,0.198828,1.0,1.0,1.37438953472e11,1.37438953472e11,0.0,682736.498027878,682736.498027878,false,0.304645;0.202623;0.199989;0.198828,0.304645;0.202623;0.199989;0.198828,NVIDIA H100 80GB HBM3,1.12.6
workspace_tuning__20260803T194905.205Z__pid9032,20260803T194905.205Z,workspace_tuning,compressed,compressed_dense__N4096__q16__skewed__r8-16__fp16__q8__w1,dense__N4096__fp16,compressed_dense,4096,16,256,16,skewed,b32_b16,8,16,10.453125,,12.71875,,9,,2,,q8,fp16,Float16,fp32_accumulate,20260802,random,1,4,1,one_or_more_tile_stripes,1,compressed_tlr,dense,3334144,33554432,36888576,1667072,67108864,0.57452392578125,61.840658,61.840658,0.6873985,0.585576,0.20130599999999998,0.198828,0.29285196287160936,0.3395426042050904,1.1223957504e10,1.3656653824e10,17.813267813267814,19867.156858794424,682736.498027878,false,0.738093;0.585576;0.718014;0.656783,,NVIDIA H100 80GB HBM3,1.12.6
workspace_tuning__20260803T194905.205Z__pid9032,20260803T194905.205Z,workspace_tuning,compressed,compressed_dense__N4096__q16__skewed__r8-16__fp16__q8__w2,dense__N4096__fp16,compressed_dense,4096,16,256,16,skewed,b32_b16,8,16,10.453125,,12.71875,,9,,2,,q8,fp16,Float16,fp32_accumulate,20260802,random,1,4,1,one_or_more_tile_stripes,2,compressed_tlr,dense,3334144,33554432,36888576,3334144,67108864,0.599365234375,28.250893,28.250893,0.573663,0.529952,0.20130599999999998,0.198828,0.35091334110793265,0.3751811484813719,1.1223957504e10,1.3656653824e10,17.813267813267814,23806.056559338846,682736.498027878,false,0.617353;0.573538;0.573788;0.529952,,NVIDIA H100 80GB HBM3,1.12.6
workspace_tuning__20260803T194905.205Z__pid9032,20260803T194905.205Z,workspace_tuning,compressed,compressed_dense__N4096__q16__skewed__r8-16__fp16__q8__w4,dense__N4096__fp16,compressed_dense,4096,16,256,16,skewed,b32_b16,8,16,10.453125,,12.71875,,9,,2,,q8,fp16,Float16,fp32_accumulate,20260802,random,1,4,1,one_or_more_tile_stripes,4,compressed_tlr,dense,3334144,33554432,36888576,6668288,67108864,0.6490478515625,13.955477,13.955477,0.5221405,0.474489,0.20130599999999998,0.198828,0.38553990736209887,0.4190360577379033,1.1223957504e10,1.3656653824e10,17.813267813267814,26155.132237395872,682736.498027878,false,0.525265;0.527178;0.519016;0.474489,,NVIDIA H100 80GB HBM3,1.12.6
workspace_tuning__20260803T194905.205Z__pid9032,20260803T194905.205Z,workspace_tuning,compressed,compressed_dense__N4096__q16__skewed__r8-16__fp16__q8__w8,dense__N4096__fp16,compressed_dense,4096,16,256,16,skewed,b32_b16,8,16,10.453125,,12.71875,,9,,2,,q8,fp16,Float16,fp32_accumulate,20260802,random,1,4,1,one_or_more_tile_stripes,8,compressed_tlr,dense,3334144,33554432,36888576,13336576,67108864,0.7484130859375,7.284953,7.284953,0.463358,0.431566,0.20130599999999998,0.198828,0.434450252288727,0.46071284577561716,1.1223957504e10,1.3656653824e10,17.813267813267814,29473.22334782177,682736.498027878,false,0.495901;0.484274;0.442442;0.431566,,NVIDIA H100 80GB HBM3,1.12.6
workspace_tuning__20260803T194905.205Z__pid9032,20260803T194905.205Z,workspace_tuning,compressed,compressed_dense__N4096__q16__skewed__r8-16__fp16__q8__w16,dense__N4096__fp16,compressed_dense,4096,16,256,16,skewed,b32_b16,8,16,10.453125,,12.71875,,9,,2,,q8,fp16,Float16,fp32_accumulate,20260802,random,1,4,1,one_or_more_tile_stripes,16,compressed_tlr,dense,3334144,33554432,36888576,26673152,67108864,0.9471435546875,179.783865,179.783865,0.3903335,0.387179,0.20130599999999998,0.198828,0.5157282170246724,0.5135299176866515,1.1223957504e10,1.3656653824e10,17.813267813267814,34987.14259472989,682736.498027878,false,0.387179;0.550393;0.388961;0.391706,,NVIDIA H100 80GB HBM3,1.12.6
workspace_tuning__20260803T194905.205Z__pid9032,20260803T194905.205Z,workspace_tuning,compressed,dense_compressed__N4096__q16__skewed__r8-16__fp16__q8__w1,dense__N4096__fp16,dense_compressed,4096,16,256,16,skewed,b32_b16,8,16,,10.453125,,12.71875,,9,,2,q8,fp16,Float16,fp32_accumulate,20260802,random,1,4,1,one_or_more_tile_stripes,1,dense,compressed_tlr,33554432,3334144,36888576,1667072,67108864,0.57452392578125,55.203835,55.203835,0.4219765,0.420628,0.20130599999999998,0.198828,0.47705500187806665,0.4726932111033978,1.1223957504e10,1.3656653824e10,17.813267813267814,32363.541154542967,682736.498027878,false,0.435131;0.42096;0.420628;0.422993,,NVIDIA H100 80GB HBM3,1.12.6
workspace_tuning__20260803T194905.205Z__pid9032,20260803T194905.205Z,workspace_tuning,compressed,dense_compressed__N4096__q16__skewed__r8-16__fp16__q8__w2,dense__N4096__fp16,dense_compressed,4096,16,256,16,skewed,b32_b16,8,16,,10.453125,,12.71875,,9,,2,q8,fp16,Float16,fp32_accumulate,20260802,random,1,4,1,one_or_more_tile_stripes,2,dense,compressed_tlr,33554432,3334144,36888576,3334144,67108864,0.599365234375,27.31292,27.31292,0.30722950000000004,0.305327,0.20130599999999998,0.198828,0.6552300478957911,0.651196913473096,1.1223957504e10,1.3656653824e10,17.813267813267814,44450.984765460336,682736.498027878,false,0.307149;0.30731;0.308812;0.305327,,NVIDIA H100 80GB HBM3,1.12.6
workspace_tuning__20260803T194905.205Z__pid9032,20260803T194905.205Z,workspace_tuning,compressed,dense_compressed__N4096__q16__skewed__r8-16__fp16__q8__w4,dense__N4096__fp16,dense_compressed,4096,16,256,16,skewed,b32_b16,8,16,,10.453125,,12.71875,,9,,2,q8,fp16,Float16,fp32_accumulate,20260802,random,1,4,1,one_or_more_tile_stripes,4,dense,compressed_tlr,33554432,3334144,36888576,6668288,67108864,0.6490478515625,13.661607,13.661607,0.263734,0.262703,0.20130599999999998,0.198828,0.7632918015879635,0.7568546990327479,1.1223957504e10,1.3656653824e10,17.813267813267814,51781.92354417709,682736.498027878,false,0.26734;0.264175;0.262703;0.263293,,NVIDIA H100 80GB HBM3,1.12.6
workspace_tuning__20260803T194905.205Z__pid9032,20260803T194905.205Z,workspace_tuning,compressed,dense_compressed__N4096__q16__skewed__r8-16__fp16__q8__w8,dense__N4096__fp16,dense_compressed,4096,16,256,16,skewed,b32_b16,8,16,,10.453125,,12.71875,,9,,2,q8,fp16,Float16,fp32_accumulate,20260802,random,1,4,1,one_or_more_tile_stripes,8,dense,compressed_tlr,33554432,3334144,36888576,13336576,67108864,0.7484130859375,6.98866,6.98866,0.2374305,0.234961,0.20130599999999998,0.198828,0.8478523188891065,0.8462170317627181,1.1223957504e10,1.3656653824e10,17.813267813267814,57518.5320504316,682736.498027878,false,0.237686;0.239879;0.237175;0.234961,,NVIDIA H100 80GB HBM3,1.12.6
workspace_tuning__20260803T194905.205Z__pid9032,20260803T194905.205Z,workspace_tuning,compressed,dense_compressed__N4096__q16__skewed__r8-16__fp16__q8__w16,dense__N4096__fp16,dense_compressed,4096,16,256,16,skewed,b32_b16,8,16,,10.453125,,12.71875,,9,,2,q8,fp16,Float16,fp32_accumulate,20260802,random,1,4,1,one_or_more_tile_stripes,16,dense,compressed_tlr,33554432,3334144,36888576,26673152,67108864,0.9471435546875,3.445592,3.445592,0.2280705,0.226539,0.20130599999999998,0.198828,0.8826481285392016,0.8776766914306147,1.1223957504e10,1.3656653824e10,17.813267813267814,59879.08924652684,682736.498027878,false,0.228862;0.226539;0.228331;0.22781,,NVIDIA H100 80GB HBM3,1.12.6
workspace_tuning__20260803T194905.205Z__pid9032,20260803T194905.205Z,workspace_tuning,compressed,compressed_compressed__N4096__q16__skewed__r8-16__fp16__q8__w1,dense__N4096__fp16,compressed_compressed,4096,16,256,16,skewed,b32_b16,8,16,10.453125,10.4609375,12.71875,13.03125,9,9,2,2,q8,fp16,Float16,fp32_accumulate,20260802,random,1,4,1,tlr_tlr_runs,1,compressed_tlr,compressed_tlr,3334144,3416064,6750208,28030208,67108864,0.5182685852050781,48.042537,48.042537,0.2689225,0.265397,0.20130599999999998,0.198828,0.7485651070475694,0.749171995161965,6.070597632e9,7.523139584e9,19.307656541282647,27975.121397428626,682736.498027878,false,0.279017;0.269183;0.265397;0.268662,,NVIDIA H100 80GB HBM3,1.12.6
workspace_tuning__20260803T194905.205Z__pid9032,20260803T194905.205Z,workspace_tuning,compressed,compressed_compressed__N4096__q16__skewed__r8-16__fp16__q8__w2,dense__N4096__fp16,compressed_compressed,4096,16,256,16,skewed,b32_b16,8,16,10.453125,10.4609375,12.71875,13.03125,9,9,2,2,q8,fp16,Float16,fp32_accumulate,20260802,random,1,4,1,tlr_tlr_runs,2,compressed_tlr,compressed_tlr,3334144,3416064,6750208,14119936,67108864,0.3109893798828125,45.232946,45.232946,0.2866885,0.285947,0.20130599999999998,0.198828,0.7021767528170819,0.6953316523691453,6.070597632e9,7.523139584e9,19.307656541282647,26241.511549992414,682736.498027878,false,0.291336;0.286609;0.285947;0.286768,,NVIDIA H100 80GB HBM3,1.12.6
workspace_tuning__20260803T194905.205Z__pid9032,20260803T194905.205Z,workspace_tuning,compressed,compressed_compressed__N4096__q16__skewed__r8-16__fp16__q8__w4,dense__N4096__fp16,compressed_compressed,4096,16,256,16,skewed,b32_b16,8,16,10.453125,10.4609375,12.71875,13.03125,9,9,2,2,q8,fp16,Float16,fp32_accumulate,20260802,random,1,4,1,tlr_tlr_runs,4,compressed_tlr,compressed_tlr,3334144,3416064,6750208,7182208,67108864,0.2076091766357422,48.498208,48.498208,0.30414949999999996,0.302032,0.20130599999999998,0.198828,0.6618652997950022,0.6583011071674524,6.004537344e9,7.510556672e9,20.05203334147746,24693.634781579458,682736.498027878,false,0.304595;0.303704;0.302032;0.304976,,NVIDIA H100 80GB HBM3,1.12.6
workspace_tuning__20260803T194905.205Z__pid9032,20260803T194905.205Z,workspace_tuning,compressed,compressed_compressed__N4096__q16__skewed__r8-16__fp16__q8__w8,dense__N4096__fp16,compressed_compressed,4096,16,256,16,skewed,b32_b16,8,16,10.453125,10.4609375,12.71875,13.03125,9,9,2,2,q8,fp16,Float16,fp32_accumulate,20260802,random,1,4,1,tlr_tlr_runs,8,compressed_tlr,compressed_tlr,3334144,3416064,6750208,3597056,67108864,0.15418624877929688,52.604608,52.604608,0.360188,0.359337,0.20130599999999998,0.198828,0.5588914677890434,0.5533190292121324,5.9977216e9,7.462322176e9,19.626606054485098,20717.853387675324,682736.498027878,false,0.363293;0.360659;0.359337;0.359717,,NVIDIA H100 80GB HBM3,1.12.6
workspace_tuning__20260803T194905.205Z__pid9032,20260803T194905.205Z,workspace_tuning,compressed,compressed_compressed__N4096__q16__skewed__r8-16__fp16__q8__w16,dense__N4096__fp16,compressed_compressed,4096,16,256,16,skewed,b32_b16,8,16,10.453125,10.4609375,12.71875,13.03125,9,9,2,2,q8,fp16,Float16,fp32_accumulate,20260802,random,1,4,1,tlr_tlr_runs,16,compressed_tlr,compressed_tlr,3334144,3416064,6750208,1811200,67108864,0.12757492065429688,58.655686,58.655686,0.5428165,0.541009,0.20130599999999998,0.198828,0.37085460740415954,0.3675132946032321,5.934020608e9,7.310278656e9,18.826341823104368,13467.311063683585,682736.498027878,false,0.543993;0.541009;0.543072;0.542561,,NVIDIA H100 80GB HBM3,1.12.6
workspace_tuning__20260803T194905.205Z__pid9032,20260803T194905.205Z,workspace_tuning,compressed,compressed_compressed__N4096__q16__skewed__r8-16__fp16__q8__w32,dense__N4096__fp16,compressed_compressed,4096,16,256,16,skewed,b32_b16,8,16,10.453125,10.4609375,12.71875,13.03125,9,9,2,2,q8,fp16,Float16,fp32_accumulate,20260802,random,1,4,1,tlr_tlr_runs,32,compressed_tlr,compressed_tlr,3334144,3416064,6750208,916480,67108864,0.1142425537109375,69.198681,69.198681,0.858413,0.851734,0.20130599999999998,0.198828,0.23450949601182647,0.23343907839771572,5.934020608e9,7.310278656e9,18.826341823104368,8516.03908142118,682736.498027878,false,0.860987;0.862039;0.855839;0.851734,,NVIDIA H100 80GB HBM3,1.12.6
workspace_tuning__20260803T194905.205Z__pid9032,20260803T194905.205Z,workspace_tuning,compressed,compressed_compressed__N4096__q16__skewed__r8-16__fp16__q8__w64,dense__N4096__fp16,compressed_compressed,4096,16,256,16,skewed,b32_b16,8,16,10.453125,10.4609375,12.71875,13.03125,9,9,2,2,q8,fp16,Float16,fp32_accumulate,20260802,random,1,4,1,tlr_tlr_runs,64,compressed_tlr,compressed_tlr,3334144,3416064,6750208,469120,67108864,0.10757637023925781,91.38879,91.38879,1.5430074999999999,1.539292,0.20130599999999998,0.198828,0.13046339696987863,0.12916847485727204,5.918554112e9,7.301890048e9,18.94490230483405,4732.245337757594,682736.498027878,false,1.546032;1.545251;1.539292;1.540764,,NVIDIA H100 80GB HBM3,1.12.6
workspace_tuning__20260803T194905.205Z__pid9032,20260803T194905.205Z,workspace_tuning,compressed,compressed_dense__N4096__q8__skewed__r16-32__fp16__q8__w1,dense__N4096__fp16,compressed_dense,4096,8,512,8,skewed,b32_b16,16,32,21.328125,,24.125,,17,,3,,q8,fp16,Float16,fp32_accumulate,20260802,random,1,4,1,one_or_more_tile_stripes,1,compressed_tlr,dense,3162112,33554432,36716544,1581056,67108864,0.5706787109375,8.584967,8.584967,0.26625299999999996,0.263695,0.20130599999999998,0.198828,0.7560703541368549,0.7540074707521948,1.145044992e10,1.2952010752e10,11.593264248704664,48645.50165444146,682736.498027878,false,0.266358;0.263695;0.282903;0.266148,,NVIDIA H100 80GB HBM3,1.12.6
workspace_tuning__20260803T194905.205Z__pid9032,20260803T194905.205Z,workspace_tuning,compressed,compressed_dense__N4096__q8__skewed__r16-32__fp16__q8__w2,dense__N4096__fp16,compressed_dense,4096,8,512,8,skewed,b32_b16,16,32,21.328125,,24.125,,17,,3,,q8,fp16,Float16,fp32_accumulate,20260802,random,1,4,1,one_or_more_tile_stripes,2,compressed_tlr,dense,3162112,33554432,36716544,3162112,67108864,0.59423828125,4.358988,4.358988,0.224195,0.223044,0.20130599999999998,0.198828,0.897905840897433,0.8914294937321785,1.145044992e10,1.2952010752e10,11.593264248704664,57771.18469189768,682736.498027878,false,0.226579;0.223044;0.223354;0.225036,,NVIDIA H100 80GB HBM3,1.12.6
workspace_tuning__20260803T194905.205Z__pid9032,20260803T194905.205Z,workspace_tuning,compressed,compressed_dense__N4096__q8__skewed__r16-32__fp16__q8__w4,dense__N4096__fp16,compressed_dense,4096,8,512,8,skewed,b32_b16,16,32,21.328125,,24.125,,17,,3,,q8,fp16,Float16,fp32_accumulate,20260802,random,1,4,1,one_or_more_tile_stripes,4,compressed_tlr,dense,3162112,33554432,36716544,6324224,67108864,0.641357421875,2.093811,2.093811,0.1989525,0.198327,0.20130599999999998,0.198828,1.0118294567798845,1.002526131086539,1.145044992e10,1.2952010752e10,11.593264248704664,65101.02035410462,682736.498027878,false,0.199399;0.198327;0.198908;0.198997,,NVIDIA H100 80GB HBM3,1.12.6
workspace_tuning__20260803T194905.205Z__pid9032,20260803T194905.205Z,workspace_tuning,compressed,compressed_dense__N4096__q8__skewed__r16-32__fp16__q8__w8,dense__N4096__fp16,compressed_dense,4096,8,512,8,skewed,b32_b16,16,32,21.328125,,24.125,,17,,3,,q8,fp16,Float16,fp32_accumulate,20260802,random,1,4,1,one_or_more_tile_stripes,8,compressed_tlr,dense,3162112,33554432,36716544,12648448,67108864,0.735595703125,1.119304,1.119304,0.1934245,0.191746,0.20130599999999998,0.198828,1.0407471649144755,1.0369342776381254,1.145044992e10,1.2952010752e10,11.593264248704664,66961.58321205432,682736.498027878,false,0.195423;0.193469;0.191746;0.19338,,NVIDIA H100 80GB HBM3,1.12.6
workspace_tuning__20260803T194905.205Z__pid9032,20260803T194905.205Z,workspace_tuning,compressed,dense_compressed__N4096__q8__skewed__r16-32__fp16__q8__w1,dense__N4096__fp16,dense_compressed,4096,8,512,8,skewed,b32_b16,16,32,,21.328125,,24.125,,17,,3,q8,fp16,Float16,fp32_accumulate,20260802,random,1,4,1,one_or_more_tile_stripes,1,dense,compressed_tlr,33554432,3162112,36716544,1581056,67108864,0.5706787109375,11.340637,11.340637,0.207135,0.206149,0.20130599999999998,0.198828,0.9718589325802012,0.9644868517431566,1.145044992e10,1.2952010752e10,11.593264248704664,62529.32025973399,682736.498027878,false,0.20706;0.20721;0.206149;0.207331,,NVIDIA H100 80GB HBM3,1.12.6
workspace_tuning__20260803T194905.205Z__pid9032,20260803T194905.205Z,workspace_tuning,compressed,dense_compressed__N4096__q8__skewed__r16-32__fp16__q8__w2,dense__N4096__fp16,dense_compressed,4096,8,512,8,skewed,b32_b16,16,32,,21.328125,,24.125,,17,,3,q8,fp16,Float16,fp32_accumulate,20260802,random,1,4,1,one_or_more_tile_stripes,2,dense,compressed_tlr,33554432,3162112,36716544,3162112,67108864,0.59423828125,4.235933,4.235933,0.166544,0.165117,0.20130599999999998,0.198828,1.2087256220578344,1.2041643198459273,1.145044992e10,1.2952010752e10,11.593264248704664,77769.30271880103,682736.498027878,false,0.1672;0.165888;0.167531;0.165117,,NVIDIA H100 80GB HBM3,1.12.6
workspace_tuning__20260803T194905.205Z__pid9032,20260803T194905.205Z,workspace_tuning,compressed,dense_compressed__N4096__q8__skewed__r16-32__fp16__q8__w4,dense__N4096__fp16,dense_compressed,4096,8,512,8,skewed,b32_b16,16,32,,21.328125,,24.125,,17,,3,q8,fp16,Float16,fp32_accumulate,20260802,random,1,4,1,one_or_more_tile_stripes,4,dense,compressed_tlr,33554432,3162112,36716544,6324224,67108864,0.641357421875,2.156775,2.156775,0.14342,0.141842,0.20130599999999998,0.198828,1.4036117696276669,1.4017568844206936,1.145044992e10,1.2952010752e10,11.593264248704664,90308.2607167759,682736.498027878,false,0.144697;0.146218;0.142143;0.141842,,NVIDIA H100 80GB HBM3,1.12.6
workspace_tuning__20260803T194905.205Z__pid9032,20260803T194905.205Z,workspace_tuning,compressed,dense_compressed__N4096__q8__skewed__r16-32__fp16__q8__w8,dense__N4096__fp16,dense_compressed,4096,8,512,8,skewed,b32_b16,16,32,,21.328125,,24.125,,17,,3,q8,fp16,Float16,fp32_accumulate,20260802,random,1,4,1,one_or_more_tile_stripes,8,dense,compressed_tlr,33554432,3162112,36716544,12648448,67108864,0.735595703125,1.080976,1.080976,0.134776,0.13381,0.20130599999999998,0.198828,1.493633881403217,1.4858979149540392,1.145044992e10,1.2952010752e10,11.593264248704664,96100.27565738707,682736.498027878,false,0.136634;0.135272;0.13381;0.13428,,NVIDIA H100 80GB HBM3,1.12.6
workspace_tuning__20260803T194905.205Z__pid9032,20260803T194905.205Z,workspace_tuning,compressed,compressed_compressed__N4096__q8__skewed__r16-32__fp16__q8__w1,dense__N4096__fp16,compressed_compressed,4096,8,512,8,skewed,b32_b16,16,32,21.328125,21.421875,24.125,24.25,17,16,3,3,q8,fp16,Float16,fp32_accumulate,20260802,random,1,4,1,tlr_tlr_runs,1,compressed_tlr,compressed_tlr,3162112,3178496,6340608,13246464,67108864,0.2918701171875,6.503034,6.503034,0.12669950000000002,0.125147,0.20130599999999998,0.198828,1.5888460491162155,1.588755623386897,6.204796928e9,7.08837376e9,12.465155787721894,55946.34359251615,682736.498027878,false,0.1269;0.126499;0.126999;0.125147,,NVIDIA H100 80GB HBM3,1.12.6
workspace_tuning__20260803T194905.205Z__pid9032,20260803T194905.205Z,workspace_tuning,compressed,compressed_compressed__N4096__q8__skewed__r16-32__fp16__q8__w2,dense__N4096__fp16,compressed_compressed,4096,8,512,8,skewed,b32_b16,16,32,21.328125,21.421875,24.125,24.25,17,16,3,3,q8,fp16,Float16,fp32_accumulate,20260802,random,1,4,1,tlr_tlr_runs,2,compressed_tlr,compressed_tlr,3162112,3178496,6340608,6670336,67108864,0.193878173828125,7.251413,7.251413,0.134441,0.133379,0.20130599999999998,0.198828,1.497355717377883,1.4906994354433607,6.06009344e9,6.954156032e9,12.856521882539203,51726.452733913015,682736.498027878,false,0.135032;0.133379;0.135803;0.13385,,NVIDIA H100 80GB HBM3,1.12.6
workspace_tuning__20260803T194905.205Z__pid9032,20260803T194905.205Z,workspace_tuning,compressed,compressed_compressed__N4096__q8__skewed__r16-32__fp16__q8__w4,dense__N4096__fp16,compressed_compressed,4096,8,512,8,skewed,b32_b16,16,32,21.328125,21.421875,24.125,24.25,17,16,3,3,q8,fp16,Float16,fp32_accumulate,20260802,random,1,4,1,tlr_tlr_runs,4,compressed_tlr,compressed_tlr,3162112,3178496,6340608,3351808,67108864,0.14442825317382812,8.156025,8.156025,0.181622,0.18017,0.20130599999999998,0.198828,1.1083789408772065,1.1035577510129322,5.956284416e9,6.83671552e9,12.877983608128835,37642.551673255446,682736.498027878,false,0.183144;0.182403;0.180841;0.18017,,NVIDIA H100 80GB HBM3,1.12.6
workspace_tuning__20260803T194905.205Z__pid9032,20260803T194905.205Z,workspace_tuning,compressed,compressed_compressed__N4096__q8__skewed__r16-32__fp16__q8__w8,dense__N4096__fp16,compressed_compressed,4096,8,512,8,skewed,b32_b16,16,32,21.328125,21.421875,24.125,24.25,17,16,3,3,q8,fp16,Float16,fp32_accumulate,20260802,random,1,4,1,tlr_tlr_runs,8,compressed_tlr,compressed_tlr,3162112,3178496,6340608,1676032,67108864,0.11945724487304688,10.409045,10.409045,0.2614105,0.26077,0.20130599999999998,0.198828,0.7700761828618208,0.7624650074778541,5.956284416e9,6.83671552e9,12.877983608128835,26153.17869787174,682736.498027878,false,0.261521;0.2613;0.26077;0.261681,,NVIDIA H100 80GB HBM3,1.12.6
workspace_tuning__20260803T194905.205Z__pid9032,20260803T194905.205Z,workspace_tuning,compressed,compressed_compressed__N4096__q8__skewed__r16-32__fp16__q8__w16,dense__N4096__fp16,compressed_compressed,4096,8,512,8,skewed,b32_b16,16,32,21.328125,21.421875,24.125,24.25,17,16,3,3,q8,fp16,Float16,fp32_accumulate,20260802,random,1,4,1,tlr_tlr_runs,16,compressed_tlr,compressed_tlr,3162112,3178496,6340608,890240,67108864,0.10774803161621094,16.820151,16.820151,0.452867,0.450364,0.20130599999999998,0.198828,0.444514614666116,0.44148288939613295,5.924827136e9,6.769606656e9,12.479004511307311,14948.332857108158,682736.498027878,false,0.457183;0.454069;0.450364;0.451665,,NVIDIA H100 80GB HBM3,1.12.6
workspace_tuning__20260803T194905.205Z__pid9032,20260803T194905.205Z,workspace_tuning,compressed,compressed_compressed__N4096__q8__skewed__r16-32__fp16__q8__w32,dense__N4096__fp16,compressed_compressed,4096,8,512,8,skewed,b32_b16,16,32,21.328125,21.421875,24.125,24.25,17,16,3,3,q8,fp16,Float16,fp32_accumulate,20260802,random,1,4,1,tlr_tlr_runs,32,compressed_tlr,compressed_tlr,3162112,3178496,6340608,466432,67108864,0.10143280029296875,24.785141,24.785141,0.8174025,0.816371,0.20130599999999998,0.198828,0.24627524383642083,0.24355103255750146,5.917487104e9,6.769606656e9,12.587430781443619,8281.852154844155,682736.498027878,false,0.818304;0.816371;0.818334;0.816501,,NVIDIA H100 80GB HBM3,1.12.6
workspace_tuning__20260803T194905.205Z__pid9032,20260803T194905.205Z,workspace_tuning,compressed,compressed_compressed__N4096__q8__skewed__r16-32__fp16__q8__w64,dense__N4096__fp16,compressed_compressed,4096,8,512,8,skewed,b32_b16,16,32,21.328125,21.421875,24.125,24.25,17,16,3,3,q8,fp16,Float16,fp32_accumulate,20260802,random,1,4,1,tlr_tlr_runs,64,compressed_tlr,compressed_tlr,3162112,3178496,6340608,233216,67108864,0.09795761108398438,150.558075,150.558075,1.5815899999999998,1.57879,0.20130599999999998,0.198828,0.12728077441056151,0.1259369517161877,5.888651264e9,6.748635136e9,12.743078484307024,4266.9940604075655,682736.498027878,false,1.582056;1.57879;1.581124;1.584819,,NVIDIA H100 80GB HBM3,1.12.6
workspace_tuning__20260803T194905.205Z__pid9032,20260803T194905.205Z,workspace_tuning,baseline,dense__N4096__fp32,dense__N4096__fp32,dense_dense,4096,,,,,,,,,,,,,,,,,fp32,Float32,fp32,20260802,random,1,4,0,none,0,dense,dense,67108864,67108864,134217728,0,134217728,1.0,,,2.8340525000000003,2.81555,2.8340525000000003,2.81555,1.0,1.0,1.37438953472e11,1.37438953472e11,0.0,48495.556617952556,48495.556617952556,false,2.827798;2.81555;2.849591;2.840307,2.827798;2.81555;2.849591;2.840307,NVIDIA H100 80GB HBM3,1.12.6
workspace_tuning__20260803T194905.205Z__pid9032,20260803T194905.205Z,workspace_tuning,compressed,compressed_dense__N4096__q16__skewed__r8-16__fp32__q8__w1,dense__N4096__fp32,compressed_dense,4096,16,256,16,skewed,b32_b16,8,16,10.453125,,12.71875,,9,,2,,q8,fp32,Float32,fp32,20260802,random,1,4,1,one_or_more_tile_stripes,1,compressed_tlr,dense,6668288,67108864,73777152,3334144,134217728,0.57452392578125,56.769316,56.769316,2.4464129999999997,2.431356,2.8340525000000003,2.81555,1.158452191024165,1.1580163497241869,1.1223957504e10,1.3656653824e10,17.813267813267814,5582.317386312124,48495.556617952556,false,2.450815;2.446568;2.446258;2.431356,,NVIDIA H100 80GB HBM3,1.12.6
workspace_tuning__20260803T194905.205Z__pid9032,20260803T194905.205Z,workspace_tuning,compressed,compressed_dense__N4096__q16__skewed__r8-16__fp32__q8__w2,dense__N4096__fp32,compressed_dense,4096,16,256,16,skewed,b32_b16,8,16,10.453125,,12.71875,,9,,2,,q8,fp32,Float32,fp32,20260802,random,1,4,1,one_or_more_tile_stripes,2,compressed_tlr,dense,6668288,67108864,73777152,6668288,134217728,0.599365234375,27.89501,27.89501,2.2979165,2.286019,2.8340525000000003,2.81555,1.2333139607118015,1.2316389321348598,1.1223957504e10,1.3656653824e10,17.813267813267814,5943.059212116716,48495.556617952556,false,2.292048;2.286019;2.303785;2.30764,,NVIDIA H100 80GB HBM3,1.12.6
workspace_tuning__20260803T194905.205Z__pid9032,20260803T194905.205Z,workspace_tuning,compressed,compressed_dense__N4096__q16__skewed__r8-16__fp32__q8__w4,dense__N4096__fp32,compressed_dense,4096,16,256,16,skewed,b32_b16,8,16,10.453125,,12.71875,,9,,2,,q8,fp32,Float32,fp32,20260802,random,1,4,1,one_or_more_tile_stripes,4,compressed_tlr,dense,6668288,67108864,73777152,13336576,134217728,0.6490478515625,13.778392,13.778392,2.0341665000000004,2.026059,2.8340525000000003,2.81555,1.393225431644853,1.3896683166679746,1.1223957504e10,1.3656653824e10,17.813267813267814,6713.636186615007,48495.556617952556,false,2.043125;2.026059;2.030686;2.037647,,NVIDIA H100 80GB HBM3,1.12.6
workspace_tuning__20260803T194905.205Z__pid9032,20260803T194905.205Z,workspace_tuning,compressed,compressed_dense__N4096__q16__skewed__r8-16__fp32__q8__w8,dense__N4096__fp32,compressed_dense,4096,16,256,16,skewed,b32_b16,8,16,10.453125,,12.71875,,9,,2,,q8,fp32,Float32,fp32,20260802,random,1,4,1,one_or_more_tile_stripes,8,compressed_tlr,dense,6668288,67108864,73777152,26673152,134217728,0.7484130859375,6.871185,6.871185,1.9893245,1.982284,2.8340525000000003,2.81555,1.4246305718348116,1.4203565180367697,1.1223957504e10,1.3656653824e10,17.813267813267814,6864.970407794203,48495.556617952556,false,1.982284;1.993101;1.993941;1.985548,,NVIDIA H100 80GB HBM3,1.12.6
workspace_tuning__20260803T194905.205Z__pid9032,20260803T194905.205Z,workspace_tuning,compressed,compressed_dense__N4096__q16__skewed__r8-16__fp32__q8__w16,dense__N4096__fp32,compressed_dense,4096,16,256,16,skewed,b32_b16,8,16,10.453125,,12.71875,,9,,2,,q8,fp32,Float32,fp32,20260802,random,1,4,1,one_or_more_tile_stripes,16,compressed_tlr,dense,6668288,67108864,73777152,53346304,134217728,0.9471435546875,4.042214,4.042214,1.9476624999999999,1.936636,2.8340525000000003,2.81555,1.4551045163112195,1.4538354135728138,1.1223957504e10,1.3656653824e10,17.813267813267814,7011.81740881698,48495.556617952556,false,1.946561;1.951679;1.948764;1.936636,,NVIDIA H100 80GB HBM3,1.12.6
workspace_tuning__20260803T194905.205Z__pid9032,20260803T194905.205Z,workspace_tuning,compressed,dense_compressed__N4096__q16__skewed__r8-16__fp32__q8__w1,dense__N4096__fp32,dense_compressed,4096,16,256,16,skewed,b32_b16,8,16,,10.453125,,12.71875,,9,,2,q8,fp32,Float32,fp32,20260802,random,1,4,1,one_or_more_tile_stripes,1,dense,compressed_tlr,67108864,6668288,73777152,3334144,134217728,0.57452392578125,52.692129,52.692129,2.1273809999999997,2.123866,2.8340525000000003,2.81555,1.3321790972091978,1.3256721469245234,1.1223957504e10,1.3656653824e10,17.813267813267814,6419.46779819882,48495.556617952556,false,2.1536;2.127301;2.123866;2.127461,,NVIDIA H100 80GB HBM3,1.12.6
workspace_tuning__20260803T194905.205Z__pid9032,20260803T194905.205Z,workspace_tuning,compressed,dense_compressed__N4096__q16__skewed__r8-16__fp32__q8__w2,dense__N4096__fp32,dense_compressed,4096,16,256,16,skewed,b32_b16,8,16,,10.453125,,12.71875,,9,,2,q8,fp32,Float32,fp32,20260802,random,1,4,1,one_or_more_tile_stripes,2,dense,compressed_tlr,67108864,6668288,73777152,6668288,134217728,0.599365234375,26.794575,26.794575,2.0130144999999997,2.003276,2.8340525000000003,2.81555,1.4078649209928695,1.4054728354954584,1.1223957504e10,1.3656653824e10,17.813267813267814,6784.180553095867,48495.556617952556,false,2.018538;2.003276;2.051116;2.007491,,NVIDIA H100 80GB HBM3,1.12.6
workspace_tuning__20260803T194905.205Z__pid9032,20260803T194905.205Z,workspace_tuning,compressed,dense_compressed__N4096__q16__skewed__r8-16__fp32__q8__w4,dense__N4096__fp32,dense_compressed,4096,16,256,16,skewed,b32_b16,8,16,,10.453125,,12.71875,,9,,2,q8,fp32,Float32,fp32,20260802,random,1,4,1,one_or_more_tile_stripes,4,dense,compressed_tlr,67108864,6668288,73777152,13336576,134217728,0.6490478515625,13.263943,13.263943,1.787117,1.784138,2.8340525000000003,2.81555,1.5858237037642193,1.5781010213335516,1.1223957504e10,1.3656653824e10,17.813267813267814,7641.723414863157,48495.556617952556,false,1.784138;1.790017;1.789155;1.785079,,NVIDIA H100 80GB HBM3,1.12.6
workspace_tuning__20260803T194905.205Z__pid9032,20260803T194905.205Z,workspace_tuning,compressed,dense_compressed__N4096__q16__skewed__r8-16__fp32__q8__w8,dense__N4096__fp32,dense_compressed,4096,16,256,16,skewed,b32_b16,8,16,,10.453125,,12.71875,,9,,2,q8,fp32,Float32,fp32,20260802,random,1,4,1,one_or_more_tile_stripes,8,dense,compressed_tlr,67108864,6668288,73777152,26673152,134217728,0.7484130859375,6.666678,6.666678,1.7390655000000002,1.722275,2.8340525000000003,2.81555,1.6296410342221153,1.6347853856091508,1.1223957504e10,1.3656653824e10,17.813267813267814,7852.869155302085,48495.556617952556,false,1.741283;1.737008;1.741123;1.722275,,NVIDIA H100 80GB HBM3,1.12.6
workspace_tuning__20260803T194905.205Z__pid9032,20260803T194905.205Z,workspace_tuning,compressed,dense_compressed__N4096__q16__skewed__r8-16__fp32__q8__w16,dense__N4096__fp32,dense_compressed,4096,16,256,16,skewed,b32_b16,8,16,,10.453125,,12.71875,,9,,2,q8,fp32,Float32,fp32,20260802,random,1,4,1,one_or_more_tile_stripes,16,dense,compressed_tlr,67108864,6668288,73777152,53346304,134217728,0.9471435546875,3.391281,3.391281,1.6881095,1.678159,2.8340525000000003,2.81555,1.6788321492178087,1.6777611656583196,1.1223957504e10,1.3656653824e10,17.813267813267814,8089.909940083863,48495.556617952556,false,1.690078;1.690117;1.678159;1.686141,,NVIDIA H100 80GB HBM3,1.12.6
workspace_tuning__20260803T194905.205Z__pid9032,20260803T194905.205Z,workspace_tuning,compressed,compressed_compressed__N4096__q16__skewed__r8-16__fp32__q8__w1,dense__N4096__fp32,compressed_compressed,4096,16,256,16,skewed,b32_b16,8,16,10.453125,10.4609375,12.71875,13.03125,9,9,2,2,q8,fp32,Float32,fp32,20260802,random,1,4,1,tlr_tlr_runs,1,compressed_tlr,compressed_tlr,6668288,6832128,13500416,56060416,134217728,0.5182685852050781,44.435533,44.435533,0.487524,0.478154,2.8340525000000003,2.81555,5.813154839556617,5.888374875040259,6.070597632e9,7.523139584e9,19.307656541282647,15431.321502120922,48495.556617952556,false,0.495641;0.478154;0.499927;0.479407,,NVIDIA H100 80GB HBM3,1.12.6
workspace_tuning__20260803T194905.205Z__pid9032,20260803T194905.205Z,workspace_tuning,compressed,compressed_compressed__N4096__q16__skewed__r8-16__fp32__q8__w2,dense__N4096__fp32,compressed_compressed,4096,16,256,16,skewed,b32_b16,8,16,10.453125,10.4609375,12.71875,13.03125,9,9,2,2,q8,fp32,Float32,fp32,20260802,random,1,4,1,tlr_tlr_runs,2,compressed_tlr,compressed_tlr,6668288,6832128,13500416,28239872,134217728,0.3109893798828125,112.329653,112.329653,0.5730465,0.564193,2.8340525000000003,2.81555,4.9455890577815245,4.990402220516739,6.070597632e9,7.523139584e9,19.307656541282647,13128.323066278217,48495.556617952556,false,0.564193;0.570523;0.607869;0.57557,,NVIDIA H100 80GB HBM3,1.12.6
workspace_tuning__20260803T194905.205Z__pid9032,20260803T194905.205Z,workspace_tuning,compressed,compressed_compressed__N4096__q16__skewed__r8-16__fp32__q8__w4,dense__N4096__fp32,compressed_compressed,4096,16,256,16,skewed,b32_b16,8,16,10.453125,10.4609375,12.71875,13.03125,9,9,2,2,q8,fp32,Float32,fp32,20260802,random,1,4,1,tlr_tlr_runs,4,compressed_tlr,compressed_tlr,6668288,6832128,13500416,14364416,134217728,0.2076091766357422,47.088671,47.088671,0.7002375000000001,0.697974,2.8340525000000003,2.81555,4.0472732465770545,4.033889514509137,6.004537344e9,7.510556672e9,20.05203334147746,10725.727588139736,48495.556617952556,false,0.711814;0.697974;0.70193;0.698545,,NVIDIA H100 80GB HBM3,1.12.6
workspace_tuning__20260803T194905.205Z__pid9032,20260803T194905.205Z,workspace_tuning,compressed,compressed_compressed__N4096__q16__skewed__r8-16__fp32__q8__w8,dense__N4096__fp32,compressed_compressed,4096,16,256,16,skewed,b32_b16,8,16,10.453125,10.4609375,12.71875,13.03125,9,9,2,2,q8,fp32,Float32,fp32,20260802,random,1,4,1,tlr_tlr_runs,8,compressed_tlr,compressed_tlr,6668288,6832128,13500416,7194112,134217728,0.15418624877929688,52.454834,52.454834,1.0152835,1.002979,2.8340525000000003,2.81555,2.7913902865554303,2.8071873887688574,5.9977216e9,7.462322176e9,19.626606054485098,7349.988624852073,48495.556617952556,false,1.021707;1.015128;1.002979;1.015439,,NVIDIA H100 80GB HBM3,1.12.6
workspace_tuning__20260803T194905.205Z__pid9032,20260803T194905.205Z,workspace_tuning,compressed,compressed_compressed__N4096__q16__skewed__r8-16__fp32__q8__w16,dense__N4096__fp32,compressed_compressed,4096,16,256,16,skewed,b32_b16,8,16,10.453125,10.4609375,12.71875,13.03125,9,9,2,2,q8,fp32,Float32,fp32,20260802,random,1,4,1,tlr_tlr_runs,16,compressed_tlr,compressed_tlr,6668288,6832128,13500416,3622400,134217728,0.12757492065429688,57.498926,57.498926,1.44793,1.438811,2.8340525000000003,2.81555,1.9573131988424857,1.9568588230142805,5.934020608e9,7.310278656e9,18.826341823104368,5048.779054236047,48495.556617952556,false,1.473413;1.441485;1.454375;1.438811,,NVIDIA H100 80GB HBM3,1.12.6
workspace_tuning__20260803T194905.205Z__pid9032,20260803T194905.205Z,workspace_tuning,compressed,compressed_compressed__N4096__q16__skewed__r8-16__fp32__q8__w32,dense__N4096__fp32,compressed_compressed,4096,16,256,16,skewed,b32_b16,8,16,10.453125,10.4609375,12.71875,13.03125,9,9,2,2,q8,fp32,Float32,fp32,20260802,random,1,4,1,tlr_tlr_runs,32,compressed_tlr,compressed_tlr,6668288,6832128,13500416,1832960,134217728,0.1142425537109375,67.009728,67.009728,2.5816055,2.571615,2.8340525000000003,2.81555,1.0977868229673358,1.0948567339978963,5.934020608e9,7.310278656e9,18.826341823104368,2831.679222871194,48495.556617952556,false,2.571615;2.581791;2.590593;2.58142,,NVIDIA H100 80GB HBM3,1.12.6
workspace_tuning__20260803T194905.205Z__pid9032,20260803T194905.205Z,workspace_tuning,compressed,compressed_compressed__N4096__q16__skewed__r8-16__fp32__q8__w64,dense__N4096__fp32,compressed_compressed,4096,16,256,16,skewed,b32_b16,8,16,10.453125,10.4609375,12.71875,13.03125,9,9,2,2,q8,fp32,Float32,fp32,20260802,random,1,4,1,tlr_tlr_runs,64,compressed_tlr,compressed_tlr,6668288,6832128,13500416,938240,134217728,0.10757637023925781,89.779665,89.779665,4.978454,4.971184,2.8340525000000003,2.81555,0.5692635705783362,0.5663741273708638,5.918554112e9,7.301890048e9,18.94490230483405,1466.6983059399565,48495.556617952556,false,4.971184;4.976902;4.994097;4.980006,,NVIDIA H100 80GB HBM3,1.12.6
workspace_tuning__20260803T194905.205Z__pid9032,20260803T194905.205Z,workspace_tuning,compressed,compressed_dense__N4096__q8__skewed__r16-32__fp32__q8__w1,dense__N4096__fp32,compressed_dense,4096,8,512,8,skewed,b32_b16,16,32,21.328125,,24.125,,17,,3,,q8,fp32,Float32,fp32,20260802,random,1,4,1,one_or_more_tile_stripes,1,compressed_tlr,dense,6324224,67108864,73433088,3162112,134217728,0.5706787109375,8.380321,8.380321,1.320404,1.309568,2.8340525000000003,2.81555,2.1463525557329426,2.1499838114553804,1.145044992e10,1.2952010752e10,11.593264248704664,9809.12717016913,48495.556617952556,false,1.324069;1.332572;1.316739;1.309568,,NVIDIA H100 80GB HBM3,1.12.6
workspace_tuning__20260803T194905.205Z__pid9032,20260803T194905.205Z,workspace_tuning,compressed,compressed_dense__N4096__q8__skewed__r16-32__fp32__q8__w2,dense__N4096__fp32,compressed_dense,4096,8,512,8,skewed,b32_b16,16,32,21.328125,,24.125,,17,,3,,q8,fp32,Float32,fp32,20260802,random,1,4,1,one_or_more_tile_stripes,2,compressed_tlr,dense,6324224,67108864,73433088,6324224,134217728,0.59423828125,4.197086,4.197086,1.1031,1.092163,2.8340525000000003,2.81555,2.569170972713263,2.5779576858033098,1.145044992e10,1.2952010752e10,11.593264248704664,11741.465644093918,48495.556617952556,false,1.106565;1.092163;1.106665;1.099635,,NVIDIA H100 80GB HBM3,1.12.6
workspace_tuning__20260803T194905.205Z__pid9032,20260803T194905.205Z,workspace_tuning,compressed,compressed_dense__N4096__q8__skewed__r16-32__fp32__q8__w4,dense__N4096__fp32,compressed_dense,4096,8,512,8,skewed,b32_b16,16,32,21.328125,,24.125,,17,,3,,q8,fp32,Float32,fp32,20260802,random,1,4,1,one_or_more_tile_stripes,4,compressed_tlr,dense,6324224,67108864,73433088,12648448,134217728,0.641357421875,2.056715,2.056715,1.0602555,1.052864,2.8340525000000003,2.81555,2.6729901424703764,2.674182040605434,1.145044992e10,1.2952010752e10,11.593264248704664,12215.933566956266,48495.556617952556,false,1.052864;1.06315;1.057361;1.13039,,NVIDIA H100 80GB HBM3,1.12.6
workspace_tuning__20260803T194905.205Z__pid9032,20260803T194905.205Z,workspace_tuning,compressed,compressed_dense__N4096__q8__skewed__r16-32__fp32__q8__w8,dense__N4096__fp32,compressed_dense,4096,8,512,8,skewed,b32_b16,16,32,21.328125,,24.125,,17,,3,,q8,fp32,Float32,fp32,20260802,random,1,4,1,one_or_more_tile_stripes,8,compressed_tlr,dense,6324224,67108864,73433088,25296896,134217728,0.735595703125,1.102519,1.102519,1.0294694999999998,1.027337,2.8340525000000003,2.81555,2.7529251716539447,2.7406294137172127,1.145044992e10,1.2952010752e10,11.593264248704664,12581.247673680477,48495.556617952556,false,1.035619;1.030641;1.028298;1.027337,,NVIDIA H100 80GB HBM3,1.12.6
workspace_tuning__20260803T194905.205Z__pid9032,20260803T194905.205Z,workspace_tuning,compressed,dense_compressed__N4096__q8__skewed__r16-32__fp32__q8__w1,dense__N4096__fp32,dense_compressed,4096,8,512,8,skewed,b32_b16,16,32,,21.328125,,24.125,,17,,3,q8,fp32,Float32,fp32,20260802,random,1,4,1,one_or_more_tile_stripes,1,dense,compressed_tlr,67108864,6324224,73433088,3162112,134217728,0.5706787109375,8.444457,8.444457,1.1953325,1.189068,2.8340525000000003,2.81555,2.3709323556416315,2.367862897664389,1.145044992e10,1.2952010752e10,11.593264248704664,10835.487826190621,48495.556617952556,false,1.201407;1.189068;1.208557;1.189258,,NVIDIA H100 80GB HBM3,1.12.6
workspace_tuning__20260803T194905.205Z__pid9032,20260803T194905.205Z,workspace_tuning,compressed,dense_compressed__N4096__q8__skewed__r16-32__fp32__q8__w2,dense__N4096__fp32,dense_compressed,4096,8,512,8,skewed,b32_b16,16,32,,21.328125,,24.125,,17,,3,q8,fp32,Float32,fp32,20260802,random,1,4,1,one_or_more_tile_stripes,2,dense,compressed_tlr,67108864,6324224,73433088,6324224,134217728,0.59423828125,4.135814,4.135814,1.024682,1.014256,2.8340525000000003,2.81555,2.7657873369494146,2.7759756905554416,1.145044992e10,1.2952010752e10,11.593264248704664,12640.029542824017,48495.556617952556,false,1.014256;1.025543;1.025694;1.023821,,NVIDIA H100 80GB HBM3,1.12.6
workspace_tuning__20260803T194905.205Z__pid9032,20260803T194905.205Z,workspace_tuning,compressed,dense_compressed__N4096__q8__skewed__r16-32__fp32__q8__w4,dense__N4096__fp32,dense_compressed,4096,8,512,8,skewed,b32_b16,16,32,,21.328125,,24.125,,17,,3,q8,fp32,Float32,fp32,20260802,random,1,4,1,one_or_more_tile_stripes,4,dense,compressed_tlr,67108864,6324224,73433088,12648448,134217728,0.641357421875,2.282853,2.282853,0.9608265,0.944382,2.8340525000000003,2.81555,2.9495986007879678,2.981367709253247,1.145044992e10,1.2952010752e10,11.593264248704664,13480.07236686332,48495.556617952556,false,0.96324;0.959785;0.961868;0.944382,,NVIDIA H100 80GB HBM3,1.12.6
workspace_tuning__20260803T194905.205Z__pid9032,20260803T194905.205Z,workspace_tuning,compressed,dense_compressed__N4096__q8__skewed__r16-32__fp32__q8__w8,dense__N4096__fp32,dense_compressed,4096,8,512,8,skewed,b32_b16,16,32,,21.328125,,24.125,,17,,3,q8,fp32,Float32,fp32,20260802,random,1,4,1,one_or_more_tile_stripes,8,dense,compressed_tlr,67108864,6324224,73433088,25296896,134217728,0.735595703125,1.057591,1.057591,0.9279625,0.919585,2.8340525000000003,2.81555,3.054059296577179,3.061761555484267,1.145044992e10,1.2952010752e10,11.593264248704664,13957.472152161321,48495.556617952556,false,0.926956;0.9293;0.928969;0.919585,,NVIDIA H100 80GB HBM3,1.12.6
workspace_tuning__20260803T194905.205Z__pid9032,20260803T194905.205Z,workspace_tuning,compressed,compressed_compressed__N4096__q8__skewed__r16-32__fp32__q8__w1,dense__N4096__fp32,compressed_compressed,4096,8,512,8,skewed,b32_b16,16,32,21.328125,21.421875,24.125,24.25,17,16,3,3,q8,fp32,Float32,fp32,20260802,random,1,4,1,tlr_tlr_runs,1,compressed_tlr,compressed_tlr,6324224,6356992,12681216,26492928,134217728,0.2918701171875,6.424817,6.424817,0.490338,0.426728,2.8340525000000003,2.81555,5.7797937341180985,6.5979968504527475,6.204796928e9,7.08837376e9,12.465155787721894,14456.097141155693,48495.556617952556,false,0.493287;0.489782;0.426728;0.490894,,NVIDIA H100 80GB HBM3,1.12.6
workspace_tuning__20260803T194905.205Z__pid9032,20260803T194905.205Z,workspace_tuning,compressed,compressed_compressed__N4096__q8__skewed__r16-32__fp32__q8__w2,dense__N4096__fp32,compressed_compressed,4096,8,512,8,skewed,b32_b16,16,32,21.328125,21.421875,24.125,24.25,17,16,3,3,q8,fp32,Float32,fp32,20260802,random,1,4,1,tlr_tlr_runs,2,compressed_tlr,compressed_tlr,6324224,6356992,12681216,13340672,134217728,0.193878173828125,7.223721,7.223721,0.490584,0.467559,2.8340525000000003,2.81555,5.776895495980302,6.021806873571036,6.06009344e9,6.954156032e9,12.856521882539203,14175.260571074474,48495.556617952556,false,0.502702;0.467559;0.512266;0.478466,,NVIDIA H100 80GB HBM3,1.12.6
workspace_tuning__20260803T194905.205Z__pid9032,20260803T194905.205Z,workspace_tuning,compressed,compressed_compressed__N4096__q8__skewed__r16-32__fp32__q8__w4,dense__N4096__fp32,compressed_compressed,4096,8,512,8,skewed,b32_b16,16,32,21.328125,21.421875,24.125,24.25,17,16,3,3,q8,fp32,Float32,fp32,20260802,random,1,4,1,tlr_tlr_runs,4,compressed_tlr,compressed_tlr,6324224,6356992,12681216,6703616,134217728,0.14442825317382812,8.117518,8.117518,0.652761,0.649251,2.8340525000000003,2.81555,4.341638823397844,4.336612496553721,5.956284416e9,6.83671552e9,12.877983608128835,10473.535520657637,48495.556617952556,false,0.650653;0.658385;0.654869;0.649251,,NVIDIA H100 80GB HBM3,1.12.6
workspace_tuning__20260803T194905.205Z__pid9032,20260803T194905.205Z,workspace_tuning,compressed,compressed_compressed__N4096__q8__skewed__r16-32__fp32__q8__w8,dense__N4096__fp32,compressed_compressed,4096,8,512,8,skewed,b32_b16,16,32,21.328125,21.421875,24.125,24.25,17,16,3,3,q8,fp32,Float32,fp32,20260802,random,1,4,1,tlr_tlr_runs,8,compressed_tlr,compressed_tlr,6324224,6356992,12681216,3352064,134217728,0.11945724487304688,10.341103,10.341103,1.0460645,1.035127,2.8340525000000003,2.81555,2.709252154145371,2.7200044052565535,5.956284416e9,6.83671552e9,12.877983608128835,6535.653891323145,48495.556617952556,false,1.051252;1.041828;1.050301;1.035127,,NVIDIA H100 80GB HBM3,1.12.6
workspace_tuning__20260803T194905.205Z__pid9032,20260803T194905.205Z,workspace_tuning,compressed,compressed_compressed__N4096__q8__skewed__r16-32__fp32__q8__w16,dense__N4096__fp32,compressed_compressed,4096,8,512,8,skewed,b32_b16,16,32,21.328125,21.421875,24.125,24.25,17,16,3,3,q8,fp32,Float32,fp32,20260802,random,1,4,1,tlr_tlr_runs,16,compressed_tlr,compressed_tlr,6324224,6356992,12681216,1780480,134217728,0.10774803161621094,17.133059,17.133059,1.7179039999999999,1.710878,2.8340525000000003,2.81555,1.649715292589109,1.6456754952720183,5.924827136e9,6.769606656e9,12.479004511307311,3940.6198809712305,48495.556617952556,false,1.723167;1.724359;1.712641;1.710878,,NVIDIA H100 80GB HBM3,1.12.6
workspace_tuning__20260803T194905.205Z__pid9032,20260803T194905.205Z,workspace_tuning,compressed,compressed_compressed__N4096__q8__skewed__r16-32__fp32__q8__w32,dense__N4096__fp32,compressed_compressed,4096,8,512,8,skewed,b32_b16,16,32,21.328125,21.421875,24.125,24.25,17,16,3,3,q8,fp32,Float32,fp32,20260802,random,1,4,1,tlr_tlr_runs,32,compressed_tlr,compressed_tlr,6324224,6356992,12681216,932864,134217728,0.10143280029296875,37.03027,37.03027,3.240045,3.226074,2.8340525000000003,2.81555,0.8746954131809899,0.8727481142714023,5.917487104e9,6.769606656e9,12.587430781443619,2089.3557515404877,48495.556617952556,false,3.244922;3.226074;3.243861;3.236229,,NVIDIA H100 80GB HBM3,1.12.6
workspace_tuning__20260803T194905.205Z__pid9032,20260803T194905.205Z,workspace_tuning,compressed,compressed_compressed__N4096__q8__skewed__r16-32__fp32__q8__w64,dense__N4096__fp32,compressed_compressed,4096,8,512,8,skewed,b32_b16,16,32,21.328125,21.421875,24.125,24.25,17,16,3,3,q8,fp32,Float32,fp32,20260802,random,1,4,1,tlr_tlr_runs,64,compressed_tlr,compressed_tlr,6324224,6356992,12681216,466432,134217728,0.09795761108398438,322.123032,322.123032,6.387681499999999,6.37375,2.8340525000000003,2.81555,0.44367467288405044,0.441741517944695,5.888651264e9,6.748635136e9,12.743078484307024,1056.5077698379296,48495.556617952556,false,6.37375;6.382654;6.392709;6.71483,,NVIDIA H100 80GB HBM3,1.12.6
workspace_tuning__20260803T194905.205Z__pid9032,20260803T194905.205Z,workspace_tuning,baseline,dense__N4096__tf32,dense__N4096__tf32,dense_dense,4096,,,,,,,,,,,,,,,,,tf32,Float32,tf32,20260802,random,1,4,0,none,0,dense,dense,67108864,67108864,134217728,0,134217728,1.0,,,0.4743995,0.420589,0.4743995,0.420589,1.0,1.0,1.37438953472e11,1.37438953472e11,0.0,289711.42143277975,289711.42143277975,false,0.471145;0.519326;0.477654;0.420589,0.471145;0.519326;0.477654;0.420589,NVIDIA H100 80GB HBM3,1.12.6
workspace_tuning__20260803T194905.205Z__pid9032,20260803T194905.205Z,workspace_tuning,compressed,compressed_dense__N4096__q16__skewed__r8-16__tf32__q8__w1,dense__N4096__tf32,compressed_dense,4096,16,256,16,skewed,b32_b16,8,16,10.453125,,12.71875,,9,,2,,q8,tf32,Float32,tf32,20260802,random,1,4,1,one_or_more_tile_stripes,1,compressed_tlr,dense,6668288,67108864,73777152,3334144,134217728,0.57452392578125,55.977321,55.977321,0.7681085000000001,0.757764,0.4743995,0.420589,0.6176204273224419,0.5550395637691946,1.1223957504e10,1.3656653824e10,17.813267813267814,17779.589503305844,289711.42143277975,false,0.788269;0.772896;0.757764;0.763321,,NVIDIA H100 80GB HBM3,1.12.6
workspace_tuning__20260803T194905.205Z__pid9032,20260803T194905.205Z,workspace_tuning,compressed,compressed_dense__N4096__q16__skewed__r8-16__tf32__q8__w2,dense__N4096__tf32,compressed_dense,4096,16,256,16,skewed,b32_b16,8,16,10.453125,,12.71875,,9,,2,,q8,tf32,Float32,tf32,20260802,random,1,4,1,one_or_more_tile_stripes,2,compressed_tlr,dense,6668288,67108864,73777152,6668288,134217728,0.599365234375,27.903544,27.903544,0.660683,0.655149,0.4743995,0.420589,0.7180440544103601,0.6419745737229241,1.1223957504e10,1.3656653824e10,17.813267813267814,20670.50888852899,289711.42143277975,false,0.664684;0.660328;0.655149;0.661038,,NVIDIA H100 80GB HBM3,1.12.6
workspace_tuning__20260803T194905.205Z__pid9032,20260803T194905.205Z,workspace_tuning,compressed,compressed_dense__N4096__q16__skewed__r8-16__tf32__q8__w4,dense__N4096__tf32,compressed_dense,4096,16,256,16,skewed,b32_b16,8,16,10.453125,,12.71875,,9,,2,,q8,tf32,Float32,tf32,20260802,random,1,4,1,one_or_more_tile_stripes,4,compressed_tlr,dense,6668288,67108864,73777152,13336576,134217728,0.6490478515625,13.97734,13.97734,0.5640085,0.557514,0.4743995,0.420589,0.8411211887764102,0.7544007863479661,1.1223957504e10,1.3656653824e10,17.813267813267814,24213.560299179888,289711.42143277975,false,0.558505;0.569512;0.570523;0.557514,,NVIDIA H100 80GB HBM3,1.12.6
workspace_tuning__20260803T194905.205Z__pid9032,20260803T194905.205Z,workspace_tuning,compressed,compressed_dense__N4096__q16__skewed__r8-16__tf32__q8__w8,dense__N4096__tf32,compressed_dense,4096,16,256,16,skewed,b32_b16,8,16,10.453125,,12.71875,,9,,2,,q8,tf32,Float32,tf32,20260802,random,1,4,1,one_or_more_tile_stripes,8,compressed_tlr,dense,6668288,67108864,73777152,26673152,134217728,0.7484130859375,6.93491,6.93491,0.5493715,0.54145,0.4743995,0.420589,0.8635313262519078,0.7767827130852341,1.1223957504e10,1.3656653824e10,17.813267813267814,24858.68637888933,289711.42143277975,false,0.559116;0.548861;0.549882;0.54145,,NVIDIA H100 80GB HBM3,1.12.6
workspace_tuning__20260803T194905.205Z__pid9032,20260803T194905.205Z,workspace_tuning,compressed,compressed_dense__N4096__q16__skewed__r8-16__tf32__q8__w16,dense__N4096__tf32,compressed_dense,4096,16,256,16,skewed,b32_b16,8,16,10.453125,,12.71875,,9,,2,,q8,tf32,Float32,tf32,20260802,random,1,4,1,one_or_more_tile_stripes,16,compressed_tlr,dense,6668288,67108864,73777152,53346304,134217728,0.9471435546875,3.513454,3.513454,0.5419255000000001,0.536332,0.4743995,0.420589,0.875396156851818,0.7841952372784021,1.1223957504e10,1.3656653824e10,17.813267813267814,25200.24214398473,289711.42143277975,false,0.547008;0.545606;0.536332;0.538245,,NVIDIA H100 80GB HBM3,1.12.6
workspace_tuning__20260803T194905.205Z__pid9032,20260803T194905.205Z,workspace_tuning,compressed,dense_compressed__N4096__q16__skewed__r8-16__tf32__q8__w1,dense__N4096__tf32,dense_compressed,4096,16,256,16,skewed,b32_b16,8,16,,10.453125,,12.71875,,9,,2,q8,tf32,Float32,tf32,20260802,random,1,4,1,one_or_more_tile_stripes,1,dense,compressed_tlr,67108864,6668288,73777152,3334144,134217728,0.57452392578125,52.898127,52.898127,0.7587345000000001,0.754949,0.4743995,0.420589,0.6252509935952562,0.5571091557178035,1.1223957504e10,1.3656653824e10,17.813267813267814,17999.25247105542,289711.42143277975,false,0.777623;0.755229;0.76224;0.754949,,NVIDIA H100 80GB HBM3,1.12.6
workspace_tuning__20260803T194905.205Z__pid9032,20260803T194905.205Z,workspace_tuning,compressed,dense_compressed__N4096__q16__skewed__r8-16__tf32__q8__w2,dense__N4096__tf32,dense_compressed,4096,16,256,16,skewed,b32_b16,8,16,,10.453125,,12.71875,,9,,2,q8,tf32,Float32,tf32,20260802,random,1,4,1,one_or_more_tile_stripes,2,dense,compressed_tlr,67108864,6668288,73777152,6668288,134217728,0.599365234375,26.610019,26.610019,0.6430610000000001,0.637202,0.4743995,0.420589,0.7377208383030535,0.6600559948022762,1.1223957504e10,1.3656653824e10,17.813267813267814,21236.949253647785,289711.42143277975,false,0.641148;0.648319;0.644974;0.637202,,NVIDIA H100 80GB HBM3,1.12.6
workspace_tuning__20260803T194905.205Z__pid9032,20260803T194905.205Z,workspace_tuning,compressed,dense_compressed__N4096__q16__skewed__r8-16__tf32__q8__w4,dense__N4096__tf32,dense_compressed,4096,16,256,16,skewed,b32_b16,8,16,,10.453125,,12.71875,,9,,2,q8,tf32,Float32,tf32,20260802,random,1,4,1,one_or_more_tile_stripes,4,dense,compressed_tlr,67108864,6668288,73777152,13336576,134217728,0.6490478515625,13.414969,13.414969,0.55856,0.54834,0.4743995,0.420589,0.8493259452878832,0.767022285443338,1.1223957504e10,1.3656653824e10,17.813267813267814,24449.752621025495,289711.42143277975,false,0.565205;0.558395;0.558725;0.54834,,NVIDIA H100 80GB HBM3,1.12.6
workspace_tuning__20260803T194905.205Z__pid9032,20260803T194905.205Z,workspace_tuning,compressed,dense_compressed__N4096__q16__skewed__r8-16__tf32__q8__w8,dense__N4096__tf32,dense_compressed,4096,16,256,16,skewed,b32_b16,8,16,,10.453125,,12.71875,,9,,2,q8,tf32,Float32,tf32,20260802,random,1,4,1,one_or_more_tile_stripes,8,dense,compressed_tlr,67108864,6668288,73777152,26673152,134217728,0.7484130859375,6.848641,6.848641,0.529111,0.52166,0.4743995,0.420589,0.8965973113392085,0.8062511980983782,1.1223957504e10,1.3656653824e10,17.813267813267814,25810.564936279912,289711.42143277975,false,0.537013;0.52166;0.530443;0.527779,,NVIDIA H100 80GB HBM3,1.12.6
workspace_tuning__20260803T194905.205Z__pid9032,20260803T194905.205Z,workspace_tuning,compressed,dense_compressed__N4096__q16__skewed__r8-16__tf32__q8__w16,dense__N4096__tf32,dense_compressed,4096,16,256,16,skewed,b32_b16,8,16,,10.453125,,12.71875,,9,,2,q8,tf32,Float32,tf32,20260802,random,1,4,1,one_or_more_tile_stripes,16,dense,compressed_tlr,67108864,6668288,73777152,53346304,134217728,0.9471435546875,3.50421,3.50421,0.5185605,0.514018,0.4743995,0.420589,0.9148392521219799,0.8182378827200604,1.1223957504e10,1.3656653824e10,17.813267813267814,26335.70012370784,289711.42143277975,false,0.51454;0.522631;0.522581;0.514018,,NVIDIA H100 80GB HBM3,1.12.6
workspace_tuning__20260803T194905.205Z__pid9032,20260803T194905.205Z,workspace_tuning,compressed,compressed_compressed__N4096__q16__skewed__r8-16__tf32__q8__w1,dense__N4096__tf32,compressed_compressed,4096,16,256,16,skewed,b32_b16,8,16,10.453125,10.4609375,12.71875,13.03125,9,9,2,2,q8,tf32,Float32,tf32,20260802,random,1,4,1,tlr_tlr_runs,1,compressed_tlr,compressed_tlr,6668288,6832128,13500416,56060416,134217728,0.5182685852050781,43.045224,43.045224,0.24998399999999998,0.244396,0.4743995,0.420589,1.8977194540450588,1.7209324211525556,6.070597632e9,7.523139584e9,19.307656541282647,30094.484383000516,289711.42143277975,false,0.257825;0.250415;0.244396;0.249553,,NVIDIA H100 80GB HBM3,1.12.6
workspace_tuning__20260803T194905.205Z__pid9032,20260803T194905.205Z,workspace_tuning,compressed,compressed_compressed__N4096__q16__skewed__r8-16__tf32__q8__w2,dense__N4096__tf32,compressed_compressed,4096,16,256,16,skewed,b32_b16,8,16,10.453125,10.4609375,12.71875,13.03125,9,9,2,2,q8,tf32,Float32,tf32,20260802,random,1,4,1,tlr_tlr_runs,2,compressed_tlr,compressed_tlr,6668288,6832128,13500416,28239872,134217728,0.3109893798828125,111.809336,111.809336,0.2702745,0.269783,0.4743995,0.420589,1.755250680326853,1.5589900030765467,6.070597632e9,7.523139584e9,19.307656541282647,27835.18084021985,289711.42143277975,false,0.270675;0.269783;0.269874;0.270895,,NVIDIA H100 80GB HBM3,1.12.6
workspace_tuning__20260803T194905.205Z__pid9032,20260803T194905.205Z,workspace_tuning,compressed,compressed_compressed__N4096__q16__skewed__r8-16__tf32__q8__w4,dense__N4096__tf32,compressed_compressed,4096,16,256,16,skewed,b32_b16,8,16,10.453125,10.4609375,12.71875,13.03125,9,9,2,2,q8,tf32,Float32,tf32,20260802,random,1,4,1,tlr_tlr_runs,4,compressed_tlr,compressed_tlr,6668288,6832128,13500416,14364416,134217728,0.2076091766357422,47.471553,47.471553,0.3113455,0.308992,0.4743995,0.420589,1.5237075853031439,1.3611646903479702,6.004537344e9,7.510556672e9,20.05203334147746,24122.900995839027,289711.42143277975,false,0.311616;0.3142;0.308992;0.311075,,NVIDIA H100 80GB HBM3,1.12.6
workspace_tuning__20260803T194905.205Z__pid9032,20260803T194905.205Z,workspace_tuning,compressed,compressed_compressed__N4096__q16__skewed__r8-16__tf32__q8__w8,dense__N4096__tf32,compressed_compressed,4096,16,256,16,skewed,b32_b16,8,16,10.453125,10.4609375,12.71875,13.03125,9,9,2,2,q8,tf32,Float32,tf32,20260802,random,1,4,1,tlr_tlr_runs,8,compressed_tlr,compressed_tlr,6668288,6832128,13500416,7194112,134217728,0.15418624877929688,51.728979,51.728979,0.4475945,0.445225,0.4743995,0.420589,1.0598867948556114,0.9446661800213375,5.9977216e9,7.462322176e9,19.626606054485098,16672.0595896509,289711.42143277975,false,0.447439;0.44775;0.445225;0.447779,,NVIDIA H100 80GB HBM3,1.12.6
workspace_tuning__20260803T194905.205Z__pid9032,20260803T194905.205Z,workspace_tuning,compressed,compressed_compressed__N4096__q16__skewed__r8-16__tf32__q8__w16,dense__N4096__tf32,compressed_compressed,4096,16,256,16,skewed,b32_b16,8,16,10.453125,10.4609375,12.71875,13.03125,9,9,2,2,q8,tf32,Float32,tf32,20260802,random,1,4,1,tlr_tlr_runs,16,compressed_tlr,compressed_tlr,6668288,6832128,13500416,3622400,134217728,0.12757492065429688,57.684143,57.684143,0.6521755,0.651374,0.4743995,0.420589,0.7274107966337281,0.6456950998965264,5.934020608e9,7.310278656e9,18.826341823104368,11209.066663804451,289711.42143277975,false,0.651374;0.652075;0.652276;0.652676,,NVIDIA H100 80GB HBM3,1.12.6
workspace_tuning__20260803T194905.205Z__pid9032,20260803T194905.205Z,workspace_tuning,compressed,compressed_compressed__N4096__q16__skewed__r8-16__tf32__q8__w32,dense__N4096__tf32,compressed_compressed,4096,16,256,16,skewed,b32_b16,8,16,10.453125,10.4609375,12.71875,13.03125,9,9,2,2,q8,tf32,Float32,tf32,20260802,random,1,4,1,tlr_tlr_runs,32,compressed_tlr,compressed_tlr,6668288,6832128,13500416,1832960,134217728,0.1142425537109375,67.962002,67.962002,1.1658330000000001,1.145413,0.4743995,0.420589,0.4069189154878957,0.36719419109089907,5.934020608e9,7.310278656e9,18.826341823104368,6270.433806557198,289711.42143277975,false,1.174306;1.166033;1.165633;1.145413,,NVIDIA H100 80GB HBM3,1.12.6
workspace_tuning__20260803T194905.205Z__pid9032,20260803T194905.205Z,workspace_tuning,compressed,compressed_compressed__N4096__q16__skewed__r8-16__tf32__q8__w64,dense__N4096__tf32,compressed_compressed,4096,16,256,16,skewed,b32_b16,8,16,10.453125,10.4609375,12.71875,13.03125,9,9,2,2,q8,tf32,Float32,tf32,20260802,random,1,4,1,tlr_tlr_runs,64,compressed_tlr,compressed_tlr,6668288,6832128,13500416,938240,134217728,0.10757637023925781,91.036795,91.036795,2.232959,2.226719,0.4743995,0.420589,0.21245329627637585,0.1888828361369351,5.918554112e9,7.301890048e9,18.94490230483405,3270.051106177946,289711.42143277975,false,2.230996;2.24032;2.226719;2.234922,,NVIDIA H100 80GB HBM3,1.12.6
workspace_tuning__20260803T194905.205Z__pid9032,20260803T194905.205Z,workspace_tuning,compressed,compressed_dense__N4096__q8__skewed__r16-32__tf32__q8__w1,dense__N4096__tf32,compressed_dense,4096,8,512,8,skewed,b32_b16,16,32,21.328125,,24.125,,17,,3,,q8,tf32,Float32,tf32,20260802,random,1,4,1,one_or_more_tile_stripes,1,compressed_tlr,dense,6324224,67108864,73433088,3162112,134217728,0.5706787109375,8.622544,8.622544,0.390729,0.388751,0.4743995,0.420589,1.2141394675081705,1.0818981816123945,1.145044992e10,1.2952010752e10,11.593264248704664,33148.32211583988,289711.42143277975,false,0.393569;0.388751;0.389642;0.391816,,NVIDIA H100 80GB HBM3,1.12.6
workspace_tuning__20260803T194905.205Z__pid9032,20260803T194905.205Z,workspace_tuning,compressed,compressed_dense__N4096__q8__skewed__r16-32__tf32__q8__w2,dense__N4096__tf32,compressed_dense,4096,8,512,8,skewed,b32_b16,16,32,21.328125,,24.125,,17,,3,,q8,tf32,Float32,tf32,20260802,random,1,4,1,one_or_more_tile_stripes,2,compressed_tlr,dense,6324224,67108864,73433088,6324224,134217728,0.59423828125,6.200021,6.200021,0.3047755,0.302803,0.4743995,0.420589,1.5565539224773646,1.3889855780821194,1.145044992e10,1.2952010752e10,11.593264248704664,42496.889520319055,289711.42143277975,false,0.302803;0.305396;0.304565;0.304986,,NVIDIA H100 80GB HBM3,1.12.6
workspace_tuning__20260803T194905.205Z__pid9032,20260803T194905.205Z,workspace_tuning,compressed,compressed_dense__N4096__q8__skewed__r16-32__tf32__q8__w4,dense__N4096__tf32,compressed_dense,4096,8,512,8,skewed,b32_b16,16,32,21.328125,,24.125,,17,,3,,q8,tf32,Float32,tf32,20260802,random,1,4,1,one_or_more_tile_stripes,4,compressed_tlr,dense,6324224,67108864,73433088,12648448,134217728,0.641357421875,4.294872,4.294872,0.2960325,0.29411,0.4743995,0.420589,1.6025250605930093,1.4300397810343068,1.145044992e10,1.2952010752e10,11.593264248704664,43751.98923091215,289711.42143277975,false,0.297685;0.29411;0.301731;0.29438,,NVIDIA H100 80GB HBM3,1.12.6
workspace_tuning__20260803T194905.205Z__pid9032,20260803T194905.205Z,workspace_tuning,compressed,compressed_dense__N4096__q8__skewed__r16-32__tf32__q8__w8,dense__N4096__tf32,compressed_dense,4096,8,512,8,skewed,b32_b16,16,32,21.328125,,24.125,,17,,3,,q8,tf32,Float32,tf32,20260802,random,1,4,1,one_or_more_tile_stripes,8,compressed_tlr,dense,6324224,67108864,73433088,25296896,134217728,0.735595703125,1.124521,1.124521,0.280845,0.278746,0.4743995,0.420589,1.6891862059142941,1.50886111370208,1.145044992e10,1.2952010752e10,11.593264248704664,46118.00371023162,289711.42143277975,false,0.281691;0.278746;0.279999;0.296573,,NVIDIA H100 80GB HBM3,1.12.6
workspace_tuning__20260803T194905.205Z__pid9032,20260803T194905.205Z,workspace_tuning,compressed,dense_compressed__N4096__q8__skewed__r16-32__tf32__q8__w1,dense__N4096__tf32,dense_compressed,4096,8,512,8,skewed,b32_b16,16,32,,21.328125,,24.125,,17,,3,q8,tf32,Float32,tf32,20260802,random,1,4,1,one_or_more_tile_stripes,1,dense,compressed_tlr,67108864,6324224,73433088,3162112,134217728,0.5706787109375,8.642092,8.642092,0.3873795,0.386889,0.4743995,0.420589,1.224637596981771,1.0871050869887746,1.145044992e10,1.2952010752e10,11.593264248704664,33434.94106425353,289711.42143277975,false,0.388932;0.387119;0.386889;0.38764,,NVIDIA H100 80GB HBM3,1.12.6
workspace_tuning__20260803T194905.205Z__pid9032,20260803T194905.205Z,workspace_tuning,compressed,dense_compressed__N4096__q8__skewed__r16-32__tf32__q8__w2,dense__N4096__tf32,dense_compressed,4096,8,512,8,skewed,b32_b16,16,32,,21.328125,,24.125,,17,,3,q8,tf32,Float32,tf32,20260802,random,1,4,1,one_or_more_tile_stripes,2,dense,compressed_tlr,67108864,6324224,73433088,6324224,134217728,0.59423828125,4.026701,4.026701,0.301751,0.300529,0.4743995,0.420589,1.5721555189543697,1.3994955561692881,1.145044992e10,1.2952010752e10,11.593264248704664,42922.84284724823,289711.42143277975,false,0.301491;0.305026;0.300529;0.302011,,NVIDIA H100 80GB HBM3,1.12.6
workspace_tuning__20260803T194905.205Z__pid9032,20260803T194905.205Z,workspace_tuning,compressed,dense_compressed__N4096__q8__skewed__r16-32__tf32__q8__w4,dense__N4096__tf32,dense_compressed,4096,8,512,8,skewed,b32_b16,16,32,,21.328125,,24.125,,17,,3,q8,tf32,Float32,tf32,20260802,random,1,4,1,one_or_more_tile_stripes,4,dense,compressed_tlr,67108864,6324224,73433088,12648448,134217728,0.641357421875,2.160611,2.160611,0.274831,0.27463,0.4743995,0.420589,1.7261498884769184,1.531475075556203,1.145044992e10,1.2952010752e10,11.593264248704664,47127.182712285,289711.42143277975,false,0.274821;0.27463;0.274841;0.276393,,NVIDIA H100 80GB HBM3,1.12.6
workspace_tuning__20260803T194905.205Z__pid9032,20260803T194905.205Z,workspace_tuning,compressed,dense_compressed__N4096__q8__skewed__r16-32__tf32__q8__w8,dense__N4096__tf32,dense_compressed,4096,8,512,8,skewed,b32_b16,16,32,,21.328125,,24.125,,17,,3,q8,tf32,Float32,tf32,20260802,random,1,4,1,one_or_more_tile_stripes,8,dense,compressed_tlr,67108864,6324224,73433088,25296896,134217728,0.735595703125,1.082288,1.082288,0.264961,0.262893,0.4743995,0.420589,1.7904502926845836,1.5998486076084186,1.145044992e10,1.2952010752e10,11.593264248704664,48882.7063303656,289711.42143277975,false,0.269523;0.266228;0.263694;0.262893,,NVIDIA H100 80GB HBM3,1.12.6
workspace_tuning__20260803T194905.205Z__pid9032,20260803T194905.205Z,workspace_tuning,compressed,compressed_compressed__N4096__q8__skewed__r16-32__tf32__q8__w1,dense__N4096__tf32,compressed_compressed,4096,8,512,8,skewed,b32_b16,16,32,21.328125,21.421875,24.125,24.25,17,16,3,3,q8,tf32,Float32,tf32,20260802,random,1,4,1,tlr_tlr_runs,1,compressed_tlr,compressed_tlr,6324224,6356992,12681216,26492928,134217728,0.2918701171875,6.236796,6.236796,0.1448065,0.142293,0.4743995,0.420589,3.2760925787171153,2.9557954361774645,6.204796928e9,7.08837376e9,12.465155787721894,48950.6600877723,289711.42143277975,false,0.146719;0.142293;0.145918;0.143695,,NVIDIA H100 80GB HBM3,1.12.6
workspace_tuning__20260803T194905.205Z__pid9032,20260803T194905.205Z,workspace_tuning,compressed,compressed_compressed__N4096__q8__skewed__r16-32__tf32__q8__w2,dense__N4096__tf32,compressed_compressed,4096,8,512,8,skewed,b32_b16,16,32,21.328125,21.421875,24.125,24.25,17,16,3,3,q8,tf32,Float32,tf32,20260802,random,1,4,1,tlr_tlr_runs,2,compressed_tlr,compressed_tlr,6324224,6356992,12681216,13340672,134217728,0.193878173828125,7.186095,7.186095,0.1737595,0.171447,0.4743995,0.420589,2.7302075569968833,2.4531721173307206,6.06009344e9,6.954156032e9,12.856521882539203,40021.73137008336,289711.42143277975,false,0.175422;0.173729;0.17379;0.171447,,NVIDIA H100 80GB HBM3,1.12.6
workspace_tuning__20260803T194905.205Z__pid9032,20260803T194905.205Z,workspace_tuning,compressed,compressed_compressed__N4096__q8__skewed__r16-32__tf32__q8__w4,dense__N4096__tf32,compressed_compressed,4096,8,512,8,skewed,b32_b16,16,32,21.328125,21.421875,24.125,24.25,17,16,3,3,q8,tf32,Float32,tf32,20260802,random,1,4,1,tlr_tlr_runs,4,compressed_tlr,compressed_tlr,6324224,6356992,12681216,6703616,134217728,0.14442825317382812,8.273571,8.273571,0.23437550000000001,0.230645,0.4743995,0.420589,2.024100215252874,1.8235340024713305,5.956284416e9,6.83671552e9,12.877983608128835,29169.923989495488,289711.42143277975,false,0.239458;0.233188;0.235563;0.230645,,NVIDIA H100 80GB HBM3,1.12.6
workspace_tuning__20260803T194905.205Z__pid9032,20260803T194905.205Z,workspace_tuning,compressed,compressed_compressed__N4096__q8__skewed__r16-32__tf32__q8__w8,dense__N4096__tf32,compressed_compressed,4096,8,512,8,skewed,b32_b16,16,32,21.328125,21.421875,24.125,24.25,17,16,3,3,q8,tf32,Float32,tf32,20260802,random,1,4,1,tlr_tlr_runs,8,compressed_tlr,compressed_tlr,6324224,6356992,12681216,3352064,134217728,0.11945724487304688,10.196276,10.196276,0.38534599999999997,0.384194,0.4743995,0.420589,1.231100102245774,1.0947307870502923,5.956284416e9,6.83671552e9,12.877983608128835,17741.75810829748,289711.42143277975,false,0.388801;0.386167;0.384525;0.384194,,NVIDIA H100 80GB HBM3,1.12.6
workspace_tuning__20260803T194905.205Z__pid9032,20260803T194905.205Z,workspace_tuning,compressed,compressed_compressed__N4096__q8__skewed__r16-32__tf32__q8__w16,dense__N4096__tf32,compressed_compressed,4096,8,512,8,skewed,b32_b16,16,32,21.328125,21.421875,24.125,24.25,17,16,3,3,q8,tf32,Float32,tf32,20260802,random,1,4,1,tlr_tlr_runs,16,compressed_tlr,compressed_tlr,6324224,6356992,12681216,1780480,134217728,0.10774803161621094,15.151035,15.151035,0.837097,0.76271,0.4743995,0.420589,0.5667198663954117,0.5514402590761889,5.924827136e9,6.769606656e9,12.479004511307311,8087.00384304328,289711.42143277975,false,0.840737;0.847698;0.76271;0.833457,,NVIDIA H100 80GB HBM3,1.12.6
workspace_tuning__20260803T194905.205Z__pid9032,20260803T194905.205Z,workspace_tuning,compressed,compressed_compressed__N4096__q8__skewed__r16-32__tf32__q8__w32,dense__N4096__tf32,compressed_compressed,4096,8,512,8,skewed,b32_b16,16,32,21.328125,21.421875,24.125,24.25,17,16,3,3,q8,tf32,Float32,tf32,20260802,random,1,4,1,tlr_tlr_runs,32,compressed_tlr,compressed_tlr,6324224,6356992,12681216,932864,134217728,0.10143280029296875,24.816027,24.816027,1.3039595,1.295237,0.4743995,0.420589,0.36381459700243757,0.3247197231085894,5.917487104e9,6.769606656e9,12.587430781443619,5191.57738871491,289711.42143277975,false,1.31701;1.295237;1.309588;1.298331,,NVIDIA H100 80GB HBM3,1.12.6
workspace_tuning__20260803T194905.205Z__pid9032,20260803T194905.205Z,workspace_tuning,compressed,compressed_compressed__N4096__q8__skewed__r16-32__tf32__q8__w64,dense__N4096__tf32,compressed_compressed,4096,8,512,8,skewed,b32_b16,16,32,21.328125,21.421875,24.125,24.25,17,16,3,3,q8,tf32,Float32,tf32,20260802,random,1,4,1,tlr_tlr_runs,64,compressed_tlr,compressed_tlr,6324224,6356992,12681216,466432,134217728,0.09795761108398438,42.131248,42.131248,2.5180805,2.513468,0.4743995,0.420589,0.18839727324047026,0.16733413753427534,5.888651264e9,6.748635136e9,12.743078484307024,2680.0712431552524,289711.42143277975,false,2.513468;2.516012;2.522632;2.520149,,NVIDIA H100 80GB HBM3,1.12.6
workspace_tuning__20260803T194905.205Z__pid9032,20260803T194905.205Z,workspace_tuning,baseline,dense__N8192__bf16,dense__N8192__bf16,dense_dense,8192,,,,,,,,,,,,,,,,,bf16,Core.BFloat16,fp32_accumulate,20260802,random,1,4,0,none,0,dense,dense,134217728,134217728,268435456,0,268435456,1.0,,,1.370104,1.356459,1.370104,1.356459,1.0,1.0,1.099511627776e12,1.099511627776e12,0.0,802502.3120697407,802502.3120697407,false,1.396458;1.370399;1.369809;1.356459,1.396458;1.370399;1.369809;1.356459,NVIDIA H100 80GB HBM3,1.12.6
workspace_tuning__20260803T194905.205Z__pid9032,20260803T194905.205Z,workspace_tuning,compressed,compressed_dense__N8192__q16__skewed__r16-32__bf16__q8__w1,dense__N8192__bf16,compressed_dense,8192,16,512,16,skewed,b32_b16,16,32,21.046875,,23.96875,,17,,3,,q8,bf16,Core.BFloat16,fp32_accumulate,20260802,random,1,4,1,one_or_more_tile_stripes,1,compressed_tlr,dense,12566528,134217728,146784256,6283264,268435456,0.570220947265625,185.785681,185.785681,1.4462525,1.438871,1.370104,1.356459,0.9473477141785408,0.9427245388919507,9.0395639808e10,1.02944997376e11,12.190352020860496,71180.51472754584,802502.3120697407,false,1.455106;1.449968;1.438871;1.442537,,NVIDIA H100 80GB HBM3,1.12.6
workspace_tuning__20260803T194905.205Z__pid9032,20260803T194905.205Z,workspace_tuning,compressed,compressed_dense__N8192__q16__skewed__r16-32__bf16__q8__w2,dense__N8192__bf16,compressed_dense,8192,16,512,16,skewed,b32_b16,16,32,21.046875,,23.96875,,17,,3,,q8,bf16,Core.BFloat16,fp32_accumulate,20260802,random,1,4,1,one_or_more_tile_stripes,2,compressed_tlr,dense,12566528,134217728,146784256,12566528,268435456,0.5936279296875,28.289921,28.289921,1.366043,1.357189,1.370104,1.356459,1.0029728200356798,0.9994621235509572,9.0395639808e10,1.02944997376e11,12.190352020860496,75359.99772774357,802502.3120697407,false,1.371561;1.357189;1.365202;1.366884,,NVIDIA H100 80GB HBM3,1.12.6
workspace_tuning__20260803T194905.205Z__pid9032,20260803T194905.205Z,workspace_tuning,compressed,compressed_dense__N8192__q16__skewed__r16-32__bf16__q8__w4,dense__N8192__bf16,compressed_dense,8192,16,512,16,skewed,b32_b16,16,32,21.046875,,23.96875,,17,,3,,q8,bf16,Core.BFloat16,fp32_accumulate,20260802,random,1,4,1,one_or_more_tile_stripes,4,compressed_tlr,dense,12566528,134217728,146784256,25133056,268435456,0.64044189453125,14.139553,14.139553,1.343539,1.340835,1.370104,1.356459,1.019772407053312,1.0116524404568796,9.0395639808e10,1.02944997376e11,12.190352020860496,76622.26208245536,802502.3120697407,false,1.341406;1.345672;1.37118;1.340835,,NVIDIA H100 80GB HBM3,1.12.6
workspace_tuning__20260803T194905.205Z__pid9032,20260803T194905.205Z,workspace_tuning,compressed,compressed_dense__N8192__q16__skewed__r16-32__bf16__q8__w8,dense__N8192__bf16,compressed_dense,8192,16,512,16,skewed,b32_b16,16,32,21.046875,,23.96875,,17,,3,,q8,bf16,Core.BFloat16,fp32_accumulate,20260802,random,1,4,1,one_or_more_tile_stripes,8,compressed_tlr,dense,12566528,134217728,146784256,50266112,268435456,0.73406982421875,7.054488,7.054488,1.3728675,1.361946,1.370104,1.356459,0.9979870599311296,0.9959712059068421,9.0395639808e10,1.02944997376e11,12.190352020860496,74985.3845152573,802502.3120697407,false,1.376368;1.373323;1.372412;1.361946,,NVIDIA H100 80GB HBM3,1.12.6
workspace_tuning__20260803T194905.205Z__pid9032,20260803T194905.205Z,workspace_tuning,compressed,compressed_dense__N8192__q16__skewed__r16-32__bf16__q8__w16,dense__N8192__bf16,compressed_dense,8192,16,512,16,skewed,b32_b16,16,32,21.046875,,23.96875,,17,,3,,q8,bf16,Core.BFloat16,fp32_accumulate,20260802,random,1,4,1,one_or_more_tile_stripes,16,compressed_tlr,dense,12566528,134217728,146784256,100532224,268435456,0.92132568359375,3.475617,3.475617,1.423268,1.412903,1.370104,1.356459,0.9626465289741637,0.9600510438437742,9.0395639808e10,1.02944997376e11,12.190352020860496,72330.01611502541,802502.3120697407,false,1.432392;1.42481;1.412903;1.421726,,NVIDIA H100 80GB HBM3,1.12.6
workspace_tuning__20260803T194905.205Z__pid9032,20260803T194905.205Z,workspace_tuning,compressed,dense_compressed__N8192__q16__skewed__r16-32__bf16__q8__w1,dense__N8192__bf16,dense_compressed,8192,16,512,16,skewed,b32_b16,16,32,,21.046875,,23.96875,,17,,3,q8,bf16,Core.BFloat16,fp32_accumulate,20260802,random,1,4,1,one_or_more_tile_stripes,1,dense,compressed_tlr,134217728,12566528,146784256,6283264,268435456,0.570220947265625,54.32466,54.32466,0.9641565,0.955679,1.370104,1.356459,1.4210390118201766,1.4193667538995836,9.0395639808e10,1.02944997376e11,12.190352020860496,106772.08251564969,802502.3120697407,false,0.970161;0.955679;0.967857;0.960456,,NVIDIA H100 80GB HBM3,1.12.6
workspace_tuning__20260803T194905.205Z__pid9032,20260803T194905.205Z,workspace_tuning,compressed,dense_compressed__N8192__q16__skewed__r16-32__bf16__q8__w2,dense__N8192__bf16,dense_compressed,8192,16,512,16,skewed,b32_b16,16,32,,21.046875,,23.96875,,17,,3,q8,bf16,Core.BFloat16,fp32_accumulate,20260802,random,1,4,1,one_or_more_tile_stripes,2,dense,compressed_tlr,134217728,12566528,146784256,12566528,268435456,0.5936279296875,27.087574,27.087574,0.880106,0.873947,1.370104,1.356459,1.5567488461617123,1.5521067066996055,9.0395639808e10,1.02944997376e11,12.190352020860496,116968.86213251586,802502.3120697407,false,0.877212;0.884683;0.883;0.873947,,NVIDIA H100 80GB HBM3,1.12.6
workspace_tuning__20260803T194905.205Z__pid9032,20260803T194905.205Z,workspace_tuning,compressed,dense_compressed__N8192__q16__skewed__r16-32__bf16__q8__w4,dense__N8192__bf16,dense_compressed,8192,16,512,16,skewed,b32_b16,16,32,,21.046875,,23.96875,,17,,3,q8,bf16,Core.BFloat16,fp32_accumulate,20260802,random,1,4,1,one_or_more_tile_stripes,4,dense,compressed_tlr,134217728,12566528,146784256,25133056,268435456,0.64044189453125,13.485054,13.485054,0.856781,0.84983,1.370104,1.356459,1.599129765949525,1.5961533483167223,9.0395639808e10,1.02944997376e11,12.190352020860496,120153.22162372882,802502.3120697407,false,0.858483;0.85586;0.857702;0.84983,,NVIDIA H100 80GB HBM3,1.12.6
workspace_tuning__20260803T194905.205Z__pid9032,20260803T194905.205Z,workspace_tuning,compressed,dense_compressed__N8192__q16__skewed__r16-32__bf16__q8__w8,dense__N8192__bf16,dense_compressed,8192,16,512,16,skewed,b32_b16,16,32,,21.046875,,23.96875,,17,,3,q8,bf16,Core.BFloat16,fp32_accumulate,20260802,random,1,4,1,one_or_more_tile_stripes,8,dense,compressed_tlr,134217728,12566528,146784256,50266112,268435456,0.73406982421875,7.005475,7.005475,0.885609,0.881849,1.370104,1.356459,1.5470755152668954,1.5381987165603181,9.0395639808e10,1.02944997376e11,12.190352020860496,116242.04064773506,802502.3120697407,false,0.885304;0.899735;0.881849;0.885914,,NVIDIA H100 80GB HBM3,1.12.6
workspace_tuning__20260803T194905.205Z__pid9032,20260803T194905.205Z,workspace_tuning,compressed,dense_compressed__N8192__q16__skewed__r16-32__bf16__q8__w16,dense__N8192__bf16,dense_compressed,8192,16,512,16,skewed,b32_b16,16,32,,21.046875,,23.96875,,17,,3,q8,bf16,Core.BFloat16,fp32_accumulate,20260802,random,1,4,1,one_or_more_tile_stripes,16,dense,compressed_tlr,134217728,12566528,146784256,100532224,268435456,0.92132568359375,3.446093,3.446093,0.9565954999999999,0.953145,1.370104,1.356459,1.4322710069198528,1.423140235745873,9.0395639808e10,1.02944997376e11,12.190352020860496,107616.01677616089,802502.3120697407,false,0.970331;0.958133;0.953145;0.955058,,NVIDIA H100 80GB HBM3,1.12.6
workspace_tuning__20260803T194905.205Z__pid9032,20260803T194905.205Z,workspace_tuning,compressed,compressed_compressed__N8192__q16__skewed__r16-32__bf16__q8__w1,dense__N8192__bf16,compressed_compressed,8192,16,512,16,skewed,b32_b16,16,32,21.046875,21.0390625,23.96875,24.0,17,17,3,3,q8,bf16,Core.BFloat16,fp32_accumulate,20260802,random,1,4,1,tlr_tlr_runs,1,compressed_tlr,compressed_tlr,12566528,12582912,25149440,105245824,268435456,0.4857602119445801,43.701396,43.701396,0.724874,0.719586,1.370104,1.356459,1.8901271117463172,1.8850547398087236,4.8912521216e10,5.6299225088e10,13.120436134696376,77667.6016631856,802502.3120697407,false,0.732996;0.719586;0.728719;0.721029,,NVIDIA H100 80GB HBM3,1.12.6
workspace_tuning__20260803T194905.205Z__pid9032,20260803T194905.205Z,workspace_tuning,compressed,compressed_compressed__N8192__q16__skewed__r16-32__bf16__q8__w2,dense__N8192__bf16,compressed_compressed,8192,16,512,16,skewed,b32_b16,16,32,21.046875,21.0390625,23.96875,24.0,17,17,3,3,q8,bf16,Core.BFloat16,fp32_accumulate,20260802,random,1,4,1,tlr_tlr_runs,2,compressed_tlr,compressed_tlr,12566528,12582912,25149440,52718464,268435456,0.29008054733276367,103.957916,103.957916,0.6388149999999999,0.634919,1.370104,1.356459,2.144758654696587,2.1364284263031976,4.8694417408e10,5.6030789632e10,13.093465703738879,87710.51029171201,802502.3120697407,false,0.641199;0.64189;0.634919;0.636431,,NVIDIA H100 80GB HBM3,1.12.6
workspace_tuning__20260803T194905.205Z__pid9032,20260803T194905.205Z,workspace_tuning,compressed,compressed_compressed__N8192__q16__skewed__r16-32__bf16__q8__w4,dense__N8192__bf16,compressed_compressed,8192,16,512,16,skewed,b32_b16,16,32,21.046875,21.0390625,23.96875,24.0,17,17,3,3,q8,bf16,Core.BFloat16,fp32_accumulate,20260802,random,1,4,1,tlr_tlr_runs,4,compressed_tlr,compressed_tlr,12566528,12582912,25149440,26399744,268435456,0.19203567504882812,48.199161,48.199161,0.681053,0.673226,1.370104,1.356459,2.011743579427739,2.0148642506379733,4.8291764224e10,5.5628136448e10,13.188240146886612,81679.59974921188,802502.3120697407,false,0.689571;0.682971;0.679135;0.673226,,NVIDIA H100 80GB HBM3,1.12.6
workspace_tuning__20260803T194905.205Z__pid9032,20260803T194905.205Z,workspace_tuning,compressed,compressed_compressed__N8192__q16__skewed__r16-32__bf16__q8__w8,dense__N8192__bf16,compressed_compressed,8192,16,512,16,skewed,b32_b16,16,32,21.046875,21.0390625,23.96875,24.0,17,17,3,3,q8,bf16,Core.BFloat16,fp32_accumulate,20260802,random,1,4,1,tlr_tlr_runs,8,compressed_tlr,compressed_tlr,12566528,12582912,25149440,13209472,268435456,0.1428980827331543,52.205411,52.205411,0.783186,0.771444,1.370104,1.356459,1.7493979718738588,1.7583376110255573,4.7981385728e10,5.5292592128e10,13.222759358206373,70599.56654996387,802502.3120697407,false,0.785244;0.781128;0.788129;0.771444,,NVIDIA H100 80GB HBM3,1.12.6
workspace_tuning__20260803T194905.205Z__pid9032,20260803T194905.205Z,workspace_tuning,compressed,compressed_compressed__N8192__q16__skewed__r16-32__bf16__q8__w16,dense__N8192__bf16,compressed_compressed,8192,16,512,16,skewed,b32_b16,16,32,21.046875,21.0390625,23.96875,24.0,17,17,3,3,q8,bf16,Core.BFloat16,fp32_accumulate,20260802,random,1,4,1,tlr_tlr_runs,16,compressed_tlr,compressed_tlr,12566528,12582912,25149440,6617600,268435456,0.11834144592285156,58.279544,58.279544,0.971297,0.968188,1.370104,1.356459,1.4105922287415693,1.4010285192545249,4.7657375744e10,5.4889938944e10,13.176482501426774,56512.00296510748,802502.3120697407,false,0.972003;0.970591;0.968188;0.988758,,NVIDIA H100 80GB HBM3,1.12.6
workspace_tuning__20260803T194905.205Z__pid9032,20260803T194905.205Z,workspace_tuning,compressed,compressed_compressed__N8192__q16__skewed__r16-32__bf16__q8__w32,dense__N8192__bf16,compressed_compressed,8192,16,512,16,skewed,b32_b16,16,32,21.046875,21.0390625,23.96875,24.0,17,17,3,3,q8,bf16,Core.BFloat16,fp32_accumulate,20260802,random,1,4,1,tlr_tlr_runs,32,compressed_tlr,compressed_tlr,12566528,12582912,25149440,3377792,268435456,0.10627222061157227,69.218531,69.218531,1.254731,1.248266,1.370104,1.356459,1.091950386178392,1.0866746350537466,4.7609141248e10,5.482283008e10,13.158183956343466,43692.895194268734,802502.3120697407,false,1.251431;1.258031;1.258932;1.248266,,NVIDIA H100 80GB HBM3,1.12.6
workspace_tuning__20260803T194905.205Z__pid9032,20260803T194905.205Z,workspace_tuning,compressed,compressed_compressed__N8192__q16__skewed__r16-32__bf16__q8__w64,dense__N8192__bf16,compressed_compressed,8192,16,512,16,skewed,b32_b16,16,32,21.046875,21.0390625,23.96875,24.0,17,17,3,3,q8,bf16,Core.BFloat16,fp32_accumulate,20260802,random,1,4,1,tlr_tlr_runs,64,compressed_tlr,compressed_tlr,12566528,12582912,25149440,1706752,268435456,0.10004711151123047,91.952365,91.952365,2.091252,2.07967,1.370104,1.356459,0.6551596842465662,0.6522472315319258,4.757453824e10,5.4806052864e10,13.194737161504483,26207.292504203222,802502.3120697407,false,2.09309;2.095173;2.089414;2.07967,,NVIDIA H100 80GB HBM3,1.12.6
workspace_tuning__20260803T194905.205Z__pid9032,20260803T194905.205Z,workspace_tuning,compressed,compressed_dense__N8192__q8__skewed__r32-64__bf16__q8__w1,dense__N8192__bf16,compressed_dense,8192,8,1024,8,skewed,b32_b16,32,64,42.6875,,45.5,,26,,5,,q8,bf16,Core.BFloat16,fp32_accumulate,20260802,random,1,4,1,one_or_more_tile_stripes,1,compressed_tlr,dense,11927552,134217728,146145280,5963776,268435456,0.566650390625,8.896733,8.896733,0.8145475,0.806556,1.370104,1.356459,1.6820430975480252,1.681791468912264,9.1670708224e10,9.7710505984e10,6.181318681318682,119956.79316921358,802502.3120697407,false,0.821939;0.818233;0.806556;0.810862,,NVIDIA H100 80GB HBM3,1.12.6
workspace_tuning__20260803T194905.205Z__pid9032,20260803T194905.205Z,workspace_tuning,compressed,compressed_dense__N8192__q8__skewed__r32-64__bf16__q8__w2,dense__N8192__bf16,compressed_dense,8192,8,1024,8,skewed,b32_b16,32,64,42.6875,,45.5,,26,,5,,q8,bf16,Core.BFloat16,fp32_accumulate,20260802,random,1,4,1,one_or_more_tile_stripes,2,compressed_tlr,dense,11927552,134217728,146145280,11927552,268435456,0.5888671875,6.233561,6.233561,0.7778685,0.770232,1.370104,1.356459,1.7613568360204843,1.7611044464524974,9.1670708224e10,9.7710505984e10,6.181318681318682,125613.14153227699,802502.3120697407,false,0.780117;0.770232;0.781549;0.77562,,NVIDIA H100 80GB HBM3,1.12.6
workspace_tuning__20260803T194905.205Z__pid9032,20260803T194905.205Z,workspace_tuning,compressed,compressed_dense__N8192__q8__skewed__r32-64__bf16__q8__w4,dense__N8192__bf16,compressed_dense,8192,8,1024,8,skewed,b32_b16,32,64,42.6875,,45.5,,26,,5,,q8,bf16,Core.BFloat16,fp32_accumulate,20260802,random,1,4,1,one_or_more_tile_stripes,4,compressed_tlr,dense,11927552,134217728,146145280,23855104,268435456,0.63330078125,3.616448,3.616448,0.795259,0.779545,1.370104,1.356459,1.722839980434047,1.7400650379387976,9.1670708224e10,9.7710505984e10,6.181318681318682,122866.2687049125,802502.3120697407,false,0.791684;0.798834;0.779545;0.855909,,NVIDIA H100 80GB HBM3,1.12.6
workspace_tuning__20260803T194905.205Z__pid9032,20260803T194905.205Z,workspace_tuning,compressed,compressed_dense__N8192__q8__skewed__r32-64__bf16__q8__w8,dense__N8192__bf16,compressed_dense,8192,8,1024,8,skewed,b32_b16,32,64,42.6875,,45.5,,26,,5,,q8,bf16,Core.BFloat16,fp32_accumulate,20260802,random,1,4,1,one_or_more_tile_stripes,8,compressed_tlr,dense,11927552,134217728,146145280,47710208,268435456,0.72216796875,1.089439,1.089439,0.78556,0.776811,1.370104,1.356459,1.7441112072916136,1.7461892274954913,9.1670708224e10,9.7710505984e10,6.181318681318682,124383.25014511941,802502.3120697407,false,0.787137;0.794648;0.783983;0.776811,,NVIDIA H100 80GB HBM3,1.12.6
workspace_tuning__20260803T194905.205Z__pid9032,20260803T194905.205Z,workspace_tuning,compressed,dense_compressed__N8192__q8__skewed__r32-64__bf16__q8__w1,dense__N8192__bf16,dense_compressed,8192,8,1024,8,skewed,b32_b16,32,64,,42.6875,,45.5,,26,,5,q8,bf16,Core.BFloat16,fp32_accumulate,20260802,random,1,4,1,one_or_more_tile_stripes,1,dense,compressed_tlr,134217728,11927552,146145280,5963776,268435456,0.566650390625,11.601528,11.601528,0.592691,0.584574,1.370104,1.356459,2.3116666188621053,2.320423077317842,9.1670708224e10,9.7710505984e10,6.181318681318682,164859.1019333852,802502.3120697407,false,0.594469;0.592796;0.592586;0.584574,,NVIDIA H100 80GB HBM3,1.12.6
workspace_tuning__20260803T194905.205Z__pid9032,20260803T194905.205Z,workspace_tuning,compressed,dense_compressed__N8192__q8__skewed__r32-64__bf16__q8__w2,dense__N8192__bf16,dense_compressed,8192,8,1024,8,skewed,b32_b16,32,64,,42.6875,,45.5,,26,,5,q8,bf16,Core.BFloat16,fp32_accumulate,20260802,random,1,4,1,one_or_more_tile_stripes,2,dense,compressed_tlr,134217728,11927552,146145280,11927552,268435456,0.5888671875,4.148183,4.148183,0.5560965,0.545316,1.370104,1.356459,2.4637882094204873,2.4874733182228286,9.1670708224e10,9.7710505984e10,6.181318681318682,175707.82406290993,802502.3120697407,false,0.557283;0.55491;0.571966;0.545316,,NVIDIA H100 80GB HBM3,1.12.6
workspace_tuning__20260803T194905.205Z__pid9032,20260803T194905.205Z,workspace_tuning,compressed,dense_compressed__N8192__q8__skewed__r32-64__bf16__q8__w4,dense__N8192__bf16,dense_compressed,8192,8,1024,8,skewed,b32_b16,32,64,,42.6875,,45.5,,26,,5,q8,bf16,Core.BFloat16,fp32_accumulate,20260802,random,1,4,1,one_or_more_tile_stripes,4,dense,compressed_tlr,134217728,11927552,146145280,23855104,268435456,0.63330078125,2.055433,2.055433,0.5494114999999999,0.546818,1.370104,1.356459,2.4937665119860073,2.480640725067573,9.1670708224e10,9.7710505984e10,6.181318681318682,177845.7603890709,802502.3120697407,false,0.550683;0.546818;0.549792;0.549031,,NVIDIA H100 80GB HBM3,1.12.6
workspace_tuning__20260803T194905.205Z__pid9032,20260803T194905.205Z,workspace_tuning,compressed,dense_compressed__N8192__q8__skewed__r32-64__bf16__q8__w8,dense__N8192__bf16,dense_compressed,8192,8,1024,8,skewed,b32_b16,32,64,,42.6875,,45.5,,26,,5,q8,bf16,Core.BFloat16,fp32_accumulate,20260802,random,1,4,1,one_or_more_tile_stripes,8,dense,compressed_tlr,134217728,11927552,146145280,47710208,268435456,0.72216796875,0.980847,0.980847,0.56184,0.557033,1.370104,1.356459,2.4386017371493662,2.4351501616600815,9.1670708224e10,9.7710505984e10,6.181318681318682,173911.6224975082,802502.3120697407,false,0.577754;0.562541;0.561139;0.557033,,NVIDIA H100 80GB HBM3,1.12.6
workspace_tuning__20260803T194905.205Z__pid9032,20260803T194905.205Z,workspace_tuning,compressed,compressed_compressed__N8192__q8__skewed__r32-64__bf16__q8__w1,dense__N8192__bf16,compressed_compressed,8192,8,1024,8,skewed,b32_b16,32,64,42.6875,42.875,45.5,45.75,26,29,5,5,q8,bf16,Core.BFloat16,fp32_accumulate,20260802,random,1,4,1,tlr_tlr_runs,1,compressed_tlr,compressed_tlr,11927552,11993088,23920640,49842560,268435456,0.27478933334350586,6.592508,6.592508,0.4877895,0.389352,1.370104,1.356459,2.8088017474750893,3.4838886149294215,4.9676886016e10,5.3222309888e10,6.661537012318559,109109.17493713989,802502.3120697407,false,0.492867;0.497033;0.482712;0.389352,,NVIDIA H100 80GB HBM3,1.12.6
workspace_tuning__20260803T194905.205Z__pid9032,20260803T194905.205Z,workspace_tuning,compressed,compressed_compressed__N8192__q8__skewed__r32-64__bf16__q8__w2,dense__N8192__bf16,compressed_compressed,8192,8,1024,8,skewed,b32_b16,32,64,42.6875,42.875,45.5,45.75,26,29,5,5,q8,bf16,Core.BFloat16,fp32_accumulate,20260802,random,1,4,1,tlr_tlr_runs,2,compressed_tlr,compressed_tlr,11927552,11993088,23920640,25112320,268435456,0.1826620101928711,7.612573,7.612573,0.5006235,0.378586,1.370104,1.356459,2.7367952163651927,3.582961335073141,4.856958976e10,5.2014350336e10,6.622711912669653,103899.13844635739,802502.3120697407,false,0.513027;0.50845;0.378586;0.492797,,NVIDIA H100 80GB HBM3,1.12.6
workspace_tuning__20260803T194905.205Z__pid9032,20260803T194905.205Z,workspace_tuning,compressed,compressed_compressed__N8192__q8__skewed__r32-64__bf16__q8__w4,dense__N8192__bf16,compressed_compressed,8192,8,1024,8,skewed,b32_b16,32,64,42.6875,42.875,45.5,45.75,26,29,5,5,q8,bf16,Core.BFloat16,fp32_accumulate,20260802,random,1,4,1,tlr_tlr_runs,4,compressed_tlr,compressed_tlr,11927552,11993088,23920640,12620032,268435456,0.1361246109008789,8.832016,8.832016,0.56179,0.555881,1.370104,1.356459,2.4388187756991044,2.440196732753953,4.7747506176e10,5.1141935104e10,6.637271196518547,91033.90075295039,802502.3120697407,false,0.58174;0.565035;0.558545;0.555881,,NVIDIA H100 80GB HBM3,1.12.6
workspace_tuning__20260803T194905.205Z__pid9032,20260803T194905.205Z,workspace_tuning,compressed,compressed_compressed__N8192__q8__skewed__r32-64__bf16__q8__w8,dense__N8192__bf16,compressed_compressed,8192,8,1024,8,skewed,b32_b16,32,64,42.6875,42.875,45.5,45.75,26,29,5,5,q8,bf16,Core.BFloat16,fp32_accumulate,20260802,random,1,4,1,tlr_tlr_runs,8,compressed_tlr,compressed_tlr,11927552,11993088,23920640,6318080,268435456,0.11264801025390625,10.922101,10.922101,0.6332819999999999,0.550323,1.370104,1.356459,2.163497462425902,2.464841556685801,4.781461504e10,5.1108380672e10,6.4446683473274415,80703.9844366333,802502.3120697407,false,0.657282;0.629261;0.637303;0.550323,,NVIDIA H100 80GB HBM3,1.12.6
workspace_tuning__20260803T194905.205Z__pid9032,20260803T194905.205Z,workspace_tuning,compressed,compressed_compressed__N8192__q8__skewed__r32-64__bf16__q8__w16,dense__N8192__bf16,compressed_compressed,8192,8,1024,8,skewed,b32_b16,32,64,42.6875,42.875,45.5,45.75,26,29,5,5,q8,bf16,Core.BFloat16,fp32_accumulate,20260802,random,1,4,1,tlr_tlr_runs,16,compressed_tlr,compressed_tlr,11927552,11993088,23920640,3347712,268435456,0.10158252716064453,16.670647,16.670647,0.8138015000000001,0.746837,1.370104,1.356459,1.6835850019937293,1.8162718237045032,4.7399378944e10,5.0806390784e10,6.70587260269025,62430.937745875366,802502.3120697407,false,0.820607;0.814848;0.812755;0.746837,,NVIDIA H100 80GB HBM3,1.12.6
workspace_tuning__20260803T194905.205Z__pid9032,20260803T194905.205Z,workspace_tuning,compressed,compressed_compressed__N8192__q8__skewed__r32-64__bf16__q8__w32,dense__N8192__bf16,compressed_compressed,8192,8,1024,8,skewed,b32_b16,32,64,42.6875,42.875,45.5,45.75,26,29,5,5,q8,bf16,Core.BFloat16,fp32_accumulate,20260802,random,1,4,1,tlr_tlr_runs,32,compressed_tlr,compressed_tlr,11927552,11993088,23920640,1760768,268435456,0.09567070007324219,26.238264,26.238264,1.1528589999999999,1.137461,1.370104,1.356459,1.1884402168868875,1.1925323153936707,4.7386796032e10,5.073928192e10,6.607278938802924,44011.69780519561,802502.3120697407,false,1.152974;1.152744;1.196148;1.137461,,NVIDIA H100 80GB HBM3,1.12.6
workspace_tuning__20260803T194905.205Z__pid9032,20260803T194905.205Z,workspace_tuning,compressed,compressed_compressed__N8192__q8__skewed__r32-64__bf16__q8__w64,dense__N8192__bf16,compressed_compressed,8192,8,1024,8,skewed,b32_b16,32,64,42.6875,42.875,45.5,45.75,26,29,5,5,q8,bf16,Core.BFloat16,fp32_accumulate,20260802,random,1,4,1,tlr_tlr_runs,64,compressed_tlr,compressed_tlr,11927552,11993088,23920640,897536,268435456,0.09245491027832031,44.786558,44.786558,2.15352,2.144106,1.370104,1.356459,0.6362160555741299,0.6326454942059768,4.7082708992e10,5.0437292032e10,6.6509975156312535,23420.86074519856,802502.3120697407,false,2.156685;2.150355;2.159489;2.144106,,NVIDIA H100 80GB HBM3,1.12.6
workspace_tuning__20260803T194905.205Z__pid9032,20260803T194905.205Z,workspace_tuning,baseline,dense__N8192__fp16,dense__N8192__fp16,dense_dense,8192,,,,,,,,,,,,,,,,,fp16,Float16,fp32_accumulate,20260802,random,1,4,0,none,0,dense,dense,134217728,134217728,268435456,0,268435456,1.0,,,1.4127925000000001,1.402868,1.4127925000000001,1.402868,1.0,1.0,1.099511627776e12,1.099511627776e12,0.0,778254.1511057001,778254.1511057001,false,1.44501;1.419102;1.406483;1.402868,1.44501;1.419102;1.406483;1.402868,NVIDIA H100 80GB HBM3,1.12.6
workspace_tuning__20260803T194905.205Z__pid9032,20260803T194905.205Z,workspace_tuning,compressed,compressed_dense__N8192__q16__skewed__r16-32__fp16__q8__w1,dense__N8192__fp16,compressed_dense,8192,16,512,16,skewed,b32_b16,16,32,21.046875,,23.96875,,17,,3,,q8,fp16,Float16,fp32_accumulate,20260802,random,1,4,1,one_or_more_tile_stripes,1,compressed_tlr,dense,12566528,134217728,146784256,6283264,268435456,0.570220947265625,231.859154,231.859154,1.4038495,1.397139,1.4127925000000001,1.402868,1.0063703409802833,1.004100522567905,9.0395639808e10,1.02944997376e11,12.190352020860496,73330.50827456932,778254.1511057001,false,1.402888;1.412993;1.404811;1.397139,,NVIDIA H100 80GB HBM3,1.12.6
workspace_tuning__20260803T194905.205Z__pid9032,20260803T194905.205Z,workspace_tuning,compressed,compressed_dense__N8192__q16__skewed__r16-32__fp16__q8__w2,dense__N8192__fp16,compressed_dense,8192,16,512,16,skewed,b32_b16,16,32,21.046875,,23.96875,,17,,3,,q8,fp16,Float16,fp32_accumulate,20260802,random,1,4,1,one_or_more_tile_stripes,2,compressed_tlr,dense,12566528,134217728,146784256,12566528,268435456,0.5936279296875,28.85798,28.85798,1.3321965,1.32401,1.4127925000000001,1.402868,1.0604985826039928,1.0595599731119856,9.0395639808e10,1.02944997376e11,12.190352020860496,77274.63431708461,778254.1511057001,false,1.333925;1.332031;1.332362;1.32401,,NVIDIA H100 80GB HBM3,1.12.6
workspace_tuning__20260803T194905.205Z__pid9032,20260803T194905.205Z,workspace_tuning,compressed,compressed_dense__N8192__q16__skewed__r16-32__fp16__q8__w4,dense__N8192__fp16,compressed_dense,8192,16,512,16,skewed,b32_b16,16,32,21.046875,,23.96875,,17,,3,,q8,fp16,Float16,fp32_accumulate,20260802,random,1,4,1,one_or_more_tile_stripes,4,compressed_tlr,dense,12566528,134217728,146784256,25133056,268435456,0.64044189453125,14.387904,14.387904,1.3149760000000001,1.308537,1.4127925000000001,1.402868,1.0743865287275205,1.0720889053958733,9.0395639808e10,1.02944997376e11,12.190352020860496,78286.59791205314,778254.1511057001,false,1.319242;1.31071;1.321656;1.308537,,NVIDIA H100 80GB HBM3,1.12.6
workspace_tuning__20260803T194905.205Z__pid9032,20260803T194905.205Z,workspace_tuning,compressed,compressed_dense__N8192__q16__skewed__r16-32__fp16__q8__w8,dense__N8192__fp16,compressed_dense,8192,16,512,16,skewed,b32_b16,16,32,21.046875,,23.96875,,17,,3,,q8,fp16,Float16,fp32_accumulate,20260802,random,1,4,1,one_or_more_tile_stripes,8,compressed_tlr,dense,12566528,134217728,146784256,50266112,268435456,0.73406982421875,7.066857,7.066857,1.3542845,1.338061,1.4127925000000001,1.402868,1.043202148440745,1.0484335168576022,9.0395639808e10,1.02944997376e11,12.190352020860496,76014.30672506405,778254.1511057001,false,1.359122;1.356127;1.352442;1.338061,,NVIDIA H100 80GB HBM3,1.12.6
workspace_tuning__20260803T194905.205Z__pid9032,20260803T194905.205Z,workspace_tuning,compressed,compressed_dense__N8192__q16__skewed__r16-32__fp16__q8__w16,dense__N8192__fp16,compressed_dense,8192,16,512,16,skewed,b32_b16,16,32,21.046875,,23.96875,,17,,3,,q8,fp16,Float16,fp32_accumulate,20260802,random,1,4,1,one_or_more_tile_stripes,16,compressed_tlr,dense,12566528,134217728,146784256,100532224,268435456,0.92132568359375,3.590178,3.590178,1.4088465000000001,1.39109,1.4127925000000001,1.402868,1.0028008729126985,1.0084667419074251,9.0395639808e10,1.02944997376e11,12.190352020860496,73070.41425449828,778254.1511057001,false,1.409548;1.409527;1.408166;1.39109,,NVIDIA H100 80GB HBM3,1.12.6
workspace_tuning__20260803T194905.205Z__pid9032,20260803T194905.205Z,workspace_tuning,compressed,dense_compressed__N8192__q16__skewed__r16-32__fp16__q8__w1,dense__N8192__fp16,dense_compressed,8192,16,512,16,skewed,b32_b16,16,32,,21.046875,,23.96875,,17,,3,q8,fp16,Float16,fp32_accumulate,20260802,random,1,4,1,one_or_more_tile_stripes,1,dense,compressed_tlr,134217728,12566528,146784256,6283264,268435456,0.570220947265625,55.250064,55.250064,0.949825,0.947767,1.4127925000000001,1.402868,1.4874239991577396,1.480182365497005,9.0395639808e10,1.02944997376e11,12.190352020860496,108383.12044429236,778254.1511057001,false,0.951894;0.951052;0.948598;0.947767,,NVIDIA H100 80GB HBM3,1.12.6
workspace_tuning__20260803T194905.205Z__pid9032,20260803T194905.205Z,workspace_tuning,compressed,dense_compressed__N8192__q16__skewed__r16-32__fp16__q8__w2,dense__N8192__fp16,dense_compressed,8192,16,512,16,skewed,b32_b16,16,32,,21.046875,,23.96875,,17,,3,q8,fp16,Float16,fp32_accumulate,20260802,random,1,4,1,one_or_more_tile_stripes,2,dense,compressed_tlr,134217728,12566528,146784256,12566528,268435456,0.5936279296875,27.403967,27.403967,0.8735815,0.860246,1.4127925000000001,1.402868,1.617241779959855,1.6307753828556018,9.0395639808e10,1.02944997376e11,12.190352020860496,117842.46504304407,778254.1511057001,false,0.873737;0.877152;0.873426;0.860246,,NVIDIA H100 80GB HBM3,1.12.6
workspace_tuning__20260803T194905.205Z__pid9032,20260803T194905.205Z,workspace_tuning,compressed,dense_compressed__N8192__q16__skewed__r16-32__fp16__q8__w4,dense__N8192__fp16,dense_compressed,8192,16,512,16,skewed,b32_b16,16,32,,21.046875,,23.96875,,17,,3,q8,fp16,Float16,fp32_accumulate,20260802,random,1,4,1,one_or_more_tile_stripes,4,dense,compressed_tlr,134217728,12566528,146784256,25133056,268435456,0.64044189453125,13.892003,13.892003,0.8401265,0.829741,1.4127925000000001,1.402868,1.6816425859677087,1.6907299988791684,9.0395639808e10,1.02944997376e11,12.190352020860496,122535.1150999284,778254.1511057001,false,0.843912;0.859205;0.836341;0.829741,,NVIDIA H100 80GB HBM3,1.12.6
workspace_tuning__20260803T194905.205Z__pid9032,20260803T194905.205Z,workspace_tuning,compressed,dense_compressed__N8192__q16__skewed__r16-32__fp16__q8__w8,dense__N8192__fp16,dense_compressed,8192,16,512,16,skewed,b32_b16,16,32,,21.046875,,23.96875,,17,,3,q8,fp16,Float16,fp32_accumulate,20260802,random,1,4,1,one_or_more_tile_stripes,8,dense,compressed_tlr,134217728,12566528,146784256,50266112,268435456,0.73406982421875,6.929922,6.929922,0.877577,0.869831,1.4127925000000001,1.402868,1.6098786773126461,1.6128052460765367,9.0395639808e10,1.02944997376e11,12.190352020860496,117305.94281299533,778254.1511057001,false,0.883461;0.877121;0.878033;0.869831,,NVIDIA H100 80GB HBM3,1.12.6
workspace_tuning__20260803T194905.205Z__pid9032,20260803T194905.205Z,workspace_tuning,compressed,dense_compressed__N8192__q16__skewed__r16-32__fp16__q8__w16,dense__N8192__fp16,dense_compressed,8192,16,512,16,skewed,b32_b16,16,32,,21.046875,,23.96875,,17,,3,q8,fp16,Float16,fp32_accumulate,20260802,random,1,4,1,one_or_more_tile_stripes,16,dense,compressed_tlr,134217728,12566528,146784256,100532224,268435456,0.92132568359375,3.255258,3.255258,0.9602005,0.952394,1.4127925000000001,1.402868,1.4713515562635096,1.4729912200202857,9.0395639808e10,1.02944997376e11,12.190352020860496,107211.98059780223,778254.1511057001,false,0.953646;0.966755;0.979043;0.952394,,NVIDIA H100 80GB HBM3,1.12.6
workspace_tuning__20260803T194905.205Z__pid9032,20260803T194905.205Z,workspace_tuning,compressed,compressed_compressed__N8192__q16__skewed__r16-32__fp16__q8__w1,dense__N8192__fp16,compressed_compressed,8192,16,512,16,skewed,b32_b16,16,32,21.046875,21.0390625,23.96875,24.0,17,17,3,3,q8,fp16,Float16,fp32_accumulate,20260802,random,1,4,1,tlr_tlr_runs,1,compressed_tlr,compressed_tlr,12566528,12582912,25149440,105245824,268435456,0.4857602119445801,45.102401,45.102401,0.6972025,0.695459,1.4127925000000001,1.402868,2.026373255976564,2.017182896475565,4.8912521216e10,5.6299225088e10,13.120436134696376,80750.17672483962,778254.1511057001,false,0.701609;0.696131;0.698274;0.695459,,NVIDIA H100 80GB HBM3,1.12.6
workspace_tuning__20260803T194905.205Z__pid9032,20260803T194905.205Z,workspace_tuning,compressed,compressed_compressed__N8192__q16__skewed__r16-32__fp16__q8__w2,dense__N8192__fp16,compressed_compressed,8192,16,512,16,skewed,b32_b16,16,32,21.046875,21.0390625,23.96875,24.0,17,17,3,3,q8,fp16,Float16,fp32_accumulate,20260802,random,1,4,1,tlr_tlr_runs,2,compressed_tlr,compressed_tlr,12566528,12582912,25149440,52718464,268435456,0.29008054733276367,46.108515,46.108515,0.6100975,0.602211,1.4127925000000001,1.402868,2.3156831490048724,2.3295290188986915,4.8694417408e10,5.6030789632e10,13.093465703738879,91839.0742987801,778254.1511057001,false,0.623983;0.610623;0.609572;0.602211,,NVIDIA H100 80GB HBM3,1.12.6
workspace_tuning__20260803T194905.205Z__pid9032,20260803T194905.205Z,workspace_tuning,compressed,compressed_compressed__N8192__q16__skewed__r16-32__fp16__q8__w4,dense__N8192__fp16,compressed_compressed,8192,16,512,16,skewed,b32_b16,16,32,21.046875,21.0390625,23.96875,24.0,17,17,3,3,q8,fp16,Float16,fp32_accumulate,20260802,random,1,4,1,tlr_tlr_runs,4,compressed_tlr,compressed_tlr,12566528,12582912,25149440,26399744,268435456,0.19203567504882812,130.689387,130.689387,0.661975,0.649832,1.4127925000000001,1.402868,2.134208240492466,2.1588164325548758,4.8291764224e10,5.5628136448e10,13.188240146886612,84033.59106914913,778254.1511057001,false,0.663122;0.664343;0.660828;0.649832,,NVIDIA H100 80GB HBM3,1.12.6
workspace_tuning__20260803T194905.205Z__pid9032,20260803T194905.205Z,workspace_tuning,compressed,compressed_compressed__N8192__q16__skewed__r16-32__fp16__q8__w8,dense__N8192__fp16,compressed_compressed,8192,16,512,16,skewed,b32_b16,16,32,21.046875,21.0390625,23.96875,24.0,17,17,3,3,q8,fp16,Float16,fp32_accumulate,20260802,random,1,4,1,tlr_tlr_runs,8,compressed_tlr,compressed_tlr,12566528,12582912,25149440,13209472,268435456,0.1428980827331543,53.938013,53.938013,0.7506425,0.740818,1.4127925000000001,1.402868,1.8821109915838767,1.8936742897715768,4.7981385728e10,5.5292592128e10,13.222759358206373,73660.35380091055,778254.1511057001,false,0.74841;0.767007;0.752875;0.740818,,NVIDIA H100 80GB HBM3,1.12.6
workspace_tuning__20260803T194905.205Z__pid9032,20260803T194905.205Z,workspace_tuning,compressed,compressed_compressed__N8192__q16__skewed__r16-32__fp16__q8__w16,dense__N8192__fp16,compressed_compressed,8192,16,512,16,skewed,b32_b16,16,32,21.046875,21.0390625,23.96875,24.0,17,17,3,3,q8,fp16,Float16,fp32_accumulate,20260802,random,1,4,1,tlr_tlr_runs,16,compressed_tlr,compressed_tlr,12566528,12582912,25149440,6617600,268435456,0.11834144592285156,59.316695,59.316695,0.9319185000000001,0.927868,1.4127925000000001,1.402868,1.5160043501658138,1.511926265373954,4.7657375744e10,5.4889938944e10,13.176482501426774,58899.93485911053,778254.1511057001,false,0.935189;0.935519;0.928648;0.927868,,NVIDIA H100 80GB HBM3,1.12.6
workspace_tuning__20260803T194905.205Z__pid9032,20260803T194905.205Z,workspace_tuning,compressed,compressed_compressed__N8192__q16__skewed__r16-32__fp16__q8__w32,dense__N8192__fp16,compressed_compressed,8192,16,512,16,skewed,b32_b16,16,32,21.046875,21.0390625,23.96875,24.0,17,17,3,3,q8,fp16,Float16,fp32_accumulate,20260802,random,1,4,1,tlr_tlr_runs,32,compressed_tlr,compressed_tlr,12566528,12582912,25149440,3377792,268435456,0.10627222061157227,70.237395,70.237395,1.215037,1.203129,1.4127925000000001,1.402868,1.1627567720159964,1.1660162792186042,4.7609141248e10,5.482283008e10,13.158183956343466,45120.296814006484,778254.1511057001,false,1.215107;1.214967;1.218372;1.203129,,NVIDIA H100 80GB HBM3,1.12.6
workspace_tuning__20260803T194905.205Z__pid9032,20260803T194905.205Z,workspace_tuning,compressed,compressed_compressed__N8192__q16__skewed__r16-32__fp16__q8__w64,dense__N8192__fp16,compressed_compressed,8192,16,512,16,skewed,b32_b16,16,32,21.046875,21.0390625,23.96875,24.0,17,17,3,3,q8,fp16,Float16,fp32_accumulate,20260802,random,1,4,1,tlr_tlr_runs,64,compressed_tlr,compressed_tlr,12566528,12582912,25149440,1706752,268435456,0.10004711151123047,93.794649,93.794649,2.039605,2.038799,1.4127925000000001,1.402868,0.6926794648963893,0.6880854856216821,4.757453824e10,5.4806052864e10,13.194737161504483,26870.9151350384,778254.1511057001,false,2.038799;2.074712;2.040181;2.039029,,NVIDIA H100 80GB HBM3,1.12.6
workspace_tuning__20260803T194905.205Z__pid9032,20260803T194905.205Z,workspace_tuning,compressed,compressed_dense__N8192__q8__skewed__r32-64__fp16__q8__w1,dense__N8192__fp16,compressed_dense,8192,8,1024,8,skewed,b32_b16,32,64,42.6875,,45.5,,26,,5,,q8,fp16,Float16,fp32_accumulate,20260802,random,1,4,1,one_or_more_tile_stripes,1,compressed_tlr,dense,11927552,134217728,146145280,5963776,268435456,0.566650390625,8.663765,8.663765,0.806541,0.800788,1.4127925000000001,1.402868,1.751668545058466,1.7518594184728042,9.1670708224e10,9.7710505984e10,6.181318681318682,121147.59942024027,778254.1511057001,false,0.807247;0.809981;0.805835;0.800788,,NVIDIA H100 80GB HBM3,1.12.6
workspace_tuning__20260803T194905.205Z__pid9032,20260803T194905.205Z,workspace_tuning,compressed,compressed_dense__N8192__q8__skewed__r32-64__fp16__q8__w2,dense__N8192__fp16,compressed_dense,8192,8,1024,8,skewed,b32_b16,32,64,42.6875,,45.5,,26,,5,,q8,fp16,Float16,fp32_accumulate,20260802,random,1,4,1,one_or_more_tile_stripes,2,compressed_tlr,dense,11927552,134217728,146145280,11927552,268435456,0.5888671875,5.691851,5.691851,0.771909,0.76889,1.4127925000000001,1.402868,1.8302578412740365,1.824536669744697,9.1670708224e10,9.7710505984e10,6.181318681318682,126582.9339779689,778254.1511057001,false,0.783021;0.772745;0.771073;0.76889,,NVIDIA H100 80GB HBM3,1.12.6
workspace_tuning__20260803T194905.205Z__pid9032,20260803T194905.205Z,workspace_tuning,compressed,compressed_dense__N8192__q8__skewed__r32-64__fp16__q8__w4,dense__N8192__fp16,compressed_dense,8192,8,1024,8,skewed,b32_b16,32,64,42.6875,,45.5,,26,,5,,q8,fp16,Float16,fp32_accumulate,20260802,random,1,4,1,one_or_more_tile_stripes,4,compressed_tlr,dense,11927552,134217728,146145280,23855104,268435456,0.63330078125,2.095573,2.095573,0.7753289999999999,0.76885,1.4127925000000001,1.402868,1.8221845177982512,1.8246315926383558,9.1670708224e10,9.7710505984e10,6.181318681318682,126024.57277362257,778254.1511057001,false,0.777292;0.778364;0.773366;0.76885,,NVIDIA H100 80GB HBM3,1.12.6
workspace_tuning__20260803T194905.205Z__pid9032,20260803T194905.205Z,workspace_tuning,compressed,compressed_dense__N8192__q8__skewed__r32-64__fp16__q8__w8,dense__N8192__fp16,compressed_dense,8192,8,1024,8,skewed,b32_b16,32,64,42.6875,,45.5,,26,,5,,q8,fp16,Float16,fp32_accumulate,20260802,random,1,4,1,one_or_more_tile_stripes,8,compressed_tlr,dense,11927552,134217728,146145280,47710208,268435456,0.72216796875,1.11669,1.11669,0.773712,0.770432,1.4127925000000001,1.402868,1.8259927466550865,1.8208849061305865,9.1670708224e10,9.7710505984e10,6.181318681318682,126287.9546704717,778254.1511057001,false,0.773457;0.773967;0.777914;0.770432,,NVIDIA H100 80GB HBM3,1.12.6
workspace_tuning__20260803T194905.205Z__pid9032,20260803T194905.205Z,workspace_tuning,compressed,dense_compressed__N8192__q8__skewed__r32-64__fp16__q8__w1,dense__N8192__fp16,dense_compressed,8192,8,1024,8,skewed,b32_b16,32,64,,42.6875,,45.5,,26,,5,q8,fp16,Float16,fp32_accumulate,20260802,random,1,4,1,one_or_more_tile_stripes,1,dense,compressed_tlr,134217728,11927552,146145280,5963776,268435456,0.566650390625,8.696233,8.696233,0.5808789999999999,0.56858,1.4127925000000001,1.402868,2.432163152739211,2.467318583136938,9.1670708224e10,9.7710505984e10,6.181318681318682,168211.46225633915,778254.1511057001,false,0.592896;0.56858;0.587399;0.574359,,NVIDIA H100 80GB HBM3,1.12.6
workspace_tuning__20260803T194905.205Z__pid9032,20260803T194905.205Z,workspace_tuning,compressed,dense_compressed__N8192__q8__skewed__r32-64__fp16__q8__w2,dense__N8192__fp16,dense_compressed,8192,8,1024,8,skewed,b32_b16,32,64,,42.6875,,45.5,,26,,5,q8,fp16,Float16,fp32_accumulate,20260802,random,1,4,1,one_or_more_tile_stripes,2,dense,compressed_tlr,134217728,11927552,146145280,11927552,268435456,0.5888671875,4.33339,4.33339,0.5393165,0.533838,1.4127925000000001,1.402868,2.619598139496938,2.627890858275357,9.1670708224e10,9.7710505984e10,6.181318681318682,181174.70165292552,778254.1511057001,false,0.533838;0.539767;0.550353;0.538866,,NVIDIA H100 80GB HBM3,1.12.6
workspace_tuning__20260803T194905.205Z__pid9032,20260803T194905.205Z,workspace_tuning,compressed,dense_compressed__N8192__q8__skewed__r32-64__fp16__q8__w4,dense__N8192__fp16,dense_compressed,8192,8,1024,8,skewed,b32_b16,32,64,,42.6875,,45.5,,26,,5,q8,fp16,Float16,fp32_accumulate,20260802,random,1,4,1,one_or_more_tile_stripes,4,dense,compressed_tlr,134217728,11927552,146145280,23855104,268435456,0.63330078125,2.084477,2.084477,0.543347,0.530443,1.4127925000000001,1.402868,2.6001661921387256,2.6447101762112046,9.1670708224e10,9.7710505984e10,6.181318681318682,179830.76373661766,778254.1511057001,false,0.543332;0.543713;0.543362;0.530443,,NVIDIA H100 80GB HBM3,1.12.6
workspace_tuning__20260803T194905.205Z__pid9032,20260803T194905.205Z,workspace_tuning,compressed,dense_compressed__N8192__q8__skewed__r32-64__fp16__q8__w8,dense__N8192__fp16,dense_compressed,8192,8,1024,8,skewed,b32_b16,32,64,,42.6875,,45.5,,26,,5,q8,fp16,Float16,fp32_accumulate,20260802,random,1,4,1,one_or_more_tile_stripes,8,dense,compressed_tlr,134217728,11927552,146145280,47710208,268435456,0.72216796875,1.074547,1.074547,0.5523855,0.5486,1.4127925000000001,1.402868,2.5576205385550494,2.557178271965002,9.1670708224e10,9.7710505984e10,6.181318681318682,176888.2528306771,778254.1511057001,false,0.558035;0.55525;0.5486;0.549521,,NVIDIA H100 80GB HBM3,1.12.6
workspace_tuning__20260803T194905.205Z__pid9032,20260803T194905.205Z,workspace_tuning,compressed,compressed_compressed__N8192__q8__skewed__r32-64__fp16__q8__w1,dense__N8192__fp16,compressed_compressed,8192,8,1024,8,skewed,b32_b16,32,64,42.6875,42.875,45.5,45.75,26,29,5,5,q8,fp16,Float16,fp32_accumulate,20260802,random,1,4,1,tlr_tlr_runs,1,compressed_tlr,compressed_tlr,11927552,11993088,23920640,49842560,268435456,0.27478933334350586,6.555562,6.555562,0.45826,0.432807,1.4127925000000001,1.402868,3.0829496355780566,3.2413246551003105,4.9676886016e10,5.3222309888e10,6.661537012318559,116139.98578972636,778254.1511057001,false,0.479607;0.432807;0.499507;0.436913,,NVIDIA H100 80GB HBM3,1.12.6
workspace_tuning__20260803T194905.205Z__pid9032,20260803T194905.205Z,workspace_tuning,compressed,compressed_compressed__N8192__q8__skewed__r32-64__fp16__q8__w2,dense__N8192__fp16,compressed_compressed,8192,8,1024,8,skewed,b32_b16,32,64,42.6875,42.875,45.5,45.75,26,29,5,5,q8,fp16,Float16,fp32_accumulate,20260802,random,1,4,1,tlr_tlr_runs,2,compressed_tlr,compressed_tlr,11927552,11993088,23920640,25112320,268435456,0.1826620101928711,7.35002,7.35002,0.36937200000000003,0.368211,1.4127925000000001,1.402868,3.824850015702327,3.8099567910790277,4.856958976e10,5.2014350336e10,6.622711912669653,140818.3358132181,778254.1511057001,false,0.370253;0.368491;0.368211;0.515641,,NVIDIA H100 80GB HBM3,1.12.6
workspace_tuning__20260803T194905.205Z__pid9032,20260803T194905.205Z,workspace_tuning,compressed,compressed_compressed__N8192__q8__skewed__r32-64__fp16__q8__w4,dense__N8192__fp16,compressed_compressed,8192,8,1024,8,skewed,b32_b16,32,64,42.6875,42.875,45.5,45.75,26,29,5,5,q8,fp16,Float16,fp32_accumulate,20260802,random,1,4,1,tlr_tlr_runs,4,compressed_tlr,compressed_tlr,11927552,11993088,23920640,12620032,268435456,0.1361246109008789,8.344868,8.344868,0.5291165,0.429072,1.4127925000000001,1.402868,2.6700972281151696,3.2695398441287242,4.7747506176e10,5.1141935104e10,6.637271196518547,96655.33980512798,778254.1511057001,false,0.513148;0.547769;0.429072;0.545085,,NVIDIA H100 80GB HBM3,1.12.6
workspace_tuning__20260803T194905.205Z__pid9032,20260803T194905.205Z,workspace_tuning,compressed,compressed_compressed__N8192__q8__skewed__r32-64__fp16__q8__w8,dense__N8192__fp16,compressed_compressed,8192,8,1024,8,skewed,b32_b16,32,64,42.6875,42.875,45.5,45.75,26,29,5,5,q8,fp16,Float16,fp32_accumulate,20260802,random,1,4,1,tlr_tlr_runs,8,compressed_tlr,compressed_tlr,11927552,11993088,23920640,6318080,268435456,0.11264801025390625,10.611176,10.611176,0.6465920000000001,0.590553,1.4127925000000001,1.402868,2.1849829567950114,2.37551583007791,4.781461504e10,5.1108380672e10,6.4446683473274415,79042.704939127,778254.1511057001,false,0.649451;0.590553;0.643733;0.65539,,NVIDIA H100 80GB HBM3,1.12.6
workspace_tuning__20260803T194905.205Z__pid9032,20260803T194905.205Z,workspace_tuning,compressed,compressed_compressed__N8192__q8__skewed__r32-64__fp16__q8__w16,dense__N8192__fp16,compressed_compressed,8192,8,1024,8,skewed,b32_b16,32,64,42.6875,42.875,45.5,45.75,26,29,5,5,q8,fp16,Float16,fp32_accumulate,20260802,random,1,4,1,tlr_tlr_runs,16,compressed_tlr,compressed_tlr,11927552,11993088,23920640,3347712,268435456,0.10158252716064453,15.848878,15.848878,0.775955,0.724594,1.4127925000000001,1.402868,1.8207144744218418,1.9360745465736675,4.7399378944e10,5.0806390784e10,6.70587260269025,65475.95000225528,778254.1511057001,false,0.759045;0.824233;0.792865;0.724594,,NVIDIA H100 80GB HBM3,1.12.6
workspace_tuning__20260803T194905.205Z__pid9032,20260803T194905.205Z,workspace_tuning,compressed,compressed_compressed__N8192__q8__skewed__r32-64__fp16__q8__w32,dense__N8192__fp16,compressed_compressed,8192,8,1024,8,skewed,b32_b16,32,64,42.6875,42.875,45.5,45.75,26,29,5,5,q8,fp16,Float16,fp32_accumulate,20260802,random,1,4,1,tlr_tlr_runs,32,compressed_tlr,compressed_tlr,11927552,11993088,23920640,1760768,268435456,0.09567070007324219,24.809878,24.809878,1.1355225,1.110601,1.4127925000000001,1.402868,1.2441783408078662,1.2631611172689383,4.7386796032e10,5.073928192e10,6.607278938802924,44683.642922090934,778254.1511057001,false,1.152544;1.133474;1.137571;1.110601,,NVIDIA H100 80GB HBM3,1.12.6
workspace_tuning__20260803T194905.205Z__pid9032,20260803T194905.205Z,workspace_tuning,compressed,compressed_compressed__N8192__q8__skewed__r32-64__fp16__q8__w64,dense__N8192__fp16,compressed_compressed,8192,8,1024,8,skewed,b32_b16,32,64,42.6875,42.875,45.5,45.75,26,29,5,5,q8,fp16,Float16,fp32_accumulate,20260802,random,1,4,1,tlr_tlr_runs,64,compressed_tlr,compressed_tlr,11927552,11993088,23920640,897536,268435456,0.09245491027832031,42.823774,42.823774,2.1147324999999997,2.096905,1.4127925000000001,1.402868,0.6680714936759142,0.6690183866221884,4.7082708992e10,5.0437292032e10,6.6509975156312535,23850.43594497177,778254.1511057001,false,2.116665;2.1128;2.096905;2.150516,,NVIDIA H100 80GB HBM3,1.12.6
workspace_tuning__20260803T194905.205Z__pid9032,20260803T194905.205Z,workspace_tuning,baseline,dense__N8192__fp32,dense__N8192__fp32,dense_dense,8192,,,,,,,,,,,,,,,,,fp32,Float32,fp32,20260802,random,1,4,0,none,0,dense,dense,268435456,268435456,536870912,0,536870912,1.0,,,21.420645,21.25301,21.420645,21.25301,1.0,1.0,1.099511627776e12,1.099511627776e12,0.0,51329.529422480045,51329.529422480045,false,21.25301;21.415031;21.426259;21.428121,21.25301;21.415031;21.426259;21.428121,NVIDIA H100 80GB HBM3,1.12.6
workspace_tuning__20260803T194905.205Z__pid9032,20260803T194905.205Z,workspace_tuning,compressed,compressed_dense__N8192__q16__skewed__r16-32__fp32__q8__w1,dense__N8192__fp32,compressed_dense,8192,16,512,16,skewed,b32_b16,16,32,21.046875,,23.96875,,17,,3,,q8,fp32,Float32,fp32,20260802,random,1,4,1,one_or_more_tile_stripes,1,compressed_tlr,dense,25133056,268435456,293568512,12566528,536870912,0.570220947265625,55.026379,55.026379,8.1121895,8.0988,21.420645,21.25301,2.640550371758451,2.624217167975502,9.0395639808e10,1.02944997376e11,12.190352020860496,12690.161808473535,51329.529422480045,false,8.106741;8.117638;8.0988;8.144798,,NVIDIA H100 80GB HBM3,1.12.6
workspace_tuning__20260803T194905.205Z__pid9032,20260803T194905.205Z,workspace_tuning,compressed,compressed_dense__N8192__q16__skewed__r16-32__fp32__q8__w2,dense__N8192__fp32,compressed_dense,8192,16,512,16,skewed,b32_b16,16,32,21.046875,,23.96875,,17,,3,,q8,fp32,Float32,fp32,20260802,random,1,4,1,one_or_more_tile_stripes,2,compressed_tlr,dense,25133056,268435456,293568512,25133056,536870912,0.5936279296875,27.721131,27.721131,7.9559815,7.942466,21.420645,21.25301,2.6923950237943615,2.67587044124583,9.0395639808e10,1.02944997376e11,12.190352020860496,12939.320858903455,51329.529422480045,false,7.947624;7.942466;7.964339;7.975295,,NVIDIA H100 80GB HBM3,1.12.6
workspace_tuning__20260803T194905.205Z__pid9032,20260803T194905.205Z,workspace_tuning,compressed,compressed_dense__N8192__q16__skewed__r16-32__fp32__q8__w4,dense__N8192__fp32,compressed_dense,8192,16,512,16,skewed,b32_b16,16,32,21.046875,,23.96875,,17,,3,,q8,fp32,Float32,fp32,20260802,random,1,4,1,one_or_more_tile_stripes,4,compressed_tlr,dense,25133056,268435456,293568512,50266112,536870912,0.64044189453125,14.004972,14.004972,7.870444,7.862267,21.420645,21.25301,2.721656491044216,2.7031656391216425,9.0395639808e10,1.02944997376e11,12.190352020860496,13079.947888073404,51329.529422480045,false,7.874906;7.865982;7.862267;7.901064,,NVIDIA H100 80GB HBM3,1.12.6
workspace_tuning__20260803T194905.205Z__pid9032,20260803T194905.205Z,workspace_tuning,compressed,compressed_dense__N8192__q16__skewed__r16-32__fp32__q8__w8,dense__N8192__fp32,compressed_dense,8192,16,512,16,skewed,b32_b16,16,32,21.046875,,23.96875,,17,,3,,q8,fp32,Float32,fp32,20260802,random,1,4,1,one_or_more_tile_stripes,8,compressed_tlr,dense,25133056,268435456,293568512,100532224,536870912,0.73406982421875,7.128288,7.128288,7.742227,7.736368,21.420645,21.25301,2.7667291336200814,2.7471560298062347,9.0395639808e10,1.02944997376e11,12.190352020860496,13296.561490124224,51329.529422480045,false,7.740915;7.736368;7.743539;7.757049,,NVIDIA H100 80GB HBM3,1.12.6
workspace_tuning__20260803T194905.205Z__pid9032,20260803T194905.205Z,workspace_tuning,compressed,compressed_dense__N8192__q16__skewed__r16-32__fp32__q8__w16,dense__N8192__fp32,compressed_dense,8192,16,512,16,skewed,b32_b16,16,32,21.046875,,23.96875,,17,,3,,q8,fp32,Float32,fp32,20260802,random,1,4,1,one_or_more_tile_stripes,16,compressed_tlr,dense,25133056,268435456,293568512,201064448,536870912,0.92132568359375,3.586343,3.586343,7.652638,7.649318,21.420645,21.25301,2.7991190750170074,2.778418938786438,9.0395639808e10,1.02944997376e11,12.190352020860496,13452.223583031106,51329.529422480045,false,7.649318;7.649939;7.656468;7.655337,,NVIDIA H100 80GB HBM3,1.12.6
workspace_tuning__20260803T194905.205Z__pid9032,20260803T194905.205Z,workspace_tuning,compressed,dense_compressed__N8192__q16__skewed__r16-32__fp32__q8__w1,dense__N8192__fp32,dense_compressed,8192,16,512,16,skewed,b32_b16,16,32,,21.046875,,23.96875,,17,,3,q8,fp32,Float32,fp32,20260802,random,1,4,1,one_or_more_tile_stripes,1,dense,compressed_tlr,268435456,25133056,293568512,12566528,536870912,0.570220947265625,52.991747,52.991747,7.281984,7.280386,21.420645,21.25301,2.9415946258602053,2.9192147229556236,9.0395639808e10,1.02944997376e11,12.190352020860496,14136.943637338396,51329.529422480045,false,7.28249;7.281478;7.280386;7.308458,,NVIDIA H100 80GB HBM3,1.12.6
workspace_tuning__20260803T194905.205Z__pid9032,20260803T194905.205Z,workspace_tuning,compressed,dense_compressed__N8192__q16__skewed__r16-32__fp32__q8__w2,dense__N8192__fp32,dense_compressed,8192,16,512,16,skewed,b32_b16,16,32,,21.046875,,23.96875,,17,,3,q8,fp32,Float32,fp32,20260802,random,1,4,1,one_or_more_tile_stripes,2,dense,compressed_tlr,268435456,25133056,293568512,25133056,536870912,0.5936279296875,26.678301,26.678301,7.012366,6.997883,21.420645,21.25301,3.0546958045258905,3.0370627802722625,9.0395639808e10,1.02944997376e11,12.190352020860496,14680.494055216172,51329.529422480045,false,7.012346;7.012386;6.997883;7.036441,,NVIDIA H100 80GB HBM3,1.12.6
workspace_tuning__20260803T194905.205Z__pid9032,20260803T194905.205Z,workspace_tuning,compressed,dense_compressed__N8192__q16__skewed__r16-32__fp32__q8__w4,dense__N8192__fp32,dense_compressed,8192,16,512,16,skewed,b32_b16,16,32,,21.046875,,23.96875,,17,,3,q8,fp32,Float32,fp32,20260802,random,1,4,1,one_or_more_tile_stripes,4,dense,compressed_tlr,268435456,25133056,293568512,50266112,536870912,0.64044189453125,13.31533,13.31533,6.872847,6.855901,21.420645,21.25301,3.1167062208717873,3.0999587071050176,9.0395639808e10,1.02944997376e11,12.190352020860496,14978.508524342242,51329.529422480045,false,6.874149;6.855901;6.871545;6.890934,,NVIDIA H100 80GB HBM3,1.12.6
workspace_tuning__20260803T194905.205Z__pid9032,20260803T194905.205Z,workspace_tuning,compressed,dense_compressed__N8192__q16__skewed__r16-32__fp32__q8__w8,dense__N8192__fp32,dense_compressed,8192,16,512,16,skewed,b32_b16,16,32,,21.046875,,23.96875,,17,,3,q8,fp32,Float32,fp32,20260802,random,1,4,1,one_or_more_tile_stripes,8,dense,compressed_tlr,268435456,25133056,293568512,100532224,536870912,0.73406982421875,6.656564,6.656564,6.7157219999999995,6.705737,21.420645,21.25301,3.1896265211692802,3.1693772064129564,9.0395639808e10,1.02944997376e11,12.190352020860496,15328.954560060707,51329.529422480045,false,6.705737;6.723344;6.720449;6.710995,,NVIDIA H100 80GB HBM3,1.12.6
workspace_tuning__20260803T194905.205Z__pid9032,20260803T194905.205Z,workspace_tuning,compressed,dense_compressed__N8192__q16__skewed__r16-32__fp32__q8__w16,dense__N8192__fp32,dense_compressed,8192,16,512,16,skewed,b32_b16,16,32,,21.046875,,23.96875,,17,,3,q8,fp32,Float32,fp32,20260802,random,1,4,1,one_or_more_tile_stripes,16,dense,compressed_tlr,268435456,25133056,293568512,201064448,536870912,0.92132568359375,3.285994,3.285994,6.6259175,6.609623,21.420645,21.25301,3.232857185438847,3.21546478520787,9.0395639808e10,1.02944997376e11,12.190352020860496,15536.715839881797,51329.529422480045,false,6.629243;6.641481;6.622592;6.609623,,NVIDIA H100 80GB HBM3,1.12.6
workspace_tuning__20260803T194905.205Z__pid9032,20260803T194905.205Z,workspace_tuning,compressed,compressed_compressed__N8192__q16__skewed__r16-32__fp32__q8__w1,dense__N8192__fp32,compressed_compressed,8192,16,512,16,skewed,b32_b16,16,32,21.046875,21.0390625,23.96875,24.0,17,17,3,3,q8,fp32,Float32,fp32,20260802,random,1,4,1,tlr_tlr_runs,1,compressed_tlr,compressed_tlr,25133056,25165824,50298880,210491648,536870912,0.4857602119445801,52.837327,52.837327,1.923261,1.915074,21.420645,21.25301,11.137669302294384,11.097748703183271,4.8912521216e10,5.6299225088e10,13.120436134696376,29272.79505381745,51329.529422480045,false,1.933562;1.929365;1.915074;1.917157,,NVIDIA H100 80GB HBM3,1.12.6
workspace_tuning__20260803T194905.205Z__pid9032,20260803T194905.205Z,workspace_tuning,compressed,compressed_compressed__N8192__q16__skewed__r16-32__fp32__q8__w2,dense__N8192__fp32,compressed_compressed,8192,16,512,16,skewed,b32_b16,16,32,21.046875,21.0390625,23.96875,24.0,17,17,3,3,q8,fp32,Float32,fp32,20260802,random,1,4,1,tlr_tlr_runs,2,compressed_tlr,compressed_tlr,25133056,25165824,50298880,105436928,536870912,0.29008054733276367,44.797985,44.797985,2.0287785,2.027592,21.420645,21.25301,10.558395113118559,10.481896752403838,4.8694417408e10,5.6030789632e10,13.093465703738879,27617.992615753767,51329.529422480045,false,2.033381;2.027592;2.028373;2.029184,,NVIDIA H100 80GB HBM3,1.12.6
workspace_tuning__20260803T194905.205Z__pid9032,20260803T194905.205Z,workspace_tuning,compressed,compressed_compressed__N8192__q16__skewed__r16-32__fp32__q8__w4,dense__N8192__fp32,compressed_compressed,8192,16,512,16,skewed,b32_b16,16,32,21.046875,21.0390625,23.96875,24.0,17,17,3,3,q8,fp32,Float32,fp32,20260802,random,1,4,1,tlr_tlr_runs,4,compressed_tlr,compressed_tlr,25133056,25165824,50298880,52799488,536870912,0.19203567504882812,47.515339,47.515339,2.1476015,2.141572,21.420645,21.25301,9.97421774942884,9.924023100787645,4.8291764224e10,5.5628136448e10,13.188240146886612,25902.44812550187,51329.529422480045,false,2.158348;2.142454;2.152749;2.141572,,NVIDIA H100 80GB HBM3,1.12.6
workspace_tuning__20260803T194905.205Z__pid9032,20260803T194905.205Z,workspace_tuning,compressed,compressed_compressed__N8192__q16__skewed__r16-32__fp32__q8__w8,dense__N8192__fp32,compressed_compressed,8192,16,512,16,skewed,b32_b16,16,32,21.046875,21.0390625,23.96875,24.0,17,17,3,3,q8,fp32,Float32,fp32,20260802,random,1,4,1,tlr_tlr_runs,8,compressed_tlr,compressed_tlr,25133056,25165824,50298880,26418944,536870912,0.1428980827331543,52.595976,52.595976,2.5462925,2.538355,21.420645,21.25301,8.412484033158014,8.372749280537986,4.7981385728e10,5.5292592128e10,13.222759358206373,21714.941283454278,51329.529422480045,false,2.557304;2.545647;2.546938;2.538355,,NVIDIA H100 80GB HBM3,1.12.6
workspace_tuning__20260803T194905.205Z__pid9032,20260803T194905.205Z,workspace_tuning,compressed,compressed_compressed__N8192__q16__skewed__r16-32__fp32__q8__w16,dense__N8192__fp32,compressed_compressed,8192,16,512,16,skewed,b32_b16,16,32,21.046875,21.0390625,23.96875,24.0,17,17,3,3,q8,fp32,Float32,fp32,20260802,random,1,4,1,tlr_tlr_runs,16,compressed_tlr,compressed_tlr,25133056,25165824,50298880,13235200,536870912,0.11834144592285156,59.110917,59.110917,3.3220270000000003,3.316139,21.420645,21.25301,6.448064690624127,6.408962350492545,4.7657375744e10,5.4889938944e10,13.176482501426774,16523.026135549168,51329.529422480045,false,3.33045;3.326514;3.316139;3.31754,,NVIDIA H100 80GB HBM3,1.12.6
workspace_tuning__20260803T194905.205Z__pid9032,20260803T194905.205Z,workspace_tuning,compressed,compressed_compressed__N8192__q16__skewed__r16-32__fp32__q8__w32,dense__N8192__fp32,compressed_compressed,8192,16,512,16,skewed,b32_b16,16,32,21.046875,21.0390625,23.96875,24.0,17,17,3,3,q8,fp32,Float32,fp32,20260802,random,1,4,1,tlr_tlr_runs,32,compressed_tlr,compressed_tlr,25133056,25165824,50298880,6755584,536870912,0.10627222061157227,69.570067,69.570067,5.4573505,5.430971,21.420645,21.25301,3.925099734752239,3.9132983770305527,4.7609141248e10,5.482283008e10,13.158183956343466,10045.686103540536,51329.529422480045,false,5.562217;5.430971;5.461547;5.453154,,NVIDIA H100 80GB HBM3,1.12.6
workspace_tuning__20260803T194905.205Z__pid9032,20260803T194905.205Z,workspace_tuning,compressed,compressed_compressed__N8192__q16__skewed__r16-32__fp32__q8__w64,dense__N8192__fp32,compressed_compressed,8192,16,512,16,skewed,b32_b16,16,32,21.046875,21.0390625,23.96875,24.0,17,17,3,3,q8,fp32,Float32,fp32,20260802,random,1,4,1,tlr_tlr_runs,64,compressed_tlr,compressed_tlr,25133056,25165824,50298880,3413504,536870912,0.10004711151123047,175.472891,175.472891,7.787539499999999,7.77138,21.420645,21.25301,2.7506306709583948,2.734779408547774,4.757453824e10,5.4806052864e10,13.194737161504483,7037.659695209251,51329.529422480045,false,7.788646;7.80439;7.786433;7.77138,,NVIDIA H100 80GB HBM3,1.12.6
workspace_tuning__20260803T194905.205Z__pid9032,20260803T194905.205Z,workspace_tuning,compressed,compressed_dense__N8192__q8__skewed__r32-64__fp32__q8__w1,dense__N8192__fp32,compressed_dense,8192,8,1024,8,skewed,b32_b16,32,64,42.6875,,45.5,,26,,5,,q8,fp32,Float32,fp32,20260802,random,1,4,1,one_or_more_tile_stripes,1,compressed_tlr,dense,23855104,268435456,292290560,11927552,536870912,0.566650390625,13.086438,13.086438,4.7274545,4.72192,21.420645,21.25301,4.53111605833541,4.50092547099485,9.1670708224e10,9.7710505984e10,6.181318681318682,20668.735359377864,51329.529422480045,false,4.730965;4.723944;4.731495;4.72192,,NVIDIA H100 80GB HBM3,1.12.6
workspace_tuning__20260803T194905.205Z__pid9032,20260803T194905.205Z,workspace_tuning,compressed,compressed_dense__N8192__q8__skewed__r32-64__fp32__q8__w2,dense__N8192__fp32,compressed_dense,8192,8,1024,8,skewed,b32_b16,32,64,42.6875,,45.5,,26,,5,,q8,fp32,Float32,fp32,20260802,random,1,4,1,one_or_more_tile_stripes,2,compressed_tlr,dense,23855104,268435456,292290560,23855104,536870912,0.5888671875,4.416985,4.416985,4.58146,4.570754,21.420645,21.25301,4.675506279657577,4.649782070966847,9.1670708224e10,9.7710505984e10,6.181318681318682,21327.37293002667,51329.529422480045,false,4.600369;4.586578;4.570754;4.576342,,NVIDIA H100 80GB HBM3,1.12.6
workspace_tuning__20260803T194905.205Z__pid9032,20260803T194905.205Z,workspace_tuning,compressed,compressed_dense__N8192__q8__skewed__r32-64__fp32__q8__w4,dense__N8192__fp32,compressed_dense,8192,8,1024,8,skewed,b32_b16,32,64,42.6875,,45.5,,26,,5,,q8,fp32,Float32,fp32,20260802,random,1,4,1,one_or_more_tile_stripes,4,compressed_tlr,dense,23855104,268435456,292290560,47710208,536870912,0.63330078125,3.133375,3.133375,4.5482415,4.539208,21.420645,21.25301,4.709654269677633,4.682096524327592,9.1670708224e10,9.7710505984e10,6.181318681318682,21483.139359244666,51329.529422480045,false,4.550414;4.539208;4.547751;4.548732,,NVIDIA H100 80GB HBM3,1.12.6
workspace_tuning__20260803T194905.205Z__pid9032,20260803T194905.205Z,workspace_tuning,compressed,compressed_dense__N8192__q8__skewed__r32-64__fp32__q8__w8,dense__N8192__fp32,compressed_dense,8192,8,1024,8,skewed,b32_b16,32,64,42.6875,,45.5,,26,,5,,q8,fp32,Float32,fp32,20260802,random,1,4,1,one_or_more_tile_stripes,8,compressed_tlr,dense,23855104,268435456,292290560,95420416,536870912,0.72216796875,1.195928,1.195928,4.520675,4.508341,21.420645,21.25301,4.738373141179139,4.71415316631994,9.1670708224e10,9.7710505984e10,6.181318681318682,21614.14080507889,51329.529422480045,false,4.508341;4.521311;4.522833;4.520039,,NVIDIA H100 80GB HBM3,1.12.6
workspace_tuning__20260803T194905.205Z__pid9032,20260803T194905.205Z,workspace_tuning,compressed,dense_compressed__N8192__q8__skewed__r32-64__fp32__q8__w1,dense__N8192__fp32,dense_compressed,8192,8,1024,8,skewed,b32_b16,32,64,,42.6875,,45.5,,26,,5,q8,fp32,Float32,fp32,20260802,random,1,4,1,one_or_more_tile_stripes,1,dense,compressed_tlr,268435456,23855104,292290560,11927552,536870912,0.566650390625,8.530646,8.530646,4.0980325,4.091208,21.420645,21.25301,5.227055910366743,5.194800655454331,9.1670708224e10,9.7710505984e10,6.181318681318682,23843.272590932353,51329.529422480045,false,4.100321;4.118459;4.095744;4.091208,,NVIDIA H100 80GB HBM3,1.12.6
workspace_tuning__20260803T194905.205Z__pid9032,20260803T194905.205Z,workspace_tuning,compressed,dense_compressed__N8192__q8__skewed__r32-64__fp32__q8__w2,dense__N8192__fp32,dense_compressed,8192,8,1024,8,skewed,b32_b16,32,64,,42.6875,,45.5,,26,,5,q8,fp32,Float32,fp32,20260802,random,1,4,1,one_or_more_tile_stripes,2,dense,compressed_tlr,268435456,23855104,292290560,23855104,536870912,0.5888671875,4.445087,4.445087,3.9410775,3.927713,21.420645,21.25301,5.435225518909486,5.4110394522206695,9.1670708224e10,9.7710505984e10,6.181318681318682,24792.84053257009,51329.529422480045,false,3.944788;3.956556;3.927713;3.937367,,NVIDIA H100 80GB HBM3,1.12.6
workspace_tuning__20260803T194905.205Z__pid9032,20260803T194905.205Z,workspace_tuning,compressed,dense_compressed__N8192__q8__skewed__r32-64__fp32__q8__w4,dense__N8192__fp32,dense_compressed,8192,8,1024,8,skewed,b32_b16,32,64,,42.6875,,45.5,,26,,5,q8,fp32,Float32,fp32,20260802,random,1,4,1,one_or_more_tile_stripes,4,dense,compressed_tlr,268435456,23855104,292290560,47710208,536870912,0.63330078125,2.056124,2.056124,3.8655454999999996,3.860833,21.420645,21.25301,5.541428758243824,5.504773192728098,9.1670708224e10,9.7710505984e10,6.181318681318682,25277.287768052403,51329.529422480045,false,3.871489;3.860833;3.866802;3.864289,,NVIDIA H100 80GB HBM3,1.12.6
workspace_tuning__20260803T194905.205Z__pid9032,20260803T194905.205Z,workspace_tuning,compressed,dense_compressed__N8192__q8__skewed__r32-64__fp32__q8__w8,dense__N8192__fp32,dense_compressed,8192,8,1024,8,skewed,b32_b16,32,64,,42.6875,,45.5,,26,,5,q8,fp32,Float32,fp32,20260802,random,1,4,1,one_or_more_tile_stripes,8,dense,compressed_tlr,268435456,23855104,292290560,95420416,536870912,0.72216796875,1.091082,1.091082,3.8226855,3.819532,21.420645,21.25301,5.603559330214322,5.564296882445284,9.1670708224e10,9.7710505984e10,6.181318681318682,25560.69705028049,51329.529422480045,false,3.822075;3.827453;3.823296;3.819532,,NVIDIA H100 80GB HBM3,1.12.6
workspace_tuning__20260803T194905.205Z__pid9032,20260803T194905.205Z,workspace_tuning,compressed,compressed_compressed__N8192__q8__skewed__r32-64__fp32__q8__w1,dense__N8192__fp32,compressed_compressed,8192,8,1024,8,skewed,b32_b16,32,64,42.6875,42.875,45.5,45.75,26,29,5,5,q8,fp32,Float32,fp32,20260802,random,1,4,1,tlr_tlr_runs,1,compressed_tlr,compressed_tlr,23855104,23986176,47841280,99685120,536870912,0.27478933334350586,6.350596,6.350596,1.5434935,1.540033,21.420645,21.25301,13.878027345110297,13.800360122153226,4.9676886016e10,5.3222309888e10,6.661537012318559,34481.71948116399,51329.529422480045,false,1.550058;1.544971;1.542016;1.540033,,NVIDIA H100 80GB HBM3,1.12.6
workspace_tuning__20260803T194905.205Z__pid9032,20260803T194905.205Z,workspace_tuning,compressed,compressed_compressed__N8192__q8__skewed__r32-64__fp32__q8__w2,dense__N8192__fp32,compressed_compressed,8192,8,1024,8,skewed,b32_b16,32,64,42.6875,42.875,45.5,45.75,26,29,5,5,q8,fp32,Float32,fp32,20260802,random,1,4,1,tlr_tlr_runs,2,compressed_tlr,compressed_tlr,23855104,23986176,47841280,50224640,536870912,0.1826620101928711,7.506254,7.506254,1.6285695,1.622476,21.420645,21.25301,13.153043207551168,13.099121342935119,4.856958976e10,5.2014350336e10,6.622711912669653,31938.67399334201,51329.529422480045,false,1.628905;1.629196;1.622476;1.628234,,NVIDIA H100 80GB HBM3,1.12.6
workspace_tuning__20260803T194905.205Z__pid9032,20260803T194905.205Z,workspace_tuning,compressed,compressed_compressed__N8192__q8__skewed__r32-64__fp32__q8__w4,dense__N8192__fp32,compressed_compressed,8192,8,1024,8,skewed,b32_b16,32,64,42.6875,42.875,45.5,45.75,26,29,5,5,q8,fp32,Float32,fp32,20260802,random,1,4,1,tlr_tlr_runs,4,compressed_tlr,compressed_tlr,23855104,23986176,47841280,25240064,536870912,0.1361246109008789,8.336766,8.336766,1.970111,1.961683,21.420645,21.25301,10.872811227387697,10.834069520916477,4.7747506176e10,5.1141935104e10,6.637271196518547,25958.91048981504,51329.529422480045,false,1.984538;1.963576;1.976646;1.961683,,NVIDIA H100 80GB HBM3,1.12.6
workspace_tuning__20260803T194905.205Z__pid9032,20260803T194905.205Z,workspace_tuning,compressed,compressed_compressed__N8192__q8__skewed__r32-64__fp32__q8__w8,dense__N8192__fp32,compressed_compressed,8192,8,1024,8,skewed,b32_b16,32,64,42.6875,42.875,45.5,45.75,26,29,5,5,q8,fp32,Float32,fp32,20260802,random,1,4,1,tlr_tlr_runs,8,compressed_tlr,compressed_tlr,23855104,23986176,47841280,12636160,536870912,0.11264801025390625,10.739889,10.739889,2.519412,2.512087,21.420645,21.25301,8.502239808336231,8.460300140878878,4.781461504e10,5.1108380672e10,6.4446683473274415,20285.836803190585,51329.529422480045,false,2.512087;2.519056;2.519768;2.521861,,NVIDIA H100 80GB HBM3,1.12.6
workspace_tuning__20260803T194905.205Z__pid9032,20260803T194905.205Z,workspace_tuning,compressed,compressed_compressed__N8192__q8__skewed__r32-64__fp32__q8__w16,dense__N8192__fp32,compressed_compressed,8192,8,1024,8,skewed,b32_b16,32,64,42.6875,42.875,45.5,45.75,26,29,5,5,q8,fp32,Float32,fp32,20260802,random,1,4,1,tlr_tlr_runs,16,compressed_tlr,compressed_tlr,23855104,23986176,47841280,6695424,536870912,0.10158252716064453,15.448801,15.448801,3.632672,3.619683,21.420645,21.25301,5.896663667955709,5.871511400307706,4.7399378944e10,5.0806390784e10,6.70587260269025,13985.956008139463,51329.529422480045,false,3.619683;3.675165;3.635947;3.629397,,NVIDIA H100 80GB HBM3,1.12.6
workspace_tuning__20260803T194905.205Z__pid9032,20260803T194905.205Z,workspace_tuning,compressed,compressed_compressed__N8192__q8__skewed__r32-64__fp32__q8__w32,dense__N8192__fp32,compressed_compressed,8192,8,1024,8,skewed,b32_b16,32,64,42.6875,42.875,45.5,45.75,26,29,5,5,q8,fp32,Float32,fp32,20260802,random,1,4,1,tlr_tlr_runs,32,compressed_tlr,compressed_tlr,23855104,23986176,47841280,3521536,536870912,0.09567070007324219,25.004959,25.004959,6.466855,6.454211,21.420645,21.25301,3.3123744076525607,3.2928904865366193,4.7386796032e10,5.073928192e10,6.607278938802924,7846.052203118827,51329.529422480045,false,6.476995;6.472909;6.460801;6.454211,,NVIDIA H100 80GB HBM3,1.12.6
workspace_tuning__20260803T194905.205Z__pid9032,20260803T194905.205Z,workspace_tuning,compressed,compressed_compressed__N8192__q8__skewed__r32-64__fp32__q8__w64,dense__N8192__fp32,compressed_compressed,8192,8,1024,8,skewed,b32_b16,32,64,42.6875,42.875,45.5,45.75,26,29,5,5,q8,fp32,Float32,fp32,20260802,random,1,4,1,tlr_tlr_runs,64,compressed_tlr,compressed_tlr,23855104,23986176,47841280,1795072,536870912,0.09245491027832031,197.967989,197.967989,10.395945000000001,10.357508,21.420645,21.25301,2.060480793232361,2.0519424170369938,4.7082708992e10,5.0437292032e10,6.6509975156312535,4851.631288160912,51329.529422480045,false,10.357508;10.382625;10.409265;10.425619,,NVIDIA H100 80GB HBM3,1.12.6
workspace_tuning__20260803T194905.205Z__pid9032,20260803T194905.205Z,workspace_tuning,baseline,dense__N8192__tf32,dense__N8192__tf32,dense_dense,8192,,,,,,,,,,,,,,,,,tf32,Float32,tf32,20260802,random,1,4,0,none,0,dense,dense,268435456,268435456,536870912,0,536870912,1.0,,,2.6196725,2.614189,2.6196725,2.614189,1.0,1.0,1.099511627776e12,1.099511627776e12,0.0,419713.3908059118,419713.3908059118,false,2.614189;2.621821;2.617524;2.627289,2.614189;2.621821;2.617524;2.627289,NVIDIA H100 80GB HBM3,1.12.6
workspace_tuning__20260803T194905.205Z__pid9032,20260803T194905.205Z,workspace_tuning,compressed,compressed_dense__N8192__q16__skewed__r16-32__tf32__q8__w1,dense__N8192__tf32,compressed_dense,8192,16,512,16,skewed,b32_b16,16,32,21.046875,,23.96875,,17,,3,,q8,tf32,Float32,tf32,20260802,random,1,4,1,one_or_more_tile_stripes,1,compressed_tlr,dense,25133056,268435456,293568512,12566528,536870912,0.570220947265625,60.501457,60.501457,2.041042,2.031218,2.6196725,2.614189,1.2834975958358525,1.2870056291348344,9.0395639808e10,1.02944997376e11,12.190352020860496,50437.47133865937,419713.3908059118,false,2.043706;2.048614;2.038378;2.031218,,NVIDIA H100 80GB HBM3,1.12.6
workspace_tuning__20260803T194905.205Z__pid9032,20260803T194905.205Z,workspace_tuning,compressed,compressed_dense__N8192__q16__skewed__r16-32__tf32__q8__w2,dense__N8192__tf32,compressed_dense,8192,16,512,16,skewed,b32_b16,16,32,21.046875,,23.96875,,17,,3,,q8,tf32,Float32,tf32,20260802,random,1,4,1,one_or_more_tile_stripes,2,compressed_tlr,dense,25133056,268435456,293568512,25133056,536870912,0.5936279296875,28.130544,28.130544,1.9427595,1.934262,2.6196725,2.614189,1.3484286140410071,1.3515175296831556,9.0395639808e10,1.02944997376e11,12.190352020860496,52989.05879806533,419713.3908059118,false,1.954292;1.948904;1.934262;1.936615,,NVIDIA H100 80GB HBM3,1.12.6
workspace_tuning__20260803T194905.205Z__pid9032,20260803T194905.205Z,workspace_tuning,compressed,compressed_dense__N8192__q16__skewed__r16-32__tf32__q8__w4,dense__N8192__tf32,compressed_dense,8192,16,512,16,skewed,b32_b16,16,32,21.046875,,23.96875,,17,,3,,q8,tf32,Float32,tf32,20260802,random,1,4,1,one_or_more_tile_stripes,4,compressed_tlr,dense,25133056,268435456,293568512,50266112,536870912,0.64044189453125,13.780475,13.780475,1.934663,1.919169,2.6196725,2.614189,1.3540717427272864,1.3621463247895313,9.0395639808e10,1.02944997376e11,12.190352020860496,53210.81623828026,419713.3908059118,false,1.937487;1.933491;1.935835;1.919169,,NVIDIA H100 80GB HBM3,1.12.6
workspace_tuning__20260803T194905.205Z__pid9032,20260803T194905.205Z,workspace_tuning,compressed,compressed_dense__N8192__q16__skewed__r16-32__tf32__q8__w8,dense__N8192__tf32,compressed_dense,8192,16,512,16,skewed,b32_b16,16,32,21.046875,,23.96875,,17,,3,,q8,tf32,Float32,tf32,20260802,random,1,4,1,one_or_more_tile_stripes,8,compressed_tlr,dense,25133056,268435456,293568512,100532224,536870912,0.73406982421875,7.078935,7.078935,1.9189645,1.905298,2.6196725,2.614189,1.3651490165659657,1.3720630578523676,9.0395639808e10,1.02944997376e11,12.190352020860496,53646.11871454631,419713.3908059118,false,1.915915;1.922014;1.92572;1.905298,,NVIDIA H100 80GB HBM3,1.12.6
workspace_tuning__20260803T194905.205Z__pid9032,20260803T194905.205Z,workspace_tuning,compressed,compressed_dense__N8192__q16__skewed__r16-32__tf32__q8__w16,dense__N8192__tf32,compressed_dense,8192,16,512,16,skewed,b32_b16,16,32,21.046875,,23.96875,,17,,3,,q8,tf32,Float32,tf32,20260802,random,1,4,1,one_or_more_tile_stripes,16,compressed_tlr,dense,25133056,268435456,293568512,201064448,536870912,0.92132568359375,3.566322,3.566322,1.9571815,1.943546,2.6196725,2.614189,1.3384923677236884,1.345061552440745,9.0395639808e10,1.02944997376e11,12.190352020860496,52598.5951614605,419713.3908059118,false,1.96613;1.964337;1.950026;1.943546,,NVIDIA H100 80GB HBM3,1.12.6
workspace_tuning__20260803T194905.205Z__pid9032,20260803T194905.205Z,workspace_tuning,compressed,dense_compressed__N8192__q16__skewed__r16-32__tf32__q8__w1,dense__N8192__tf32,dense_compressed,8192,16,512,16,skewed,b32_b16,16,32,,21.046875,,23.96875,,17,,3,q8,tf32,Float32,tf32,20260802,random,1,4,1,one_or_more_tile_stripes,1,dense,compressed_tlr,268435456,25133056,293568512,12566528,536870912,0.570220947265625,52.870527,52.870527,2.033566,2.023505,2.6196725,2.614189,1.2882161188768892,1.2919113123021688,9.0395639808e10,1.02944997376e11,12.190352020860496,50622.894647137095,419713.3908059118,false,2.036916;2.040431;2.023505;2.030216,,NVIDIA H100 80GB HBM3,1.12.6
workspace_tuning__20260803T194905.205Z__pid9032,20260803T194905.205Z,workspace_tuning,compressed,dense_compressed__N8192__q16__skewed__r16-32__tf32__q8__w2,dense__N8192__tf32,dense_compressed,8192,16,512,16,skewed,b32_b16,16,32,,21.046875,,23.96875,,17,,3,q8,tf32,Float32,tf32,20260802,random,1,4,1,one_or_more_tile_stripes,2,dense,compressed_tlr,268435456,25133056,293568512,25133056,536870912,0.5936279296875,26.566645,26.566645,1.9345825,1.929345,2.6196725,2.614189,1.3541280870678816,1.3549619171273153,9.0395639808e10,1.02944997376e11,12.190352020860496,53213.030395963986,419713.3908059118,false,1.939901;1.929685;1.93948;1.929345,,NVIDIA H100 80GB HBM3,1.12.6
workspace_tuning__20260803T194905.205Z__pid9032,20260803T194905.205Z,workspace_tuning,compressed,dense_compressed__N8192__q16__skewed__r16-32__tf32__q8__w4,dense__N8192__tf32,dense_compressed,8192,16,512,16,skewed,b32_b16,16,32,,21.046875,,23.96875,,17,,3,q8,tf32,Float32,tf32,20260802,random,1,4,1,one_or_more_tile_stripes,4,dense,compressed_tlr,268435456,25133056,293568512,50266112,536870912,0.64044189453125,13.236903,13.236903,1.9116485,1.900301,2.6196725,2.614189,1.3703735283970877,1.3756710121186064,9.0395639808e10,1.02944997376e11,12.190352020860496,53851.425811805886,419713.3908059118,false,1.91265;1.913942;1.910647;1.900301,,NVIDIA H100 80GB HBM3,1.12.6
workspace_tuning__20260803T194905.205Z__pid9032,20260803T194905.205Z,workspace_tuning,compressed,dense_compressed__N8192__q16__skewed__r16-32__tf32__q8__w8,dense__N8192__tf32,dense_compressed,8192,16,512,16,skewed,b32_b16,16,32,,21.046875,,23.96875,,17,,3,q8,tf32,Float32,tf32,20260802,random,1,4,1,one_or_more_tile_stripes,8,dense,compressed_tlr,268435456,25133056,293568512,100532224,536870912,0.73406982421875,7.160618,7.160618,1.882545,1.876987,2.6196725,2.614189,1.3915590331174024,1.3927581810635876,9.0395639808e10,1.02944997376e11,12.190352020860496,54683.95038418737,419713.3908059118,false,1.886731;1.876987;1.893801;1.878359,,NVIDIA H100 80GB HBM3,1.12.6
workspace_tuning__20260803T194905.205Z__pid9032,20260803T194905.205Z,workspace_tuning,compressed,dense_compressed__N8192__q16__skewed__r16-32__tf32__q8__w16,dense__N8192__tf32,dense_compressed,8192,16,512,16,skewed,b32_b16,16,32,,21.046875,,23.96875,,17,,3,q8,tf32,Float32,tf32,20260802,random,1,4,1,one_or_more_tile_stripes,16,dense,compressed_tlr,268435456,25133056,293568512,201064448,536870912,0.92132568359375,3.416248,3.416248,1.8832955,1.875364,2.6196725,2.614189,1.3910044918601463,1.3939635185489323,9.0395639808e10,1.02944997376e11,12.190352020860496,54662.15863416017,419713.3908059118,false,1.88604;1.883526;1.883065;1.875364,,NVIDIA H100 80GB HBM3,1.12.6
workspace_tuning__20260803T194905.205Z__pid9032,20260803T194905.205Z,workspace_tuning,compressed,compressed_compressed__N8192__q16__skewed__r16-32__tf32__q8__w1,dense__N8192__tf32,compressed_compressed,8192,16,512,16,skewed,b32_b16,16,32,21.046875,21.0390625,23.96875,24.0,17,17,3,3,q8,tf32,Float32,tf32,20260802,random,1,4,1,tlr_tlr_runs,1,compressed_tlr,compressed_tlr,25133056,25165824,50298880,210491648,536870912,0.4857602119445801,43.29597,43.29597,0.731193,0.725355,2.6196725,2.614189,3.582737389444374,3.604013207326068,4.8912521216e10,5.6299225088e10,13.120436134696376,76996.3950530161,419713.3908059118,false,0.732595;0.729791;0.733817;0.725355,,NVIDIA H100 80GB HBM3,1.12.6
workspace_tuning__20260803T194905.205Z__pid9032,20260803T194905.205Z,workspace_tuning,compressed,compressed_compressed__N8192__q16__skewed__r16-32__tf32__q8__w2,dense__N8192__tf32,compressed_compressed,8192,16,512,16,skewed,b32_b16,16,32,21.046875,21.0390625,23.96875,24.0,17,17,3,3,q8,tf32,Float32,tf32,20260802,random,1,4,1,tlr_tlr_runs,2,compressed_tlr,compressed_tlr,25133056,25165824,50298880,105436928,536870912,0.29008054733276367,44.449915,44.449915,0.7767120000000001,0.76924,2.6196725,2.614189,3.3727720184572916,3.39840491914097,4.8694417408e10,5.6030789632e10,13.093465703738879,72138.43693930311,419713.3908059118,false,0.76924;0.774008;0.779416;0.781208,,NVIDIA H100 80GB HBM3,1.12.6
workspace_tuning__20260803T194905.205Z__pid9032,20260803T194905.205Z,workspace_tuning,compressed,compressed_compressed__N8192__q16__skewed__r16-32__tf32__q8__w4,dense__N8192__tf32,compressed_compressed,8192,16,512,16,skewed,b32_b16,16,32,21.046875,21.0390625,23.96875,24.0,17,17,3,3,q8,tf32,Float32,tf32,20260802,random,1,4,1,tlr_tlr_runs,4,compressed_tlr,compressed_tlr,25133056,25165824,50298880,52799488,536870912,0.19203567504882812,47.529139,47.529139,0.840166,0.824674,2.6196725,2.614189,3.118041553692961,3.1699665564817128,4.8291764224e10,5.5628136448e10,13.188240146886612,66210.88742938895,419713.3908059118,false,0.840777;0.839555;0.845073;0.824674,,NVIDIA H100 80GB HBM3,1.12.6
workspace_tuning__20260803T194905.205Z__pid9032,20260803T194905.205Z,workspace_tuning,compressed,compressed_compressed__N8192__q16__skewed__r16-32__tf32__q8__w8,dense__N8192__tf32,compressed_compressed,8192,16,512,16,skewed,b32_b16,16,32,21.046875,21.0390625,23.96875,24.0,17,17,3,3,q8,tf32,Float32,tf32,20260802,random,1,4,1,tlr_tlr_runs,8,compressed_tlr,compressed_tlr,25133056,25165824,50298880,26418944,536870912,0.1428980827331543,51.403653,51.403653,0.9445375,0.937662,2.6196725,2.614189,2.7734976112647725,2.7879865025990176,4.7981385728e10,5.5292592128e10,13.222759358206373,58539.32970157352,419713.3908059118,false,0.94971;0.94937;0.939705;0.937662,,NVIDIA H100 80GB HBM3,1.12.6
workspace_tuning__20260803T194905.205Z__pid9032,20260803T194905.205Z,workspace_tuning,compressed,compressed_compressed__N8192__q16__skewed__r16-32__tf32__q8__w16,dense__N8192__tf32,compressed_compressed,8192,16,512,16,skewed,b32_b16,16,32,21.046875,21.0390625,23.96875,24.0,17,17,3,3,q8,tf32,Float32,tf32,20260802,random,1,4,1,tlr_tlr_runs,16,compressed_tlr,compressed_tlr,25133056,25165824,50298880,13235200,536870912,0.11834144592285156,58.104803,58.104803,1.1957535,1.1906,2.6196725,2.614189,2.1908131567250275,2.1956904081975472,4.7657375744e10,5.4889938944e10,13.176482501426774,45904.05877465548,419713.3908059118,false,1.199194;1.195007;1.1965;1.1906,,NVIDIA H100 80GB HBM3,1.12.6
workspace_tuning__20260803T194905.205Z__pid9032,20260803T194905.205Z,workspace_tuning,compressed,compressed_compressed__N8192__q16__skewed__r16-32__tf32__q8__w32,dense__N8192__tf32,compressed_compressed,8192,16,512,16,skewed,b32_b16,16,32,21.046875,21.0390625,23.96875,24.0,17,17,3,3,q8,tf32,Float32,tf32,20260802,random,1,4,1,tlr_tlr_runs,32,compressed_tlr,compressed_tlr,25133056,25165824,50298880,6755584,536870912,0.10627222061157227,68.046269,68.046269,1.936275,1.92609,2.6196725,2.614189,1.3529444422925463,1.3572517379769378,4.7609141248e10,5.482283008e10,13.158183956343466,28313.555708770706,419713.3908059118,false,1.953251;1.938378;1.92609;1.934172,,NVIDIA H100 80GB HBM3,1.12.6
workspace_tuning__20260803T194905.205Z__pid9032,20260803T194905.205Z,workspace_tuning,compressed,compressed_compressed__N8192__q16__skewed__r16-32__tf32__q8__w64,dense__N8192__tf32,compressed_compressed,8192,16,512,16,skewed,b32_b16,16,32,21.046875,21.0390625,23.96875,24.0,17,17,3,3,q8,tf32,Float32,tf32,20260802,random,1,4,1,tlr_tlr_runs,64,compressed_tlr,compressed_tlr,25133056,25165824,50298880,3413504,536870912,0.10004711151123047,519.376916,519.376916,2.9235565,2.915019,2.6196725,2.614189,0.8960567377439088,0.8967999865524033,4.757453824e10,5.4806052864e10,13.194737161504483,18746.3635007567,419713.3908059118,false,2.921499;2.936401;2.925614;2.915019,,NVIDIA H100 80GB HBM3,1.12.6
workspace_tuning__20260803T194905.205Z__pid9032,20260803T194905.205Z,workspace_tuning,compressed,compressed_dense__N8192__q8__skewed__r32-64__tf32__q8__w1,dense__N8192__tf32,compressed_dense,8192,8,1024,8,skewed,b32_b16,32,64,42.6875,,45.5,,26,,5,,q8,tf32,Float32,tf32,20260802,random,1,4,1,one_or_more_tile_stripes,1,compressed_tlr,dense,23855104,268435456,292290560,11927552,536870912,0.566650390625,8.71392,8.71392,1.163074,1.151722,2.6196725,2.614189,2.252369582674877,2.2698090337772485,9.1670708224e10,9.7710505984e10,6.181318681318682,84010.56681174198,419713.3908059118,false,1.166885;1.168036;1.151722;1.159263,,NVIDIA H100 80GB HBM3,1.12.6
workspace_tuning__20260803T194905.205Z__pid9032,20260803T194905.205Z,workspace_tuning,compressed,compressed_dense__N8192__q8__skewed__r32-64__tf32__q8__w2,dense__N8192__tf32,compressed_dense,8192,8,1024,8,skewed,b32_b16,32,64,42.6875,,45.5,,26,,5,,q8,tf32,Float32,tf32,20260802,random,1,4,1,one_or_more_tile_stripes,2,compressed_tlr,dense,23855104,268435456,292290560,23855104,536870912,0.5888671875,4.617615,4.617615,1.0977510000000001,1.092554,2.6196725,2.614189,2.3863995569122687,2.392732075485514,9.1670708224e10,9.7710505984e10,6.181318681318682,89009.71712528613,419713.3908059118,false,1.102448;1.092554;1.107596;1.093054,,NVIDIA H100 80GB HBM3,1.12.6
workspace_tuning__20260803T194905.205Z__pid9032,20260803T194905.205Z,workspace_tuning,compressed,compressed_dense__N8192__q8__skewed__r32-64__tf32__q8__w4,dense__N8192__tf32,compressed_dense,8192,8,1024,8,skewed,b32_b16,32,64,42.6875,,45.5,,26,,5,,q8,tf32,Float32,tf32,20260802,random,1,4,1,one_or_more_tile_stripes,4,compressed_tlr,dense,23855104,268435456,292290560,47710208,536870912,0.63330078125,2.09297,2.09297,1.1512365,1.143881,2.6196725,2.614189,2.2755293981731817,2.2853679709690082,9.1670708224e10,9.7710505984e10,6.181318681318682,84874.39894756638,419713.3908059118,false,1.143881;1.158092;1.152664;1.149809,,NVIDIA H100 80GB HBM3,1.12.6
workspace_tuning__20260803T194905.205Z__pid9032,20260803T194905.205Z,workspace_tuning,compressed,compressed_dense__N8192__q8__skewed__r32-64__tf32__q8__w8,dense__N8192__tf32,compressed_dense,8192,8,1024,8,skewed,b32_b16,32,64,42.6875,,45.5,,26,,5,,q8,tf32,Float32,tf32,20260802,random,1,4,1,one_or_more_tile_stripes,8,compressed_tlr,dense,23855104,268435456,292290560,95420416,536870912,0.72216796875,1.079524,1.079524,1.1928135000000002,1.179754,2.6196725,2.614189,2.196212987193723,2.2158763606650203,9.1670708224e10,9.7710505984e10,6.181318681318682,81915.99607482643,419713.3908059118,false,1.212443;1.187666;1.197961;1.179754,,NVIDIA H100 80GB HBM3,1.12.6
workspace_tuning__20260803T194905.205Z__pid9032,20260803T194905.205Z,workspace_tuning,compressed,dense_compressed__N8192__q8__skewed__r32-64__tf32__q8__w1,dense__N8192__tf32,dense_compressed,8192,8,1024,8,skewed,b32_b16,32,64,,42.6875,,45.5,,26,,5,q8,tf32,Float32,tf32,20260802,random,1,4,1,one_or_more_tile_stripes,1,dense,compressed_tlr,268435456,23855104,292290560,11927552,536870912,0.566650390625,8.255635,8.255635,1.1529340000000001,1.13737,2.6196725,2.614189,2.272179066624802,2.2984508119609277,9.1670708224e10,9.7710505984e10,6.181318681318682,84749.43577342674,419713.3908059118,false,1.154777;1.151091;1.159153;1.13737,,NVIDIA H100 80GB HBM3,1.12.6
workspace_tuning__20260803T194905.205Z__pid9032,20260803T194905.205Z,workspace_tuning,compressed,dense_compressed__N8192__q8__skewed__r32-64__tf32__q8__w2,dense__N8192__tf32,dense_compressed,8192,8,1024,8,skewed,b32_b16,32,64,,42.6875,,45.5,,26,,5,q8,tf32,Float32,tf32,20260802,random,1,4,1,one_or_more_tile_stripes,2,dense,compressed_tlr,268435456,23855104,292290560,23855104,536870912,0.5888671875,4.064858,4.064858,1.1005055000000001,1.088437,2.6196725,2.614189,2.3804265403489575,2.4017825560873067,9.1670708224e10,9.7710505984e10,6.181318681318682,88786.93108212542,419713.3908059118,false,1.10338;1.088437;1.103961;1.097631,,NVIDIA H100 80GB HBM3,1.12.6
workspace_tuning__20260803T194905.205Z__pid9032,20260803T194905.205Z,workspace_tuning,compressed,dense_compressed__N8192__q8__skewed__r32-64__tf32__q8__w4,dense__N8192__tf32,dense_compressed,8192,8,1024,8,skewed,b32_b16,32,64,,42.6875,,45.5,,26,,5,q8,tf32,Float32,tf32,20260802,random,1,4,1,one_or_more_tile_stripes,4,dense,compressed_tlr,268435456,23855104,292290560,47710208,536870912,0.63330078125,2.084838,2.084838,1.0866845,1.078603,2.6196725,2.614189,2.410702002283091,2.4236804459101267,9.1670708224e10,9.7710505984e10,6.181318681318682,89916.16792546502,419713.3908059118,false,1.078603;1.086084;1.088858;1.087285,,NVIDIA H100 80GB HBM3,1.12.6
workspace_tuning__20260803T194905.205Z__pid9032,20260803T194905.205Z,workspace_tuning,compressed,dense_compressed__N8192__q8__skewed__r32-64__tf32__q8__w8,dense__N8192__tf32,dense_compressed,8192,8,1024,8,skewed,b32_b16,32,64,,42.6875,,45.5,,26,,5,q8,tf32,Float32,tf32,20260802,random,1,4,1,one_or_more_tile_stripes,8,dense,compressed_tlr,268435456,23855104,292290560,95420416,536870912,0.72216796875,1.125543,1.125543,1.1164445,1.096669,2.6196725,2.614189,2.3464422100695557,2.3837538947485526,9.1670708224e10,9.7710505984e10,6.181318681318682,87519.35809079628,419713.3908059118,false,1.12345;1.109439;1.134046;1.096669,,NVIDIA H100 80GB HBM3,1.12.6
workspace_tuning__20260803T194905.205Z__pid9032,20260803T194905.205Z,workspace_tuning,compressed,compressed_compressed__N8192__q8__skewed__r32-64__tf32__q8__w1,dense__N8192__tf32,compressed_compressed,8192,8,1024,8,skewed,b32_b16,32,64,42.6875,42.875,45.5,45.75,26,29,5,5,q8,tf32,Float32,tf32,20260802,random,1,4,1,tlr_tlr_runs,1,compressed_tlr,compressed_tlr,23855104,23986176,47841280,99685120,536870912,0.27478933334350586,6.27973,6.27973,0.5074235,0.5013,2.6196725,2.614189,5.162694475127778,5.214819469379614,4.9676886016e10,5.3222309888e10,6.661537012318559,104887.35718389077,419713.3908059118,false,0.517534;0.510203;0.5013;0.504644,,NVIDIA H100 80GB HBM3,1.12.6
workspace_tuning__20260803T194905.205Z__pid9032,20260803T194905.205Z,workspace_tuning,compressed,compressed_compressed__N8192__q8__skewed__r32-64__tf32__q8__w2,dense__N8192__tf32,compressed_compressed,8192,8,1024,8,skewed,b32_b16,32,64,42.6875,42.875,45.5,45.75,26,29,5,5,q8,tf32,Float32,tf32,20260802,random,1,4,1,tlr_tlr_runs,2,compressed_tlr,compressed_tlr,23855104,23986176,47841280,50224640,536870912,0.1826620101928711,7.247237,7.247237,0.542556,0.534429,2.6196725,2.614189,4.828390986368227,4.891555286109099,4.856958976e10,5.2014350336e10,6.622711912669653,95869.09063027595,419713.3908059118,false,0.542301;0.544955;0.542811;0.534429,,NVIDIA H100 80GB HBM3,1.12.6
workspace_tuning__20260803T194905.205Z__pid9032,20260803T194905.205Z,workspace_tuning,compressed,compressed_compressed__N8192__q8__skewed__r32-64__tf32__q8__w4,dense__N8192__tf32,compressed_compressed,8192,8,1024,8,skewed,b32_b16,32,64,42.6875,42.875,45.5,45.75,26,29,5,5,q8,tf32,Float32,tf32,20260802,random,1,4,1,tlr_tlr_runs,4,compressed_tlr,compressed_tlr,23855104,23986176,47841280,25240064,536870912,0.1361246109008789,8.15909,8.15909,0.6175935,0.61544,2.6196725,2.614189,4.241742343467021,4.247674834264917,4.7747506176e10,5.1141935104e10,6.637271196518547,82808.40893565104,419713.3908059118,false,0.615761;0.619426;0.62865;0.61544,,NVIDIA H100 80GB HBM3,1.12.6
workspace_tuning__20260803T194905.205Z__pid9032,20260803T194905.205Z,workspace_tuning,compressed,compressed_compressed__N8192__q8__skewed__r32-64__tf32__q8__w8,dense__N8192__tf32,compressed_compressed,8192,8,1024,8,skewed,b32_b16,32,64,42.6875,42.875,45.5,45.75,26,29,5,5,q8,tf32,Float32,tf32,20260802,random,1,4,1,tlr_tlr_runs,8,compressed_tlr,compressed_tlr,23855104,23986176,47841280,12636160,536870912,0.11264801025390625,10.241444,10.241444,0.7912129999999999,0.78283,2.6196725,2.614189,3.3109573528240817,3.3394083006527597,4.781461504e10,5.1108380672e10,6.4446683473274415,64594.970851085614,419713.3908059118,false,0.802369;0.792555;0.789871;0.78283,,NVIDIA H100 80GB HBM3,1.12.6
workspace_tuning__20260803T194905.205Z__pid9032,20260803T194905.205Z,workspace_tuning,compressed,compressed_compressed__N8192__q8__skewed__r32-64__tf32__q8__w16,dense__N8192__tf32,compressed_compressed,8192,8,1024,8,skewed,b32_b16,32,64,42.6875,42.875,45.5,45.75,26,29,5,5,q8,tf32,Float32,tf32,20260802,random,1,4,1,tlr_tlr_runs,16,compressed_tlr,compressed_tlr,23855104,23986176,47841280,6695424,536870912,0.10158252716064453,16.293634,16.293634,1.133219,1.118372,2.6196725,2.614189,2.3117089459318985,2.337495037429407,4.7399378944e10,5.0806390784e10,6.70587260269025,44833.69126708959,419713.3908059118,false,1.136609;1.129829;1.118372;1.138643,,NVIDIA H100 80GB HBM3,1.12.6
workspace_tuning__20260803T194905.205Z__pid9032,20260803T194905.205Z,workspace_tuning,compressed,compressed_compressed__N8192__q8__skewed__r32-64__tf32__q8__w32,dense__N8192__tf32,compressed_compressed,8192,8,1024,8,skewed,b32_b16,32,64,42.6875,42.875,45.5,45.75,26,29,5,5,q8,tf32,Float32,tf32,20260802,random,1,4,1,tlr_tlr_runs,32,compressed_tlr,compressed_tlr,23855104,23986176,47841280,3521536,536870912,0.09567070007324219,59.418798,59.418798,2.1028089999999997,2.09347,2.6196725,2.614189,1.2457966938509395,1.2487348755893326,4.7386796032e10,5.073928192e10,6.607278938802924,24129.28702511736,419713.3908059118,false,2.111908;2.09347;2.107741;2.097877,,NVIDIA H100 80GB HBM3,1.12.6
workspace_tuning__20260803T194905.205Z__pid9032,20260803T194905.205Z,workspace_tuning,compressed,compressed_compressed__N8192__q8__skewed__r32-64__tf32__q8__w64,dense__N8192__tf32,compressed_compressed,8192,8,1024,8,skewed,b32_b16,32,64,42.6875,42.875,45.5,45.75,26,29,5,5,q8,tf32,Float32,tf32,20260802,random,1,4,1,tlr_tlr_runs,64,compressed_tlr,compressed_tlr,23855104,23986176,47841280,1795072,536870912,0.09245491027832031,44.461763,44.461763,3.5265285000000004,3.520224,2.6196725,2.614189,0.7428473922725989,0.7426200719045153,4.7082708992e10,5.0437292032e10,6.6509975156312535,14302.2499412666,419713.3908059118,false,3.542657;3.520224;3.524891;3.528166,,NVIDIA H100 80GB HBM3,1.12.6
workspace_tuning__20260803T194905.205Z__pid9032,20260803T194905.205Z,workspace_tuning,baseline,dense__N16384__bf16,dense__N16384__bf16,dense_dense,16384,,,,,,,,,,,,,,,,,bf16,Core.BFloat16,fp32_accumulate,20260802,random,1,4,0,none,0,dense,dense,536870912,536870912,1073741824,0,1073741824,1.0,,,10.5773615,10.475003,10.5773615,10.475003,1.0,1.0,8.796093022208e12,8.796093022208e12,0.0,831596.1425926494,831596.1425926494,false,10.475003;10.544808;10.609915;10.641381,10.475003;10.544808;10.609915;10.641381,NVIDIA H100 80GB HBM3,1.12.6
workspace_tuning__20260803T194905.205Z__pid9032,20260803T194905.205Z,workspace_tuning,compressed,compressed_dense__N16384__q16__skewed__r32-64__bf16__q8__w1,dense__N16384__bf16,compressed_dense,16384,16,1024,16,skewed,b32_b16,32,64,42.1484375,,45.21875,,33,,5,,q8,bf16,Core.BFloat16,fp32_accumulate,20260802,random,1,4,1,one_or_more_tile_stripes,1,compressed_tlr,dense,47415296,536870912,584286208,23707648,1073741824,0.5662384033203125,56.18328,56.18328,5.306905,5.297442,10.5773615,10.475003,1.9931318725321066,1.9773700212291137,7.2410464256e11,7.76852209664e11,6.789910158949551,146385.17359251768,831596.1425926494,false,5.298452;5.315358;5.297442;5.341427,,NVIDIA H100 80GB HBM3,1.12.6
workspace_tuning__20260803T194905.205Z__pid9032,20260803T194905.205Z,workspace_tuning,compressed,compressed_dense__N16384__q16__skewed__r32-64__bf16__q8__w2,dense__N16384__bf16,compressed_dense,16384,16,1024,16,skewed,b32_b16,32,64,42.1484375,,45.21875,,33,,5,,q8,bf16,Core.BFloat16,fp32_accumulate,20260802,random,1,4,1,one_or_more_tile_stripes,2,compressed_tlr,dense,47415296,536870912,584286208,47415296,1073741824,0.58831787109375,27.889953,27.889953,5.3662645,5.357781,10.5773615,10.475003,1.9710846343858006,1.9551010017020103,7.2410464256e11,7.76852209664e11,6.789910158949551,144765.91857594793,831596.1425926494,false,5.371752;5.364121;5.368408;5.357781,,NVIDIA H100 80GB HBM3,1.12.6
workspace_tuning__20260803T194905.205Z__pid9032,20260803T194905.205Z,workspace_tuning,compressed,compressed_dense__N16384__q16__skewed__r32-64__bf16__q8__w4,dense__N16384__bf16,compressed_dense,16384,16,1024,16,skewed,b32_b16,32,64,42.1484375,,45.21875,,33,,5,,q8,bf16,Core.BFloat16,fp32_accumulate,20260802,random,1,4,1,one_or_more_tile_stripes,4,compressed_tlr,dense,47415296,536870912,584286208,94830592,1073741824,0.632476806640625,14.080454,14.080454,5.526484,5.516409,10.5773615,10.475003,1.913940490916105,1.8988807755190014,7.2410464256e11,7.76852209664e11,6.789910158949551,140568.97833486897,831596.1425926494,false,5.526935;5.516409;5.526033;5.528397,,NVIDIA H100 80GB HBM3,1.12.6
workspace_tuning__20260803T194905.205Z__pid9032,20260803T194905.205Z,workspace_tuning,compressed,compressed_dense__N16384__q16__skewed__r32-64__bf16__q8__w8,dense__N16384__bf16,compressed_dense,16384,16,1024,16,skewed,b32_b16,32,64,42.1484375,,45.21875,,33,,5,,q8,bf16,Core.BFloat16,fp32_accumulate,20260802,random,1,4,1,one_or_more_tile_stripes,8,compressed_tlr,dense,47415296,536870912,584286208,189661184,1073741824,0.720794677734375,7.372113,7.372113,5.647024,5.642257,10.5773615,10.475003,1.8730859829885618,1.8565270954513415,7.2410464256e11,7.76852209664e11,6.789910158949551,137568.42713330066,831596.1425926494,false,5.654916;5.649287;5.644761;5.642257,,NVIDIA H100 80GB HBM3,1.12.6
workspace_tuning__20260803T194905.205Z__pid9032,20260803T194905.205Z,workspace_tuning,compressed,compressed_dense__N16384__q16__skewed__r32-64__bf16__q8__w16,dense__N16384__bf16,compressed_dense,16384,16,1024,16,skewed,b32_b16,32,64,42.1484375,,45.21875,,33,,5,,q8,bf16,Core.BFloat16,fp32_accumulate,20260802,random,1,4,1,one_or_more_tile_stripes,16,compressed_tlr,dense,47415296,536870912,584286208,379322368,1073741824,0.897430419921875,3.435187,3.435187,5.674585,5.642868,10.5773615,10.475003,1.8639885559913192,1.8563260739042626,7.2410464256e11,7.76852209664e11,6.789910158949551,136900.2684185716,831596.1425926494,false,5.65795;5.69122;5.642868;5.712301,,NVIDIA H100 80GB HBM3,1.12.6
workspace_tuning__20260803T194905.205Z__pid9032,20260803T194905.205Z,workspace_tuning,compressed,dense_compressed__N16384__q16__skewed__r32-64__bf16__q8__w1,dense__N16384__bf16,dense_compressed,16384,16,1024,16,skewed,b32_b16,32,64,,42.1484375,,45.21875,,33,,5,q8,bf16,Core.BFloat16,fp32_accumulate,20260802,random,1,4,1,one_or_more_tile_stripes,1,dense,compressed_tlr,536870912,47415296,584286208,23707648,1073741824,0.5662384033203125,54.34408,54.34408,3.5412505,3.537489,10.5773615,10.475003,2.9869001077444257,2.961140797893647,7.2410464256e11,7.76852209664e11,6.789910158949551,219372.28379184133,831596.1425926494,false,3.55081;3.537489;3.543519;3.538982,,NVIDIA H100 80GB HBM3,1.12.6
workspace_tuning__20260803T194905.205Z__pid9032,20260803T194905.205Z,workspace_tuning,compressed,dense_compressed__N16384__q16__skewed__r32-64__bf16__q8__w2,dense__N16384__bf16,dense_compressed,16384,16,1024,16,skewed,b32_b16,32,64,,42.1484375,,45.21875,,33,,5,q8,bf16,Core.BFloat16,fp32_accumulate,20260802,random,1,4,1,one_or_more_tile_stripes,2,dense,compressed_tlr,536870912,47415296,584286208,47415296,1073741824,0.58831787109375,27.030238,27.030238,3.7393415,3.729907,10.5773615,10.475003,2.8286695665533625,2.8083818175627435,7.2410464256e11,7.76852209664e11,6.789910158949551,207751.07319403696,831596.1425926494,false,3.73175;3.746933;3.729907;3.753502,,NVIDIA H100 80GB HBM3,1.12.6
workspace_tuning__20260803T194905.205Z__pid9032,20260803T194905.205Z,workspace_tuning,compressed,dense_compressed__N16384__q16__skewed__r32-64__bf16__q8__w4,dense__N16384__bf16,dense_compressed,16384,16,1024,16,skewed,b32_b16,32,64,,42.1484375,,45.21875,,33,,5,q8,bf16,Core.BFloat16,fp32_accumulate,20260802,random,1,4,1,one_or_more_tile_stripes,4,dense,compressed_tlr,536870912,47415296,584286208,94830592,1073741824,0.632476806640625,13.364594,13.364594,4.067121500000001,4.063856,10.5773615,10.475003,2.6006996594520224,2.5776019130599113,7.2410464256e11,7.76852209664e11,6.789910158949551,191007.86875041717,831596.1425926494,false,4.078929;4.063856;4.06587;4.068373,,NVIDIA H100 80GB HBM3,1.12.6
workspace_tuning__20260803T194905.205Z__pid9032,20260803T194905.205Z,workspace_tuning,compressed,dense_compressed__N16384__q16__skewed__r32-64__bf16__q8__w8,dense__N16384__bf16,dense_compressed,16384,16,1024,16,skewed,b32_b16,32,64,,42.1484375,,45.21875,,33,,5,q8,bf16,Core.BFloat16,fp32_accumulate,20260802,random,1,4,1,one_or_more_tile_stripes,8,dense,compressed_tlr,536870912,47415296,584286208,189661184,1073741824,0.720794677734375,6.944193,6.944193,4.28369,4.263625,10.5773615,10.475003,2.4692173103095696,2.4568302793983987,7.2410464256e11,7.76852209664e11,6.789910158949551,181351.1737926881,831596.1425926494,false,4.303014;4.302844;4.264536;4.263625,,NVIDIA H100 80GB HBM3,1.12.6
workspace_tuning__20260803T194905.205Z__pid9032,20260803T194905.205Z,workspace_tuning,compressed,dense_compressed__N16384__q16__skewed__r32-64__bf16__q8__w16,dense__N16384__bf16,dense_compressed,16384,16,1024,16,skewed,b32_b16,32,64,,42.1484375,,45.21875,,33,,5,q8,bf16,Core.BFloat16,fp32_accumulate,20260802,random,1,4,1,one_or_more_tile_stripes,16,dense,compressed_tlr,536870912,47415296,584286208,379322368,1073741824,0.897430419921875,3.417691,3.417691,4.377431,4.361802,10.5773615,10.475003,2.416339972006412,2.401531064454553,7.2410464256e11,7.76852209664e11,6.789910158949551,177467.60820764507,831596.1425926494,false,4.375383;4.411667;4.379479;4.361802,,NVIDIA H100 80GB HBM3,1.12.6
workspace_tuning__20260803T194905.205Z__pid9032,20260803T194905.205Z,workspace_tuning,compressed,compressed_compressed__N16384__q16__skewed__r32-64__bf16__q8__w1,dense__N16384__bf16,compressed_compressed,16384,16,1024,16,skewed,b32_b16,32,64,42.1484375,42.171875,45.21875,45.25,33,32,5,5,q8,bf16,Core.BFloat16,fp32_accumulate,20260802,random,1,4,1,tlr_tlr_runs,1,compressed_tlr,compressed_tlr,47415296,47448064,94863360,396090368,1073741824,0.45723628997802734,44.109306,44.109306,2.4353065,2.430004,10.5773615,10.475003,4.343338918530378,4.310693727253124,3.91872069632e11,4.22766968832e11,7.30778454271272,173599.0803753039,831596.1425926494,false,2.436844;2.433769;2.430004;2.443875,,NVIDIA H100 80GB HBM3,1.12.6
workspace_tuning__20260803T194905.205Z__pid9032,20260803T194905.205Z,workspace_tuning,compressed,compressed_compressed__N16384__q16__skewed__r32-64__bf16__q8__w2,dense__N16384__bf16,compressed_compressed,16384,16,1024,16,skewed,b32_b16,32,64,42.1484375,42.171875,45.21875,45.25,33,32,5,5,q8,bf16,Core.BFloat16,fp32_accumulate,20260802,random,1,4,1,tlr_tlr_runs,2,compressed_tlr,compressed_tlr,47415296,47448064,94863360,198278528,1073741824,0.27300965785980225,45.758372,45.758372,2.1983725,2.184797,10.5773615,10.475003,4.811450971116132,4.7944971546555575,3.90395674624e11,4.20619485184e11,7.185546943166124,191332.21743994704,831596.1425926494,false,2.22024;2.192799;2.203946;2.184797,,NVIDIA H100 80GB HBM3,1.12.6
workspace_tuning__20260803T194905.205Z__pid9032,20260803T194905.205Z,workspace_tuning,compressed,compressed_compressed__N16384__q16__skewed__r32-64__bf16__q8__w4,dense__N16384__bf16,compressed_compressed,16384,16,1024,16,skewed,b32_b16,32,64,42.1484375,42.171875,45.21875,45.25,33,32,5,5,q8,bf16,Core.BFloat16,fp32_accumulate,20260802,random,1,4,1,tlr_tlr_runs,4,compressed_tlr,compressed_tlr,47415296,47448064,94863360,99280384,1073741824,0.18081045150756836,48.740992,48.740992,2.2565045,2.25346,10.5773615,10.475003,4.687498518172687,4.648408669335155,3.87174449152e11,4.17935130624e11,7.36015692819903,185213.51525068973,831596.1425926494,false,2.272858;2.25346;2.258097;2.254912,,NVIDIA H100 80GB HBM3,1.12.6
workspace_tuning__20260803T194905.205Z__pid9032,20260803T194905.205Z,workspace_tuning,compressed,compressed_compressed__N16384__q16__skewed__r32-64__bf16__q8__w8,dense__N16384__bf16,compressed_compressed,16384,16,1024,16,skewed,b32_b16,32,64,42.1484375,42.171875,45.21875,45.25,33,32,5,5,q8,bf16,Core.BFloat16,fp32_accumulate,20260802,random,1,4,1,tlr_tlr_runs,8,compressed_tlr,compressed_tlr,47415296,47448064,94863360,49686528,1073741824,0.13462257385253906,53.266219,53.266219,2.379493,2.372177,10.5773615,10.475003,4.445216480989858,4.415776310115138,3.8479208448e11,4.15787646976e11,7.454661705663689,174737.91558790044,831596.1425926494,false,2.379378;2.379608;2.372177;2.38078,,NVIDIA H100 80GB HBM3,1.12.6
workspace_tuning__20260803T194905.205Z__pid9032,20260803T194905.205Z,workspace_tuning,compressed,compressed_compressed__N16384__q16__skewed__r32-64__bf16__q8__w16,dense__N16384__bf16,compressed_compressed,16384,16,1024,16,skewed,b32_b16,32,64,42.1484375,42.171875,45.21875,45.25,33,32,5,5,q8,bf16,Core.BFloat16,fp32_accumulate,20260802,random,1,4,1,tlr_tlr_runs,16,compressed_tlr,compressed_tlr,47415296,47448064,94863360,24883328,1073741824,0.11152279376983643,59.275534,59.275534,2.6402575,2.629783,10.5773615,10.475003,4.006185570914958,3.9832195279990774,3.82074175488e11,4.1283485696e11,7.451086300830561,156361.58857990179,831596.1425926494,false,2.629783;2.64203;2.638535;2.64198,,NVIDIA H100 80GB HBM3,1.12.6
workspace_tuning__20260803T194905.205Z__pid9032,20260803T194905.205Z,workspace_tuning,compressed,compressed_compressed__N16384__q16__skewed__r32-64__bf16__q8__w32,dense__N16384__bf16,compressed_compressed,16384,16,1024,16,skewed,b32_b16,32,64,42.1484375,42.171875,45.21875,45.25,33,32,5,5,q8,bf16,Core.BFloat16,fp32_accumulate,20260802,random,1,4,1,tlr_tlr_runs,32,compressed_tlr,compressed_tlr,47415296,47448064,94863360,12803712,1073741824,0.1002727746963501,322.23908,322.23908,3.0653490000000003,3.062099,10.5773615,10.475003,3.450622261934938,3.4208570656925197,3.81642162176e11,4.1191211008e11,7.348642383473767,134376.9045808487,831596.1425926494,false,3.068128;3.06257;3.070772;3.062099,,NVIDIA H100 80GB HBM3,1.12.6
workspace_tuning__20260803T194905.205Z__pid9032,20260803T194905.205Z,workspace_tuning,compressed,compressed_compressed__N16384__q16__skewed__r32-64__bf16__q8__w64,dense__N16384__bf16,compressed_compressed,16384,16,1024,16,skewed,b32_b16,32,64,42.1484375,42.171875,45.21875,45.25,33,32,5,5,q8,bf16,Core.BFloat16,fp32_accumulate,20260802,random,1,4,1,tlr_tlr_runs,64,compressed_tlr,compressed_tlr,47415296,47448064,94863360,6513536,1073741824,0.0944145917892456,94.053047,94.053047,3.6992265,3.688936,10.5773615,10.475003,2.8593441088292377,2.839572982561909,3.8122692608e11,4.11626897408e11,7.385321882371522,111273.77504675639,831596.1425926494,false,3.712551;3.688936;3.697398;3.701055,,NVIDIA H100 80GB HBM3,1.12.6
workspace_tuning__20260803T194905.205Z__pid9032,20260803T194905.205Z,workspace_tuning,compressed,compressed_dense__N16384__q8__skewed__r64-128__bf16__q8__w1,dense__N16384__bf16,compressed_dense,16384,8,2048,8,skewed,b32_b16,64,128,85.375,,88.125,,32,,9,,q8,bf16,Core.BFloat16,fp32_accumulate,20260802,random,1,4,1,one_or_more_tile_stripes,1,compressed_tlr,dense,46202880,536870912,583073792,23101440,1073741824,0.564544677734375,8.568041,8.568041,3.4224275,3.415617,10.5773615,10.475003,3.090602065346892,3.0667967163765724,7.33365665792e11,7.5698798592e11,3.120567375886525,221184.52061292753,831596.1425926494,false,3.43094;3.42391;3.415617;3.420945,,NVIDIA H100 80GB HBM3,1.12.6
workspace_tuning__20260803T194905.205Z__pid9032,20260803T194905.205Z,workspace_tuning,compressed,compressed_dense__N16384__q8__skewed__r64-128__bf16__q8__w2,dense__N16384__bf16,compressed_dense,16384,8,2048,8,skewed,b32_b16,64,128,85.375,,88.125,,32,,9,,q8,bf16,Core.BFloat16,fp32_accumulate,20260802,random,1,4,1,one_or_more_tile_stripes,2,compressed_tlr,dense,46202880,536870912,583073792,46202880,1073741824,0.5860595703125,4.43398,4.43398,3.4038595000000003,3.393073,10.5773615,10.475003,3.10746125097114,3.087172896073854,7.33365665792e11,7.5698798592e11,3.120567375886525,222391.0786917027,831596.1425926494,false,3.410981;3.393073;3.404731;3.402988,,NVIDIA H100 80GB HBM3,1.12.6
workspace_tuning__20260803T194905.205Z__pid9032,20260803T194905.205Z,workspace_tuning,compressed,compressed_dense__N16384__q8__skewed__r64-128__bf16__q8__w4,dense__N16384__bf16,compressed_dense,16384,8,2048,8,skewed,b32_b16,64,128,85.375,,88.125,,32,,9,,q8,bf16,Core.BFloat16,fp32_accumulate,20260802,random,1,4,1,one_or_more_tile_stripes,4,compressed_tlr,dense,46202880,536870912,583073792,92405760,1073741824,0.62908935546875,2.298867,2.298867,3.370104,3.354987,10.5773615,10.475003,3.1385860792426583,3.1222186553927034,7.33365665792e11,7.5698798592e11,3.120567375886525,224618.58326033855,831596.1425926494,false,3.378952;3.373634;3.366574;3.354987,,NVIDIA H100 80GB HBM3,1.12.6
workspace_tuning__20260803T194905.205Z__pid9032,20260803T194905.205Z,workspace_tuning,compressed,compressed_dense__N16384__q8__skewed__r64-128__bf16__q8__w8,dense__N16384__bf16,compressed_dense,16384,8,2048,8,skewed,b32_b16,64,128,85.375,,88.125,,32,,9,,q8,bf16,Core.BFloat16,fp32_accumulate,20260802,random,1,4,1,one_or_more_tile_stripes,8,compressed_tlr,dense,46202880,536870912,583073792,184811520,1073741824,0.71514892578125,1.088487,1.088487,3.361106,3.353625,10.5773615,10.475003,3.146988372279839,3.1234866748667485,7.33365665792e11,7.5698798592e11,3.120567375886525,225219.90854200968,831596.1425926494,false,3.353625;3.362468;3.363209;3.359744,,NVIDIA H100 80GB HBM3,1.12.6
workspace_tuning__20260803T194905.205Z__pid9032,20260803T194905.205Z,workspace_tuning,compressed,dense_compressed__N16384__q8__skewed__r64-128__bf16__q8__w1,dense__N16384__bf16,dense_compressed,16384,8,2048,8,skewed,b32_b16,64,128,,85.375,,88.125,,32,,9,q8,bf16,Core.BFloat16,fp32_accumulate,20260802,random,1,4,1,one_or_more_tile_stripes,1,dense,compressed_tlr,536870912,46202880,583073792,23101440,1073741824,0.564544677734375,8.408623,8.408623,2.9172575,2.90933,10.5773615,10.475003,3.6257894615062267,3.600486366276771,7.33365665792e11,7.5698798592e11,3.120567375886525,259486.1735448448,831596.1425926494,false,2.918905;2.90933;2.918995;2.91561,,NVIDIA H100 80GB HBM3,1.12.6
workspace_tuning__20260803T194905.205Z__pid9032,20260803T194905.205Z,workspace_tuning,compressed,dense_compressed__N16384__q8__skewed__r64-128__bf16__q8__w2,dense__N16384__bf16,dense_compressed,16384,8,2048,8,skewed,b32_b16,64,128,,85.375,,88.125,,32,,9,q8,bf16,Core.BFloat16,fp32_accumulate,20260802,random,1,4,1,one_or_more_tile_stripes,2,dense,compressed_tlr,536870912,46202880,583073792,46202880,1073741824,0.5860595703125,4.295933,4.295933,2.938389,2.924603,10.5773615,10.475003,3.599714503423475,3.5816837362199245,7.33365665792e11,7.5698798592e11,3.120567375886525,257620.07205989404,831596.1425926494,false,2.959666;2.927417;2.924603;2.949361,,NVIDIA H100 80GB HBM3,1.12.6
workspace_tuning__20260803T194905.205Z__pid9032,20260803T194905.205Z,workspace_tuning,compressed,dense_compressed__N16384__q8__skewed__r64-128__bf16__q8__w4,dense__N16384__bf16,dense_compressed,16384,8,2048,8,skewed,b32_b16,64,128,,85.375,,88.125,,32,,9,q8,bf16,Core.BFloat16,fp32_accumulate,20260802,random,1,4,1,one_or_more_tile_stripes,4,dense,compressed_tlr,536870912,46202880,583073792,92405760,1073741824,0.62908935546875,2.171597,2.171597,3.188613,3.152153,10.5773615,10.475003,3.3172296230367246,3.3231264472251185,7.33365665792e11,7.5698798592e11,3.120567375886525,237403.5312281547,831596.1425926494,false,3.173325;3.152153;3.216509;3.203901,,NVIDIA H100 80GB HBM3,1.12.6
workspace_tuning__20260803T194905.205Z__pid9032,20260803T194905.205Z,workspace_tuning,compressed,dense_compressed__N16384__q8__skewed__r64-128__bf16__q8__w8,dense__N16384__bf16,dense_compressed,16384,8,2048,8,skewed,b32_b16,64,128,,85.375,,88.125,,32,,9,q8,bf16,Core.BFloat16,fp32_accumulate,20260802,random,1,4,1,one_or_more_tile_stripes,8,dense,compressed_tlr,536870912,46202880,583073792,184811520,1073741824,0.71514892578125,1.065434,1.065434,3.457705,3.435257,10.5773615,10.475003,3.059069961144748,3.049263272005559,7.33365665792e11,7.5698798592e11,3.120567375886525,218927.86860648898,831596.1425926494,false,3.513834;3.435257;3.453714;3.461696,,NVIDIA H100 80GB HBM3,1.12.6
workspace_tuning__20260803T194905.205Z__pid9032,20260803T194905.205Z,workspace_tuning,compressed,compressed_compressed__N16384__q8__skewed__r64-128__bf16__q8__w1,dense__N16384__bf16,compressed_compressed,16384,8,2048,8,skewed,b32_b16,64,128,85.375,86.015625,88.125,89.25,32,38,9,9,q8,bf16,Core.BFloat16,fp32_accumulate,20260802,random,1,4,1,tlr_tlr_runs,1,compressed_tlr,compressed_tlr,46202880,46792704,92995584,192869504,1073741824,0.26623260974884033,6.484707,6.484707,1.765635,1.755545,10.5773615,10.475003,5.990684088160917,5.966809737147154,3.97512187904e11,4.11499495424e11,3.3991068459483254,233060.34113732452,831596.1425926494,false,1.767192;1.770287;1.764078;1.755545,,NVIDIA H100 80GB HBM3,1.12.6
workspace_tuning__20260803T194905.205Z__pid9032,20260803T194905.205Z,workspace_tuning,compressed,compressed_compressed__N16384__q8__skewed__r64-128__bf16__q8__w2,dense__N16384__bf16,compressed_compressed,16384,8,2048,8,skewed,b32_b16,64,128,85.375,86.015625,88.125,89.25,32,38,9,9,q8,bf16,Core.BFloat16,fp32_accumulate,20260802,random,1,4,1,tlr_tlr_runs,2,compressed_tlr,compressed_tlr,46202880,46792704,92995584,97829376,1073741824,0.1777195930480957,7.432834,7.432834,1.7154895,1.705069,10.5773615,10.475003,6.165797867022795,6.143448153711081,3.89022916608e11,4.03983302656e11,3.7032189077227957,235491.56241177808,831596.1425926494,false,1.724678;1.705069;1.71272;1.718259,,NVIDIA H100 80GB HBM3,1.12.6
workspace_tuning__20260803T194905.205Z__pid9032,20260803T194905.205Z,workspace_tuning,compressed,compressed_compressed__N16384__q8__skewed__r64-128__bf16__q8__w4,dense__N16384__bf16,compressed_compressed,16384,8,2048,8,skewed,b32_b16,64,128,85.375,86.015625,88.125,89.25,32,38,9,9,q8,bf16,Core.BFloat16,fp32_accumulate,20260802,random,1,4,1,tlr_tlr_runs,4,compressed_tlr,compressed_tlr,46202880,46792704,92995584,49147392,1073741824,0.13238096237182617,8.429264,8.429264,1.7908780000000002,1.784639,10.5773615,10.475003,5.906243473871475,5.869536079845839,3.8242947072e11,3.96735545344e11,3.6059472845054863,221531.30774067243,831596.1425926494,false,1.791689;1.790067;1.799741;1.784639,,NVIDIA H100 80GB HBM3,1.12.6
workspace_tuning__20260803T194905.205Z__pid9032,20260803T194905.205Z,workspace_tuning,compressed,compressed_compressed__N16384__q8__skewed__r64-128__bf16__q8__w8,dense__N16384__bf16,compressed_compressed,16384,8,2048,8,skewed,b32_b16,64,128,85.375,86.015625,88.125,89.25,32,38,9,9,q8,bf16,Core.BFloat16,fp32_accumulate,20260802,random,1,4,1,tlr_tlr_runs,8,compressed_tlr,compressed_tlr,46202880,46792704,92995584,24592128,1073741824,0.1095120906829834,18.027516,18.027516,2.0038815000000003,1.992379,10.5773615,10.475003,5.278436624121735,5.257535338407,3.8242947072e11,3.96735545344e11,3.6059472845054863,197983.5361242668,831596.1425926494,false,2.00617;2.007121;1.992379;2.001593,,NVIDIA H100 80GB HBM3,1.12.6
workspace_tuning__20260803T194905.205Z__pid9032,20260803T194905.205Z,workspace_tuning,compressed,compressed_compressed__N16384__q8__skewed__r64-128__bf16__q8__w16,dense__N16384__bf16,compressed_compressed,16384,8,2048,8,skewed,b32_b16,64,128,85.375,86.015625,88.125,89.25,32,38,9,9,q8,bf16,Core.BFloat16,fp32_accumulate,20260802,random,1,4,1,tlr_tlr_runs,16,compressed_tlr,compressed_tlr,46202880,46792704,92995584,13050752,1073741824,0.0987633466720581,15.553878,15.553878,2.2541200000000003,2.252147,10.5773615,10.475003,4.692457145138679,4.651118688078531,3.79778670592e11,3.94185408512e11,3.6548125853728606,174873.30244707465,831596.1425926494,false,2.260931;2.255522;2.252718;2.252147,,NVIDIA H100 80GB HBM3,1.12.6
workspace_tuning__20260803T194905.205Z__pid9032,20260803T194905.205Z,workspace_tuning,compressed,compressed_compressed__N16384__q8__skewed__r64-128__bf16__q8__w32,dense__N16384__bf16,compressed_compressed,16384,8,2048,8,skewed,b32_b16,64,128,85.375,86.015625,88.125,89.25,32,38,9,9,q8,bf16,Core.BFloat16,fp32_accumulate,20260802,random,1,4,1,tlr_tlr_runs,32,compressed_tlr,compressed_tlr,46202880,46792704,92995584,6819968,1073741824,0.09296047687530518,25.59404,25.59404,2.7565619999999997,2.740197,10.5773615,10.475003,3.8371571181783692,3.822718950498814,3.79778670592e11,3.94185408512e11,3.6548125853728606,142998.92710992898,831596.1425926494,false,2.772957;2.760518;2.752606;2.740197,,NVIDIA H100 80GB HBM3,1.12.6
workspace_tuning__20260803T194905.205Z__pid9032,20260803T194905.205Z,workspace_tuning,compressed,compressed_compressed__N16384__q8__skewed__r64-128__bf16__q8__w64,dense__N16384__bf16,compressed_compressed,16384,8,2048,8,skewed,b32_b16,64,128,85.375,86.015625,88.125,89.25,32,38,9,9,q8,bf16,Core.BFloat16,fp32_accumulate,20260802,random,1,4,1,tlr_tlr_runs,64,compressed_tlr,compressed_tlr,46202880,46792704,92995584,3513216,1073741824,0.08988082408905029,43.096732,43.096732,3.811194,3.803508,10.5773615,10.475003,2.7753406150408506,2.7540373255426305,3.77253699584e11,3.9129972736e11,3.589582816927828,102671.16482656091,831596.1425926494,false,3.81181;3.810578;3.826211;3.803508,,NVIDIA H100 80GB HBM3,1.12.6
workspace_tuning__20260803T194905.205Z__pid9032,20260803T194905.205Z,workspace_tuning,baseline,dense__N16384__fp16,dense__N16384__fp16,dense_dense,16384,,,,,,,,,,,,,,,,,fp16,Float16,fp32_accumulate,20260802,random,1,4,0,none,0,dense,dense,536870912,536870912,1073741824,0,1073741824,1.0,,,10.734506,10.722142,10.734506,10.722142,1.0,1.0,8.796093022208e12,8.796093022208e12,0.0,819422.2465577829,819422.2465577829,false,10.737165;10.731847;10.722142;10.788492,10.737165;10.731847;10.722142;10.788492,NVIDIA H100 80GB HBM3,1.12.6
workspace_tuning__20260803T194905.205Z__pid9032,20260803T194905.205Z,workspace_tuning,compressed,compressed_dense__N16384__q16__skewed__r32-64__fp16__q8__w1,dense__N16384__fp16,compressed_dense,16384,16,1024,16,skewed,b32_b16,32,64,42.1484375,,45.21875,,33,,5,,q8,fp16,Float16,fp32_accumulate,20260802,random,1,4,1,one_or_more_tile_stripes,1,compressed_tlr,dense,47415296,536870912,584286208,23707648,1073741824,0.5662384033203125,57.370705,57.370705,5.247627,5.232584,10.734506,10.722142,2.0455924172964277,2.0491103439524334,7.2410464256e11,7.76852209664e11,6.789910158949551,148038.76298067678,819422.2465577829,false,5.245764;5.252924;5.232584;5.24949,,NVIDIA H100 80GB HBM3,1.12.6
workspace_tuning__20260803T194905.205Z__pid9032,20260803T194905.205Z,workspace_tuning,compressed,compressed_dense__N16384__q16__skewed__r32-64__fp16__q8__w2,dense__N16384__fp16,compressed_dense,16384,16,1024,16,skewed,b32_b16,32,64,42.1484375,,45.21875,,33,,5,,q8,fp16,Float16,fp32_accumulate,20260802,random,1,4,1,one_or_more_tile_stripes,2,compressed_tlr,dense,47415296,536870912,584286208,47415296,1073741824,0.58831787109375,28.674577,28.674577,5.3013465,5.291362,10.734506,10.722142,2.0248640604797288,2.0263482256553225,7.2410464256e11,7.76852209664e11,6.789910158949551,146538.65950169452,819422.2465577829,false,5.309679;5.314927;5.293014;5.291362,,NVIDIA H100 80GB HBM3,1.12.6
workspace_tuning__20260803T194905.205Z__pid9032,20260803T194905.205Z,workspace_tuning,compressed,compressed_dense__N16384__q16__skewed__r32-64__fp16__q8__w4,dense__N16384__fp16,compressed_dense,16384,16,1024,16,skewed,b32_b16,32,64,42.1484375,,45.21875,,33,,5,,q8,fp16,Float16,fp32_accumulate,20260802,random,1,4,1,one_or_more_tile_stripes,4,compressed_tlr,dense,47415296,536870912,584286208,94830592,1073741824,0.632476806640625,14.238861,14.238861,5.47385,5.461847,10.734506,10.722142,1.961052275820492,1.9630981973680333,7.2410464256e11,7.76852209664e11,6.789910158949551,141920.6243620121,819422.2465577829,false,5.482168;5.474676;5.473024;5.461847,,NVIDIA H100 80GB HBM3,1.12.6
workspace_tuning__20260803T194905.205Z__pid9032,20260803T194905.205Z,workspace_tuning,compressed,compressed_dense__N16384__q16__skewed__r32-64__fp16__q8__w8,dense__N16384__fp16,compressed_dense,16384,16,1024,16,skewed,b32_b16,32,64,42.1484375,,45.21875,,33,,5,,q8,fp16,Float16,fp32_accumulate,20260802,random,1,4,1,one_or_more_tile_stripes,8,compressed_tlr,dense,47415296,536870912,584286208,189661184,1073741824,0.720794677734375,7.048109,7.048109,5.5959025,5.583368,10.734506,10.722142,1.918279669811974,1.9203717182890327,7.2410464256e11,7.76852209664e11,6.789910158949551,138825.1867619209,819422.2465577829,false,5.588746;5.603059;5.622146;5.583368,,NVIDIA H100 80GB HBM3,1.12.6
workspace_tuning__20260803T194905.205Z__pid9032,20260803T194905.205Z,workspace_tuning,compressed,compressed_dense__N16384__q16__skewed__r32-64__fp16__q8__w16,dense__N16384__fp16,compressed_dense,16384,16,1024,16,skewed,b32_b16,32,64,42.1484375,,45.21875,,33,,5,,q8,fp16,Float16,fp32_accumulate,20260802,random,1,4,1,one_or_more_tile_stripes,16,compressed_tlr,dense,47415296,536870912,584286208,379322368,1073741824,0.897430419921875,3.615366,3.615366,5.649493,5.606554,10.734506,10.722142,1.900083069401095,1.9124299881888231,7.2410464256e11,7.76852209664e11,6.789910158949551,137508.30555308238,819422.2465577829,false,5.686353;5.612633;5.701185;5.606554,,NVIDIA H100 80GB HBM3,1.12.6
workspace_tuning__20260803T194905.205Z__pid9032,20260803T194905.205Z,workspace_tuning,compressed,dense_compressed__N16384__q16__skewed__r32-64__fp16__q8__w1,dense__N16384__fp16,dense_compressed,16384,16,1024,16,skewed,b32_b16,32,64,,42.1484375,,45.21875,,33,,5,q8,fp16,Float16,fp32_accumulate,20260802,random,1,4,1,one_or_more_tile_stripes,1,dense,compressed_tlr,536870912,47415296,584286208,23707648,1073741824,0.5662384033203125,54.74515,54.74515,3.4825274999999998,3.462577,10.734506,10.722142,3.0823894427251473,3.0965786464820853,7.2410464256e11,7.76852209664e11,6.789910158949551,223071.3783779166,819422.2465577829,false,3.476258;3.495136;3.488797;3.462577,,NVIDIA H100 80GB HBM3,1.12.6
workspace_tuning__20260803T194905.205Z__pid9032,20260803T194905.205Z,workspace_tuning,compressed,dense_compressed__N16384__q16__skewed__r32-64__fp16__q8__w2,dense__N16384__fp16,dense_compressed,16384,16,1024,16,skewed,b32_b16,32,64,,42.1484375,,45.21875,,33,,5,q8,fp16,Float16,fp32_accumulate,20260802,random,1,4,1,one_or_more_tile_stripes,2,dense,compressed_tlr,536870912,47415296,584286208,47415296,1073741824,0.58831787109375,58.429929,58.429929,3.7136325,3.698921,10.734506,10.722142,2.890567658485324,2.8987215460941176,7.2410464256e11,7.76852209664e11,6.789910158949551,209189.30714441993,819422.2465577829,false,3.719621;3.707644;3.721835;3.698921,,NVIDIA H100 80GB HBM3,1.12.6
workspace_tuning__20260803T194905.205Z__pid9032,20260803T194905.205Z,workspace_tuning,compressed,dense_compressed__N16384__q16__skewed__r32-64__fp16__q8__w4,dense__N16384__fp16,dense_compressed,16384,16,1024,16,skewed,b32_b16,32,64,,42.1484375,,45.21875,,33,,5,q8,fp16,Float16,fp32_accumulate,20260802,random,1,4,1,one_or_more_tile_stripes,4,dense,compressed_tlr,536870912,47415296,584286208,94830592,1073741824,0.632476806640625,13.642579,13.642579,4.066696,4.05282,10.734506,10.722142,2.6396135831151377,2.6456003474124192,7.2410464256e11,7.76852209664e11,6.789910158949551,191027.85397875815,819422.2465577829,false,4.05282;4.062946;4.078418;4.070446,,NVIDIA H100 80GB HBM3,1.12.6
workspace_tuning__20260803T194905.205Z__pid9032,20260803T194905.205Z,workspace_tuning,compressed,dense_compressed__N16384__q16__skewed__r32-64__fp16__q8__w8,dense__N16384__fp16,dense_compressed,16384,16,1024,16,skewed,b32_b16,32,64,,42.1484375,,45.21875,,33,,5,q8,fp16,Float16,fp32_accumulate,20260802,random,1,4,1,one_or_more_tile_stripes,8,dense,compressed_tlr,536870912,47415296,584286208,189661184,1073741824,0.720794677734375,6.882281,6.882281,4.2404755000000005,4.223135,10.734506,10.722142,2.531439221851417,2.538905812861772,7.2410464256e11,7.76852209664e11,6.789910158949551,183199.3156578784,819422.2465577829,false,4.23372;4.247231;4.252538;4.223135,,NVIDIA H100 80GB HBM3,1.12.6
workspace_tuning__20260803T194905.205Z__pid9032,20260803T194905.205Z,workspace_tuning,compressed,dense_compressed__N16384__q16__skewed__r32-64__fp16__q8__w16,dense__N16384__fp16,dense_compressed,16384,16,1024,16,skewed,b32_b16,32,64,,42.1484375,,45.21875,,33,,5,q8,fp16,Float16,fp32_accumulate,20260802,random,1,4,1,one_or_more_tile_stripes,16,dense,compressed_tlr,536870912,47415296,584286208,379322368,1073741824,0.897430419921875,3.319624,3.319624,4.3902795,4.365638,10.734506,10.722142,2.4450620968437202,2.4560309398076527,7.2410464256e11,7.76852209664e11,6.789910158949551,176948.23522374828,819422.2465577829,false,4.365638;4.4008;4.386549;4.39401,,NVIDIA H100 80GB HBM3,1.12.6
workspace_tuning__20260803T194905.205Z__pid9032,20260803T194905.205Z,workspace_tuning,compressed,compressed_compressed__N16384__q16__skewed__r32-64__fp16__q8__w1,dense__N16384__fp16,compressed_compressed,16384,16,1024,16,skewed,b32_b16,32,64,42.1484375,42.171875,45.21875,45.25,33,32,5,5,q8,fp16,Float16,fp32_accumulate,20260802,random,1,4,1,tlr_tlr_runs,1,compressed_tlr,compressed_tlr,47415296,47448064,94863360,396090368,1073741824,0.45723628997802734,44.372079,44.372079,2.373419,2.361491,10.734506,10.722142,4.52280275838358,4.540411968540215,3.91872069632e11,4.22766968832e11,7.30778454271272,178125.72025082802,819422.2465577829,false,2.391106;2.370224;2.376614;2.361491,,NVIDIA H100 80GB HBM3,1.12.6
workspace_tuning__20260803T194905.205Z__pid9032,20260803T194905.205Z,workspace_tuning,compressed,compressed_compressed__N16384__q16__skewed__r32-64__fp16__q8__w2,dense__N16384__fp16,compressed_compressed,16384,16,1024,16,skewed,b32_b16,32,64,42.1484375,42.171875,45.21875,45.25,33,32,5,5,q8,fp16,Float16,fp32_accumulate,20260802,random,1,4,1,tlr_tlr_runs,2,compressed_tlr,compressed_tlr,47415296,47448064,94863360,198278528,1073741824,0.27300965785980225,45.677111,45.677111,2.1454779999999998,2.142474,10.734506,10.722142,5.003316743401704,5.004561082188162,3.90395674624e11,4.20619485184e11,7.185546943166124,196049.31170769405,819422.2465577829,false,2.152178;2.142474;2.147671;2.143285,,NVIDIA H100 80GB HBM3,1.12.6
workspace_tuning__20260803T194905.205Z__pid9032,20260803T194905.205Z,workspace_tuning,compressed,compressed_compressed__N16384__q16__skewed__r32-64__fp16__q8__w4,dense__N16384__fp16,compressed_compressed,16384,16,1024,16,skewed,b32_b16,32,64,42.1484375,42.171875,45.21875,45.25,33,32,5,5,q8,fp16,Float16,fp32_accumulate,20260802,random,1,4,1,tlr_tlr_runs,4,compressed_tlr,compressed_tlr,47415296,47448064,94863360,99280384,1073741824,0.18081045150756836,48.856394,48.856394,2.203039,2.201953,10.734506,10.722142,4.872590090325228,4.869378229235592,3.87174449152e11,4.17935130624e11,7.36015692819903,189708.4575552226,819422.2465577829,false,2.201953;2.204065;2.208312;2.202013,,NVIDIA H100 80GB HBM3,1.12.6
workspace_tuning__20260803T194905.205Z__pid9032,20260803T194905.205Z,workspace_tuning,compressed,compressed_compressed__N16384__q16__skewed__r32-64__fp16__q8__w8,dense__N16384__fp16,compressed_compressed,16384,16,1024,16,skewed,b32_b16,32,64,42.1484375,42.171875,45.21875,45.25,33,32,5,5,q8,fp16,Float16,fp32_accumulate,20260802,random,1,4,1,tlr_tlr_runs,8,compressed_tlr,compressed_tlr,47415296,47448064,94863360,49686528,1073741824,0.13462257385253906,53.275773,53.275773,2.340014,2.331176,10.734506,10.722142,4.587368280702594,4.5994562401122865,3.8479208448e11,4.15787646976e11,7.454661705663689,177685.9655437959,819422.2465577829,false,2.335933;2.344095;2.350965;2.331176,,NVIDIA H100 80GB HBM3,1.12.6
workspace_tuning__20260803T194905.205Z__pid9032,20260803T194905.205Z,workspace_tuning,compressed,compressed_compressed__N16384__q16__skewed__r32-64__fp16__q8__w16,dense__N16384__fp16,compressed_compressed,16384,16,1024,16,skewed,b32_b16,32,64,42.1484375,42.171875,45.21875,45.25,33,32,5,5,q8,fp16,Float16,fp32_accumulate,20260802,random,1,4,1,tlr_tlr_runs,16,compressed_tlr,compressed_tlr,47415296,47448064,94863360,24883328,1073741824,0.11152279376983643,163.336055,163.336055,2.573568,2.563082,10.734506,10.722142,4.171059789366359,4.183300417232067,3.82074175488e11,4.1283485696e11,7.451086300830561,160413.42484830398,819422.2465577829,false,2.5681;2.58817;2.579036;2.563082,,NVIDIA H100 80GB HBM3,1.12.6
workspace_tuning__20260803T194905.205Z__pid9032,20260803T194905.205Z,workspace_tuning,compressed,compressed_compressed__N16384__q16__skewed__r32-64__fp16__q8__w32,dense__N16384__fp16,compressed_compressed,16384,16,1024,16,skewed,b32_b16,32,64,42.1484375,42.171875,45.21875,45.25,33,32,5,5,q8,fp16,Float16,fp32_accumulate,20260802,random,1,4,1,tlr_tlr_runs,32,compressed_tlr,compressed_tlr,47415296,47448064,94863360,12803712,1073741824,0.1002727746963501,69.841814,69.841814,2.982114,2.960997,10.734506,10.722142,3.5996296586917866,3.6211255870911048,3.81642162176e11,4.1191211008e11,7.348642383473767,138127.55316530488,819422.2465577829,false,2.984713;2.997693;2.979515;2.960997,,NVIDIA H100 80GB HBM3,1.12.6
workspace_tuning__20260803T194905.205Z__pid9032,20260803T194905.205Z,workspace_tuning,compressed,compressed_compressed__N16384__q16__skewed__r32-64__fp16__q8__w64,dense__N16384__fp16,compressed_compressed,16384,16,1024,16,skewed,b32_b16,32,64,42.1484375,42.171875,45.21875,45.25,33,32,5,5,q8,fp16,Float16,fp32_accumulate,20260802,random,1,4,1,tlr_tlr_runs,64,compressed_tlr,compressed_tlr,47415296,47448064,94863360,6513536,1073741824,0.0944145917892456,98.693605,98.693605,3.5975945,3.596038,10.734506,10.722142,2.9838009814613624,2.981654253931688,3.8122692608e11,4.11626897408e11,7.385321882371522,114417.25781157381,819422.2465577829,false,3.597259;3.605542;3.596038;3.59793,,NVIDIA H100 80GB HBM3,1.12.6
workspace_tuning__20260803T194905.205Z__pid9032,20260803T194905.205Z,workspace_tuning,compressed,compressed_dense__N16384__q8__skewed__r64-128__fp16__q8__w1,dense__N16384__fp16,compressed_dense,16384,8,2048,8,skewed,b32_b16,64,128,85.375,,88.125,,32,,9,,q8,fp16,Float16,fp32_accumulate,20260802,random,1,4,1,one_or_more_tile_stripes,1,compressed_tlr,dense,46202880,536870912,583073792,23101440,1073741824,0.564544677734375,8.581922,8.581922,3.38721,3.374526,10.734506,10.722142,3.169129165301236,3.1773772079397227,7.33365665792e11,7.5698798592e11,3.120567375886525,223484.22032292062,819422.2465577829,false,3.394085;3.391832;3.382588;3.374526,,NVIDIA H100 80GB HBM3,1.12.6
workspace_tuning__20260803T194905.205Z__pid9032,20260803T194905.205Z,workspace_tuning,compressed,compressed_dense__N16384__q8__skewed__r64-128__fp16__q8__w2,dense__N16384__fp16,compressed_dense,16384,8,2048,8,skewed,b32_b16,64,128,85.375,,88.125,,32,,9,,q8,fp16,Float16,fp32_accumulate,20260802,random,1,4,1,one_or_more_tile_stripes,2,compressed_tlr,dense,46202880,536870912,583073792,46202880,1073741824,0.5860595703125,4.469232,4.469232,3.381812,3.376869,10.734506,10.722142,3.174187683998992,3.175172622923779,7.33365665792e11,7.5698798592e11,3.120567375886525,223840.94264258334,819422.2465577829,false,3.386013;3.382688;3.376869;3.380936,,NVIDIA H100 80GB HBM3,1.12.6
workspace_tuning__20260803T194905.205Z__pid9032,20260803T194905.205Z,workspace_tuning,compressed,compressed_dense__N16384__q8__skewed__r64-128__fp16__q8__w4,dense__N16384__fp16,compressed_dense,16384,8,2048,8,skewed,b32_b16,64,128,85.375,,88.125,,32,,9,,q8,fp16,Float16,fp32_accumulate,20260802,random,1,4,1,one_or_more_tile_stripes,4,compressed_tlr,dense,46202880,536870912,583073792,92405760,1073741824,0.62908935546875,2.092329,2.092329,3.3448615000000004,3.343059,10.734506,10.722142,3.2092527597928937,3.207284705415011,7.33365665792e11,7.5698798592e11,3.120567375886525,226313.70115623617,819422.2465577829,false,3.364621;3.343059;3.346344;3.343379,,NVIDIA H100 80GB HBM3,1.12.6
workspace_tuning__20260803T194905.205Z__pid9032,20260803T194905.205Z,workspace_tuning,compressed,compressed_dense__N16384__q8__skewed__r64-128__fp16__q8__w8,dense__N16384__fp16,compressed_dense,16384,8,2048,8,skewed,b32_b16,64,128,85.375,,88.125,,32,,9,,q8,fp16,Float16,fp32_accumulate,20260802,random,1,4,1,one_or_more_tile_stripes,8,compressed_tlr,dense,46202880,536870912,583073792,184811520,1073741824,0.71514892578125,1.102298,1.102298,3.3338645,3.326244,10.734506,10.722142,3.219838718700175,3.223498336261561,7.33365665792e11,7.5698798592e11,3.120567375886525,227060.21373094196,819422.2465577829,false,3.326244;3.334676;3.339003;3.333053,,NVIDIA H100 80GB HBM3,1.12.6
workspace_tuning__20260803T194905.205Z__pid9032,20260803T194905.205Z,workspace_tuning,compressed,dense_compressed__N16384__q8__skewed__r64-128__fp16__q8__w1,dense__N16384__fp16,dense_compressed,16384,8,2048,8,skewed,b32_b16,64,128,,85.375,,88.125,,32,,9,q8,fp16,Float16,fp32_accumulate,20260802,random,1,4,1,one_or_more_tile_stripes,1,dense,compressed_tlr,536870912,46202880,583073792,23101440,1073741824,0.564544677734375,8.465268,8.465268,2.8783985000000003,2.861479,10.734506,10.722142,3.7293328217062367,3.7470629698837556,7.33365665792e11,7.5698798592e11,3.120567375886525,262989.29280292493,819422.2465577829,false,2.886185;2.875649;2.881148;2.861479,,NVIDIA H100 80GB HBM3,1.12.6
workspace_tuning__20260803T194905.205Z__pid9032,20260803T194905.205Z,workspace_tuning,compressed,dense_compressed__N16384__q8__skewed__r64-128__fp16__q8__w2,dense__N16384__fp16,dense_compressed,16384,8,2048,8,skewed,b32_b16,64,128,,85.375,,88.125,,32,,9,q8,fp16,Float16,fp32_accumulate,20260802,random,1,4,1,one_or_more_tile_stripes,2,dense,compressed_tlr,536870912,46202880,583073792,46202880,1073741824,0.5860595703125,4.38698,4.38698,2.9075379999999997,2.890212,10.734506,10.722142,3.6919572504297453,3.7098115985955356,7.33365665792e11,7.5698798592e11,3.120567375886525,260353.60016618876,819422.2465577829,false,2.917762;2.912896;2.90218;2.890212,,NVIDIA H100 80GB HBM3,1.12.6
workspace_tuning__20260803T194905.205Z__pid9032,20260803T194905.205Z,workspace_tuning,compressed,dense_compressed__N16384__q8__skewed__r64-128__fp16__q8__w4,dense__N16384__fp16,dense_compressed,16384,8,2048,8,skewed,b32_b16,64,128,,85.375,,88.125,,32,,9,q8,fp16,Float16,fp32_accumulate,20260802,random,1,4,1,one_or_more_tile_stripes,4,dense,compressed_tlr,536870912,46202880,583073792,92405760,1073741824,0.62908935546875,2.081402,2.081402,3.14658,3.121427,10.734506,10.722142,3.411483578996879,3.435012896345165,7.33365665792e11,7.5698798592e11,3.120567375886525,240574.84186640734,819422.2465577829,false,3.150761;3.1765;3.121427;3.142399,,NVIDIA H100 80GB HBM3,1.12.6
workspace_tuning__20260803T194905.205Z__pid9032,20260803T194905.205Z,workspace_tuning,compressed,dense_compressed__N16384__q8__skewed__r64-128__fp16__q8__w8,dense__N16384__fp16,dense_compressed,16384,8,2048,8,skewed,b32_b16,64,128,,85.375,,88.125,,32,,9,q8,fp16,Float16,fp32_accumulate,20260802,random,1,4,1,one_or_more_tile_stripes,8,dense,compressed_tlr,536870912,46202880,583073792,184811520,1073741824,0.71514892578125,1.165293,1.165293,3.411827,3.404611,10.734506,10.722142,3.1462632777101533,3.1493001696816463,7.33365665792e11,7.5698798592e11,3.120567375886525,221871.73790464757,819422.2465577829,false,3.408707;3.428467;3.404611;3.414947,,NVIDIA H100 80GB HBM3,1.12.6
workspace_tuning__20260803T194905.205Z__pid9032,20260803T194905.205Z,workspace_tuning,compressed,compressed_compressed__N16384__q8__skewed__r64-128__fp16__q8__w1,dense__N16384__fp16,compressed_compressed,16384,8,2048,8,skewed,b32_b16,64,128,85.375,86.015625,88.125,89.25,32,38,9,9,q8,fp16,Float16,fp32_accumulate,20260802,random,1,4,1,tlr_tlr_runs,1,compressed_tlr,compressed_tlr,46202880,46792704,92995584,192869504,1073741824,0.26623260974884033,6.627109,6.627109,1.7339225,1.731849,10.734506,10.722142,6.19087992687101,6.191152923840358,3.97512187904e11,4.11499495424e11,3.3991068459483254,237322.88808986562,819422.2465577829,false,1.734293;1.731849;1.73902;1.733552,,NVIDIA H100 80GB HBM3,1.12.6
workspace_tuning__20260803T194905.205Z__pid9032,20260803T194905.205Z,workspace_tuning,compressed,compressed_compressed__N16384__q8__skewed__r64-128__fp16__q8__w2,dense__N16384__fp16,compressed_compressed,16384,8,2048,8,skewed,b32_b16,64,128,85.375,86.015625,88.125,89.25,32,38,9,9,q8,fp16,Float16,fp32_accumulate,20260802,random,1,4,1,tlr_tlr_runs,2,compressed_tlr,compressed_tlr,46202880,46792704,92995584,97829376,1073741824,0.1777195930480957,7.495859,7.495859,1.6809585,1.675836,10.734506,10.722142,6.385943495928067,6.398085492852522,3.89022916608e11,4.03983302656e11,3.7032189077227957,240329.13522612248,819422.2465577829,false,1.675836;1.677709;1.685801;1.684208,,NVIDIA H100 80GB HBM3,1.12.6
workspace_tuning__20260803T194905.205Z__pid9032,20260803T194905.205Z,workspace_tuning,compressed,compressed_compressed__N16384__q8__skewed__r64-128__fp16__q8__w4,dense__N16384__fp16,compressed_compressed,16384,8,2048,8,skewed,b32_b16,64,128,85.375,86.015625,88.125,89.25,32,38,9,9,q8,fp16,Float16,fp32_accumulate,20260802,random,1,4,1,tlr_tlr_runs,4,compressed_tlr,compressed_tlr,46202880,46792704,92995584,49147392,1073741824,0.13238096237182617,52.96644,52.96644,1.75556,1.739771,10.734506,10.722142,6.114576545375834,6.1629616771402675,3.8242947072e11,3.96735545344e11,3.6059472845054863,225988.0296566338,819422.2465577829,false,1.759891;1.751229;1.739771;1.761414,,NVIDIA H100 80GB HBM3,1.12.6
workspace_tuning__20260803T194905.205Z__pid9032,20260803T194905.205Z,workspace_tuning,compressed,compressed_compressed__N16384__q8__skewed__r64-128__fp16__q8__w8,dense__N16384__fp16,compressed_compressed,16384,8,2048,8,skewed,b32_b16,64,128,85.375,86.015625,88.125,89.25,32,38,9,9,q8,fp16,Float16,fp32_accumulate,20260802,random,1,4,1,tlr_tlr_runs,8,compressed_tlr,compressed_tlr,46202880,46792704,92995584,24592128,1073741824,0.1095120906829834,10.772839,10.772839,1.9512675000000002,1.926701,10.734506,10.722142,5.501299027427043,5.565026436380113,3.8242947072e11,3.96735545344e11,3.6059472845054863,203321.9665391854,819422.2465577829,false,1.955794;1.959681;1.926701;1.946741,,NVIDIA H100 80GB HBM3,1.12.6
workspace_tuning__20260803T194905.205Z__pid9032,20260803T194905.205Z,workspace_tuning,compressed,compressed_compressed__N16384__q8__skewed__r64-128__fp16__q8__w16,dense__N16384__fp16,compressed_compressed,16384,8,2048,8,skewed,b32_b16,64,128,85.375,86.015625,88.125,89.25,32,38,9,9,q8,fp16,Float16,fp32_accumulate,20260802,random,1,4,1,tlr_tlr_runs,16,compressed_tlr,compressed_tlr,46202880,46792704,92995584,13050752,1073741824,0.0987633466720581,15.56873,15.56873,2.214772,2.207671,10.734506,10.722142,4.846777004585573,4.856766248231734,3.79778670592e11,3.94185408512e11,3.6548125853728606,177980.13001428588,819422.2465577829,false,2.216555;2.21318;2.216364;2.207671,,NVIDIA H100 80GB HBM3,1.12.6
workspace_tuning__20260803T194905.205Z__pid9032,20260803T194905.205Z,workspace_tuning,compressed,compressed_compressed__N16384__q8__skewed__r64-128__fp16__q8__w32,dense__N16384__fp16,compressed_compressed,16384,8,2048,8,skewed,b32_b16,64,128,85.375,86.015625,88.125,89.25,32,38,9,9,q8,fp16,Float16,fp32_accumulate,20260802,random,1,4,1,tlr_tlr_runs,32,compressed_tlr,compressed_tlr,46202880,46792704,92995584,6819968,1073741824,0.09296047687530518,25.560019,25.560019,2.71844,2.686968,10.734506,10.722142,3.9487742970232924,3.9904241509389022,3.79778670592e11,3.94185408512e11,3.6548125853728606,145004.27028442782,819422.2465577829,false,2.721199;2.729812;2.715681;2.686968,,NVIDIA H100 80GB HBM3,1.12.6
workspace_tuning__20260803T194905.205Z__pid9032,20260803T194905.205Z,workspace_tuning,compressed,compressed_compressed__N16384__q8__skewed__r64-128__fp16__q8__w64,dense__N16384__fp16,compressed_compressed,16384,8,2048,8,skewed,b32_b16,64,128,85.375,86.015625,88.125,89.25,32,38,9,9,q8,fp16,Float16,fp32_accumulate,20260802,random,1,4,1,tlr_tlr_runs,64,compressed_tlr,compressed_tlr,46202880,46792704,92995584,3513216,1073741824,0.08988082408905029,42.913097,42.913097,3.746472,3.745341,10.734506,10.722142,2.865230542227461,2.8627946026810376,3.77253699584e11,3.9129972736e11,3.589582816927828,104444.85568289313,819422.2465577829,false,3.746252;3.749727;3.745341;3.746692,,NVIDIA H100 80GB HBM3,1.12.6
workspace_tuning__20260803T194905.205Z__pid9032,20260803T194905.205Z,workspace_tuning,baseline,dense__N16384__fp32,dense__N16384__fp32,dense_dense,16384,,,,,,,,,,,,,,,,,fp32,Float32,fp32,20260802,random,1,4,0,none,0,dense,dense,1073741824,1073741824,2147483648,0,2147483648,1.0,,,161.3487735,160.726523,161.3487735,160.726523,1.0,1.0,8.796093022208e12,8.796093022208e12,0.0,54516.02036632773,54516.02036632773,false,160.726523;161.348403;161.349144;161.416394,160.726523;161.348403;161.349144;161.416394,NVIDIA H100 80GB HBM3,1.12.6
workspace_tuning__20260803T194905.205Z__pid9032,20260803T194905.205Z,workspace_tuning,compressed,compressed_dense__N16384__q16__skewed__r32-64__fp32__q8__w1,dense__N16384__fp32,compressed_dense,16384,16,1024,16,skewed,b32_b16,32,64,42.1484375,,45.21875,,33,,5,,q8,fp32,Float32,fp32,20260802,random,1,4,1,one_or_more_tile_stripes,1,compressed_tlr,dense,94830592,1073741824,1168572416,47415296,2147483648,0.5662384033203125,55.118698,55.118698,35.829049999999995,35.688285,161.3487735,160.726523,4.503294770584205,4.5036213704301,7.2410464256e11,7.76852209664e11,6.789910158949551,21682.188326623233,54516.02036632773,false,35.816406;35.841694;35.858449;35.688285,,NVIDIA H100 80GB HBM3,1.12.6
workspace_tuning__20260803T194905.205Z__pid9032,20260803T194905.205Z,workspace_tuning,compressed,compressed_dense__N16384__q16__skewed__r32-64__fp32__q8__w2,dense__N16384__fp32,compressed_dense,16384,16,1024,16,skewed,b32_b16,32,64,42.1484375,,45.21875,,33,,5,,q8,fp32,Float32,fp32,20260802,random,1,4,1,one_or_more_tile_stripes,2,compressed_tlr,dense,94830592,1073741824,1168572416,94830592,2147483648,0.58831787109375,27.534552,27.534552,35.3359425,35.304851,161.3487735,160.726523,4.566137538286972,4.552533673063794,7.2410464256e11,7.76852209664e11,6.789910158949551,21984.75984230504,54516.02036632773,false,35.304851;35.336999;35.353073;35.334886,,NVIDIA H100 80GB HBM3,1.12.6
workspace_tuning__20260803T194905.205Z__pid9032,20260803T194905.205Z,workspace_tuning,compressed,compressed_dense__N16384__q16__skewed__r32-64__fp32__q8__w4,dense__N16384__fp32,compressed_dense,16384,16,1024,16,skewed,b32_b16,32,64,42.1484375,,45.21875,,33,,5,,q8,fp32,Float32,fp32,20260802,random,1,4,1,one_or_more_tile_stripes,4,compressed_tlr,dense,94830592,1073741824,1168572416,189661184,2147483648,0.632476806640625,13.770881,13.770881,34.896936499999995,34.876851,161.3487735,160.726523,4.623579880715318,4.608401228654501,7.2410464256e11,7.76852209664e11,6.789910158949551,22261.329720561578,54516.02036632773,false,34.891694;34.904473;34.902179;34.876851,,NVIDIA H100 80GB HBM3,1.12.6
workspace_tuning__20260803T194905.205Z__pid9032,20260803T194905.205Z,workspace_tuning,compressed,compressed_dense__N16384__q16__skewed__r32-64__fp32__q8__w8,dense__N16384__fp32,compressed_dense,16384,16,1024,16,skewed,b32_b16,32,64,42.1484375,,45.21875,,33,,5,,q8,fp32,Float32,fp32,20260802,random,1,4,1,one_or_more_tile_stripes,8,compressed_tlr,dense,94830592,1073741824,1168572416,379322368,2147483648,0.720794677734375,38.277686,38.277686,34.774181999999996,34.761779,161.3487735,160.726523,4.639901335421779,4.623656430241962,7.2410464256e11,7.76852209664e11,6.789910158949551,22339.913262776394,54516.02036632773,false,34.761779;34.766075;34.782289;34.836531,,NVIDIA H100 80GB HBM3,1.12.6
workspace_tuning__20260803T194905.205Z__pid9032,20260803T194905.205Z,workspace_tuning,compressed,compressed_dense__N16384__q16__skewed__r32-64__fp32__q8__w16,dense__N16384__fp32,compressed_dense,16384,16,1024,16,skewed,b32_b16,32,64,42.1484375,,45.21875,,33,,5,,q8,fp32,Float32,fp32,20260802,random,1,4,1,one_or_more_tile_stripes,16,compressed_tlr,dense,94830592,1073741824,1168572416,758644736,2147483648,0.897430419921875,3.601245,3.601245,34.342983000000004,34.329342,161.3487735,160.726523,4.698158383620898,4.681899320994851,7.2410464256e11,7.76852209664e11,6.789910158949551,22620.405736566325,54516.02036632773,false,34.359598;34.34086;34.345106;34.329342,,NVIDIA H100 80GB HBM3,1.12.6
workspace_tuning__20260803T194905.205Z__pid9032,20260803T194905.205Z,workspace_tuning,compressed,dense_compressed__N16384__q16__skewed__r32-64__fp32__q8__w1,dense__N16384__fp32,dense_compressed,16384,16,1024,16,skewed,b32_b16,32,64,,42.1484375,,45.21875,,33,,5,q8,fp32,Float32,fp32,20260802,random,1,4,1,one_or_more_tile_stripes,1,dense,compressed_tlr,1073741824,94830592,1168572416,47415296,2147483648,0.5662384033203125,52.733012,52.733012,30.4579285,30.429461,161.3487735,160.726523,5.29743096284437,5.281937889074013,7.2410464256e11,7.76852209664e11,6.789910158949551,25505.7467110411,54516.02036632773,false,30.429461;30.454869;30.460988;30.486697,,NVIDIA H100 80GB HBM3,1.12.6
workspace_tuning__20260803T194905.205Z__pid9032,20260803T194905.205Z,workspace_tuning,compressed,dense_compressed__N16384__q16__skewed__r32-64__fp32__q8__w2,dense__N16384__fp32,dense_compressed,16384,16,1024,16,skewed,b32_b16,32,64,,42.1484375,,45.21875,,33,,5,q8,fp32,Float32,fp32,20260802,random,1,4,1,one_or_more_tile_stripes,2,dense,compressed_tlr,1073741824,94830592,1168572416,94830592,2147483648,0.58831787109375,26.530151,26.530151,30.187264,30.175912,161.3487735,160.726523,5.344928692444602,5.3263186544287375,7.2410464256e11,7.76852209664e11,6.789910158949551,25734.435875473842,54516.02036632773,false,30.218576;30.178496;30.196032;30.175912,,NVIDIA H100 80GB HBM3,1.12.6
workspace_tuning__20260803T194905.205Z__pid9032,20260803T194905.205Z,workspace_tuning,compressed,dense_compressed__N16384__q16__skewed__r32-64__fp32__q8__w4,dense__N16384__fp32,dense_compressed,16384,16,1024,16,skewed,b32_b16,32,64,,42.1484375,,45.21875,,33,,5,q8,fp32,Float32,fp32,20260802,random,1,4,1,one_or_more_tile_stripes,4,dense,compressed_tlr,1073741824,94830592,1168572416,189661184,2147483648,0.632476806640625,13.678474,13.678474,29.7272565,29.700541,161.3487735,160.726523,5.42763754536178,5.411568866708522,7.2410464256e11,7.76852209664e11,6.789910158949551,26132.657403618796,54516.02036632773,false,29.724137;29.828713;29.730376;29.700541,,NVIDIA H100 80GB HBM3,1.12.6
workspace_tuning__20260803T194905.205Z__pid9032,20260803T194905.205Z,workspace_tuning,compressed,dense_compressed__N16384__q16__skewed__r32-64__fp32__q8__w8,dense__N16384__fp32,dense_compressed,16384,16,1024,16,skewed,b32_b16,32,64,,42.1484375,,45.21875,,33,,5,q8,fp32,Float32,fp32,20260802,random,1,4,1,one_or_more_tile_stripes,8,dense,compressed_tlr,1073741824,94830592,1168572416,379322368,2147483648,0.720794677734375,7.019466,7.019466,29.3511735,29.343147,161.3487735,160.726523,5.497183051301168,5.477480755557678,7.2410464256e11,7.76852209664e11,6.789910158949551,26467.500853551905,54516.02036632773,false,29.352891;29.349456;29.343147;29.355465,,NVIDIA H100 80GB HBM3,1.12.6
workspace_tuning__20260803T194905.205Z__pid9032,20260803T194905.205Z,workspace_tuning,compressed,dense_compressed__N16384__q16__skewed__r32-64__fp32__q8__w16,dense__N16384__fp32,dense_compressed,16384,16,1024,16,skewed,b32_b16,32,64,,42.1484375,,45.21875,,33,,5,q8,fp32,Float32,fp32,20260802,random,1,4,1,one_or_more_tile_stripes,16,dense,compressed_tlr,1073741824,94830592,1168572416,758644736,2147483648,0.897430419921875,170.570523,170.570523,29.163542999999997,29.135025,161.3487735,160.726523,5.532550468919363,5.516608377717198,7.2410464256e11,7.76852209664e11,6.789910158949551,26637.785733509816,54516.02036632773,false,29.170538;29.158941;29.168145;29.135025,,NVIDIA H100 80GB HBM3,1.12.6
workspace_tuning__20260803T194905.205Z__pid9032,20260803T194905.205Z,workspace_tuning,compressed,compressed_compressed__N16384__q16__skewed__r32-64__fp32__q8__w1,dense__N16384__fp32,compressed_compressed,16384,16,1024,16,skewed,b32_b16,32,64,42.1484375,42.171875,45.21875,45.25,33,32,5,5,q8,fp32,Float32,fp32,20260802,random,1,4,1,tlr_tlr_runs,1,compressed_tlr,compressed_tlr,94830592,94896128,189726720,792180736,2147483648,0.45723628997802734,179.090853,179.090853,10.979963,10.969813,161.3487735,160.726523,14.694837632877269,14.651710380113132,3.91872069632e11,4.22766968832e11,7.30778454271272,38503.496672256544,54516.02036632773,false,10.973939;10.969813;10.9885;10.985987,,NVIDIA H100 80GB HBM3,1.12.6
workspace_tuning__20260803T194905.205Z__pid9032,20260803T194905.205Z,workspace_tuning,compressed,compressed_compressed__N16384__q16__skewed__r32-64__fp32__q8__w2,dense__N16384__fp32,compressed_compressed,16384,16,1024,16,skewed,b32_b16,32,64,42.1484375,42.171875,45.21875,45.25,33,32,5,5,q8,fp32,Float32,fp32,20260802,random,1,4,1,tlr_tlr_runs,2,compressed_tlr,compressed_tlr,94830592,94896128,189726720,396557056,2147483648,0.27300965785980225,44.536004,44.536004,10.548593499999999,10.528744,161.3487735,160.726523,15.295761799902518,15.265498239866027,3.90395674624e11,4.20619485184e11,7.185546943166124,39874.461480006794,54516.02036632773,false,10.528744;10.556475;10.575674;10.540712,,NVIDIA H100 80GB HBM3,1.12.6
workspace_tuning__20260803T194905.205Z__pid9032,20260803T194905.205Z,workspace_tuning,compressed,compressed_compressed__N16384__q16__skewed__r32-64__fp32__q8__w4,dense__N16384__fp32,compressed_compressed,16384,16,1024,16,skewed,b32_b16,32,64,42.1484375,42.171875,45.21875,45.25,33,32,5,5,q8,fp32,Float32,fp32,20260802,random,1,4,1,tlr_tlr_runs,4,compressed_tlr,compressed_tlr,94830592,94896128,189726720,198560768,2147483648,0.18081045150756836,47.478374,47.478374,10.9587365,10.932017,161.3487735,160.726523,14.723300765558145,14.702366727018443,3.87174449152e11,4.17935130624e11,7.36015692819903,38137.16395352694,54516.02036632773,false,10.932017;10.946398;10.976483;10.971075,,NVIDIA H100 80GB HBM3,1.12.6
workspace_tuning__20260803T194905.205Z__pid9032,20260803T194905.205Z,workspace_tuning,compressed,compressed_compressed__N16384__q16__skewed__r32-64__fp32__q8__w8,dense__N16384__fp32,compressed_compressed,16384,16,1024,16,skewed,b32_b16,32,64,42.1484375,42.171875,45.21875,45.25,33,32,5,5,q8,fp32,Float32,fp32,20260802,random,1,4,1,tlr_tlr_runs,8,compressed_tlr,compressed_tlr,94830592,94896128,189726720,99373056,2147483648,0.13462257385253906,51.607398,51.607398,11.8643155,11.861816,161.3487735,160.726523,13.599501252305705,13.549908631191041,3.8479208448e11,4.15787646976e11,7.454661705663689,35045.2284395168,54516.02036632773,false,11.861816;11.862047;11.907325;11.866584,,NVIDIA H100 80GB HBM3,1.12.6
workspace_tuning__20260803T194905.205Z__pid9032,20260803T194905.205Z,workspace_tuning,compressed,compressed_compressed__N16384__q16__skewed__r32-64__fp32__q8__w16,dense__N16384__fp32,compressed_compressed,16384,16,1024,16,skewed,b32_b16,32,64,42.1484375,42.171875,45.21875,45.25,33,32,5,5,q8,fp32,Float32,fp32,20260802,random,1,4,1,tlr_tlr_runs,16,compressed_tlr,compressed_tlr,94830592,94896128,189726720,49766656,2147483648,0.11152279376983643,57.544746,57.544746,13.589946000000001,13.56914,161.3487735,160.726523,11.872657441022943,11.845004399689293,3.82074175488e11,4.1283485696e11,7.451086300830561,30377.96154304071,54516.02036632773,false,13.604572;13.56914;13.585214;13.594678,,NVIDIA H100 80GB HBM3,1.12.6
workspace_tuning__20260803T194905.205Z__pid9032,20260803T194905.205Z,workspace_tuning,compressed,compressed_compressed__N16384__q16__skewed__r32-64__fp32__q8__w32,dense__N16384__fp32,compressed_compressed,16384,16,1024,16,skewed,b32_b16,32,64,42.1484375,42.171875,45.21875,45.25,33,32,5,5,q8,fp32,Float32,fp32,20260802,random,1,4,1,tlr_tlr_runs,32,compressed_tlr,compressed_tlr,94830592,94896128,189726720,25607424,2147483648,0.1002727746963501,67.902194,67.902194,14.613101,14.580512,161.3487735,160.726523,11.041378109957632,11.023379906000557,3.81642162176e11,4.1191211008e11,7.348642383473767,28187.86444300905,54516.02036632773,false,14.580512;14.621873;14.610517;14.615685,,NVIDIA H100 80GB HBM3,1.12.6
workspace_tuning__20260803T194905.205Z__pid9032,20260803T194905.205Z,workspace_tuning,compressed,compressed_compressed__N16384__q16__skewed__r32-64__fp32__q8__w64,dense__N16384__fp32,compressed_compressed,16384,16,1024,16,skewed,b32_b16,32,64,42.1484375,42.171875,45.21875,45.25,33,32,5,5,q8,fp32,Float32,fp32,20260802,random,1,4,1,tlr_tlr_runs,64,compressed_tlr,compressed_tlr,94830592,94896128,189726720,13027072,2147483648,0.0944145917892456,95.773519,95.773519,19.2020775,19.103145,161.3487735,160.726523,8.402672757674265,8.41361582085044,3.8122692608e11,4.11626897408e11,7.385321882371522,21436.5814015697,54516.02036632773,false,19.298847;19.103145;19.105308;19.317866,,NVIDIA H100 80GB HBM3,1.12.6
workspace_tuning__20260803T194905.205Z__pid9032,20260803T194905.205Z,workspace_tuning,compressed,compressed_dense__N16384__q8__skewed__r64-128__fp32__q8__w1,dense__N16384__fp32,compressed_dense,16384,8,2048,8,skewed,b32_b16,64,128,85.375,,88.125,,32,,9,,q8,fp32,Float32,fp32,20260802,random,1,4,1,one_or_more_tile_stripes,1,compressed_tlr,dense,92405760,1073741824,1166147584,46202880,2147483648,0.564544677734375,8.484838,8.484838,22.660193999999997,22.652232,161.3487735,160.726523,7.1203615247071586,7.0953945288923395,7.33365665792e11,7.5698798592e11,3.120567375886525,33406.068188118785,54516.02036632773,false,22.652232;22.666984;22.653404;22.669147,,NVIDIA H100 80GB HBM3,1.12.6
workspace_tuning__20260803T194905.205Z__pid9032,20260803T194905.205Z,workspace_tuning,compressed,compressed_dense__N16384__q8__skewed__r64-128__fp32__q8__w2,dense__N16384__fp32,compressed_dense,16384,8,2048,8,skewed,b32_b16,64,128,85.375,,88.125,,32,,9,,q8,fp32,Float32,fp32,20260802,random,1,4,1,one_or_more_tile_stripes,2,compressed_tlr,dense,92405760,1073741824,1166147584,92405760,2147483648,0.5860595703125,4.256815,4.256815,22.5209355,22.485963,161.3487735,160.726523,7.164390373570405,7.147860334022607,7.33365665792e11,7.5698798592e11,3.120567375886525,33612.635048841556,54516.02036632773,false,22.485963;22.529598;22.549958;22.512273,,NVIDIA H100 80GB HBM3,1.12.6
workspace_tuning__20260803T194905.205Z__pid9032,20260803T194905.205Z,workspace_tuning,compressed,compressed_dense__N16384__q8__skewed__r64-128__fp32__q8__w4,dense__N16384__fp32,compressed_dense,16384,8,2048,8,skewed,b32_b16,64,128,85.375,,88.125,,32,,9,,q8,fp32,Float32,fp32,20260802,random,1,4,1,one_or_more_tile_stripes,4,compressed_tlr,dense,92405760,1073741824,1166147584,184811520,2147483648,0.62908935546875,2.047932,2.047932,22.3422585,22.307586,161.3487735,160.726523,7.221685914161274,7.205016401147125,7.33365665792e11,7.5698798592e11,3.120567375886525,33881.444255960065,54516.02036632773,false,22.307586;22.320816;22.377421;22.363701,,NVIDIA H100 80GB HBM3,1.12.6
workspace_tuning__20260803T194905.205Z__pid9032,20260803T194905.205Z,workspace_tuning,compressed,compressed_dense__N16384__q8__skewed__r64-128__fp32__q8__w8,dense__N16384__fp32,compressed_dense,16384,8,2048,8,skewed,b32_b16,64,128,85.375,,88.125,,32,,9,,q8,fp32,Float32,fp32,20260802,random,1,4,1,one_or_more_tile_stripes,8,compressed_tlr,dense,92405760,1073741824,1166147584,369623040,2147483648,0.71514892578125,1.088798,1.088798,22.0422145,22.020767,161.3487735,160.726523,7.319989264236585,7.29886125219889,7.33365665792e11,7.5698798592e11,3.120567375886525,34342.646739056094,54516.02036632773,false,22.020767;22.074188;22.037042;22.047387,,NVIDIA H100 80GB HBM3,1.12.6
workspace_tuning__20260803T194905.205Z__pid9032,20260803T194905.205Z,workspace_tuning,compressed,dense_compressed__N16384__q8__skewed__r64-128__fp32__q8__w1,dense__N16384__fp32,dense_compressed,16384,8,2048,8,skewed,b32_b16,64,128,,85.375,,88.125,,32,,9,q8,fp32,Float32,fp32,20260802,random,1,4,1,one_or_more_tile_stripes,1,dense,compressed_tlr,1073741824,92405760,1166147584,46202880,2147483648,0.564544677734375,8.153682,8.153682,18.9926795,18.989865,161.3487735,160.726523,8.49531386553435,8.463805456226254,7.33365665792e11,7.5698798592e11,3.120567375886525,39856.829359964715,54516.02036632773,false,18.995083;18.989865;19.004427;18.990276,,NVIDIA H100 80GB HBM3,1.12.6
workspace_tuning__20260803T194905.205Z__pid9032,20260803T194905.205Z,workspace_tuning,compressed,dense_compressed__N16384__q8__skewed__r64-128__fp32__q8__w2,dense__N16384__fp32,dense_compressed,16384,8,2048,8,skewed,b32_b16,64,128,,85.375,,88.125,,32,,9,q8,fp32,Float32,fp32,20260802,random,1,4,1,one_or_more_tile_stripes,2,dense,compressed_tlr,1073741824,92405760,1166147584,92405760,2147483648,0.5860595703125,4.098198,4.098198,18.826025,18.818749,161.3487735,160.726523,8.57051732906973,8.54076554185403,7.33365665792e11,7.5698798592e11,3.120567375886525,40209.655831223004,54516.02036632773,false,18.821714;18.831638;18.818749;18.830336,,NVIDIA H100 80GB HBM3,1.12.6
workspace_tuning__20260803T194905.205Z__pid9032,20260803T194905.205Z,workspace_tuning,compressed,dense_compressed__N16384__q8__skewed__r64-128__fp32__q8__w4,dense__N16384__fp32,dense_compressed,16384,8,2048,8,skewed,b32_b16,64,128,,85.375,,88.125,,32,,9,q8,fp32,Float32,fp32,20260802,random,1,4,1,one_or_more_tile_stripes,4,dense,compressed_tlr,1073741824,92405760,1166147584,184811520,2147483648,0.62908935546875,2.005148,2.005148,18.589636499999997,18.576016,161.3487735,160.726523,8.679501264051076,8.65236781665132,7.33365665792e11,7.5698798592e11,3.120567375886525,40720.967616553455,54516.02036632773,false,18.577999;18.576016;18.601274;18.639221,,NVIDIA H100 80GB HBM3,1.12.6
workspace_tuning__20260803T194905.205Z__pid9032,20260803T194905.205Z,workspace_tuning,compressed,dense_compressed__N16384__q8__skewed__r64-128__fp32__q8__w8,dense__N16384__fp32,dense_compressed,16384,8,2048,8,skewed,b32_b16,64,128,,85.375,,88.125,,32,,9,q8,fp32,Float32,fp32,20260802,random,1,4,1,one_or_more_tile_stripes,8,dense,compressed_tlr,1073741824,92405760,1166147584,369623040,2147483648,0.71514892578125,1.142318,1.142318,18.3531235,18.323269,161.3487735,160.726523,8.791352245845237,8.771716607991728,7.33365665792e11,7.5698798592e11,3.120567375886525,41245.73051121244,54516.02036632773,false,18.323269;18.355227;18.35102;18.361566,,NVIDIA H100 80GB HBM3,1.12.6
workspace_tuning__20260803T194905.205Z__pid9032,20260803T194905.205Z,workspace_tuning,compressed,compressed_compressed__N16384__q8__skewed__r64-128__fp32__q8__w1,dense__N16384__fp32,compressed_compressed,16384,8,2048,8,skewed,b32_b16,64,128,85.375,86.015625,88.125,89.25,32,38,9,9,q8,fp32,Float32,fp32,20260802,random,1,4,1,tlr_tlr_runs,1,compressed_tlr,compressed_tlr,92405760,93585408,185991168,385739008,2147483648,0.26623260974884033,6.364036,6.364036,9.861636,9.82393,161.3487735,160.726523,16.36125826384182,16.360715416335417,3.97512187904e11,4.11499495424e11,3.3991068459483254,41727.305228463105,54516.02036632773,false,9.82393;9.852533;9.871781;9.870739,,NVIDIA H100 80GB HBM3,1.12.6
workspace_tuning__20260803T194905.205Z__pid9032,20260803T194905.205Z,workspace_tuning,compressed,compressed_compressed__N16384__q8__skewed__r64-128__fp32__q8__w2,dense__N16384__fp32,compressed_compressed,16384,8,2048,8,skewed,b32_b16,64,128,85.375,86.015625,88.125,89.25,32,38,9,9,q8,fp32,Float32,fp32,20260802,random,1,4,1,tlr_tlr_runs,2,compressed_tlr,compressed_tlr,92405760,93585408,185991168,195658752,2147483648,0.1777195930480957,7.379755,7.379755,9.541042000000001,9.496059,161.3487735,160.726523,16.911022244740142,16.925602821128216,3.89022916608e11,4.03983302656e11,3.7032189077227957,42341.6334039825,54516.02036632773,false,9.496059;9.538483;9.566304;9.543601,,NVIDIA H100 80GB HBM3,1.12.6
workspace_tuning__20260803T194905.205Z__pid9032,20260803T194905.205Z,workspace_tuning,compressed,compressed_compressed__N16384__q8__skewed__r64-128__fp32__q8__w4,dense__N16384__fp32,compressed_compressed,16384,8,2048,8,skewed,b32_b16,64,128,85.375,86.015625,88.125,89.25,32,38,9,9,q8,fp32,Float32,fp32,20260802,random,1,4,1,tlr_tlr_runs,4,compressed_tlr,compressed_tlr,92405760,93585408,185991168,98294784,2147483648,0.13238096237182617,8.254873,8.254873,10.677526499999999,10.629855,161.3487735,160.726523,15.11106280092117,15.120293080197238,3.8242947072e11,3.96735545344e11,3.6059472845054863,37156.12837336438,54516.02036632773,false,10.662474;10.629855;10.697716;10.692579,,NVIDIA H100 80GB HBM3,1.12.6
workspace_tuning__20260803T194905.205Z__pid9032,20260803T194905.205Z,workspace_tuning,compressed,compressed_compressed__N16384__q8__skewed__r64-128__fp32__q8__w8,dense__N16384__fp32,compressed_compressed,16384,8,2048,8,skewed,b32_b16,64,128,85.375,86.015625,88.125,89.25,32,38,9,9,q8,fp32,Float32,fp32,20260802,random,1,4,1,tlr_tlr_runs,8,compressed_tlr,compressed_tlr,92405760,93585408,185991168,49184256,2147483648,0.1095120906829834,10.550196,10.550196,11.006367999999998,10.974671,161.3487735,160.726523,14.659583751878914,14.645224717898147,3.8242947072e11,3.96735545344e11,3.6059472845054863,36046.00040122228,54516.02036632773,false,11.010765;10.974671;11.001971;11.030254,,NVIDIA H100 80GB HBM3,1.12.6
workspace_tuning__20260803T194905.205Z__pid9032,20260803T194905.205Z,workspace_tuning,compressed,compressed_compressed__N16384__q8__skewed__r64-128__fp32__q8__w16,dense__N16384__fp32,compressed_compressed,16384,8,2048,8,skewed,b32_b16,64,128,85.375,86.015625,88.125,89.25,32,38,9,9,q8,fp32,Float32,fp32,20260802,random,1,4,1,tlr_tlr_runs,16,compressed_tlr,compressed_tlr,92405760,93585408,185991168,26101504,2147483648,0.0987633466720581,15.293498,15.293498,12.908417499999999,12.871076,161.3487735,160.726523,12.499500694023881,12.487419311330303,3.79778670592e11,3.94185408512e11,3.6548125853728606,30537.08237373017,54516.02036632773,false,12.88665;12.871076;12.930185;12.953149,,NVIDIA H100 80GB HBM3,1.12.6
workspace_tuning__20260803T194905.205Z__pid9032,20260803T194905.205Z,workspace_tuning,compressed,compressed_compressed__N16384__q8__skewed__r64-128__fp32__q8__w32,dense__N16384__fp32,compressed_compressed,16384,8,2048,8,skewed,b32_b16,64,128,85.375,86.015625,88.125,89.25,32,38,9,9,q8,fp32,Float32,fp32,20260802,random,1,4,1,tlr_tlr_runs,32,compressed_tlr,compressed_tlr,92405760,93585408,185991168,13639936,2147483648,0.09296047687530518,64.338535,64.338535,17.046975,16.936836,161.3487735,160.726523,9.464950438420892,9.489760838447038,3.79778670592e11,3.94185408512e11,3.6548125853728606,23123.48135150078,54516.02036632773,false,17.056655;17.043785;17.050165;16.936836,,NVIDIA H100 80GB HBM3,1.12.6
workspace_tuning__20260803T194905.205Z__pid9032,20260803T194905.205Z,workspace_tuning,compressed,compressed_compressed__N16384__q8__skewed__r64-128__fp32__q8__w64,dense__N16384__fp32,compressed_compressed,16384,8,2048,8,skewed,b32_b16,64,128,85.375,86.015625,88.125,89.25,32,38,9,9,q8,fp32,Float32,fp32,20260802,random,1,4,1,tlr_tlr_runs,64,compressed_tlr,compressed_tlr,92405760,93585408,185991168,7026432,2147483648,0.08988082408905029,42.283396,42.283396,25.076071,25.069476,161.3487735,160.726523,6.434372174971111,6.411243816982851,3.77253699584e11,3.9129972736e11,3.589582816927828,15604.507076088594,54516.02036632773,false,25.101544;25.076626;25.069476;25.075516,,NVIDIA H100 80GB HBM3,1.12.6
workspace_tuning__20260803T194905.205Z__pid9032,20260803T194905.205Z,workspace_tuning,baseline,dense__N16384__tf32,dense__N16384__tf32,dense_dense,16384,,,,,,,,,,,,,,,,,tf32,Float32,tf32,20260802,random,1,4,0,none,0,dense,dense,1073741824,1073741824,2147483648,0,2147483648,1.0,,,20.8717845,20.599272,20.8717845,20.599272,1.0,1.0,8.796093022208e12,8.796093022208e12,0.0,421434.64169093926,421434.64169093926,false,20.646363;21.097206;20.599272;23.097548,20.646363;21.097206;20.599272;23.097548,NVIDIA H100 80GB HBM3,1.12.6
workspace_tuning__20260803T194905.205Z__pid9032,20260803T194905.205Z,workspace_tuning,compressed,compressed_dense__N16384__q16__skewed__r32-64__tf32__q8__w1,dense__N16384__tf32,compressed_dense,16384,16,1024,16,skewed,b32_b16,32,64,42.1484375,,45.21875,,33,,5,,q8,tf32,Float32,tf32,20260802,random,1,4,1,one_or_more_tile_stripes,1,compressed_tlr,dense,94830592,1073741824,1168572416,47415296,2147483648,0.5662384033203125,55.731565,55.731565,7.9476145,7.922496,20.8717845,20.599272,2.6261697141953726,2.6000987567554468,7.2410464256e11,7.76852209664e11,6.789910158949551,97746.5892015774,421434.64169093926,false,7.942607;7.922496;7.952622;7.981255,,NVIDIA H100 80GB HBM3,1.12.6
workspace_tuning__20260803T194905.205Z__pid9032,20260803T194905.205Z,workspace_tuning,compressed,compressed_dense__N16384__q16__skewed__r32-64__tf32__q8__w2,dense__N16384__tf32,compressed_dense,16384,16,1024,16,skewed,b32_b16,32,64,42.1484375,,45.21875,,33,,5,,q8,tf32,Float32,tf32,20260802,random,1,4,1,one_or_more_tile_stripes,2,compressed_tlr,dense,94830592,1073741824,1168572416,94830592,2147483648,0.58831787109375,27.868631,27.868631,8.2062355,8.181894,20.8717845,20.599272,2.543405499391286,2.5176654696333145,7.2410464256e11,7.76852209664e11,6.789910158949551,94666.08771634691,421434.64169093926,false,8.228014;8.225139;8.181894;8.187332,,NVIDIA H100 80GB HBM3,1.12.6
workspace_tuning__20260803T194905.205Z__pid9032,20260803T194905.205Z,workspace_tuning,compressed,compressed_dense__N16384__q16__skewed__r32-64__tf32__q8__w4,dense__N16384__tf32,compressed_dense,16384,16,1024,16,skewed,b32_b16,32,64,42.1484375,,45.21875,,33,,5,,q8,tf32,Float32,tf32,20260802,random,1,4,1,one_or_more_tile_stripes,4,compressed_tlr,dense,94830592,1073741824,1168572416,189661184,2147483648,0.632476806640625,14.450728,14.450728,8.469755,8.452258,20.8717845,20.599272,2.4642725202795126,2.437132420709353,7.2410464256e11,7.76852209664e11,6.789910158949551,91720.74158744852,421434.64169093926,false,8.452258;8.460661;8.478849;8.582784,,NVIDIA H100 80GB HBM3,1.12.6
workspace_tuning__20260803T194905.205Z__pid9032,20260803T194905.205Z,workspace_tuning,compressed,compressed_dense__N16384__q16__skewed__r32-64__tf32__q8__w8,dense__N16384__tf32,compressed_dense,16384,16,1024,16,skewed,b32_b16,32,64,42.1484375,,45.21875,,33,,5,,q8,tf32,Float32,tf32,20260802,random,1,4,1,one_or_more_tile_stripes,8,compressed_tlr,dense,94830592,1073741824,1168572416,379322368,2147483648,0.720794677734375,7.013277,7.013277,8.6198745,8.586869,20.8717845,20.599272,2.4213559605769204,2.3989270128611486,7.2410464256e11,7.76852209664e11,6.789910158949551,90123.37820742054,421434.64169093926,false,8.615112;8.624637;8.586869;8.642062,,NVIDIA H100 80GB HBM3,1.12.6
workspace_tuning__20260803T194905.205Z__pid9032,20260803T194905.205Z,workspace_tuning,compressed,compressed_dense__N16384__q16__skewed__r32-64__tf32__q8__w16,dense__N16384__tf32,compressed_dense,16384,16,1024,16,skewed,b32_b16,32,64,42.1484375,,45.21875,,33,,5,,q8,tf32,Float32,tf32,20260802,random,1,4,1,one_or_more_tile_stripes,16,compressed_tlr,dense,94830592,1073741824,1168572416,758644736,2147483648,0.897430419921875,3.572612,3.572612,8.6770645,8.644616,20.8717845,20.599272,2.405396951929999,2.3829019125892925,7.2410464256e11,7.76852209664e11,6.789910158949551,89529.38054845622,421434.64169093926,false,8.644616;8.696324;8.66694;8.687189,,NVIDIA H100 80GB HBM3,1.12.6
workspace_tuning__20260803T194905.205Z__pid9032,20260803T194905.205Z,workspace_tuning,compressed,dense_compressed__N16384__q16__skewed__r32-64__tf32__q8__w1,dense__N16384__tf32,dense_compressed,16384,16,1024,16,skewed,b32_b16,32,64,,42.1484375,,45.21875,,33,,5,q8,tf32,Float32,tf32,20260802,random,1,4,1,one_or_more_tile_stripes,1,dense,compressed_tlr,1073741824,94830592,1168572416,47415296,2147483648,0.5662384033203125,52.942255,52.942255,8.033637500000001,8.012351,20.8717845,20.599272,2.598049078017274,2.570939790331202,7.2410464256e11,7.76852209664e11,6.789910158949551,96699.9332075912,421434.64169093926,false,8.014604;8.012351;8.052671;8.05878,,NVIDIA H100 80GB HBM3,1.12.6
workspace_tuning__20260803T194905.205Z__pid9032,20260803T194905.205Z,workspace_tuning,compressed,dense_compressed__N16384__q16__skewed__r32-64__tf32__q8__w2,dense__N16384__tf32,dense_compressed,16384,16,1024,16,skewed,b32_b16,32,64,,42.1484375,,45.21875,,33,,5,q8,tf32,Float32,tf32,20260802,random,1,4,1,one_or_more_tile_stripes,2,dense,compressed_tlr,1073741824,94830592,1168572416,94830592,2147483648,0.58831787109375,29.640442,29.640442,8.2178785,8.188624,20.8717845,20.599272,2.539802030414541,2.515596271119543,7.2410464256e11,7.76852209664e11,6.789910158949551,94531.96584300925,421434.64169093926,false,8.188624;8.191749;8.244008;8.276726,,NVIDIA H100 80GB HBM3,1.12.6
workspace_tuning__20260803T194905.205Z__pid9032,20260803T194905.205Z,workspace_tuning,compressed,dense_compressed__N16384__q16__skewed__r32-64__tf32__q8__w4,dense__N16384__tf32,dense_compressed,16384,16,1024,16,skewed,b32_b16,32,64,,42.1484375,,45.21875,,33,,5,q8,tf32,Float32,tf32,20260802,random,1,4,1,one_or_more_tile_stripes,4,dense,compressed_tlr,1073741824,94830592,1168572416,189661184,2147483648,0.632476806640625,60.209111,60.209111,8.357557,8.311388,20.8717845,20.599272,2.4973547293784537,2.478439461615797,7.2410464256e11,7.76852209664e11,6.789910158949551,92952.0683692615,421434.64169093926,false,8.364167;8.350947;8.311388;8.809362,,NVIDIA H100 80GB HBM3,1.12.6
workspace_tuning__20260803T194905.205Z__pid9032,20260803T194905.205Z,workspace_tuning,compressed,dense_compressed__N16384__q16__skewed__r32-64__tf32__q8__w8,dense__N16384__tf32,dense_compressed,16384,16,1024,16,skewed,b32_b16,32,64,,42.1484375,,45.21875,,33,,5,q8,tf32,Float32,tf32,20260802,random,1,4,1,one_or_more_tile_stripes,8,dense,compressed_tlr,1073741824,94830592,1168572416,379322368,2147483648,0.720794677734375,6.804875,6.804875,8.3379225,8.333331,20.8717845,20.599272,2.5032356081505918,2.471913332135733,7.2410464256e11,7.76852209664e11,6.789910158949551,93170.95591425803,421434.64169093926,false,8.333331;8.335785;8.34006;8.387332,,NVIDIA H100 80GB HBM3,1.12.6
workspace_tuning__20260803T194905.205Z__pid9032,20260803T194905.205Z,workspace_tuning,compressed,dense_compressed__N16384__q16__skewed__r32-64__tf32__q8__w16,dense__N16384__tf32,dense_compressed,16384,16,1024,16,skewed,b32_b16,32,64,,42.1484375,,45.21875,,33,,5,q8,tf32,Float32,tf32,20260802,random,1,4,1,one_or_more_tile_stripes,16,dense,compressed_tlr,1073741824,94830592,1168572416,758644736,2147483648,0.897430419921875,3.441466,3.441466,8.48329,8.46668,20.8717845,20.599272,2.4603407993832582,2.4329810504235425,7.2410464256e11,7.76852209664e11,6.789910158949551,91574.40210861588,421434.64169093926,false,8.507651;8.46668;8.492579;8.474001,,NVIDIA H100 80GB HBM3,1.12.6
workspace_tuning__20260803T194905.205Z__pid9032,20260803T194905.205Z,workspace_tuning,compressed,compressed_compressed__N16384__q16__skewed__r32-64__tf32__q8__w1,dense__N16384__tf32,compressed_compressed,16384,16,1024,16,skewed,b32_b16,32,64,42.1484375,42.171875,45.21875,45.25,33,32,5,5,q8,tf32,Float32,tf32,20260802,random,1,4,1,tlr_tlr_runs,1,compressed_tlr,compressed_tlr,94830592,94896128,189726720,792180736,2147483648,0.45723628997802734,43.318214,43.318214,3.0422694999999997,3.034347,20.8717845,20.599272,6.860596834041166,6.78870017173382,3.91872069632e11,4.22766968832e11,7.30778454271272,138964.33857421245,421434.64169093926,false,3.062019;3.047968;3.034347;3.036571,,NVIDIA H100 80GB HBM3,1.12.6
workspace_tuning__20260803T194905.205Z__pid9032,20260803T194905.205Z,workspace_tuning,compressed,compressed_compressed__N16384__q16__skewed__r32-64__tf32__q8__w2,dense__N16384__tf32,compressed_compressed,16384,16,1024,16,skewed,b32_b16,32,64,42.1484375,42.171875,45.21875,45.25,33,32,5,5,q8,tf32,Float32,tf32,20260802,random,1,4,1,tlr_tlr_runs,2,compressed_tlr,compressed_tlr,94830592,94896128,189726720,396557056,2147483648,0.27300965785980225,44.829133,44.829133,3.1223235000000003,3.113116,20.8717845,20.599272,6.6846963487287585,6.616930432402775,3.90395674624e11,4.20619485184e11,7.185546943166124,134713.61477566304,421434.64169093926,false,3.13008;3.12309;3.121557;3.113116,,NVIDIA H100 80GB HBM3,1.12.6
workspace_tuning__20260803T194905.205Z__pid9032,20260803T194905.205Z,workspace_tuning,compressed,compressed_compressed__N16384__q16__skewed__r32-64__tf32__q8__w4,dense__N16384__tf32,compressed_compressed,16384,16,1024,16,skewed,b32_b16,32,64,42.1484375,42.171875,45.21875,45.25,33,32,5,5,q8,tf32,Float32,tf32,20260802,random,1,4,1,tlr_tlr_runs,4,compressed_tlr,compressed_tlr,94830592,94896128,189726720,198560768,2147483648,0.18081045150756836,47.992493,47.992493,3.2142615,3.210521,20.8717845,20.599272,6.493492984313815,6.416177312031287,3.87174449152e11,4.17935130624e11,7.36015692819903,130025.24238429262,421434.64169093926,false,3.233825;3.216279;3.212244;3.210521,,NVIDIA H100 80GB HBM3,1.12.6
workspace_tuning__20260803T194905.205Z__pid9032,20260803T194905.205Z,workspace_tuning,compressed,compressed_compressed__N16384__q16__skewed__r32-64__tf32__q8__w8,dense__N16384__tf32,compressed_compressed,16384,16,1024,16,skewed,b32_b16,32,64,42.1484375,42.171875,45.21875,45.25,33,32,5,5,q8,tf32,Float32,tf32,20260802,random,1,4,1,tlr_tlr_runs,8,compressed_tlr,compressed_tlr,94830592,94896128,189726720,99373056,2147483648,0.13462257385253906,52.148657,52.148657,3.473644,3.470489,20.8717845,20.599272,6.008613576981406,5.935553174206862,3.8479208448e11,4.15787646976e11,7.454661705663689,119697.82941947995,421434.64169093926,false,3.480375;3.475036;3.470489;3.472252,,NVIDIA H100 80GB HBM3,1.12.6
workspace_tuning__20260803T194905.205Z__pid9032,20260803T194905.205Z,workspace_tuning,compressed,compressed_compressed__N16384__q16__skewed__r32-64__tf32__q8__w16,dense__N16384__tf32,compressed_compressed,16384,16,1024,16,skewed,b32_b16,32,64,42.1484375,42.171875,45.21875,45.25,33,32,5,5,q8,tf32,Float32,tf32,20260802,random,1,4,1,tlr_tlr_runs,16,compressed_tlr,compressed_tlr,94830592,94896128,189726720,49766656,2147483648,0.11152279376983643,58.578702,58.578702,3.9298515,3.920812,20.8717845,20.599272,5.311087327345575,5.253828033580799,3.82074175488e11,4.1283485696e11,7.451086300830561,105051.00687901312,421434.64169093926,false,3.941064;3.930027;3.929676;3.920812,,NVIDIA H100 80GB HBM3,1.12.6
workspace_tuning__20260803T194905.205Z__pid9032,20260803T194905.205Z,workspace_tuning,compressed,compressed_compressed__N16384__q16__skewed__r32-64__tf32__q8__w32,dense__N16384__tf32,compressed_compressed,16384,16,1024,16,skewed,b32_b16,32,64,42.1484375,42.171875,45.21875,45.25,33,32,5,5,q8,tf32,Float32,tf32,20260802,random,1,4,1,tlr_tlr_runs,32,compressed_tlr,compressed_tlr,94830592,94896128,189726720,25607424,2147483648,0.1002727746963501,69.639832,69.639832,4.347651,4.338387,20.8717845,20.599272,4.800703759340389,4.748140726034814,3.81642162176e11,4.1191211008e11,7.348642383473767,94743.6006431979,421434.64169093926,false,4.338387;4.362984;4.355833;4.339469,,NVIDIA H100 80GB HBM3,1.12.6
workspace_tuning__20260803T194905.205Z__pid9032,20260803T194905.205Z,workspace_tuning,compressed,compressed_compressed__N16384__q16__skewed__r32-64__tf32__q8__w64,dense__N16384__tf32,compressed_compressed,16384,16,1024,16,skewed,b32_b16,32,64,42.1484375,42.171875,45.21875,45.25,33,32,5,5,q8,tf32,Float32,tf32,20260802,random,1,4,1,tlr_tlr_runs,64,compressed_tlr,compressed_tlr,94830592,94896128,189726720,13027072,2147483648,0.0944145917892456,285.189152,285.189152,5.7325015,5.707004,20.8717845,20.599272,3.640955785183833,3.609472150361205,3.8122692608e11,4.11626897408e11,7.385321882371522,71805.80718696715,421434.64169093926,false,5.712822;5.707004;5.757218;5.752181,,NVIDIA H100 80GB HBM3,1.12.6
workspace_tuning__20260803T194905.205Z__pid9032,20260803T194905.205Z,workspace_tuning,compressed,compressed_dense__N16384__q8__skewed__r64-128__tf32__q8__w1,dense__N16384__tf32,compressed_dense,16384,8,2048,8,skewed,b32_b16,64,128,85.375,,88.125,,32,,9,,q8,tf32,Float32,tf32,20260802,random,1,4,1,one_or_more_tile_stripes,1,compressed_tlr,dense,92405760,1073741824,1166147584,46202880,2147483648,0.564544677734375,8.588993,8.588993,5.0574025,5.054969,20.8717845,20.599272,4.126977138956213,4.075054070559087,7.33365665792e11,7.5698798592e11,3.120567375886525,149679.20507019167,421434.64169093926,false,5.057994;5.063201;5.054969;5.056811,,NVIDIA H100 80GB HBM3,1.12.6
workspace_tuning__20260803T194905.205Z__pid9032,20260803T194905.205Z,workspace_tuning,compressed,compressed_dense__N16384__q8__skewed__r64-128__tf32__q8__w2,dense__N16384__tf32,compressed_dense,16384,8,2048,8,skewed,b32_b16,64,128,85.375,,88.125,,32,,9,,q8,tf32,Float32,tf32,20260802,random,1,4,1,one_or_more_tile_stripes,2,compressed_tlr,dense,92405760,1073741824,1166147584,92405760,2147483648,0.5860595703125,4.431357,4.431357,5.324947,5.319144,20.8717845,20.599272,3.9196229558716738,3.8726667298347253,7.33365665792e11,7.5698798592e11,3.120567375886525,142158.78316159768,421434.64169093926,false,5.322168;5.327726;5.319144;5.329088,,NVIDIA H100 80GB HBM3,1.12.6
workspace_tuning__20260803T194905.205Z__pid9032,20260803T194905.205Z,workspace_tuning,compressed,compressed_dense__N16384__q8__skewed__r64-128__tf32__q8__w4,dense__N16384__tf32,compressed_dense,16384,8,2048,8,skewed,b32_b16,64,128,85.375,,88.125,,32,,9,,q8,tf32,Float32,tf32,20260802,random,1,4,1,one_or_more_tile_stripes,4,compressed_tlr,dense,92405760,1073741824,1166147584,184811520,2147483648,0.62908935546875,2.148032,2.148032,5.4575455,5.452272,20.8717845,20.599272,3.824390378421948,3.77810791537913,7.33365665792e11,7.5698798592e11,3.120567375886525,138704.84193306314,421434.64169093926,false,5.473485;5.452272;5.457661;5.45743,,NVIDIA H100 80GB HBM3,1.12.6
workspace_tuning__20260803T194905.205Z__pid9032,20260803T194905.205Z,workspace_tuning,compressed,compressed_dense__N16384__q8__skewed__r64-128__tf32__q8__w8,dense__N16384__tf32,compressed_dense,16384,8,2048,8,skewed,b32_b16,64,128,85.375,,88.125,,32,,9,,q8,tf32,Float32,tf32,20260802,random,1,4,1,one_or_more_tile_stripes,8,compressed_tlr,dense,92405760,1073741824,1166147584,369623040,2147483648,0.71514892578125,1.209379,1.209379,5.4158435,5.39742,20.8717845,20.599272,3.8538381879018475,3.8165034405326987,7.33365665792e11,7.5698798592e11,3.120567375886525,139772.86934528296,421434.64169093926,false,5.426675;5.39742;5.429428;5.405012,,NVIDIA H100 80GB HBM3,1.12.6
workspace_tuning__20260803T194905.205Z__pid9032,20260803T194905.205Z,workspace_tuning,compressed,dense_compressed__N16384__q8__skewed__r64-128__tf32__q8__w1,dense__N16384__tf32,dense_compressed,16384,8,2048,8,skewed,b32_b16,64,128,,85.375,,88.125,,32,,9,q8,tf32,Float32,tf32,20260802,random,1,4,1,one_or_more_tile_stripes,1,dense,compressed_tlr,1073741824,92405760,1166147584,46202880,2147483648,0.564544677734375,8.791175,8.791175,5.090637,5.077622,20.8717845,20.599272,4.100033944671364,4.056873867333961,7.33365665792e11,7.5698798592e11,3.120567375886525,148702.0162545473,421434.64169093926,false,5.098524;5.104763;5.08275;5.077622,,NVIDIA H100 80GB HBM3,1.12.6
workspace_tuning__20260803T194905.205Z__pid9032,20260803T194905.205Z,workspace_tuning,compressed,dense_compressed__N16384__q8__skewed__r64-128__tf32__q8__w2,dense__N16384__tf32,dense_compressed,16384,8,2048,8,skewed,b32_b16,64,128,,85.375,,88.125,,32,,9,q8,tf32,Float32,tf32,20260802,random,1,4,1,one_or_more_tile_stripes,2,dense,compressed_tlr,1073741824,92405760,1166147584,92405760,2147483648,0.5860595703125,4.208012,4.208012,5.131413,5.128309,20.8717845,20.599272,4.067453642885497,4.016776680188343,7.33365665792e11,7.5698798592e11,3.120567375886525,147520.37809468855,421434.64169093926,false,5.132195;5.130631;5.135198;5.128309,,NVIDIA H100 80GB HBM3,1.12.6
workspace_tuning__20260803T194905.205Z__pid9032,20260803T194905.205Z,workspace_tuning,compressed,dense_compressed__N16384__q8__skewed__r64-128__tf32__q8__w4,dense__N16384__tf32,dense_compressed,16384,8,2048,8,skewed,b32_b16,64,128,,85.375,,88.125,,32,,9,q8,tf32,Float32,tf32,20260802,random,1,4,1,one_or_more_tile_stripes,4,dense,compressed_tlr,1073741824,92405760,1166147584,184811520,2147483648,0.62908935546875,2.222584,2.222584,5.272654,5.245173,20.8717845,20.599272,3.958496897387919,3.927281712157063,7.33365665792e11,7.5698798592e11,3.120567375886525,143568.6820944443,421434.64169093926,false,5.245173;5.285713;5.259595;5.289439,,NVIDIA H100 80GB HBM3,1.12.6
workspace_tuning__20260803T194905.205Z__pid9032,20260803T194905.205Z,workspace_tuning,compressed,dense_compressed__N16384__q8__skewed__r64-128__tf32__q8__w8,dense__N16384__tf32,dense_compressed,16384,8,2048,8,skewed,b32_b16,64,128,,85.375,,88.125,,32,,9,q8,tf32,Float32,tf32,20260802,random,1,4,1,one_or_more_tile_stripes,8,dense,compressed_tlr,1073741824,92405760,1166147584,369623040,2147483648,0.71514892578125,1.088908,1.088908,5.374306000000001,5.36366,20.8717845,20.599272,3.883624136772264,3.8405253129392984,7.33365665792e11,7.5698798592e11,3.120567375886525,140853.16056063795,421434.64169093926,false,5.406033;5.377962;5.36366;5.37065,,NVIDIA H100 80GB HBM3,1.12.6
workspace_tuning__20260803T194905.205Z__pid9032,20260803T194905.205Z,workspace_tuning,compressed,compressed_compressed__N16384__q8__skewed__r64-128__tf32__q8__w1,dense__N16384__tf32,compressed_compressed,16384,8,2048,8,skewed,b32_b16,64,128,85.375,86.015625,88.125,89.25,32,38,9,9,q8,tf32,Float32,tf32,20260802,random,1,4,1,tlr_tlr_runs,1,compressed_tlr,compressed_tlr,92405760,93585408,185991168,385739008,2147483648,0.26623260974884033,6.384036,6.384036,2.52475,2.522031,20.8717845,20.599272,8.266871769482126,8.167731483078517,3.97512187904e11,4.11499495424e11,3.3991068459483254,162986.23444855926,421434.64169093926,false,2.522281;2.522031;2.531064;2.527219,,NVIDIA H100 80GB HBM3,1.12.6
workspace_tuning__20260803T194905.205Z__pid9032,20260803T194905.205Z,workspace_tuning,compressed,compressed_compressed__N16384__q8__skewed__r64-128__tf32__q8__w2,dense__N16384__tf32,compressed_compressed,16384,8,2048,8,skewed,b32_b16,64,128,85.375,86.015625,88.125,89.25,32,38,9,9,q8,tf32,Float32,tf32,20260802,random,1,4,1,tlr_tlr_runs,2,compressed_tlr,compressed_tlr,92405760,93585408,185991168,195658752,2147483648,0.1777195930480957,12.896284,12.896284,2.6162775,2.60176,20.8717845,20.599272,7.977664639932118,7.91743742697251,3.89022916608e11,4.03983302656e11,3.7032189077227957,154411.4883287419,421434.64169093926,false,2.610284;2.60176;2.622271;2.629091,,NVIDIA H100 80GB HBM3,1.12.6
workspace_tuning__20260803T194905.205Z__pid9032,20260803T194905.205Z,workspace_tuning,compressed,compressed_compressed__N16384__q8__skewed__r64-128__tf32__q8__w4,dense__N16384__tf32,compressed_compressed,16384,8,2048,8,skewed,b32_b16,64,128,85.375,86.015625,88.125,89.25,32,38,9,9,q8,tf32,Float32,tf32,20260802,random,1,4,1,tlr_tlr_runs,4,compressed_tlr,compressed_tlr,92405760,93585408,185991168,98294784,2147483648,0.13238096237182617,8.316005,8.316005,2.791124,2.781519,20.8717845,20.599272,7.477913736544847,7.405763541431858,3.8242947072e11,3.96735545344e11,3.6059472845054863,142141.85587741714,421434.64169093926,false,2.821369;2.781519;2.793137;2.789111,,NVIDIA H100 80GB HBM3,1.12.6
workspace_tuning__20260803T194905.205Z__pid9032,20260803T194905.205Z,workspace_tuning,compressed,compressed_compressed__N16384__q8__skewed__r64-128__tf32__q8__w8,dense__N16384__tf32,compressed_compressed,16384,8,2048,8,skewed,b32_b16,64,128,85.375,86.015625,88.125,89.25,32,38,9,9,q8,tf32,Float32,tf32,20260802,random,1,4,1,tlr_tlr_runs,8,compressed_tlr,compressed_tlr,92405760,93585408,185991168,49184256,2147483648,0.1095120906829834,10.861762,10.861762,2.9314985,2.92248,20.8717845,20.599272,7.119834617005603,7.048558758314855,3.8242947072e11,3.96735545344e11,3.6059472845054863,135335.4079301081,421434.64169093926,false,2.940417;2.92248;2.932825;2.930172,,NVIDIA H100 80GB HBM3,1.12.6
workspace_tuning__20260803T194905.205Z__pid9032,20260803T194905.205Z,workspace_tuning,compressed,compressed_compressed__N16384__q8__skewed__r64-128__tf32__q8__w16,dense__N16384__tf32,compressed_compressed,16384,8,2048,8,skewed,b32_b16,64,128,85.375,86.015625,88.125,89.25,32,38,9,9,q8,tf32,Float32,tf32,20260802,random,1,4,1,tlr_tlr_runs,16,compressed_tlr,compressed_tlr,92405760,93585408,185991168,26101504,2147483648,0.0987633466720581,15.897732,15.897732,3.4750765,3.457169,20.8717845,20.599272,6.006136699436689,5.958422049948961,3.79778670592e11,3.94185408512e11,3.6548125853728606,113432.15279203207,421434.64169093926,false,3.457169;3.473444;3.478231;3.476709,,NVIDIA H100 80GB HBM3,1.12.6
workspace_tuning__20260803T194905.205Z__pid9032,20260803T194905.205Z,workspace_tuning,compressed,compressed_compressed__N16384__q8__skewed__r64-128__tf32__q8__w32,dense__N16384__tf32,compressed_compressed,16384,8,2048,8,skewed,b32_b16,64,128,85.375,86.015625,88.125,89.25,32,38,9,9,q8,tf32,Float32,tf32,20260802,random,1,4,1,tlr_tlr_runs,32,compressed_tlr,compressed_tlr,92405760,93585408,185991168,13639936,2147483648,0.09296047687530518,25.785457,25.785457,4.5251565,4.499798,20.8717845,20.599272,4.612389538350773,4.577821493320366,3.79778670592e11,3.94185408512e11,3.6548125853728606,87109.78471396514,421434.64169093926,false,4.538086;4.525808;4.524505;4.499798,,NVIDIA H100 80GB HBM3,1.12.6
workspace_tuning__20260803T194905.205Z__pid9032,20260803T194905.205Z,workspace_tuning,compressed,compressed_compressed__N16384__q8__skewed__r64-128__tf32__q8__w64,dense__N16384__tf32,compressed_compressed,16384,8,2048,8,skewed,b32_b16,64,128,85.375,86.015625,88.125,89.25,32,38,9,9,q8,tf32,Float32,tf32,20260802,random,1,4,1,tlr_tlr_runs,64,compressed_tlr,compressed_tlr,92405760,93585408,185991168,7026432,2147483648,0.08988082408905029,43.411193,43.411193,6.8108545,6.798716,20.8717845,20.599272,3.0644883839465376,3.029876817916795,3.77253699584e11,3.9129972736e11,3.589582816927828,57452.36920859196,421434.64169093926,false,6.817505;6.823613;6.804204;6.798716,,NVIDIA H100 80GB HBM3,1.12.6
workspace_tuning__20260803T194905.205Z__pid9032,20260803T194905.205Z,workspace_tuning,baseline,dense__N32768__bf16,dense__N32768__bf16,dense_dense,32768,,,,,,,,,,,,,,,,,bf16,Core.BFloat16,fp32_accumulate,20260802,random,1,4,0,none,0,dense,dense,2147483648,2147483648,4294967296,0,4294967296,1.0,,,88.5290975,87.34035,88.5290975,87.34035,1.0,1.0,7.0368744177664e13,7.0368744177664e13,0.0,794865.7126846233,794865.7126846233,false,89.338788;87.34035;88.41708;88.641115,89.338788;87.34035;88.41708;88.641115,NVIDIA H100 80GB HBM3,1.12.6
workspace_tuning__20260803T194905.205Z__pid9032,20260803T194905.205Z,workspace_tuning,compressed,compressed_dense__N32768__q16__skewed__r64-128__bf16__q8__w1,dense__N32768__bf16,compressed_dense,32768,16,2048,16,skewed,b32_b16,64,128,84.40625,,87.625,,59,,9,,q8,bf16,Core.BFloat16,fp32_accumulate,20260802,random,1,4,1,one_or_more_tile_stripes,1,compressed_tlr,dense,183762944,2147483648,2331246592,91881472,4294967296,0.564178466796875,278.338258,278.338258,25.5843305,25.468794,88.5290975,87.34035,3.460285876935494,3.4293084313297286,5.800353333248e12,6.021544148992e12,3.6733238231098433,235360.63017134648,794865.7126846233,false,25.468794;25.58742;25.581241;25.795862,,NVIDIA H100 80GB HBM3,1.12.6
workspace_tuning__20260803T194905.205Z__pid9032,20260803T194905.205Z,workspace_tuning,compressed,compressed_dense__N32768__q16__skewed__r64-128__bf16__q8__w2,dense__N32768__bf16,compressed_dense,32768,16,2048,16,skewed,b32_b16,64,128,84.40625,,87.625,,59,,9,,q8,bf16,Core.BFloat16,fp32_accumulate,20260802,random,1,4,1,one_or_more_tile_stripes,2,compressed_tlr,dense,183762944,2147483648,2331246592,183762944,4294967296,0.5855712890625,28.227839,28.227839,25.860174,25.757916,88.5290975,87.34035,3.4233759409352778,3.390815856375958,5.800353333248e12,6.021544148992e12,3.6733238231098433,232850.10182035124,794865.7126846233,false,25.872007;25.848341;25.942592;25.757916,,NVIDIA H100 80GB HBM3,1.12.6
workspace_tuning__20260803T194905.205Z__pid9032,20260803T194905.205Z,workspace_tuning,compressed,compressed_dense__N32768__q16__skewed__r64-128__bf16__q8__w4,dense__N32768__bf16,compressed_dense,32768,16,2048,16,skewed,b32_b16,64,128,84.40625,,87.625,,59,,9,,q8,bf16,Core.BFloat16,fp32_accumulate,20260802,random,1,4,1,one_or_more_tile_stripes,4,compressed_tlr,dense,183762944,2147483648,2331246592,367525888,4294967296,0.62835693359375,30.369692,30.369692,25.879823000000002,25.819068,88.5290975,87.34035,3.4207767765645074,3.3827847697678317,5.800353333248e12,6.021544148992e12,3.6733238231098433,232673.31268038426,794865.7126846233,false,25.89477;25.931345;25.819068;25.864876,,NVIDIA H100 80GB HBM3,1.12.6
workspace_tuning__20260803T194905.205Z__pid9032,20260803T194905.205Z,workspace_tuning,compressed,compressed_dense__N32768__q16__skewed__r64-128__bf16__q8__w8,dense__N32768__bf16,compressed_dense,32768,16,2048,16,skewed,b32_b16,64,128,84.40625,,87.625,,59,,9,,q8,bf16,Core.BFloat16,fp32_accumulate,20260802,random,1,4,1,one_or_more_tile_stripes,8,compressed_tlr,dense,183762944,2147483648,2331246592,735051776,4294967296,0.71392822265625,6.848191,6.848191,26.2782135,25.983433,88.5290975,87.34035,3.368916136555478,3.361386080122669,5.800353333248e12,6.021544148992e12,3.6733238231098433,229145.87207353345,794865.7126846233,false,26.043603;25.983433;26.512824;26.66382,,NVIDIA H100 80GB HBM3,1.12.6
workspace_tuning__20260803T194905.205Z__pid9032,20260803T194905.205Z,workspace_tuning,compressed,compressed_dense__N32768__q16__skewed__r64-128__bf16__q8__w16,dense__N32768__bf16,compressed_dense,32768,16,2048,16,skewed,b32_b16,64,128,84.40625,,87.625,,59,,9,,q8,bf16,Core.BFloat16,fp32_accumulate,20260802,random,1,4,1,one_or_more_tile_stripes,16,compressed_tlr,dense,183762944,2147483648,2331246592,1470103552,4294967296,0.88507080078125,3.673723,3.673723,26.354022,26.214489,88.5290975,87.34035,3.359225301549798,3.3317586316483223,5.800353333248e12,6.021544148992e12,3.6733238231098433,228486.72392365764,794865.7126846233,false,26.214489;26.241148;26.778351;26.466896,,NVIDIA H100 80GB HBM3,1.12.6
workspace_tuning__20260803T194905.205Z__pid9032,20260803T194905.205Z,workspace_tuning,compressed,dense_compressed__N32768__q16__skewed__r64-128__bf16__q8__w1,dense__N32768__bf16,dense_compressed,32768,16,2048,16,skewed,b32_b16,64,128,,84.40625,,87.625,,59,,9,q8,bf16,Core.BFloat16,fp32_accumulate,20260802,random,1,4,1,one_or_more_tile_stripes,1,dense,compressed_tlr,2147483648,183762944,2331246592,91881472,4294967296,0.564178466796875,54.378362,54.378362,22.448517000000002,22.060667,88.5290975,87.34035,3.943650152925469,3.9590983355127025,5.800353333248e12,6.021544148992e12,3.6733238231098433,268237.9485910806,794865.7126846233,false,22.060667;22.214818;22.698592;22.682216,,NVIDIA H100 80GB HBM3,1.12.6
workspace_tuning__20260803T194905.205Z__pid9032,20260803T194905.205Z,workspace_tuning,compressed,dense_compressed__N32768__q16__skewed__r64-128__bf16__q8__w2,dense__N32768__bf16,dense_compressed,32768,16,2048,16,skewed,b32_b16,64,128,,84.40625,,87.625,,59,,9,q8,bf16,Core.BFloat16,fp32_accumulate,20260802,random,1,4,1,one_or_more_tile_stripes,2,dense,compressed_tlr,2147483648,183762944,2331246592,183762944,4294967296,0.5855712890625,27.197508,27.197508,23.728406,23.64747,88.5290975,87.34035,3.7309331903710685,3.6934331664233007,5.800353333248e12,6.021544148992e12,3.6733238231098433,253769.43352166176,794865.7126846233,false,23.64747;24.265334;23.768952;23.68786,,NVIDIA H100 80GB HBM3,1.12.6
workspace_tuning__20260803T194905.205Z__pid9032,20260803T194905.205Z,workspace_tuning,compressed,dense_compressed__N32768__q16__skewed__r64-128__bf16__q8__w4,dense__N32768__bf16,dense_compressed,32768,16,2048,16,skewed,b32_b16,64,128,,84.40625,,87.625,,59,,9,q8,bf16,Core.BFloat16,fp32_accumulate,20260802,random,1,4,1,one_or_more_tile_stripes,4,dense,compressed_tlr,2147483648,183762944,2331246592,367525888,4294967296,0.62835693359375,13.616771,13.616771,27.056973499999998,26.531283,88.5290975,87.34035,3.2719512217432603,3.2919761174007305,5.800353333248e12,6.021544148992e12,3.6733238231098433,222550.54317113484,794865.7126846233,false,26.965602;27.148345;27.304228;26.531283,,NVIDIA H100 80GB HBM3,1.12.6
workspace_tuning__20260803T194905.205Z__pid9032,20260803T194905.205Z,workspace_tuning,compressed,dense_compressed__N32768__q16__skewed__r64-128__bf16__q8__w8,dense__N32768__bf16,dense_compressed,32768,16,2048,16,skewed,b32_b16,64,128,,84.40625,,87.625,,59,,9,q8,bf16,Core.BFloat16,fp32_accumulate,20260802,random,1,4,1,one_or_more_tile_stripes,8,dense,compressed_tlr,2147483648,183762944,2331246592,735051776,4294967296,0.71392822265625,6.967499,6.967499,29.338034,29.123609,88.5290975,87.34035,3.0175538517679814,2.998953529420066,5.800353333248e12,6.021544148992e12,3.6733238231098433,205247.02333469244,794865.7126846233,false,29.409186;29.424308;29.266882;29.123609,,NVIDIA H100 80GB HBM3,1.12.6
workspace_tuning__20260803T194905.205Z__pid9032,20260803T194905.205Z,workspace_tuning,compressed,dense_compressed__N32768__q16__skewed__r64-128__bf16__q8__w16,dense__N32768__bf16,dense_compressed,32768,16,2048,16,skewed,b32_b16,64,128,,84.40625,,87.625,,59,,9,q8,bf16,Core.BFloat16,fp32_accumulate,20260802,random,1,4,1,one_or_more_tile_stripes,16,dense,compressed_tlr,2147483648,183762944,2331246592,1470103552,4294967296,0.88507080078125,3.447655,3.447655,28.875677500000002,28.636561,88.5290975,87.34035,3.0658708354115674,3.0499594556762593,5.800353333248e12,6.021544148992e12,3.6733238231098433,208533.4326438574,794865.7126846233,false,28.760735;28.99062;29.183708;28.636561,,NVIDIA H100 80GB HBM3,1.12.6
workspace_tuning__20260803T194905.205Z__pid9032,20260803T194905.205Z,workspace_tuning,compressed,compressed_compressed__N32768__q16__skewed__r64-128__bf16__q8__w1,dense__N32768__bf16,compressed_compressed,32768,16,2048,16,skewed,b32_b16,64,128,84.40625,84.5234375,87.625,88.03125,59,61,9,9,q8,bf16,Core.BFloat16,fp32_accumulate,20260802,random,1,4,1,tlr_tlr_runs,1,compressed_tlr,compressed_tlr,183762944,184614912,368377856,1533285504,4294967296,0.4427655041217804,71.722827,71.722827,12.594402,12.532419,88.5290975,87.34035,7.029241840938538,6.969153361374208,3.139554009088e12,3.269565349888e12,3.976410528220627,259604.6521214743,794865.7126846233,false,12.532419;12.581352;12.634923;12.607452,,NVIDIA H100 80GB HBM3,1.12.6
workspace_tuning__20260803T194905.205Z__pid9032,20260803T194905.205Z,workspace_tuning,compressed,compressed_compressed__N32768__q16__skewed__r64-128__bf16__q8__w2,dense__N32768__bf16,compressed_compressed,32768,16,2048,16,skewed,b32_b16,64,128,84.40625,84.5234375,87.625,88.03125,59,61,9,9,q8,bf16,Core.BFloat16,fp32_accumulate,20260802,random,1,4,1,tlr_tlr_runs,2,compressed_tlr,compressed_tlr,183762944,184614912,368377856,770305280,4294967296,0.26512032747268677,45.680606,45.680606,12.445920000000001,12.420041,88.5290975,87.34035,7.113101924164706,7.032211085293519,3.129085026304e12,3.265807253504e12,4.186475703772961,262399.82689138287,794865.7126846233,false,12.485008;12.433972;12.420041;12.457868,,NVIDIA H100 80GB HBM3,1.12.6
workspace_tuning__20260803T194905.205Z__pid9032,20260803T194905.205Z,workspace_tuning,compressed,compressed_compressed__N32768__q16__skewed__r64-128__bf16__q8__w4,dense__N32768__bf16,compressed_compressed,32768,16,2048,16,skewed,b32_b16,64,128,84.40625,84.5234375,87.625,88.03125,59,61,9,9,q8,bf16,Core.BFloat16,fp32_accumulate,20260802,random,1,4,1,tlr_tlr_runs,4,compressed_tlr,compressed_tlr,183762944,184614912,368377856,385624576,4294967296,0.17555487155914307,48.687252,48.687252,11.975181500000001,11.927846,88.5290975,87.34035,7.392714465329815,7.322390815575586,3.103583657984e12,3.242184933376e12,4.274934287837746,270742.02870127687,794865.7126846233,false,12.036909;11.967515;11.927846;11.982848,,NVIDIA H100 80GB HBM3,1.12.6
workspace_tuning__20260803T194905.205Z__pid9032,20260803T194905.205Z,workspace_tuning,compressed,compressed_compressed__N32768__q16__skewed__r64-128__bf16__q8__w8,dense__N32768__bf16,compressed_compressed,32768,16,2048,16,skewed,b32_b16,64,128,84.40625,84.5234375,87.625,88.03125,59,61,9,9,q8,bf16,Core.BFloat16,fp32_accumulate,20260802,random,1,4,1,tlr_tlr_runs,8,compressed_tlr,compressed_tlr,183762944,184614912,368377856,193004288,4294967296,0.13070696592330933,52.864168,52.864168,12.190212500000001,12.140894,88.5290975,87.34035,7.262309619294988,7.1938977475629065,3.083987869696e12,3.220710096896e12,4.245095742450331,264204.59010833484,794865.7126846233,false,12.147904;12.232521;12.251369;12.140894,,NVIDIA H100 80GB HBM3,1.12.6
workspace_tuning__20260803T194905.205Z__pid9032,20260803T194905.205Z,workspace_tuning,compressed,compressed_compressed__N32768__q16__skewed__r64-128__bf16__q8__w16,dense__N32768__bf16,compressed_compressed,32768,16,2048,16,skewed,b32_b16,64,128,84.40625,84.5234375,87.625,88.03125,59,61,9,9,q8,bf16,Core.BFloat16,fp32_accumulate,20260802,random,1,4,1,tlr_tlr_runs,16,compressed_tlr,compressed_tlr,183762944,184614912,368377856,96636416,4294967296,0.1082695722579956,58.701826,58.701826,12.655013,12.643205,88.5290975,87.34035,6.995575389768466,6.908086201244068,3.063133790208e12,3.197020667904e12,4.187864002261131,252628.79365702745,794865.7126846233,false,12.643205;12.656105;12.668703;12.653921,,NVIDIA H100 80GB HBM3,1.12.6
workspace_tuning__20260803T194905.205Z__pid9032,20260803T194905.205Z,workspace_tuning,compressed,compressed_compressed__N32768__q16__skewed__r64-128__bf16__q8__w32,dense__N32768__bf16,compressed_compressed,32768,16,2048,16,skewed,b32_b16,64,128,84.40625,84.5234375,87.625,88.03125,59,61,9,9,q8,bf16,Core.BFloat16,fp32_accumulate,20260802,random,1,4,1,tlr_tlr_runs,32,compressed_tlr,compressed_tlr,183762944,184614912,368377856,49778944,4294967296,0.09735971689224243,69.16323,69.16323,12.933084000000001,12.899759,88.5290975,87.34035,6.845165275351184,6.770696258744059,3.055516934144e12,3.188028080128e12,4.1565238025971105,246501.76865224104,794865.7126846233,false,13.317664;12.94718;12.918988;12.899759,,NVIDIA H100 80GB HBM3,1.12.6
workspace_tuning__20260803T194905.205Z__pid9032,20260803T194905.205Z,workspace_tuning,compressed,compressed_compressed__N32768__q16__skewed__r64-128__bf16__q8__w64,dense__N32768__bf16,compressed_compressed,32768,16,2048,16,skewed,b32_b16,64,128,84.40625,84.5234375,87.625,88.03125,59,61,9,9,q8,bf16,Core.BFloat16,fp32_accumulate,20260802,random,1,4,1,tlr_tlr_runs,64,compressed_tlr,compressed_tlr,183762944,184614912,368377856,25292800,4294967296,0.0916585922241211,93.816173,93.816173,14.441419,14.43864,88.5290975,87.34035,6.1302215177054284,6.049070411063646,3.054325751808e12,3.185947705344e12,4.131328123032962,220611.81836383254,794865.7126846233,false,14.43879;14.444048;14.43864;14.446722,,NVIDIA H100 80GB HBM3,1.12.6
workspace_tuning__20260803T194905.205Z__pid9032,20260803T194905.205Z,workspace_tuning,compressed,compressed_dense__N32768__q8__skewed__r128-256__bf16__q8__w1,dense__N32768__bf16,compressed_dense,32768,8,4096,8,skewed,b32_b16,128,256,170.84375,,174.25,,43,,17,,q8,bf16,Core.BFloat16,fp32_accumulate,20260802,random,1,4,1,one_or_more_tile_stripes,1,compressed_tlr,dense,182714368,2147483648,2330198016,91357184,4294967296,0.563812255859375,8.931986,8.931986,24.3624545,24.272194,88.5290975,87.34035,3.6338332617511924,3.598370629371206,5.870146551808e12,5.987184410624e12,1.95480631276901,245754.56510853616,794865.7126846233,false,24.373186;24.442939;24.272194;24.351723,,NVIDIA H100 80GB HBM3,1.12.6
workspace_tuning__20260803T194905.205Z__pid9032,20260803T194905.205Z,workspace_tuning,compressed,compressed_dense__N32768__q8__skewed__r128-256__bf16__q8__w2,dense__N32768__bf16,compressed_dense,32768,8,4096,8,skewed,b32_b16,128,256,170.84375,,174.25,,43,,17,,q8,bf16,Core.BFloat16,fp32_accumulate,20260802,random,1,4,1,one_or_more_tile_stripes,2,compressed_tlr,dense,182714368,2147483648,2330198016,182714368,4294967296,0.5850830078125,4.54771,4.54771,24.542088,24.336471,88.5290975,87.34035,3.6072357616841733,3.5888666849026714,5.870146551808e12,5.987184410624e12,1.95480631276901,243955.7877318344,794865.7126846233,false,24.565273;24.336471;24.518903;24.62365,,NVIDIA H100 80GB HBM3,1.12.6
workspace_tuning__20260803T194905.205Z__pid9032,20260803T194905.205Z,workspace_tuning,compressed,compressed_dense__N32768__q8__skewed__r128-256__bf16__q8__w4,dense__N32768__bf16,compressed_dense,32768,8,4096,8,skewed,b32_b16,128,256,170.84375,,174.25,,43,,17,,q8,bf16,Core.BFloat16,fp32_accumulate,20260802,random,1,4,1,one_or_more_tile_stripes,4,compressed_tlr,dense,182714368,2147483648,2330198016,365428736,4294967296,0.62762451171875,4.545727,4.545727,24.5566545,24.449729,88.5290975,87.34035,3.605096023971832,3.5722420481633965,5.870146551808e12,5.987184410624e12,1.95480631276901,243811.07819976046,794865.7126846233,false,24.535558;24.449729;25.221233;24.577751,,NVIDIA H100 80GB HBM3,1.12.6
workspace_tuning__20260803T194905.205Z__pid9032,20260803T194905.205Z,workspace_tuning,compressed,compressed_dense__N32768__q8__skewed__r128-256__bf16__q8__w8,dense__N32768__bf16,compressed_dense,32768,8,4096,8,skewed,b32_b16,128,256,170.84375,,174.25,,43,,17,,q8,bf16,Core.BFloat16,fp32_accumulate,20260802,random,1,4,1,one_or_more_tile_stripes,8,compressed_tlr,dense,182714368,2147483648,2330198016,730857472,4294967296,0.71270751953125,1.110461,1.110461,24.8728775,24.808587,88.5290975,87.34035,3.5592623933439147,3.520569309328258,5.870146551808e12,5.987184410624e12,1.95480631276901,240711.3696685878,794865.7126846233,false,24.808587;24.843899;24.901856;24.914374,,NVIDIA H100 80GB HBM3,1.12.6
workspace_tuning__20260803T194905.205Z__pid9032,20260803T194905.205Z,workspace_tuning,compressed,dense_compressed__N32768__q8__skewed__r128-256__bf16__q8__w1,dense__N32768__bf16,dense_compressed,32768,8,4096,8,skewed,b32_b16,128,256,,170.84375,,174.25,,43,,17,q8,bf16,Core.BFloat16,fp32_accumulate,20260802,random,1,4,1,one_or_more_tile_stripes,1,dense,compressed_tlr,2147483648,182714368,2330198016,91357184,4294967296,0.563812255859375,8.664496,8.664496,20.7494015,20.17694,88.5290975,87.34035,4.26658559284228,4.328721302635583,5.870146551808e12,5.987184410624e12,1.95480631276901,288547.3304193376,794865.7126846233,false,20.17694;20.736868;20.761935;21.118018,,NVIDIA H100 80GB HBM3,1.12.6
workspace_tuning__20260803T194905.205Z__pid9032,20260803T194905.205Z,workspace_tuning,compressed,dense_compressed__N32768__q8__skewed__r128-256__bf16__q8__w2,dense__N32768__bf16,dense_compressed,32768,8,4096,8,skewed,b32_b16,128,256,,170.84375,,174.25,,43,,17,q8,bf16,Core.BFloat16,fp32_accumulate,20260802,random,1,4,1,one_or_more_tile_stripes,2,dense,compressed_tlr,2147483648,182714368,2330198016,182714368,4294967296,0.5850830078125,4.335202,4.335202,22.063471,21.562102,88.5290975,87.34035,4.0124737173040455,4.050641723149255,5.870146551808e12,5.987184410624e12,1.95480631276901,271361.8546521533,794865.7126846233,false,21.639787;22.499163;22.487155;21.562102,,NVIDIA H100 80GB HBM3,1.12.6
workspace_tuning__20260803T194905.205Z__pid9032,20260803T194905.205Z,workspace_tuning,compressed,dense_compressed__N32768__q8__skewed__r128-256__bf16__q8__w4,dense__N32768__bf16,dense_compressed,32768,8,4096,8,skewed,b32_b16,128,256,,170.84375,,174.25,,43,,17,q8,bf16,Core.BFloat16,fp32_accumulate,20260802,random,1,4,1,one_or_more_tile_stripes,4,dense,compressed_tlr,2147483648,182714368,2330198016,365428736,4294967296,0.62762451171875,2.12013,2.12013,22.875621,22.165844,88.5290975,87.34035,3.8700194193635227,3.9403124013685202,5.870146551808e12,5.987184410624e12,1.95480631276901,261727.73235856634,794865.7126846233,false,22.165844;23.082115;22.84481;22.906432,,NVIDIA H100 80GB HBM3,1.12.6
workspace_tuning__20260803T194905.205Z__pid9032,20260803T194905.205Z,workspace_tuning,compressed,dense_compressed__N32768__q8__skewed__r128-256__bf16__q8__w8,dense__N32768__bf16,dense_compressed,32768,8,4096,8,skewed,b32_b16,128,256,,170.84375,,174.25,,43,,17,q8,bf16,Core.BFloat16,fp32_accumulate,20260802,random,1,4,1,one_or_more_tile_stripes,8,dense,compressed_tlr,2147483648,182714368,2330198016,730857472,4294967296,0.71270751953125,1.15719,1.15719,25.679198,25.526359,88.5290975,87.34035,3.447502429787722,3.421574929663882,5.870146551808e12,5.987184410624e12,1.95480631276901,233153.09187709054,794865.7126846233,false,25.63367;25.526359;25.724726;25.907379,,NVIDIA H100 80GB HBM3,1.12.6
workspace_tuning__20260803T194905.205Z__pid9032,20260803T194905.205Z,workspace_tuning,compressed,compressed_compressed__N32768__q8__skewed__r128-256__bf16__q8__w1,dense__N32768__bf16,compressed_compressed,32768,8,4096,8,skewed,b32_b16,128,256,170.84375,172.03125,174.25,175.875,43,44,17,15,q8,bf16,Core.BFloat16,fp32_accumulate,20260802,random,1,4,1,tlr_tlr_runs,1,compressed_tlr,compressed_tlr,182714368,184418304,367132672,762269568,4294967296,0.26295945048332214,6.391887,6.391887,11.6330445,11.60344,88.5290975,87.34035,7.610140019665532,7.527108340285294,3.181814546432e12,3.250920095744e12,2.125722788525955,279455.65717933944,794865.7126846233,false,11.628207;11.637882;11.60344;11.66333,,NVIDIA H100 80GB HBM3,1.12.6
workspace_tuning__20260803T194905.205Z__pid9032,20260803T194905.205Z,workspace_tuning,compressed,compressed_compressed__N32768__q8__skewed__r128-256__bf16__q8__w2,dense__N32768__bf16,compressed_compressed,32768,8,4096,8,skewed,b32_b16,128,256,170.84375,172.03125,174.25,175.875,43,44,17,15,q8,bf16,Core.BFloat16,fp32_accumulate,20260802,random,1,4,1,tlr_tlr_runs,2,compressed_tlr,compressed_tlr,182714368,184418304,367132672,385340032,4294967296,0.17519870400428772,8.436005,8.436005,11.0190465,10.991596,88.5290975,87.34035,8.0341885752093,7.9461026405992365,3.114974117888e12,3.189716811776e12,2.3432391744640197,289473.0330592579,794865.7126846233,false,11.030023;10.991596;11.10762;11.00807,,NVIDIA H100 80GB HBM3,1.12.6
workspace_tuning__20260803T194905.205Z__pid9032,20260803T194905.205Z,workspace_tuning,compressed,compressed_compressed__N32768__q8__skewed__r128-256__bf16__q8__w4,dense__N32768__bf16,compressed_compressed,32768,8,4096,8,skewed,b32_b16,128,256,170.84375,172.03125,174.25,175.875,43,44,17,15,q8,bf16,Core.BFloat16,fp32_accumulate,20260802,random,1,4,1,tlr_tlr_runs,4,compressed_tlr,compressed_tlr,182714368,184418304,367132672,193586176,4294967296,0.1305525302886963,8.637836,8.637836,11.164464,11.145826,88.5290975,87.34035,7.9295430125440864,7.8361487071483085,3.061958115328e12,3.132271624192e12,2.2448087937500647,280557.2774646414,794865.7126846233,false,11.145826;11.158535;11.170393;11.212896,,NVIDIA H100 80GB HBM3,1.12.6
workspace_tuning__20260803T194905.205Z__pid9032,20260803T194905.205Z,workspace_tuning,compressed,compressed_compressed__N32768__q8__skewed__r128-256__bf16__q8__w8,dense__N32768__bf16,compressed_compressed,32768,8,4096,8,skewed,b32_b16,128,256,170.84375,172.03125,174.25,175.875,43,44,17,15,q8,bf16,Core.BFloat16,fp32_accumulate,20260802,random,1,4,1,tlr_tlr_runs,8,compressed_tlr,compressed_tlr,182714368,184418304,367132672,96900352,4294967296,0.10804110765457153,13.679706,13.679706,11.104685,11.096062,88.5290975,87.34035,7.9722295139393875,7.871292536036659,3.061219917824e12,3.129855705088e12,2.192937749571756,281850.021417807,794865.7126846233,false,11.110113;11.096062;11.099257;11.188941,,NVIDIA H100 80GB HBM3,1.12.6
workspace_tuning__20260803T194905.205Z__pid9032,20260803T194905.205Z,workspace_tuning,compressed,compressed_compressed__N32768__q8__skewed__r128-256__bf16__q8__w16,dense__N32768__bf16,compressed_compressed,32768,8,4096,8,skewed,b32_b16,128,256,170.84375,172.03125,174.25,175.875,43,44,17,15,q8,bf16,Core.BFloat16,fp32_accumulate,20260802,random,1,4,1,tlr_tlr_runs,16,compressed_tlr,compressed_tlr,182714368,184418304,367132672,51364480,4294967296,0.09743896126747131,15.581719,15.581719,11.329095,11.292726,88.5290975,87.34035,7.814313279216036,7.734213156327356,3.041087258624e12,3.111333658624e12,2.2577584954699703,274632.14481156704,794865.7126846233,false,11.292726;11.337533;11.347127;11.320657,,NVIDIA H100 80GB HBM3,1.12.6
workspace_tuning__20260803T194905.205Z__pid9032,20260803T194905.205Z,workspace_tuning,compressed,compressed_compressed__N32768__q8__skewed__r128-256__bf16__q8__w32,dense__N32768__bf16,compressed_compressed,32768,8,4096,8,skewed,b32_b16,128,256,170.84375,172.03125,174.25,175.875,43,44,17,15,q8,bf16,Core.BFloat16,fp32_accumulate,20260802,random,1,4,1,tlr_tlr_runs,32,compressed_tlr,compressed_tlr,182714368,184418304,367132672,26859136,4294967296,0.09173336625099182,26.218464,26.218464,12.2754905,12.100844,88.5290975,87.34035,7.2118582552770505,7.217707293805291,3.040147734528e12,3.1102599168e12,2.2542226099269262,253371.538742179,794865.7126846233,false,12.288635;12.100844;12.654913;12.262346,,NVIDIA H100 80GB HBM3,1.12.6
workspace_tuning__20260803T194905.205Z__pid9032,20260803T194905.205Z,workspace_tuning,compressed,compressed_compressed__N32768__q8__skewed__r128-256__bf16__q8__w64,dense__N32768__bf16,compressed_compressed,32768,8,4096,8,skewed,b32_b16,128,256,170.84375,172.03125,174.25,175.875,43,44,17,15,q8,bf16,Core.BFloat16,fp32_accumulate,20260802,random,1,4,1,tlr_tlr_runs,64,compressed_tlr,compressed_tlr,182714368,184418304,367132672,13774976,4294967296,0.0886869728565216,43.432945,43.432945,14.07418,13.925182,88.5290975,87.34035,6.290178006818159,6.27211550987269,3.020015075328e12,3.0901272576e12,2.2689092204718397,219560.02108826232,794865.7126846233,false,13.925182;14.052543;14.095817;14.098762,,NVIDIA H100 80GB HBM3,1.12.6
workspace_tuning__20260803T194905.205Z__pid9032,20260803T194905.205Z,workspace_tuning,baseline,dense__N32768__fp16,dense__N32768__fp16,dense_dense,32768,,,,,,,,,,,,,,,,,fp16,Float16,fp32_accumulate,20260802,random,1,4,0,none,0,dense,dense,2147483648,2147483648,4294967296,0,4294967296,1.0,,,93.6129545,91.857084,93.6129545,91.857084,1.0,1.0,7.0368744177664e13,7.0368744177664e13,0.0,751698.7852110148,751698.7852110148,false,96.471844;95.250438;91.975471;91.857084,96.471844;95.250438;91.975471;91.857084,NVIDIA H100 80GB HBM3,1.12.6
workspace_tuning__20260803T194905.205Z__pid9032,20260803T194905.205Z,workspace_tuning,compressed,compressed_dense__N32768__q16__skewed__r64-128__fp16__q8__w1,dense__N32768__fp16,compressed_dense,32768,16,2048,16,skewed,b32_b16,64,128,84.40625,,87.625,,59,,9,,q8,fp16,Float16,fp32_accumulate,20260802,random,1,4,1,one_or_more_tile_stripes,1,compressed_tlr,dense,183762944,2147483648,2331246592,91881472,4294967296,0.564178466796875,57.19975,57.19975,25.695577999999998,25.454442,93.6129545,91.857084,3.6431542617955515,3.6086858238730986,5.800353333248e12,6.021544148992e12,3.6733238231098433,234341.65010773452,751698.7852110148,false,25.454442;25.711587;25.698718;25.692438,,NVIDIA H100 80GB HBM3,1.12.6
workspace_tuning__20260803T194905.205Z__pid9032,20260803T194905.205Z,workspace_tuning,compressed,compressed_dense__N32768__q16__skewed__r64-128__fp16__q8__w2,dense__N32768__fp16,compressed_dense,32768,16,2048,16,skewed,b32_b16,64,128,84.40625,,87.625,,59,,9,,q8,fp16,Float16,fp32_accumulate,20260802,random,1,4,1,one_or_more_tile_stripes,2,compressed_tlr,dense,183762944,2147483648,2331246592,183762944,4294967296,0.5855712890625,28.996949,28.996949,26.181098499999997,25.768211,93.6129545,91.857084,3.575593075286738,3.564744327807623,5.800353333248e12,6.021544148992e12,3.6733238231098433,229995.85555938384,751698.7852110148,false,25.768211;26.063533;26.298664;26.388329,,NVIDIA H100 80GB HBM3,1.12.6
workspace_tuning__20260803T194905.205Z__pid9032,20260803T194905.205Z,workspace_tuning,compressed,compressed_dense__N32768__q16__skewed__r64-128__fp16__q8__w4,dense__N32768__fp16,compressed_dense,32768,16,2048,16,skewed,b32_b16,64,128,84.40625,,87.625,,59,,9,,q8,fp16,Float16,fp32_accumulate,20260802,random,1,4,1,one_or_more_tile_stripes,4,compressed_tlr,dense,183762944,2147483648,2331246592,367525888,4294967296,0.62835693359375,14.265221,14.265221,25.981169,25.871666,93.6129545,91.857084,3.6031078701655033,3.550489713341228,5.800353333248e12,6.021544148992e12,3.6733238231098433,231765.7126587337,751698.7852110148,false,25.871666;25.942982;26.019356;26.296181,,NVIDIA H100 80GB HBM3,1.12.6
workspace_tuning__20260803T194905.205Z__pid9032,20260803T194905.205Z,workspace_tuning,compressed,compressed_dense__N32768__q16__skewed__r64-128__fp16__q8__w8,dense__N32768__fp16,compressed_dense,32768,16,2048,16,skewed,b32_b16,64,128,84.40625,,87.625,,59,,9,,q8,fp16,Float16,fp32_accumulate,20260802,random,1,4,1,one_or_more_tile_stripes,8,compressed_tlr,dense,183762944,2147483648,2331246592,735051776,4294967296,0.71392822265625,6.98834,6.98834,26.1421005,26.045736,93.6129545,91.857084,3.580927037595927,3.526760925473559,5.800353333248e12,6.021544148992e12,3.6733238231098433,230338.95646572087,751698.7852110148,false,26.09493;26.189271;26.045736;26.428668,,NVIDIA H100 80GB HBM3,1.12.6
workspace_tuning__20260803T194905.205Z__pid9032,20260803T194905.205Z,workspace_tuning,compressed,compressed_dense__N32768__q16__skewed__r64-128__fp16__q8__w16,dense__N32768__fp16,compressed_dense,32768,16,2048,16,skewed,b32_b16,64,128,84.40625,,87.625,,59,,9,,q8,fp16,Float16,fp32_accumulate,20260802,random,1,4,1,one_or_more_tile_stripes,16,compressed_tlr,dense,183762944,2147483648,2331246592,1470103552,4294967296,0.88507080078125,3.624209,3.624209,26.6382925,26.15499,93.6129545,91.857084,3.5142250390110403,3.5120290239071013,5.800353333248e12,6.021544148992e12,3.6733238231098433,226048.4281787956,751698.7852110148,false,26.15499;26.752703;26.902528;26.523882,,NVIDIA H100 80GB HBM3,1.12.6
workspace_tuning__20260803T194905.205Z__pid9032,20260803T194905.205Z,workspace_tuning,compressed,dense_compressed__N32768__q16__skewed__r64-128__fp16__q8__w1,dense__N32768__fp16,dense_compressed,32768,16,2048,16,skewed,b32_b16,64,128,,84.40625,,87.625,,59,,9,q8,fp16,Float16,fp32_accumulate,20260802,random,1,4,1,one_or_more_tile_stripes,1,dense,compressed_tlr,2147483648,183762944,2331246592,91881472,4294967296,0.564178466796875,54.602927,54.602927,22.315203,21.970242,93.6129545,91.857084,4.1950303790648915,4.180977341988314,5.800353333248e12,6.021544148992e12,3.6733238231098433,269840.43788407394,751698.7852110148,false,22.027127;21.970242;22.603279;23.585728,,NVIDIA H100 80GB HBM3,1.12.6
workspace_tuning__20260803T194905.205Z__pid9032,20260803T194905.205Z,workspace_tuning,compressed,dense_compressed__N32768__q16__skewed__r64-128__fp16__q8__w2,dense__N32768__fp16,dense_compressed,32768,16,2048,16,skewed,b32_b16,64,128,,84.40625,,87.625,,59,,9,q8,fp16,Float16,fp32_accumulate,20260802,random,1,4,1,one_or_more_tile_stripes,2,dense,compressed_tlr,2147483648,183762944,2331246592,183762944,4294967296,0.5855712890625,27.440271,27.440271,24.509684,23.756673,93.6129545,91.857084,3.8194272312935573,3.866580307772894,5.800353333248e12,6.021544148992e12,3.6733238231098433,245680.20334297253,751698.7852110148,false,23.756673;24.560004;24.459364;24.758792,,NVIDIA H100 80GB HBM3,1.12.6
workspace_tuning__20260803T194905.205Z__pid9032,20260803T194905.205Z,workspace_tuning,compressed,dense_compressed__N32768__q16__skewed__r64-128__fp16__q8__w4,dense__N32768__fp16,dense_compressed,32768,16,2048,16,skewed,b32_b16,64,128,,84.40625,,87.625,,59,,9,q8,fp16,Float16,fp32_accumulate,20260802,random,1,4,1,one_or_more_tile_stripes,4,dense,compressed_tlr,2147483648,183762944,2331246592,367525888,4294967296,0.62835693359375,13.605784,13.605784,27.734516,26.940484,93.6129545,91.857084,3.375323171314762,3.409630057128892,5.800353333248e12,6.021544148992e12,3.6733238231098433,217113.72749364006,751698.7852110148,false,26.940484;27.286411;28.182621;28.269151,,NVIDIA H100 80GB HBM3,1.12.6
workspace_tuning__20260803T194905.205Z__pid9032,20260803T194905.205Z,workspace_tuning,compressed,dense_compressed__N32768__q16__skewed__r64-128__fp16__q8__w8,dense__N32768__fp16,dense_compressed,32768,16,2048,16,skewed,b32_b16,64,128,,84.40625,,87.625,,59,,9,q8,fp16,Float16,fp32_accumulate,20260802,random,1,4,1,one_or_more_tile_stripes,8,dense,compressed_tlr,2147483648,183762944,2331246592,735051776,4294967296,0.71392822265625,6.843002,6.843002,29.793986,29.220032,93.6129545,91.857084,3.1420084073342855,3.1436339289429935,5.800353333248e12,6.021544148992e12,3.6733238231098433,202106.02733692632,751698.7852110148,false,29.220032;29.884186;30.399406;29.703786,,NVIDIA H100 80GB HBM3,1.12.6
workspace_tuning__20260803T194905.205Z__pid9032,20260803T194905.205Z,workspace_tuning,compressed,dense_compressed__N32768__q16__skewed__r64-128__fp16__q8__w16,dense__N32768__fp16,dense_compressed,32768,16,2048,16,skewed,b32_b16,64,128,,84.40625,,87.625,,59,,9,q8,fp16,Float16,fp32_accumulate,20260802,random,1,4,1,one_or_more_tile_stripes,16,dense,compressed_tlr,2147483648,183762944,2331246592,1470103552,4294967296,0.88507080078125,3.367826,3.367826,29.417954,29.363648,93.6129545,91.857084,3.182170809703489,3.1282585869439656,5.800353333248e12,6.021544148992e12,3.6733238231098433,204689.4270414591,751698.7852110148,false,29.370658;29.363648;29.951316;29.46525,,NVIDIA H100 80GB HBM3,1.12.6
workspace_tuning__20260803T194905.205Z__pid9032,20260803T194905.205Z,workspace_tuning,compressed,compressed_compressed__N32768__q16__skewed__r64-128__fp16__q8__w1,dense__N32768__fp16,compressed_compressed,32768,16,2048,16,skewed,b32_b16,64,128,84.40625,84.5234375,87.625,88.03125,59,61,9,9,q8,fp16,Float16,fp32_accumulate,20260802,random,1,4,1,tlr_tlr_runs,1,compressed_tlr,compressed_tlr,183762944,184614912,368377856,1533285504,4294967296,0.4427655041217804,45.072036,45.072036,12.4850435,12.446421,93.6129545,91.857084,7.498007876384252,7.3802006215280676,3.139554009088e12,3.269565349888e12,3.976410528220627,261878.57093873963,751698.7852110148,false,12.453361;12.446421;12.516726;12.542254,,NVIDIA H100 80GB HBM3,1.12.6
workspace_tuning__20260803T194905.205Z__pid9032,20260803T194905.205Z,workspace_tuning,compressed,compressed_compressed__N32768__q16__skewed__r64-128__fp16__q8__w2,dense__N32768__fp16,compressed_compressed,32768,16,2048,16,skewed,b32_b16,64,128,84.40625,84.5234375,87.625,88.03125,59,61,9,9,q8,fp16,Float16,fp32_accumulate,20260802,random,1,4,1,tlr_tlr_runs,2,compressed_tlr,compressed_tlr,183762944,184614912,368377856,770305280,4294967296,0.26512032747268677,46.905688,46.905688,12.3978135,12.380262,93.6129545,91.857084,7.550763245470663,7.419639745911677,3.129085026304e12,3.265807253504e12,4.186475703772961,263418.0013680638,751698.7852110148,false,12.394584;12.470477;12.401043;12.380262,,NVIDIA H100 80GB HBM3,1.12.6
workspace_tuning__20260803T194905.205Z__pid9032,20260803T194905.205Z,workspace_tuning,compressed,compressed_compressed__N32768__q16__skewed__r64-128__fp16__q8__w4,dense__N32768__fp16,compressed_compressed,32768,16,2048,16,skewed,b32_b16,64,128,84.40625,84.5234375,87.625,88.03125,59,61,9,9,q8,fp16,Float16,fp32_accumulate,20260802,random,1,4,1,tlr_tlr_runs,4,compressed_tlr,compressed_tlr,183762944,184614912,368377856,385624576,4294967296,0.17555487155914307,82.4115,82.4115,11.909698500000001,11.792884,93.6129545,91.857084,7.860228745505186,7.789195925271545,3.103583657984e12,3.242184933376e12,4.274934287837746,272230.6474320907,751698.7852110148,false,11.792884;11.925382;11.894015;12.040775,,NVIDIA H100 80GB HBM3,1.12.6
workspace_tuning__20260803T194905.205Z__pid9032,20260803T194905.205Z,workspace_tuning,compressed,compressed_compressed__N32768__q16__skewed__r64-128__fp16__q8__w8,dense__N32768__fp16,compressed_compressed,32768,16,2048,16,skewed,b32_b16,64,128,84.40625,84.5234375,87.625,88.03125,59,61,9,9,q8,fp16,Float16,fp32_accumulate,20260802,random,1,4,1,tlr_tlr_runs,8,compressed_tlr,compressed_tlr,183762944,184614912,368377856,193004288,4294967296,0.13070696592330933,54.316219,54.316219,12.101516,12.033884,93.6129545,91.857084,7.735638617508749,7.63320337806148,3.083987869696e12,3.220710096896e12,4.245095742450331,266141.0435598317,751698.7852110148,false,12.070019;12.033884;12.133013;12.143939,,NVIDIA H100 80GB HBM3,1.12.6
workspace_tuning__20260803T194905.205Z__pid9032,20260803T194905.205Z,workspace_tuning,compressed,compressed_compressed__N32768__q16__skewed__r64-128__fp16__q8__w16,dense__N32768__fp16,compressed_compressed,32768,16,2048,16,skewed,b32_b16,64,128,84.40625,84.5234375,87.625,88.03125,59,61,9,9,q8,fp16,Float16,fp32_accumulate,20260802,random,1,4,1,tlr_tlr_runs,16,compressed_tlr,compressed_tlr,183762944,184614912,368377856,96636416,4294967296,0.1082695722579956,61.454803,61.454803,12.538814,12.523156,93.6129545,91.857084,7.4658539874664385,7.334978818438419,3.063133790208e12,3.197020667904e12,4.187864002261131,254969.94116859857,751698.7852110148,false,12.523156;12.535424;12.564367;12.542204,,NVIDIA H100 80GB HBM3,1.12.6
workspace_tuning__20260803T194905.205Z__pid9032,20260803T194905.205Z,workspace_tuning,compressed,compressed_compressed__N32768__q16__skewed__r64-128__fp16__q8__w32,dense__N32768__fp16,compressed_compressed,32768,16,2048,16,skewed,b32_b16,64,128,84.40625,84.5234375,87.625,88.03125,59,61,9,9,q8,fp16,Float16,fp32_accumulate,20260802,random,1,4,1,tlr_tlr_runs,32,compressed_tlr,compressed_tlr,183762944,184614912,368377856,49778944,4294967296,0.09735971689224243,71.405342,71.405342,12.6651325,12.585519,93.6129545,91.857084,7.391391641579746,7.29863297651849,3.055516934144e12,3.188028080128e12,4.1565238025971105,251716.91493381534,751698.7852110148,false,12.672218;12.658047;12.67973;12.585519,,NVIDIA H100 80GB HBM3,1.12.6
workspace_tuning__20260803T194905.205Z__pid9032,20260803T194905.205Z,workspace_tuning,compressed,compressed_compressed__N32768__q16__skewed__r64-128__fp16__q8__w64,dense__N32768__fp16,compressed_compressed,32768,16,2048,16,skewed,b32_b16,64,128,84.40625,84.5234375,87.625,88.03125,59,61,9,9,q8,fp16,Float16,fp32_accumulate,20260802,random,1,4,1,tlr_tlr_runs,64,compressed_tlr,compressed_tlr,183762944,184614912,368377856,25292800,4294967296,0.0916585922241211,96.784051,96.784051,14.206178000000001,14.062137,93.6129545,91.857084,6.589594646779731,6.53222792524351,3.054325751808e12,3.185947705344e12,4.131328123032962,224264.9434171527,751698.7852110148,false,14.235075;14.062137;14.187495;14.224861,,NVIDIA H100 80GB HBM3,1.12.6
workspace_tuning__20260803T194905.205Z__pid9032,20260803T194905.205Z,workspace_tuning,compressed,compressed_dense__N32768__q8__skewed__r128-256__fp16__q8__w1,dense__N32768__fp16,compressed_dense,32768,8,4096,8,skewed,b32_b16,128,256,170.84375,,174.25,,43,,17,,q8,fp16,Float16,fp32_accumulate,20260802,random,1,4,1,one_or_more_tile_stripes,1,compressed_tlr,dense,182714368,2147483648,2330198016,91357184,4294967296,0.563812255859375,9.039948,9.039948,24.6666945,24.378854,93.6129545,91.857084,3.7951154947007595,3.767900000549657,5.870146551808e12,5.987184410624e12,1.95480631276901,242723.4184387373,751698.7852110148,false,24.378854;24.428268;24.905121;25.022175,,NVIDIA H100 80GB HBM3,1.12.6
workspace_tuning__20260803T194905.205Z__pid9032,20260803T194905.205Z,workspace_tuning,compressed,compressed_dense__N32768__q8__skewed__r128-256__fp16__q8__w2,dense__N32768__fp16,compressed_dense,32768,8,4096,8,skewed,b32_b16,128,256,170.84375,,174.25,,43,,17,,q8,fp16,Float16,fp32_accumulate,20260802,random,1,4,1,one_or_more_tile_stripes,2,compressed_tlr,dense,182714368,2147483648,2330198016,182714368,4294967296,0.5850830078125,6.366801,6.366801,24.55699,24.267577,93.6129545,91.857084,3.8120695777454814,3.785177399457721,5.870146551808e12,5.987184410624e12,1.95480631276901,243807.747228956,751698.7852110148,false,24.267577;24.614146;24.499834;24.863228,,NVIDIA H100 80GB HBM3,1.12.6
workspace_tuning__20260803T194905.205Z__pid9032,20260803T194905.205Z,workspace_tuning,compressed,compressed_dense__N32768__q8__skewed__r128-256__fp16__q8__w4,dense__N32768__fp16,compressed_dense,32768,8,4096,8,skewed,b32_b16,128,256,170.84375,,174.25,,43,,17,,q8,fp16,Float16,fp32_accumulate,20260802,random,1,4,1,one_or_more_tile_stripes,4,compressed_tlr,dense,182714368,2147483648,2330198016,365428736,4294967296,0.62762451171875,2.692446,2.692446,24.629382999999997,24.294588,93.6129545,91.857084,3.8008647841482675,3.7809689960578874,5.870146551808e12,5.987184410624e12,1.95480631276901,243091.12455736307,751698.7852110148,false,24.294588;24.533375;24.725391;24.783939,,NVIDIA H100 80GB HBM3,1.12.6
workspace_tuning__20260803T194905.205Z__pid9032,20260803T194905.205Z,workspace_tuning,compressed,compressed_dense__N32768__q8__skewed__r128-256__fp16__q8__w8,dense__N32768__fp16,compressed_dense,32768,8,4096,8,skewed,b32_b16,128,256,170.84375,,174.25,,43,,17,,q8,fp16,Float16,fp32_accumulate,20260802,random,1,4,1,one_or_more_tile_stripes,8,compressed_tlr,dense,182714368,2147483648,2330198016,730857472,4294967296,0.71270751953125,1.132854,1.132854,25.250602,24.445914,93.6129545,91.857084,3.7073553533495955,3.757563902090141,5.870146551808e12,5.987184410624e12,1.95480631276901,237110.56119073913,751698.7852110148,false,24.445914;25.245569;25.390567;25.255635,,NVIDIA H100 80GB HBM3,1.12.6
workspace_tuning__20260803T194905.205Z__pid9032,20260803T194905.205Z,workspace_tuning,compressed,dense_compressed__N32768__q8__skewed__r128-256__fp16__q8__w1,dense__N32768__fp16,dense_compressed,32768,8,4096,8,skewed,b32_b16,128,256,,170.84375,,174.25,,43,,17,q8,fp16,Float16,fp32_accumulate,20260802,random,1,4,1,one_or_more_tile_stripes,1,dense,compressed_tlr,2147483648,182714368,2330198016,91357184,4294967296,0.563812255859375,9.099587,9.099587,21.152379,20.005334,93.6129545,91.857084,4.425646614028616,4.591629612382377,5.870146551808e12,5.987184410624e12,1.95480631276901,283050.1671052698,751698.7852110148,false,20.005334;20.848424;21.544325;21.456334,,NVIDIA H100 80GB HBM3,1.12.6
workspace_tuning__20260803T194905.205Z__pid9032,20260803T194905.205Z,workspace_tuning,compressed,dense_compressed__N32768__q8__skewed__r128-256__fp16__q8__w2,dense__N32768__fp16,dense_compressed,32768,8,4096,8,skewed,b32_b16,128,256,,170.84375,,174.25,,43,,17,q8,fp16,Float16,fp32_accumulate,20260802,random,1,4,1,one_or_more_tile_stripes,2,dense,compressed_tlr,2147483648,182714368,2330198016,182714368,4294967296,0.5850830078125,4.770092,4.770092,22.285614,21.799066,93.6129545,91.857084,4.200600194367541,4.213808242977016,5.870146551808e12,5.987184410624e12,1.95480631276901,268656.9196892668,751698.7852110148,false,21.799066;22.272374;22.298854;22.464331,,NVIDIA H100 80GB HBM3,1.12.6
workspace_tuning__20260803T194905.205Z__pid9032,20260803T194905.205Z,workspace_tuning,compressed,dense_compressed__N32768__q8__skewed__r128-256__fp16__q8__w4,dense__N32768__fp16,dense_compressed,32768,8,4096,8,skewed,b32_b16,128,256,,170.84375,,174.25,,43,,17,q8,fp16,Float16,fp32_accumulate,20260802,random,1,4,1,one_or_more_tile_stripes,4,dense,compressed_tlr,2147483648,182714368,2330198016,365428736,4294967296,0.62762451171875,2.19354,2.19354,23.581401,22.186345,93.6129545,91.857084,3.9697791704572603,4.140253115148079,5.870146551808e12,5.987184410624e12,1.95480631276901,253894.3471010904,751698.7852110148,false,22.186345;23.083236;24.079566;24.365154,,NVIDIA H100 80GB HBM3,1.12.6
workspace_tuning__20260803T194905.205Z__pid9032,20260803T194905.205Z,workspace_tuning,compressed,dense_compressed__N32768__q8__skewed__r128-256__fp16__q8__w8,dense__N32768__fp16,dense_compressed,32768,8,4096,8,skewed,b32_b16,128,256,,170.84375,,174.25,,43,,17,q8,fp16,Float16,fp32_accumulate,20260802,random,1,4,1,one_or_more_tile_stripes,8,dense,compressed_tlr,2147483648,182714368,2330198016,730857472,4294967296,0.71270751953125,1.193425,1.193425,25.910098499999997,25.683905,93.6129545,91.857084,3.6129910698718497,3.5764454042327287,5.870146551808e12,5.987184410624e12,1.95480631276901,231075.3241877487,751698.7852110148,false,25.683905;26.0749;25.881361;25.938836,,NVIDIA H100 80GB HBM3,1.12.6
workspace_tuning__20260803T194905.205Z__pid9032,20260803T194905.205Z,workspace_tuning,compressed,compressed_compressed__N32768__q8__skewed__r128-256__fp16__q8__w1,dense__N32768__fp16,compressed_compressed,32768,8,4096,8,skewed,b32_b16,128,256,170.84375,172.03125,174.25,175.875,43,44,17,15,q8,fp16,Float16,fp32_accumulate,20260802,random,1,4,1,tlr_tlr_runs,1,compressed_tlr,compressed_tlr,182714368,184418304,367132672,762269568,4294967296,0.26295945048332214,6.638267,6.638267,11.5273115,11.510912,93.6129545,91.857084,8.120970314717356,7.980000542094319,3.181814546432e12,3.250920095744e12,2.125722788525955,282018.93353398144,751698.7852110148,false,11.510912;11.527186;11.527437;11.583271,,NVIDIA H100 80GB HBM3,1.12.6
workspace_tuning__20260803T194905.205Z__pid9032,20260803T194905.205Z,workspace_tuning,compressed,compressed_compressed__N32768__q8__skewed__r128-256__fp16__q8__w2,dense__N32768__fp16,compressed_compressed,32768,8,4096,8,skewed,b32_b16,128,256,170.84375,172.03125,174.25,175.875,43,44,17,15,q8,fp16,Float16,fp32_accumulate,20260802,random,1,4,1,tlr_tlr_runs,2,compressed_tlr,compressed_tlr,182714368,184418304,367132672,385340032,4294967296,0.17519870400428772,7.561657,7.561657,10.8953665,10.813259,93.6129545,91.857084,8.591996836453367,8.494856546023728,3.114974117888e12,3.189716811776e12,2.3432391744640197,292759.0193295471,751698.7852110148,false,10.813259;10.893739;10.898086;10.896994,,NVIDIA H100 80GB HBM3,1.12.6
workspace_tuning__20260803T194905.205Z__pid9032,20260803T194905.205Z,workspace_tuning,compressed,compressed_compressed__N32768__q8__skewed__r128-256__fp16__q8__w4,dense__N32768__fp16,compressed_compressed,32768,8,4096,8,skewed,b32_b16,128,256,170.84375,172.03125,174.25,175.875,43,44,17,15,q8,fp16,Float16,fp32_accumulate,20260802,random,1,4,1,tlr_tlr_runs,4,compressed_tlr,compressed_tlr,182714368,184418304,367132672,193586176,4294967296,0.1305525302886963,8.686709,8.686709,11.0222165,10.989833,93.6129545,91.857084,8.493115200558798,8.358369412892806,3.061958115328e12,3.132271624192e12,2.2448087937500647,284178.0166622566,751698.7852110148,false,10.998556;10.989833;11.045877;11.04816,,NVIDIA H100 80GB HBM3,1.12.6
workspace_tuning__20260803T194905.205Z__pid9032,20260803T194905.205Z,workspace_tuning,compressed,compressed_compressed__N32768__q8__skewed__r128-256__fp16__q8__w8,dense__N32768__fp16,compressed_compressed,32768,8,4096,8,skewed,b32_b16,128,256,170.84375,172.03125,174.25,175.875,43,44,17,15,q8,fp16,Float16,fp32_accumulate,20260802,random,1,4,1,tlr_tlr_runs,8,compressed_tlr,compressed_tlr,182714368,184418304,367132672,96900352,4294967296,0.10804110765457153,10.884876,10.884876,11.037754499999998,11.001131,93.6129545,91.857084,8.481159324570955,8.349785490237322,3.061219917824e12,3.129855705088e12,2.192937749571756,283559.097558113,751698.7852110148,false,11.058827;11.038806;11.036703;11.001131,,NVIDIA H100 80GB HBM3,1.12.6
workspace_tuning__20260803T194905.205Z__pid9032,20260803T194905.205Z,workspace_tuning,compressed,compressed_compressed__N32768__q8__skewed__r128-256__fp16__q8__w16,dense__N32768__fp16,compressed_compressed,32768,8,4096,8,skewed,b32_b16,128,256,170.84375,172.03125,174.25,175.875,43,44,17,15,q8,fp16,Float16,fp32_accumulate,20260802,random,1,4,1,tlr_tlr_runs,16,compressed_tlr,compressed_tlr,182714368,184418304,367132672,51364480,4294967296,0.09743896126747131,16.019594,16.019594,11.2299075,11.198766,93.6129545,91.857084,8.336039677975977,8.202429089062134,3.041087258624e12,3.111333658624e12,2.2577584954699703,277057.8171390993,751698.7852110148,false,11.217604;11.198766;11.246287;11.242211,,NVIDIA H100 80GB HBM3,1.12.6
workspace_tuning__20260803T194905.205Z__pid9032,20260803T194905.205Z,workspace_tuning,compressed,compressed_compressed__N32768__q8__skewed__r128-256__fp16__q8__w32,dense__N32768__fp16,compressed_compressed,32768,8,4096,8,skewed,b32_b16,128,256,170.84375,172.03125,174.25,175.875,43,44,17,15,q8,fp16,Float16,fp32_accumulate,20260802,random,1,4,1,tlr_tlr_runs,32,compressed_tlr,compressed_tlr,182714368,184418304,367132672,26859136,4294967296,0.09173336625099182,26.628387,26.628387,12.122732,11.929348,93.6129545,91.857084,7.722100472071808,7.700092578404118,3.040147734528e12,3.1102599168e12,2.2542226099269262,256564.27254186597,751698.7852110148,false,11.929348;12.110479;12.183678;12.134985,,NVIDIA H100 80GB HBM3,1.12.6
workspace_tuning__20260803T194905.205Z__pid9032,20260803T194905.205Z,workspace_tuning,compressed,compressed_compressed__N32768__q8__skewed__r128-256__fp16__q8__w64,dense__N32768__fp16,compressed_compressed,32768,8,4096,8,skewed,b32_b16,128,256,170.84375,172.03125,174.25,175.875,43,44,17,15,q8,fp16,Float16,fp32_accumulate,20260802,random,1,4,1,tlr_tlr_runs,64,compressed_tlr,compressed_tlr,182714368,184418304,367132672,13774976,4294967296,0.0886869728565216,251.084186,251.084186,13.7636055,13.654668,93.6129545,91.857084,6.8014848652847535,6.727156163738291,3.020015075328e12,3.0901272576e12,2.2689092204718397,224514.37289451517,751698.7852110148,false,13.896229;13.66284;13.654668;13.864371,,NVIDIA H100 80GB HBM3,1.12.6
workspace_tuning__20260803T194905.205Z__pid9032,20260803T194905.205Z,workspace_tuning,baseline,dense__N32768__fp32,dense__N32768__fp32,dense_dense,32768,,,,,,,,,,,,,,,,,fp32,Float32,fp32,20260802,random,1,4,0,none,0,dense,dense,4294967296,4294967296,8589934592,0,8589934592,1.0,,,1341.1641,1340.80672,1341.1641,1340.80672,1.0,1.0,7.0368744177664e13,7.0368744177664e13,0.0,52468.40724238294,52468.40724238294,false,1340.80672;1341.40188;1341.14874;1341.17946,1340.80672;1341.40188;1341.14874;1341.17946,NVIDIA H100 80GB HBM3,1.12.6
workspace_tuning__20260803T194905.205Z__pid9032,20260803T194905.205Z,workspace_tuning,compressed,compressed_dense__N32768__q16__skewed__r64-128__fp32__q8__w1,dense__N32768__fp32,compressed_dense,32768,16,2048,16,skewed,b32_b16,64,128,84.40625,,87.625,,59,,9,,q8,fp32,Float32,fp32,20260802,random,1,4,1,one_or_more_tile_stripes,1,compressed_tlr,dense,367525888,4294967296,4662493184,183762944,8589934592,0.564178466796875,240.603204,240.603204,171.39488749999998,171.337191,1341.1641,1340.80672,7.824994779963901,7.8255439591045945,5.800353333248e12,6.021544148992e12,3.6733238231098433,35132.57738794573,52468.40724238294,false,171.337191;171.434146;171.475237;171.355629,,NVIDIA H100 80GB HBM3,1.12.6
workspace_tuning__20260803T194905.205Z__pid9032,20260803T194905.205Z,workspace_tuning,compressed,compressed_dense__N32768__q16__skewed__r64-128__fp32__q8__w2,dense__N32768__fp32,compressed_dense,32768,16,2048,16,skewed,b32_b16,64,128,84.40625,,87.625,,59,,9,,q8,fp32,Float32,fp32,20260802,random,1,4,1,one_or_more_tile_stripes,2,compressed_tlr,dense,367525888,4294967296,4662493184,367525888,8589934592,0.5855712890625,232.377575,232.377575,168.735656,168.699958,1341.1641,1340.80672,7.948314729638411,7.9478782087189375,5.800353333248e12,6.021544148992e12,3.6733238231098433,35686.25797141536,52468.40724238294,false,168.699958;168.754319;168.784134;168.716993,,NVIDIA H100 80GB HBM3,1.12.6
workspace_tuning__20260803T194905.205Z__pid9032,20260803T194905.205Z,workspace_tuning,compressed,compressed_dense__N32768__q16__skewed__r64-128__fp32__q8__w4,dense__N32768__fp32,compressed_dense,32768,16,2048,16,skewed,b32_b16,64,128,84.40625,,87.625,,59,,9,,q8,fp32,Float32,fp32,20260802,random,1,4,1,one_or_more_tile_stripes,4,compressed_tlr,dense,367525888,4294967296,4662493184,735051776,8589934592,0.62835693359375,13.874887,13.874887,167.487019,167.402617,1341.1641,1340.80672,8.007570425502648,8.009472874608646,5.800353333248e12,6.021544148992e12,3.6733238231098433,35952.30355728046,52468.40724238294,false,167.402617;167.462407;167.532892;167.511631,,NVIDIA H100 80GB HBM3,1.12.6
workspace_tuning__20260803T194905.205Z__pid9032,20260803T194905.205Z,workspace_tuning,compressed,compressed_dense__N32768__q16__skewed__r64-128__fp32__q8__w8,dense__N32768__fp32,compressed_dense,32768,16,2048,16,skewed,b32_b16,64,128,84.40625,,87.625,,59,,9,,q8,fp32,Float32,fp32,20260802,random,1,4,1,one_or_more_tile_stripes,8,compressed_tlr,dense,367525888,4294967296,4662493184,1470103552,8589934592,0.71392822265625,7.12909,7.12909,166.7220355,166.620819,1341.1641,1340.80672,8.044312174919433,8.047053951883408,5.800353333248e12,6.021544148992e12,3.6733238231098433,36117.26626857312,52468.40724238294,false,166.620819;166.769912;166.674159;166.810922,,NVIDIA H100 80GB HBM3,1.12.6
workspace_tuning__20260803T194905.205Z__pid9032,20260803T194905.205Z,workspace_tuning,compressed,compressed_dense__N32768__q16__skewed__r64-128__fp32__q8__w16,dense__N32768__fp32,compressed_dense,32768,16,2048,16,skewed,b32_b16,64,128,84.40625,,87.625,,59,,9,,q8,fp32,Float32,fp32,20260802,random,1,4,1,one_or_more_tile_stripes,16,compressed_tlr,dense,367525888,4294967296,4662493184,2940207104,8589934592,0.88507080078125,3.459313,3.459313,165.900221,165.762435,1341.1641,1340.80672,8.084161021099545,8.088724806678908,5.800353333248e12,6.021544148992e12,3.6733238231098433,36296.17918949005,52468.40724238294,false,165.762435;165.841172;165.95927;165.991608,,NVIDIA H100 80GB HBM3,1.12.6
workspace_tuning__20260803T194905.205Z__pid9032,20260803T194905.205Z,workspace_tuning,compressed,dense_compressed__N32768__q16__skewed__r64-128__fp32__q8__w1,dense__N32768__fp32,dense_compressed,32768,16,2048,16,skewed,b32_b16,64,128,,84.40625,,87.625,,59,,9,q8,fp32,Float32,fp32,20260802,random,1,4,1,one_or_more_tile_stripes,1,dense,compressed_tlr,4294967296,367525888,4662493184,183762944,8589934592,0.564178466796875,53.364736,53.364736,147.569546,147.552846,1341.1641,1340.80672,9.088352823149567,9.086959393517901,5.800353333248e12,6.021544148992e12,3.6733238231098433,40804.78874002906,52468.40724238294,false,147.552846;147.556902;147.58245;147.58219,,NVIDIA H100 80GB HBM3,1.12.6
workspace_tuning__20260803T194905.205Z__pid9032,20260803T194905.205Z,workspace_tuning,compressed,dense_compressed__N32768__q16__skewed__r64-128__fp32__q8__w2,dense__N32768__fp32,dense_compressed,32768,16,2048,16,skewed,b32_b16,64,128,,84.40625,,87.625,,59,,9,q8,fp32,Float32,fp32,20260802,random,1,4,1,one_or_more_tile_stripes,2,dense,compressed_tlr,4294967296,367525888,4662493184,367525888,8589934592,0.5855712890625,27.137659,27.137659,144.8724985,144.844817,1341.1641,1340.80672,9.2575479396457,9.256849832603951,5.800353333248e12,6.021544148992e12,3.6733238231098433,41564.43915400548,52468.40724238294,false,144.862984;144.844817;144.882013;144.896453,,NVIDIA H100 80GB HBM3,1.12.6
workspace_tuning__20260803T194905.205Z__pid9032,20260803T194905.205Z,workspace_tuning,compressed,dense_compressed__N32768__q16__skewed__r64-128__fp32__q8__w4,dense__N32768__fp32,dense_compressed,32768,16,2048,16,skewed,b32_b16,64,128,,84.40625,,87.625,,59,,9,q8,fp32,Float32,fp32,20260802,random,1,4,1,one_or_more_tile_stripes,4,dense,compressed_tlr,4294967296,367525888,4662493184,735051776,8589934592,0.62835693359375,13.405215,13.405215,143.6770705,143.598994,1341.1641,1340.80672,9.3345729790614,9.337159562552367,5.800353333248e12,6.021544148992e12,3.6733238231098433,41910.26534739933,52468.40724238294,false,143.598994;143.698884;143.676039;143.678102,,NVIDIA H100 80GB HBM3,1.12.6
workspace_tuning__20260803T194905.205Z__pid9032,20260803T194905.205Z,workspace_tuning,compressed,dense_compressed__N32768__q16__skewed__r64-128__fp32__q8__w8,dense__N32768__fp32,dense_compressed,32768,16,2048,16,skewed,b32_b16,64,128,,84.40625,,87.625,,59,,9,q8,fp32,Float32,fp32,20260802,random,1,4,1,one_or_more_tile_stripes,8,dense,compressed_tlr,4294967296,367525888,4662493184,1470103552,8589934592,0.71392822265625,6.729783,6.729783,143.02052400000002,142.982872,1341.1641,1340.80672,9.377424040202788,9.37739395806793,5.800353333248e12,6.021544148992e12,3.6733238231098433,42102.65758075393,52468.40724238294,false,142.982872;142.995301;143.045747;143.073088,,NVIDIA H100 80GB HBM3,1.12.6
workspace_tuning__20260803T194905.205Z__pid9032,20260803T194905.205Z,workspace_tuning,compressed,dense_compressed__N32768__q16__skewed__r64-128__fp32__q8__w16,dense__N32768__fp32,dense_compressed,32768,16,2048,16,skewed,b32_b16,64,128,,84.40625,,87.625,,59,,9,q8,fp32,Float32,fp32,20260802,random,1,4,1,one_or_more_tile_stripes,16,dense,compressed_tlr,4294967296,367525888,4662493184,2940207104,8589934592,0.88507080078125,3.950388,3.950388,142.86138549999998,142.841732,1341.1641,1340.80672,9.387869894345943,9.386659635294818,5.800353333248e12,6.021544148992e12,3.6733238231098433,42149.55726431759,52468.40724238294,false,142.841732;142.859608;142.898937;142.863163,,NVIDIA H100 80GB HBM3,1.12.6
workspace_tuning__20260803T194905.205Z__pid9032,20260803T194905.205Z,workspace_tuning,compressed,compressed_compressed__N32768__q16__skewed__r64-128__fp32__q8__w1,dense__N32768__fp32,compressed_compressed,32768,16,2048,16,skewed,b32_b16,64,128,84.40625,84.5234375,87.625,88.03125,59,61,9,9,q8,fp32,Float32,fp32,20260802,random,1,4,1,tlr_tlr_runs,1,compressed_tlr,compressed_tlr,367525888,369229824,736755712,3066571008,8589934592,0.4427655041217804,43.994014,43.994014,74.2068865,74.179991,1341.1641,1340.80672,18.073310487160786,18.07504560090874,3.139554009088e12,3.269565349888e12,3.976410528220627,44060.13382448002,52468.40724238294,false,74.190157;74.223616;74.251939;74.179991,,NVIDIA H100 80GB HBM3,1.12.6
workspace_tuning__20260803T194905.205Z__pid9032,20260803T194905.205Z,workspace_tuning,compressed,compressed_compressed__N32768__q16__skewed__r64-128__fp32__q8__w2,dense__N32768__fp32,compressed_compressed,32768,16,2048,16,skewed,b32_b16,64,128,84.40625,84.5234375,87.625,88.03125,59,61,9,9,q8,fp32,Float32,fp32,20260802,random,1,4,1,tlr_tlr_runs,2,compressed_tlr,compressed_tlr,367525888,369229824,736755712,1540610560,8589934592,0.26512032747268677,45.032908,45.032908,70.6696725,70.625747,1341.1641,1340.80672,18.9779300307356,18.984673110784936,3.129085026304e12,3.265807253504e12,4.186475703772961,46212.28793021505,52468.40724238294,false,70.625747;70.630654;70.708691;70.736312,,NVIDIA H100 80GB HBM3,1.12.6
workspace_tuning__20260803T194905.205Z__pid9032,20260803T194905.205Z,workspace_tuning,compressed,compressed_compressed__N32768__q16__skewed__r64-128__fp32__q8__w4,dense__N32768__fp32,compressed_compressed,32768,16,2048,16,skewed,b32_b16,64,128,84.40625,84.5234375,87.625,88.03125,59,61,9,9,q8,fp32,Float32,fp32,20260802,random,1,4,1,tlr_tlr_runs,4,compressed_tlr,compressed_tlr,367525888,369229824,736755712,771249152,8589934592,0.17555487155914307,48.134906,48.134906,71.422644,71.415337,1341.1641,1340.80672,18.77785566157422,18.77477270743678,3.103583657984e12,3.242184933376e12,4.274934287837746,45394.35607250832,52468.40724238294,false,71.427366;71.417922;71.415337;71.442198,,NVIDIA H100 80GB HBM3,1.12.6
workspace_tuning__20260803T194905.205Z__pid9032,20260803T194905.205Z,workspace_tuning,compressed,compressed_compressed__N32768__q16__skewed__r64-128__fp32__q8__w8,dense__N32768__fp32,compressed_compressed,32768,16,2048,16,skewed,b32_b16,64,128,84.40625,84.5234375,87.625,88.03125,59,61,9,9,q8,fp32,Float32,fp32,20260802,random,1,4,1,tlr_tlr_runs,8,compressed_tlr,compressed_tlr,367525888,369229824,736755712,386008576,8589934592,0.13070696592330933,121.189946,121.189946,73.5452425,73.31629,1341.1641,1340.80672,18.23590560599484,18.287978292409505,3.083987869696e12,3.220710096896e12,4.245095742450331,43792.2289384796,52468.40724238294,false,73.88468;73.772733;73.31629;73.317752,,NVIDIA H100 80GB HBM3,1.12.6
workspace_tuning__20260803T194905.205Z__pid9032,20260803T194905.205Z,workspace_tuning,compressed,compressed_compressed__N32768__q16__skewed__r64-128__fp32__q8__w16,dense__N32768__fp32,compressed_compressed,32768,16,2048,16,skewed,b32_b16,64,128,84.40625,84.5234375,87.625,88.03125,59,61,9,9,q8,fp32,Float32,fp32,20260802,random,1,4,1,tlr_tlr_runs,16,compressed_tlr,compressed_tlr,367525888,369229824,736755712,193272832,8589934592,0.1082695722579956,226.336572,226.336572,75.17313150000001,75.159186,1341.1641,1340.80672,17.84100347076801,17.83955882651523,3.063133790208e12,3.197020667904e12,4.187864002261131,42528.76798013928,52468.40724238294,false,75.159186;75.186887;75.161258;75.185005,,NVIDIA H100 80GB HBM3,1.12.6
workspace_tuning__20260803T194905.205Z__pid9032,20260803T194905.205Z,workspace_tuning,compressed,compressed_compressed__N32768__q16__skewed__r64-128__fp32__q8__w32,dense__N32768__fp32,compressed_compressed,32768,16,2048,16,skewed,b32_b16,64,128,84.40625,84.5234375,87.625,88.03125,59,61,9,9,q8,fp32,Float32,fp32,20260802,random,1,4,1,tlr_tlr_runs,32,compressed_tlr,compressed_tlr,367525888,369229824,736755712,99557888,8589934592,0.09735971689224243,68.512386,68.512386,81.454489,78.497167,1341.1641,1340.80672,16.465195675096556,17.080956819753762,3.055516934144e12,3.188028080128e12,4.1565238025971105,39138.764717166174,52468.40724238294,false,81.506557;78.497167;81.402421;81.5883,,NVIDIA H100 80GB HBM3,1.12.6
workspace_tuning__20260803T194905.205Z__pid9032,20260803T194905.205Z,workspace_tuning,compressed,compressed_compressed__N32768__q16__skewed__r64-128__fp32__q8__w64,dense__N32768__fp32,compressed_compressed,32768,16,2048,16,skewed,b32_b16,64,128,84.40625,84.5234375,87.625,88.03125,59,61,9,9,q8,fp32,Float32,fp32,20260802,random,1,4,1,tlr_tlr_runs,64,compressed_tlr,compressed_tlr,367525888,369229824,736755712,50585600,8589934592,0.0916585922241211,93.282827,93.282827,84.4801185,84.431231,1341.1641,1340.80672,15.875499748499996,15.88045921064446,3.054325751808e12,3.185947705344e12,4.131328123032962,37712.39626450098,52468.40724238294,false,84.736948;84.431231;84.502958;84.457279,,NVIDIA H100 80GB HBM3,1.12.6
workspace_tuning__20260803T194905.205Z__pid9032,20260803T194905.205Z,workspace_tuning,compressed,compressed_dense__N32768__q8__skewed__r128-256__fp32__q8__w1,dense__N32768__fp32,compressed_dense,32768,8,4096,8,skewed,b32_b16,128,256,170.84375,,174.25,,43,,17,,q8,fp32,Float32,fp32,20260802,random,1,4,1,one_or_more_tile_stripes,1,compressed_tlr,dense,365428736,4294967296,4660396032,182714368,8589934592,0.563812255859375,8.774831,8.774831,175.86056,175.812493,1341.1641,1340.80672,7.626292671875945,7.626344960593899,5.870146551808e12,5.987184410624e12,1.95480631276901,34045.066219645836,52468.40724238294,false,175.812493;175.847425;175.931181;175.873695,,NVIDIA H100 80GB HBM3,1.12.6
workspace_tuning__20260803T194905.205Z__pid9032,20260803T194905.205Z,workspace_tuning,compressed,compressed_dense__N32768__q8__skewed__r128-256__fp32__q8__w2,dense__N32768__fp32,compressed_dense,32768,8,4096,8,skewed,b32_b16,128,256,170.84375,,174.25,,43,,17,,q8,fp32,Float32,fp32,20260802,random,1,4,1,one_or_more_tile_stripes,2,compressed_tlr,dense,365428736,4294967296,4660396032,365428736,8589934592,0.5850830078125,4.68786,4.68786,171.71749,171.660604,1341.1641,1340.80672,7.810294105743101,7.81080043269567,5.870146551808e12,5.987184410624e12,1.95480631276901,34866.47988288205,52468.40724238294,false,171.660604;171.726424;171.708556;171.802688,,NVIDIA H100 80GB HBM3,1.12.6
workspace_tuning__20260803T194905.205Z__pid9032,20260803T194905.205Z,workspace_tuning,compressed,compressed_dense__N32768__q8__skewed__r128-256__fp32__q8__w4,dense__N32768__fp32,compressed_dense,32768,8,4096,8,skewed,b32_b16,128,256,170.84375,,174.25,,43,,17,,q8,fp32,Float32,fp32,20260802,random,1,4,1,one_or_more_tile_stripes,4,compressed_tlr,dense,365428736,4294967296,4660396032,730857472,8589934592,0.62762451171875,2.335372,2.335372,171.16917999999998,171.074749,1341.1641,1340.80672,7.835312992677771,7.837548953527911,5.870146551808e12,5.987184410624e12,1.95480631276901,34978.1684449502,52468.40724238294,false,171.141198;171.341948;171.197162;171.074749,,NVIDIA H100 80GB HBM3,1.12.6
workspace_tuning__20260803T194905.205Z__pid9032,20260803T194905.205Z,workspace_tuning,compressed,compressed_dense__N32768__q8__skewed__r128-256__fp32__q8__w8,dense__N32768__fp32,compressed_dense,32768,8,4096,8,skewed,b32_b16,128,256,170.84375,,174.25,,43,,17,,q8,fp32,Float32,fp32,20260802,random,1,4,1,one_or_more_tile_stripes,8,compressed_tlr,dense,365428736,4294967296,4660396032,1461714944,8589934592,0.71270751953125,1.005313,1.005313,170.6853515,170.486419,1341.1641,1340.80672,7.85752314544696,7.864595478423416,5.870146551808e12,5.987184410624e12,1.95480631276901,35077.3183404904,52468.40724238294,false,170.486419;170.67414;170.711055;170.696563,,NVIDIA H100 80GB HBM3,1.12.6
workspace_tuning__20260803T194905.205Z__pid9032,20260803T194905.205Z,workspace_tuning,compressed,dense_compressed__N32768__q8__skewed__r128-256__fp32__q8__w1,dense__N32768__fp32,dense_compressed,32768,8,4096,8,skewed,b32_b16,128,256,,170.84375,,174.25,,43,,17,q8,fp32,Float32,fp32,20260802,random,1,4,1,one_or_more_tile_stripes,1,dense,compressed_tlr,4294967296,365428736,4660396032,182714368,8589934592,0.563812255859375,8.574101,8.574101,140.466255,140.284418,1341.1641,1340.80672,9.547945163057134,9.557773693725558,5.870146551808e12,5.987184410624e12,1.95480631276901,42623.649435403546,52468.40724238294,false,140.42609;140.50642;140.515122;140.284418,,NVIDIA H100 80GB HBM3,1.12.6
workspace_tuning__20260803T194905.205Z__pid9032,20260803T194905.205Z,workspace_tuning,compressed,dense_compressed__N32768__q8__skewed__r128-256__fp32__q8__w2,dense__N32768__fp32,dense_compressed,32768,8,4096,8,skewed,b32_b16,128,256,,170.84375,,174.25,,43,,17,q8,fp32,Float32,fp32,20260802,random,1,4,1,one_or_more_tile_stripes,2,dense,compressed_tlr,4294967296,365428736,4660396032,365428736,8589934592,0.5850830078125,4.395232,4.395232,137.390446,137.344061,1341.1641,1340.80672,9.761698422610841,9.762393147818747,5.870146551808e12,5.987184410624e12,1.95480631276901,43577.88030343827,52468.40724238294,false,137.388829;137.414106;137.392063;137.344061,,NVIDIA H100 80GB HBM3,1.12.6
workspace_tuning__20260803T194905.205Z__pid9032,20260803T194905.205Z,workspace_tuning,compressed,dense_compressed__N32768__q8__skewed__r128-256__fp32__q8__w4,dense__N32768__fp32,dense_compressed,32768,8,4096,8,skewed,b32_b16,128,256,,170.84375,,174.25,,43,,17,q8,fp32,Float32,fp32,20260802,random,1,4,1,one_or_more_tile_stripes,4,dense,compressed_tlr,4294967296,365428736,4660396032,730857472,8589934592,0.62762451171875,2.356905,2.356905,136.56384,136.544846,1341.1641,1340.80672,9.820784916417113,9.819533723008483,5.870146551808e12,5.987184410624e12,1.95480631276901,43841.65245078053,52468.40724238294,false,136.566179;136.544846;136.561501;136.60076,,NVIDIA H100 80GB HBM3,1.12.6
workspace_tuning__20260803T194905.205Z__pid9032,20260803T194905.205Z,workspace_tuning,compressed,dense_compressed__N32768__q8__skewed__r128-256__fp32__q8__w8,dense__N32768__fp32,dense_compressed,32768,8,4096,8,skewed,b32_b16,128,256,,170.84375,,174.25,,43,,17,q8,fp32,Float32,fp32,20260802,random,1,4,1,one_or_more_tile_stripes,8,dense,compressed_tlr,4294967296,365428736,4660396032,1461714944,8589934592,0.71270751953125,1.129319,1.129319,136.573319,136.545848,1341.1641,1340.80672,9.820103295578546,9.819461665359462,5.870146551808e12,5.987184410624e12,1.95480631276901,43838.60957954753,52468.40724238294,false,136.564806;136.545848;136.609924;136.581832,,NVIDIA H100 80GB HBM3,1.12.6
workspace_tuning__20260803T194905.205Z__pid9032,20260803T194905.205Z,workspace_tuning,compressed,compressed_compressed__N32768__q8__skewed__r128-256__fp32__q8__w1,dense__N32768__fp32,compressed_compressed,32768,8,4096,8,skewed,b32_b16,128,256,170.84375,172.03125,174.25,175.875,43,44,17,15,q8,fp32,Float32,fp32,20260802,random,1,4,1,tlr_tlr_runs,1,compressed_tlr,compressed_tlr,365428736,368836608,734265344,1524539136,8589934592,0.26295945048332214,6.340921,6.340921,72.4643615,72.301292,1341.1641,1340.80672,18.50791302425262,18.544713142885467,3.181814546432e12,3.250920095744e12,2.125722788525955,44862.32995710588,52468.40724238294,false,72.434912;72.493811;72.301292;72.501211,,NVIDIA H100 80GB HBM3,1.12.6
workspace_tuning__20260803T194905.205Z__pid9032,20260803T194905.205Z,workspace_tuning,compressed,compressed_compressed__N32768__q8__skewed__r128-256__fp32__q8__w2,dense__N32768__fp32,compressed_compressed,32768,8,4096,8,skewed,b32_b16,128,256,170.84375,172.03125,174.25,175.875,43,44,17,15,q8,fp32,Float32,fp32,20260802,random,1,4,1,tlr_tlr_runs,2,compressed_tlr,compressed_tlr,365428736,368836608,734265344,770680064,8589934592,0.17519870400428772,37.005024,37.005024,68.35024999999999,68.317786,1341.1641,1340.80672,19.62193408217234,19.626027108079878,3.114974117888e12,3.189716811776e12,2.3432391744640197,46667.22962646078,52468.40724238294,false,68.356174;68.344326;68.317786;68.436874,,NVIDIA H100 80GB HBM3,1.12.6
workspace_tuning__20260803T194905.205Z__pid9032,20260803T194905.205Z,workspace_tuning,compressed,compressed_compressed__N32768__q8__skewed__r128-256__fp32__q8__w4,dense__N32768__fp32,compressed_compressed,32768,8,4096,8,skewed,b32_b16,128,256,170.84375,172.03125,174.25,175.875,43,44,17,15,q8,fp32,Float32,fp32,20260802,random,1,4,1,tlr_tlr_runs,4,compressed_tlr,compressed_tlr,365428736,368836608,734265344,387172352,8589934592,0.1305525302886963,22.970609,22.970609,70.8736025,70.832797,1341.1641,1340.80672,18.923323391103196,18.929179374351122,3.061958115328e12,3.132271624192e12,2.2448087937500647,44195.180062873194,52468.40724238294,false,70.885806;70.872115;70.832797;70.87509,,NVIDIA H100 80GB HBM3,1.12.6
workspace_tuning__20260803T194905.205Z__pid9032,20260803T194905.205Z,workspace_tuning,compressed,compressed_compressed__N32768__q8__skewed__r128-256__fp32__q8__w8,dense__N32768__fp32,compressed_compressed,32768,8,4096,8,skewed,b32_b16,128,256,170.84375,172.03125,174.25,175.875,43,44,17,15,q8,fp32,Float32,fp32,20260802,random,1,4,1,tlr_tlr_runs,8,compressed_tlr,compressed_tlr,365428736,368836608,734265344,193800704,8589934592,0.10804110765457153,10.380232,10.380232,72.190717,72.170757,1341.1641,1340.80672,18.578068700993782,18.578254901774137,3.061219917824e12,3.129855705088e12,2.192937749571756,43355.37635798797,52468.40724238294,false,72.190797;72.170757;72.190637;72.194443,,NVIDIA H100 80GB HBM3,1.12.6
workspace_tuning__20260803T194905.205Z__pid9032,20260803T194905.205Z,workspace_tuning,compressed,compressed_compressed__N32768__q8__skewed__r128-256__fp32__q8__w16,dense__N32768__fp32,compressed_compressed,32768,8,4096,8,skewed,b32_b16,128,256,170.84375,172.03125,174.25,175.875,43,44,17,15,q8,fp32,Float32,fp32,20260802,random,1,4,1,tlr_tlr_runs,16,compressed_tlr,compressed_tlr,365428736,368836608,734265344,102728960,8589934592,0.09743896126747131,15.422611,15.422611,77.6167205,75.546485,1341.1641,1340.80672,17.27931934459921,17.74810197986048,3.041087258624e12,3.111333658624e12,2.2577584954699703,40085.86859353327,52468.40724238294,false,75.546485;77.748357;78.343938;77.485084,,NVIDIA H100 80GB HBM3,1.12.6
workspace_tuning__20260803T194905.205Z__pid9032,20260803T194905.205Z,workspace_tuning,compressed,compressed_compressed__N32768__q8__skewed__r128-256__fp32__q8__w32,dense__N32768__fp32,compressed_compressed,32768,8,4096,8,skewed,b32_b16,128,256,170.84375,172.03125,174.25,175.875,43,44,17,15,q8,fp32,Float32,fp32,20260802,random,1,4,1,tlr_tlr_runs,32,compressed_tlr,compressed_tlr,365428736,368836608,734265344,53718272,8589934592,0.09173336625099182,25.798807,25.798807,81.47841550000001,81.420148,1341.1641,1340.80672,16.460360596973068,16.46775095520583,3.040147734528e12,3.1102599168e12,2.2542226099269262,38172.80807086878,52468.40724238294,false,81.420148;81.466558;81.490273;81.513237,,NVIDIA H100 80GB HBM3,1.12.6
workspace_tuning__20260803T194905.205Z__pid9032,20260803T194905.205Z,workspace_tuning,compressed,compressed_compressed__N32768__q8__skewed__r128-256__fp32__q8__w64,dense__N32768__fp32,compressed_compressed,32768,8,4096,8,skewed,b32_b16,128,256,170.84375,172.03125,174.25,175.875,43,44,17,15,q8,fp32,Float32,fp32,20260802,random,1,4,1,tlr_tlr_runs,64,compressed_tlr,compressed_tlr,365428736,368836608,734265344,27549952,8589934592,0.0886869728565216,43.05414,43.05414,96.70460750000001,96.449472,1341.1641,1340.80672,13.868668046659513,13.901649145368054,3.020015075328e12,3.0901272576e12,2.2689092204718397,31954.29191520166,52468.40724238294,false,96.449472;96.70963;96.699585;96.833105,,NVIDIA H100 80GB HBM3,1.12.6
workspace_tuning__20260803T194905.205Z__pid9032,20260803T194905.205Z,workspace_tuning,baseline,dense__N32768__tf32,dense__N32768__tf32,dense_dense,32768,,,,,,,,,,,,,,,,,tf32,Float32,tf32,20260802,random,1,4,0,none,0,dense,dense,4294967296,4294967296,8589934592,0,8589934592,1.0,,,183.037347,179.971522,183.037347,179.971522,1.0,1.0,7.0368744177664e13,7.0368744177664e13,0.0,384450.1973559746,384450.1973559746,false,183.662632;182.412062;179.971522;211.105297,183.662632;182.412062;179.971522;211.105297,NVIDIA H100 80GB HBM3,1.12.6
workspace_tuning__20260803T194905.205Z__pid9032,20260803T194905.205Z,workspace_tuning,compressed,compressed_dense__N32768__q16__skewed__r64-128__tf32__q8__w1,dense__N32768__tf32,compressed_dense,32768,16,2048,16,skewed,b32_b16,64,128,84.40625,,87.625,,59,,9,,q8,tf32,Float32,tf32,20260802,random,1,4,1,one_or_more_tile_stripes,1,compressed_tlr,dense,367525888,4294967296,4662493184,183762944,8589934592,0.564178466796875,55.785487,55.785487,43.362916,41.644511,183.037347,179.971522,4.221057158609906,4.321614486000327,5.800353333248e12,6.021544148992e12,3.6733238231098433,138863.91194245333,384450.1973559746,false,41.644511;43.200578;43.525254;44.390628,,NVIDIA H100 80GB HBM3,1.12.6
workspace_tuning__20260803T194905.205Z__pid9032,20260803T194905.205Z,workspace_tuning,compressed,compressed_dense__N32768__q16__skewed__r64-128__tf32__q8__w2,dense__N32768__tf32,compressed_dense,32768,16,2048,16,skewed,b32_b16,64,128,84.40625,,87.625,,59,,9,,q8,tf32,Float32,tf32,20260802,random,1,4,1,one_or_more_tile_stripes,2,compressed_tlr,dense,367525888,4294967296,4662493184,367525888,8589934592,0.5855712890625,28.275921,28.275921,43.9494375,43.142982,183.037347,179.971522,4.164725589491333,4.171513271845696,5.800353333248e12,6.021544148992e12,3.6733238231098433,137010.72167287694,384450.1973559746,false,43.142982;43.505734;44.393141;44.398589,,NVIDIA H100 80GB HBM3,1.12.6
workspace_tuning__20260803T194905.205Z__pid9032,20260803T194905.205Z,workspace_tuning,compressed,compressed_dense__N32768__q16__skewed__r64-128__tf32__q8__w4,dense__N32768__tf32,compressed_dense,32768,16,2048,16,skewed,b32_b16,64,128,84.40625,,87.625,,59,,9,,q8,tf32,Float32,tf32,20260802,random,1,4,1,one_or_more_tile_stripes,4,compressed_tlr,dense,367525888,4294967296,4662493184,735051776,8589934592,0.62835693359375,14.039493,14.039493,44.1867675,43.658633,183.037347,179.971522,4.1423565776790525,4.122243635067547,5.800353333248e12,6.021544148992e12,3.6733238231098433,136274.82818226068,384450.1973559746,false,44.36557;44.107854;44.265681;43.658633,,NVIDIA H100 80GB HBM3,1.12.6
workspace_tuning__20260803T194905.205Z__pid9032,20260803T194905.205Z,workspace_tuning,compressed,compressed_dense__N32768__q16__skewed__r64-128__tf32__q8__w8,dense__N32768__tf32,compressed_dense,32768,16,2048,16,skewed,b32_b16,64,128,84.40625,,87.625,,59,,9,,q8,tf32,Float32,tf32,20260802,random,1,4,1,one_or_more_tile_stripes,8,compressed_tlr,dense,367525888,4294967296,4662493184,1470103552,8589934592,0.71392822265625,7.101499,7.101499,44.236868,43.985552,183.037347,179.971522,4.137665148445862,4.091605398063437,5.800353333248e12,6.021544148992e12,3.6733238231098433,136120.49001733123,384450.1973559746,false,43.985552;44.692198;44.39882;44.074916,,NVIDIA H100 80GB HBM3,1.12.6
workspace_tuning__20260803T194905.205Z__pid9032,20260803T194905.205Z,workspace_tuning,compressed,compressed_dense__N32768__q16__skewed__r64-128__tf32__q8__w16,dense__N32768__tf32,compressed_dense,32768,16,2048,16,skewed,b32_b16,64,128,84.40625,,87.625,,59,,9,,q8,tf32,Float32,tf32,20260802,random,1,4,1,one_or_more_tile_stripes,16,compressed_tlr,dense,367525888,4294967296,4662493184,2940207104,8589934592,0.88507080078125,3.57806,3.57806,45.066834,43.986343,183.037347,179.971522,4.061464512905433,4.0915318193194645,5.800353333248e12,6.021544148992e12,3.6733238231098433,133613.64920801847,384450.1973559746,false,43.986343;46.379943;45.787547;44.346121,,NVIDIA H100 80GB HBM3,1.12.6
workspace_tuning__20260803T194905.205Z__pid9032,20260803T194905.205Z,workspace_tuning,compressed,dense_compressed__N32768__q16__skewed__r64-128__tf32__q8__w1,dense__N32768__tf32,dense_compressed,32768,16,2048,16,skewed,b32_b16,64,128,,84.40625,,87.625,,59,,9,q8,tf32,Float32,tf32,20260802,random,1,4,1,one_or_more_tile_stripes,1,dense,compressed_tlr,4294967296,367525888,4662493184,183762944,8589934592,0.564178466796875,53.22684,53.22684,42.3025755,41.479044,183.037347,179.971522,4.326860595048167,4.338854145240184,5.800353333248e12,6.021544148992e12,3.6733238231098433,142344.62270487525,384450.1973559746,false,42.765448;41.881035;41.479044;42.724116,,NVIDIA H100 80GB HBM3,1.12.6
workspace_tuning__20260803T194905.205Z__pid9032,20260803T194905.205Z,workspace_tuning,compressed,dense_compressed__N32768__q16__skewed__r64-128__tf32__q8__w2,dense__N32768__tf32,dense_compressed,32768,16,2048,16,skewed,b32_b16,64,128,,84.40625,,87.625,,59,,9,q8,tf32,Float32,tf32,20260802,random,1,4,1,one_or_more_tile_stripes,2,dense,compressed_tlr,4294967296,367525888,4662493184,367525888,8589934592,0.5855712890625,26.645533,26.645533,43.678708,43.150413,183.037347,179.971522,4.190539404233294,4.170794889031537,5.800353333248e12,6.021544148992e12,3.6733238231098433,137859.94194223877,384450.1973559746,false,43.150413;43.641948;43.715468;43.79752,,NVIDIA H100 80GB HBM3,1.12.6
workspace_tuning__20260803T194905.205Z__pid9032,20260803T194905.205Z,workspace_tuning,compressed,dense_compressed__N32768__q16__skewed__r64-128__tf32__q8__w4,dense__N32768__tf32,dense_compressed,32768,16,2048,16,skewed,b32_b16,64,128,,84.40625,,87.625,,59,,9,q8,tf32,Float32,tf32,20260802,random,1,4,1,one_or_more_tile_stripes,4,dense,compressed_tlr,4294967296,367525888,4662493184,735051776,8589934592,0.62835693359375,13.274099,13.274099,43.407562,42.748552,183.037347,179.971522,4.216715672720804,4.2100027621988225,5.800353333248e12,6.021544148992e12,3.6733238231098433,138721.0861783023,384450.1973559746,false,42.748552;43.458173;44.147143;43.356951,,NVIDIA H100 80GB HBM3,1.12.6
workspace_tuning__20260803T194905.205Z__pid9032,20260803T194905.205Z,workspace_tuning,compressed,dense_compressed__N32768__q16__skewed__r64-128__tf32__q8__w8,dense__N32768__tf32,dense_compressed,32768,16,2048,16,skewed,b32_b16,64,128,,84.40625,,87.625,,59,,9,q8,tf32,Float32,tf32,20260802,random,1,4,1,one_or_more_tile_stripes,8,dense,compressed_tlr,4294967296,367525888,4662493184,1470103552,8589934592,0.71392822265625,6.728311,6.728311,44.4766665,44.223698,183.037347,179.971522,4.115356689332821,4.06957197473626,5.800353333248e12,6.021544148992e12,3.6733238231098433,135386.5885832968,384450.1973559746,false,44.600131;44.223698;44.539871;44.413462,,NVIDIA H100 80GB HBM3,1.12.6
workspace_tuning__20260803T194905.205Z__pid9032,20260803T194905.205Z,workspace_tuning,compressed,dense_compressed__N32768__q16__skewed__r64-128__tf32__q8__w16,dense__N32768__tf32,dense_compressed,32768,16,2048,16,skewed,b32_b16,64,128,,84.40625,,87.625,,59,,9,q8,tf32,Float32,tf32,20260802,random,1,4,1,one_or_more_tile_stripes,16,dense,compressed_tlr,4294967296,367525888,4662493184,2940207104,8589934592,0.88507080078125,3.387756,3.387756,44.812859,43.968126,183.037347,179.971522,4.08448269279137,4.093227034511319,5.800353333248e12,6.021544148992e12,3.6733238231098433,134370.8989643352,384450.1973559746,false,44.769524;44.919298;44.856194;43.968126,,NVIDIA H100 80GB HBM3,1.12.6
workspace_tuning__20260803T194905.205Z__pid9032,20260803T194905.205Z,workspace_tuning,compressed,compressed_compressed__N32768__q16__skewed__r64-128__tf32__q8__w1,dense__N32768__tf32,compressed_compressed,32768,16,2048,16,skewed,b32_b16,64,128,84.40625,84.5234375,87.625,88.03125,59,61,9,9,q8,tf32,Float32,tf32,20260802,random,1,4,1,tlr_tlr_runs,1,compressed_tlr,compressed_tlr,367525888,369229824,736755712,3066571008,8589934592,0.4427655041217804,43.77068,43.77068,18.6895065,18.36441,183.037347,179.971522,9.793589092360465,9.800016553758057,3.139554009088e12,3.269565349888e12,3.976410528220627,174941.23506621216,384450.1973559746,false,18.430439;18.36441;18.948574;20.235708,,NVIDIA H100 80GB HBM3,1.12.6
workspace_tuning__20260803T194905.205Z__pid9032,20260803T194905.205Z,workspace_tuning,compressed,compressed_compressed__N32768__q16__skewed__r64-128__tf32__q8__w2,dense__N32768__tf32,compressed_compressed,32768,16,2048,16,skewed,b32_b16,64,128,84.40625,84.5234375,87.625,88.03125,59,61,9,9,q8,tf32,Float32,tf32,20260802,random,1,4,1,tlr_tlr_runs,2,compressed_tlr,compressed_tlr,367525888,369229824,736755712,1540610560,8589934592,0.26512032747268677,126.718683,126.718683,19.7506135,19.50709,183.037347,179.971522,9.2674258954032,9.225954358133375,3.129085026304e12,3.265807253504e12,4.186475703772961,165352.19290803297,384450.1973559746,false,19.50709;19.801279;19.699948;20.613663,,NVIDIA H100 80GB HBM3,1.12.6
workspace_tuning__20260803T194905.205Z__pid9032,20260803T194905.205Z,workspace_tuning,compressed,compressed_compressed__N32768__q16__skewed__r64-128__tf32__q8__w4,dense__N32768__tf32,compressed_compressed,32768,16,2048,16,skewed,b32_b16,64,128,84.40625,84.5234375,87.625,88.03125,59,61,9,9,q8,tf32,Float32,tf32,20260802,random,1,4,1,tlr_tlr_runs,4,compressed_tlr,compressed_tlr,367525888,369229824,736755712,771249152,8589934592,0.17555487155914307,49.603703,49.603703,19.0230255,18.903246,183.037347,179.971522,9.62188412142958,9.520667614440399,3.103583657984e12,3.242184933376e12,4.274934287837746,170434.76777003743,384450.1973559746,false,18.903246;19.010537;19.035514;19.465117,,NVIDIA H100 80GB HBM3,1.12.6
workspace_tuning__20260803T194905.205Z__pid9032,20260803T194905.205Z,workspace_tuning,compressed,compressed_compressed__N32768__q16__skewed__r64-128__tf32__q8__w8,dense__N32768__tf32,compressed_compressed,32768,16,2048,16,skewed,b32_b16,64,128,84.40625,84.5234375,87.625,88.03125,59,61,9,9,q8,tf32,Float32,tf32,20260802,random,1,4,1,tlr_tlr_runs,8,compressed_tlr,compressed_tlr,367525888,369229824,736755712,386008576,8589934592,0.13070696592330933,132.127111,132.127111,19.620173,19.365427,183.037347,179.971522,9.329038383096826,9.293444549402397,3.083987869696e12,3.220710096896e12,4.245095742450331,164152.9917649554,384450.1973559746,false,19.365427;19.409573;19.830773;20.04256,,NVIDIA H100 80GB HBM3,1.12.6
workspace_tuning__20260803T194905.205Z__pid9032,20260803T194905.205Z,workspace_tuning,compressed,compressed_compressed__N32768__q16__skewed__r64-128__tf32__q8__w16,dense__N32768__tf32,compressed_compressed,32768,16,2048,16,skewed,b32_b16,64,128,84.40625,84.5234375,87.625,88.03125,59,61,9,9,q8,tf32,Float32,tf32,20260802,random,1,4,1,tlr_tlr_runs,16,compressed_tlr,compressed_tlr,367525888,369229824,736755712,193272832,8589934592,0.1082695722579956,65.407013,65.407013,19.993806999999997,19.665696,183.037347,179.971522,9.154702103506352,9.151546022068072,3.063133790208e12,3.197020667904e12,4.187864002261131,159900.54659945454,384450.1973559746,false,19.665696;19.712386;20.275949;20.275228,,NVIDIA H100 80GB HBM3,1.12.6
workspace_tuning__20260803T194905.205Z__pid9032,20260803T194905.205Z,workspace_tuning,compressed,compressed_compressed__N32768__q16__skewed__r64-128__tf32__q8__w32,dense__N32768__tf32,compressed_compressed,32768,16,2048,16,skewed,b32_b16,64,128,84.40625,84.5234375,87.625,88.03125,59,61,9,9,q8,tf32,Float32,tf32,20260802,random,1,4,1,tlr_tlr_runs,32,compressed_tlr,compressed_tlr,367525888,369229824,736755712,99557888,8589934592,0.09735971689224243,69.019996,69.019996,21.044518,20.583108,183.037347,179.971522,8.697626004073841,8.743651444670066,3.055516934144e12,3.188028080128e12,4.1565238025971105,151489.71718563477,384450.1973559746,false,21.224217;21.047172;20.583108;21.041864,,NVIDIA H100 80GB HBM3,1.12.6
workspace_tuning__20260803T194905.205Z__pid9032,20260803T194905.205Z,workspace_tuning,compressed,compressed_compressed__N32768__q16__skewed__r64-128__tf32__q8__w64,dense__N32768__tf32,compressed_compressed,32768,16,2048,16,skewed,b32_b16,64,128,84.40625,84.5234375,87.625,88.03125,59,61,9,9,q8,tf32,Float32,tf32,20260802,random,1,4,1,tlr_tlr_runs,64,compressed_tlr,compressed_tlr,367525888,369229824,736755712,50585600,8589934592,0.0916585922241211,94.198947,94.198947,22.153551,22.014539,183.037347,179.971522,8.262212545519226,8.175121087023443,3.054325751808e12,3.185947705344e12,4.131328123032962,143812.05547336407,384450.1973559746,false,22.274847;22.279084;22.032255;22.014539,,NVIDIA H100 80GB HBM3,1.12.6
workspace_tuning__20260803T194905.205Z__pid9032,20260803T194905.205Z,workspace_tuning,compressed,compressed_dense__N32768__q8__skewed__r128-256__tf32__q8__w1,dense__N32768__tf32,compressed_dense,32768,8,4096,8,skewed,b32_b16,128,256,170.84375,,174.25,,43,,17,,q8,tf32,Float32,tf32,20260802,random,1,4,1,one_or_more_tile_stripes,1,compressed_tlr,dense,365428736,4294967296,4660396032,182714368,8589934592,0.563812255859375,8.644727,8.644727,41.5309665,41.045436,183.037347,179.971522,4.407249877028506,4.38469022475483,5.870146551808e12,5.987184410624e12,1.95480631276901,144161.9330150672,384450.1973559746,false,41.045436;41.213156;41.952402;41.848777,,NVIDIA H100 80GB HBM3,1.12.6
workspace_tuning__20260803T194905.205Z__pid9032,20260803T194905.205Z,workspace_tuning,compressed,compressed_dense__N32768__q8__skewed__r128-256__tf32__q8__w2,dense__N32768__tf32,compressed_dense,32768,8,4096,8,skewed,b32_b16,128,256,170.84375,,174.25,,43,,17,,q8,tf32,Float32,tf32,20260802,random,1,4,1,one_or_more_tile_stripes,2,compressed_tlr,dense,365428736,4294967296,4660396032,365428736,8589934592,0.5850830078125,4.50132,4.50132,41.4205915,40.969712,183.037347,179.971522,4.418994040681433,4.392794413590215,5.870146551808e12,5.987184410624e12,1.95480631276901,144546.08671206445,384450.1973559746,false,40.969712;42.224609;41.509109;41.332074,,NVIDIA H100 80GB HBM3,1.12.6
workspace_tuning__20260803T194905.205Z__pid9032,20260803T194905.205Z,workspace_tuning,compressed,compressed_dense__N32768__q8__skewed__r128-256__tf32__q8__w4,dense__N32768__tf32,compressed_dense,32768,8,4096,8,skewed,b32_b16,128,256,170.84375,,174.25,,43,,17,,q8,tf32,Float32,tf32,20260802,random,1,4,1,one_or_more_tile_stripes,4,compressed_tlr,dense,365428736,4294967296,4660396032,730857472,8589934592,0.62762451171875,2.0725,2.0725,42.930284,42.41248,183.037347,179.971522,4.26359506496626,4.2433623782433845,5.870146551808e12,5.987184410624e12,1.95480631276901,139462.9583774475,384450.1973559746,false,42.41248;43.290893;43.382139;42.569675,,NVIDIA H100 80GB HBM3,1.12.6
workspace_tuning__20260803T194905.205Z__pid9032,20260803T194905.205Z,workspace_tuning,compressed,compressed_dense__N32768__q8__skewed__r128-256__tf32__q8__w8,dense__N32768__tf32,compressed_dense,32768,8,4096,8,skewed,b32_b16,128,256,170.84375,,174.25,,43,,17,,q8,tf32,Float32,tf32,20260802,random,1,4,1,one_or_more_tile_stripes,8,compressed_tlr,dense,365428736,4294967296,4660396032,1461714944,8589934592,0.71270751953125,1.256709,1.256709,44.0734085,43.714097,183.037347,179.971522,4.153010924943552,4.117013374427018,5.870146551808e12,5.987184410624e12,1.95480631276901,135845.73134669173,384450.1973559746,false,44.215977;44.414974;43.93084;43.714097,,NVIDIA H100 80GB HBM3,1.12.6
workspace_tuning__20260803T194905.205Z__pid9032,20260803T194905.205Z,workspace_tuning,compressed,dense_compressed__N32768__q8__skewed__r128-256__tf32__q8__w1,dense__N32768__tf32,dense_compressed,32768,8,4096,8,skewed,b32_b16,128,256,,170.84375,,174.25,,43,,17,q8,tf32,Float32,tf32,20260802,random,1,4,1,one_or_more_tile_stripes,1,dense,compressed_tlr,4294967296,365428736,4660396032,182714368,8589934592,0.563812255859375,8.459029,8.459029,40.337036499999996,39.14887,183.037347,179.971522,4.537699416763054,4.597106429891846,5.870146551808e12,5.987184410624e12,1.95480631276901,148428.96082918733,384450.1973559746,false,39.14887;40.753088;40.650455;40.023618,,NVIDIA H100 80GB HBM3,1.12.6
workspace_tuning__20260803T194905.205Z__pid9032,20260803T194905.205Z,workspace_tuning,compressed,dense_compressed__N32768__q8__skewed__r128-256__tf32__q8__w2,dense__N32768__tf32,dense_compressed,32768,8,4096,8,skewed,b32_b16,128,256,,170.84375,,174.25,,43,,17,q8,tf32,Float32,tf32,20260802,random,1,4,1,one_or_more_tile_stripes,2,dense,compressed_tlr,4294967296,365428736,4660396032,365428736,8589934592,0.5850830078125,4.674801,4.674801,41.110032000000004,41.037854,183.037347,179.971522,4.4523766607625115,4.3855003236767685,5.870146551808e12,5.987184410624e12,1.95480631276901,145638.0381952512,384450.1973559746,false,41.05531;41.346276;41.164754;41.037854,,NVIDIA H100 80GB HBM3,1.12.6
workspace_tuning__20260803T194905.205Z__pid9032,20260803T194905.205Z,workspace_tuning,compressed,dense_compressed__N32768__q8__skewed__r128-256__tf32__q8__w4,dense__N32768__tf32,dense_compressed,32768,8,4096,8,skewed,b32_b16,128,256,,170.84375,,174.25,,43,,17,q8,tf32,Float32,tf32,20260802,random,1,4,1,one_or_more_tile_stripes,4,dense,compressed_tlr,4294967296,365428736,4660396032,730857472,8589934592,0.62762451171875,2.34735,2.34735,42.373031,41.57622,183.037347,179.971522,4.3196661338670825,4.328712951778685,5.870146551808e12,5.987184410624e12,1.95480631276901,141297.05308605373,384450.1973559746,false,42.367012;43.016223;41.57622;42.37905,,NVIDIA H100 80GB HBM3,1.12.6
workspace_tuning__20260803T194905.205Z__pid9032,20260803T194905.205Z,workspace_tuning,compressed,dense_compressed__N32768__q8__skewed__r128-256__tf32__q8__w8,dense__N32768__tf32,dense_compressed,32768,8,4096,8,skewed,b32_b16,128,256,,170.84375,,174.25,,43,,17,q8,tf32,Float32,tf32,20260802,random,1,4,1,one_or_more_tile_stripes,8,dense,compressed_tlr,4294967296,365428736,4660396032,1461714944,8589934592,0.71270751953125,1.142358,1.142358,42.7458585,41.907234,183.037347,179.971522,4.2819901956115825,4.29452160932406,5.870146551808e12,5.987184410624e12,1.95480631276901,140064.6663962545,384450.1973559746,false,43.548628;42.875662;42.616055;41.907234,,NVIDIA H100 80GB HBM3,1.12.6
workspace_tuning__20260803T194905.205Z__pid9032,20260803T194905.205Z,workspace_tuning,compressed,compressed_compressed__N32768__q8__skewed__r128-256__tf32__q8__w1,dense__N32768__tf32,compressed_compressed,32768,8,4096,8,skewed,b32_b16,128,256,170.84375,172.03125,174.25,175.875,43,44,17,15,q8,tf32,Float32,tf32,20260802,random,1,4,1,tlr_tlr_runs,1,compressed_tlr,compressed_tlr,365428736,368836608,734265344,1524539136,8589934592,0.26295945048332214,6.327692,6.327692,18.759431,17.76246,183.037347,179.971522,9.757084156763604,10.132128207466758,3.181814546432e12,3.250920095744e12,2.125722788525955,173295.2399112745,384450.1973559746,false,17.76246;18.567084;18.951778;19.278978,,NVIDIA H100 80GB HBM3,1.12.6
workspace_tuning__20260803T194905.205Z__pid9032,20260803T194905.205Z,workspace_tuning,compressed,compressed_compressed__N32768__q8__skewed__r128-256__tf32__q8__w2,dense__N32768__tf32,compressed_compressed,32768,8,4096,8,skewed,b32_b16,128,256,170.84375,172.03125,174.25,175.875,43,44,17,15,q8,tf32,Float32,tf32,20260802,random,1,4,1,tlr_tlr_runs,2,compressed_tlr,compressed_tlr,365428736,368836608,734265344,770680064,8589934592,0.17519870400428772,7.312755,7.312755,18.604915,18.033556,183.037347,179.971522,9.838117884440752,9.97981329916296,3.114974117888e12,3.189716811776e12,2.3432391744640197,171444.8473307188,384450.1973559746,false,18.033556;18.438291;18.813472;18.771539,,NVIDIA H100 80GB HBM3,1.12.6
workspace_tuning__20260803T194905.205Z__pid9032,20260803T194905.205Z,workspace_tuning,compressed,compressed_compressed__N32768__q8__skewed__r128-256__tf32__q8__w4,dense__N32768__tf32,compressed_compressed,32768,8,4096,8,skewed,b32_b16,128,256,170.84375,172.03125,174.25,175.875,43,44,17,15,q8,tf32,Float32,tf32,20260802,random,1,4,1,tlr_tlr_runs,4,compressed_tlr,compressed_tlr,365428736,368836608,734265344,387172352,8589934592,0.1305525302886963,8.352449,8.352449,17.429222,17.379137,183.037347,179.971522,10.501750852677189,10.355607531029877,3.061958115328e12,3.132271624192e12,2.2448087937500647,179713.7946944505,384450.1973559746,false,17.379137;17.467219;17.42111;17.437334,,NVIDIA H100 80GB HBM3,1.12.6
workspace_tuning__20260803T194905.205Z__pid9032,20260803T194905.205Z,workspace_tuning,compressed,compressed_compressed__N32768__q8__skewed__r128-256__tf32__q8__w8,dense__N32768__tf32,compressed_compressed,32768,8,4096,8,skewed,b32_b16,128,256,170.84375,172.03125,174.25,175.875,43,44,17,15,q8,tf32,Float32,tf32,20260802,random,1,4,1,tlr_tlr_runs,8,compressed_tlr,compressed_tlr,365428736,368836608,734265344,193800704,8589934592,0.10804110765457153,10.343087,10.343087,17.92951,17.914638,183.037347,179.971522,10.208719981750756,10.046059652447344,3.061219917824e12,3.129855705088e12,2.192937749571756,174564.48642980205,384450.1973559746,false,17.919986;17.939034;17.914638;18.218742,,NVIDIA H100 80GB HBM3,1.12.6
workspace_tuning__20260803T194905.205Z__pid9032,20260803T194905.205Z,workspace_tuning,compressed,compressed_compressed__N32768__q8__skewed__r128-256__tf32__q8__w16,dense__N32768__tf32,compressed_compressed,32768,8,4096,8,skewed,b32_b16,128,256,170.84375,172.03125,174.25,175.875,43,44,17,15,q8,tf32,Float32,tf32,20260802,random,1,4,1,tlr_tlr_runs,16,compressed_tlr,compressed_tlr,365428736,368836608,734265344,102728960,8589934592,0.09743896126747131,19.377265,19.377265,19.091042,18.748685,183.037347,179.971522,9.587603809158242,9.599154394028169,3.041087258624e12,3.111333658624e12,2.2577584954699703,162973.48560775258,384450.1973559746,false,19.113951;19.074282;19.107802;18.748685,,NVIDIA H100 80GB HBM3,1.12.6
workspace_tuning__20260803T194905.205Z__pid9032,20260803T194905.205Z,workspace_tuning,compressed,compressed_compressed__N32768__q8__skewed__r128-256__tf32__q8__w32,dense__N32768__tf32,compressed_compressed,32768,8,4096,8,skewed,b32_b16,128,256,170.84375,172.03125,174.25,175.875,43,44,17,15,q8,tf32,Float32,tf32,20260802,random,1,4,1,tlr_tlr_runs,32,compressed_tlr,compressed_tlr,365428736,368836608,734265344,53718272,8589934592,0.09173336625099182,25.516085,25.516085,20.398327000000002,20.326324,183.037347,179.971522,8.973154857258637,8.854110659654937,3.040147734528e12,3.1102599168e12,2.2542226099269262,152476.22595715814,384450.1973559746,false,20.392363;20.404291;20.410611;20.326324,,NVIDIA H100 80GB HBM3,1.12.6
workspace_tuning__20260803T194905.205Z__pid9032,20260803T194905.205Z,workspace_tuning,compressed,compressed_compressed__N32768__q8__skewed__r128-256__tf32__q8__w64,dense__N32768__tf32,compressed_compressed,32768,8,4096,8,skewed,b32_b16,128,256,170.84375,172.03125,174.25,175.875,43,44,17,15,q8,tf32,Float32,tf32,20260802,random,1,4,1,tlr_tlr_runs,64,compressed_tlr,compressed_tlr,365428736,368836608,734265344,27549952,8589934592,0.0886869728565216,43.009172,43.009172,23.653529499999998,23.642743,183.037347,179.971522,7.738267855543505,7.612125293583744,3.020015075328e12,3.0901272576e12,2.2689092204718397,130641.27523125039,384450.1973559746,false,24.085495;23.65393;23.642743;23.653129,,NVIDIA H100 80GB HBM3,1.12.6
workspace_tuning__20260803T194905.205Z__pid9032,20260803T194905.205Z,workspace_tuning,baseline,dense__N65536__bf16,dense__N65536__bf16,dense_dense,65536,,,,,,,,,,,,,,,,,bf16,Core.BFloat16,fp32_accumulate,20260802,random,1,4,0,none,0,dense,dense,8589934592,8589934592,17179869184,0,17179869184,1.0,,,769.298363,754.858557,769.298363,754.858557,1.0,1.0,5.62949953421312e14,5.62949953421312e14,0.0,731770.6373714355,731770.6373714355,false,898.850789;766.298011;772.298715;754.858557,898.850789;766.298011;772.298715;754.858557,NVIDIA H100 80GB HBM3,1.12.6
workspace_tuning__20260803T194905.205Z__pid9032,20260803T194905.205Z,workspace_tuning,compressed,compressed_dense__N65536__q16__skewed__r128-256__bf16__q8__w1,dense__N65536__bf16,compressed_dense,65536,16,4096,16,skewed,b32_b16,128,256,168.8984375,,172.3125,,94,,17,,q8,bf16,Core.BFloat16,fp32_accumulate,20260802,random,1,4,1,one_or_more_tile_stripes,1,compressed_tlr,dense,722731008,8589934592,9312665600,361365504,17179869184,0.5631027221679688,56.284252,56.284252,193.797727,193.119674,769.298363,754.858557,3.9695943544270773,3.908760518102366,4.6426448986112e13,4.7364899340288e13,1.9813202756619515,244403.79189941686,731770.6373714355,false,193.220624;193.119674;194.37483;225.645931,,NVIDIA H100 80GB HBM3,1.12.6
workspace_tuning__20260803T194905.205Z__pid9032,20260803T194905.205Z,workspace_tuning,compressed,compressed_dense__N65536__q16__skewed__r128-256__bf16__q8__w2,dense__N65536__bf16,compressed_dense,65536,16,4096,16,skewed,b32_b16,128,256,168.8984375,,172.3125,,94,,17,,q8,bf16,Core.BFloat16,fp32_accumulate,20260802,random,1,4,1,one_or_more_tile_stripes,2,compressed_tlr,dense,722731008,8589934592,9312665600,722731008,17179869184,0.584136962890625,28.140368,28.140368,195.8473275,194.847927,769.298363,754.858557,3.928051369503625,3.8740907774707813,4.6426448986112e13,4.7364899340288e13,1.9813202756619515,241846.03356554866,731770.6373714355,false,194.852525;194.847927;196.84213;225.413233,,NVIDIA H100 80GB HBM3,1.12.6
workspace_tuning__20260803T194905.205Z__pid9032,20260803T194905.205Z,workspace_tuning,compressed,compressed_dense__N65536__q16__skewed__r128-256__bf16__q8__w4,dense__N65536__bf16,compressed_dense,65536,16,4096,16,skewed,b32_b16,128,256,168.8984375,,172.3125,,94,,17,,q8,bf16,Core.BFloat16,fp32_accumulate,20260802,random,1,4,1,one_or_more_tile_stripes,4,compressed_tlr,dense,722731008,8589934592,9312665600,1445462016,17179869184,0.6262054443359375,13.935027,13.935027,198.87487950000002,196.997723,769.298363,754.858557,3.8682530691363657,3.831813614414213,4.6426448986112e13,4.7364899340288e13,1.9813202756619515,238164.31446430113,731770.6373714355,false,196.997723;199.093837;198.655922;228.619086,,NVIDIA H100 80GB HBM3,1.12.6
workspace_tuning__20260803T194905.205Z__pid9032,20260803T194905.205Z,workspace_tuning,compressed,compressed_dense__N65536__q16__skewed__r128-256__bf16__q8__w8,dense__N65536__bf16,compressed_dense,65536,16,4096,16,skewed,b32_b16,128,256,168.8984375,,172.3125,,94,,17,,q8,bf16,Core.BFloat16,fp32_accumulate,20260802,random,1,4,1,one_or_more_tile_stripes,8,compressed_tlr,dense,722731008,8589934592,9312665600,2890924032,17179869184,0.7103424072265625,6.893057,6.893057,203.8165995,200.247001,769.298363,754.858557,3.7744637330189588,3.7696372641306124,4.6426448986112e13,4.7364899340288e13,1.9813202756619515,232389.8026779119,731770.6373714355,false,200.247001;201.122331;206.510868;227.764127,,NVIDIA H100 80GB HBM3,1.12.6
workspace_tuning__20260803T194905.205Z__pid9032,20260803T194905.205Z,workspace_tuning,compressed,compressed_dense__N65536__q16__skewed__r128-256__bf16__q8__w16,dense__N65536__bf16,compressed_dense,65536,16,4096,16,skewed,b32_b16,128,256,168.8984375,,172.3125,,94,,17,,q8,bf16,Core.BFloat16,fp32_accumulate,20260802,random,1,4,1,one_or_more_tile_stripes,16,compressed_tlr,dense,722731008,8589934592,9312665600,5781848064,17179869184,0.8786163330078125,3.493083,3.493083,204.640426,202.837535,769.298363,754.858557,3.759268772241512,3.721493445480887,4.6426448986112e13,4.7364899340288e13,1.9813202756619515,231454.26476139177,731770.6373714355,false,202.837535;204.447242;204.83361;227.957016,,NVIDIA H100 80GB HBM3,1.12.6
workspace_tuning__20260803T194905.205Z__pid9032,20260803T194905.205Z,workspace_tuning,compressed,dense_compressed__N65536__q16__skewed__r128-256__bf16__q8__w1,dense__N65536__bf16,dense_compressed,65536,16,4096,16,skewed,b32_b16,128,256,,168.8984375,,172.3125,,94,,17,q8,bf16,Core.BFloat16,fp32_accumulate,20260802,random,1,4,1,one_or_more_tile_stripes,1,dense,compressed_tlr,8589934592,722731008,9312665600,361365504,17179869184,0.5631027221679688,54.271803,54.271803,182.542092,176.200434,769.298363,754.858557,4.214361490937663,4.284090225339627,4.6426448986112e13,4.7364899340288e13,1.9813202756619515,259473.84968223108,731770.6373714355,false,176.200434;182.836246;182.247938;203.250262,,NVIDIA H100 80GB HBM3,1.12.6
workspace_tuning__20260803T194905.205Z__pid9032,20260803T194905.205Z,workspace_tuning,compressed,dense_compressed__N65536__q16__skewed__r128-256__bf16__q8__w2,dense__N65536__bf16,dense_compressed,65536,16,4096,16,skewed,b32_b16,128,256,,168.8984375,,172.3125,,94,,17,q8,bf16,Core.BFloat16,fp32_accumulate,20260802,random,1,4,1,one_or_more_tile_stripes,2,dense,compressed_tlr,8589934592,722731008,9312665600,722731008,17179869184,0.584136962890625,27.203377,27.203377,207.2043295,202.257688,769.298363,754.858557,3.712752358294714,3.732162492631677,4.6426448986112e13,4.7364899340288e13,1.9813202756619515,228590.2975800899,731770.6373714355,false,202.257688;207.342141;207.066518;223.82037,,NVIDIA H100 80GB HBM3,1.12.6
workspace_tuning__20260803T194905.205Z__pid9032,20260803T194905.205Z,workspace_tuning,compressed,dense_compressed__N65536__q16__skewed__r128-256__bf16__q8__w4,dense__N65536__bf16,dense_compressed,65536,16,4096,16,skewed,b32_b16,128,256,,168.8984375,,172.3125,,94,,17,q8,bf16,Core.BFloat16,fp32_accumulate,20260802,random,1,4,1,one_or_more_tile_stripes,4,dense,compressed_tlr,8589934592,722731008,9312665600,1445462016,17179869184,0.6262054443359375,13.673277,13.673277,203.0180545,198.897893,769.298363,754.858557,3.789310093108,3.7952064027143817,4.6426448986112e13,4.7364899340288e13,1.9813202756619515,233303.8776129539,731770.6373714355,false,203.892483;198.897893;202.143626;243.819184,,NVIDIA H100 80GB HBM3,1.12.6
workspace_tuning__20260803T194905.205Z__pid9032,20260803T194905.205Z,workspace_tuning,compressed,dense_compressed__N65536__q16__skewed__r128-256__bf16__q8__w8,dense__N65536__bf16,dense_compressed,65536,16,4096,16,skewed,b32_b16,128,256,,168.8984375,,172.3125,,94,,17,q8,bf16,Core.BFloat16,fp32_accumulate,20260802,random,1,4,1,one_or_more_tile_stripes,8,dense,compressed_tlr,8589934592,722731008,9312665600,2890924032,17179869184,0.7103424072265625,7.962154,7.962154,240.3827965,230.284922,769.298363,754.858557,3.200305405382868,3.277933051126986,4.6426448986112e13,4.7364899340288e13,1.9813202756619515,197039.4721665866,731770.6373714355,false,238.833794;230.284922;244.900582;241.931799,,NVIDIA H100 80GB HBM3,1.12.6
workspace_tuning__20260803T194905.205Z__pid9032,20260803T194905.205Z,workspace_tuning,compressed,dense_compressed__N65536__q16__skewed__r128-256__bf16__q8__w16,dense__N65536__bf16,dense_compressed,65536,16,4096,16,skewed,b32_b16,128,256,,168.8984375,,172.3125,,94,,17,q8,bf16,Core.BFloat16,fp32_accumulate,20260802,random,1,4,1,one_or_more_tile_stripes,16,dense,compressed_tlr,8589934592,722731008,9312665600,5781848064,17179869184,0.8786163330078125,17.533355,17.533355,258.2416375,256.192857,769.298363,754.858557,2.978986543175091,2.9464465396863115,4.6426448986112e13,4.7364899340288e13,1.9813202756619515,183413.1002220275,731770.6373714355,false,258.256004;258.227271;259.136071;256.192857,,NVIDIA H100 80GB HBM3,1.12.6
workspace_tuning__20260803T194905.205Z__pid9032,20260803T194905.205Z,workspace_tuning,compressed,compressed_compressed__N65536__q16__skewed__r128-256__bf16__q8__w1,dense__N65536__bf16,compressed_compressed,65536,16,4096,16,skewed,b32_b16,128,256,168.8984375,169.11328125,172.3125,172.625,94,97,17,17,q8,bf16,Core.BFloat16,fp32_accumulate,20260802,random,1,4,1,tlr_tlr_runs,1,compressed_tlr,compressed_tlr,722731008,724041728,1446772736,6025480704,17179869184,0.4349423944950104,44.077933,44.077933,97.323223,96.902503,769.298363,754.858557,7.904571378611249,7.789876769230616,2.512995385344e13,2.5678288257024e13,2.135400919623252,263845.43653084734,731770.6373714355,false,97.48822;97.158226;97.538785;96.902503,,NVIDIA H100 80GB HBM3,1.12.6
workspace_tuning__20260803T194905.205Z__pid9032,20260803T194905.205Z,workspace_tuning,compressed,compressed_compressed__N65536__q16__skewed__r128-256__bf16__q8__w2,dense__N65536__bf16,compressed_compressed,65536,16,4096,16,skewed,b32_b16,128,256,168.8984375,169.11328125,172.3125,172.625,94,97,17,17,q8,bf16,Core.BFloat16,fp32_accumulate,20260802,random,1,4,1,tlr_tlr_runs,2,compressed_tlr,compressed_tlr,722731008,724041728,1446772736,3019102464,17179869184,0.25994814932346344,45.322755,45.322755,100.6574565,100.049452,769.298363,754.858557,7.642735965616219,7.544854488558318,2.5044859813888e13,2.5600978845696e13,2.1722569092372574,254337.62918195734,731770.6373714355,false,100.833325;102.715401;100.049452;100.481588,,NVIDIA H100 80GB HBM3,1.12.6
workspace_tuning__20260803T194905.205Z__pid9032,20260803T194905.205Z,workspace_tuning,compressed,compressed_compressed__N65536__q16__skewed__r128-256__bf16__q8__w4,dense__N65536__bf16,compressed_compressed,65536,16,4096,16,skewed,b32_b16,128,256,168.8984375,169.11328125,172.3125,172.625,94,97,17,17,q8,bf16,Core.BFloat16,fp32_accumulate,20260802,random,1,4,1,tlr_tlr_runs,4,compressed_tlr,compressed_tlr,722731008,724041728,1446772736,1511555456,17179869184,0.1721973642706871,48.445628,48.445628,92.088385,91.056105,769.298363,754.858557,8.353913069492966,8.290037850839326,2.4842459480064e13,2.5394820415488e13,2.1750928984208198,275765.7267579185,731770.6373714355,false,92.619204;92.212596;91.056105;91.964174,,NVIDIA H100 80GB HBM3,1.12.6
workspace_tuning__20260803T194905.205Z__pid9032,20260803T194905.205Z,workspace_tuning,compressed,compressed_compressed__N65536__q16__skewed__r128-256__bf16__q8__w8,dense__N65536__bf16,compressed_compressed,65536,16,4096,16,skewed,b32_b16,128,256,168.8984375,169.11328125,172.3125,172.625,94,97,17,17,q8,bf16,Core.BFloat16,fp32_accumulate,20260802,random,1,4,1,tlr_tlr_runs,8,compressed_tlr,compressed_tlr,722731008,724041728,1446772736,756504448,17179869184,0.12824761122465134,53.504178,53.504178,88.48011600000001,88.197127,769.298363,754.858557,8.69459035293308,8.558765831453899,2.4685156302848e13,2.5240201592832e13,2.1990525231843954,285264.11055826367,731770.6373714355,false,89.405195;88.197127;88.475774;88.484458,,NVIDIA H100 80GB HBM3,1.12.6
workspace_tuning__20260803T194905.205Z__pid9032,20260803T194905.205Z,workspace_tuning,compressed,compressed_compressed__N65536__q16__skewed__r128-256__bf16__q8__w16,dense__N65536__bf16,compressed_compressed,65536,16,4096,16,skewed,b32_b16,128,256,168.8984375,169.11328125,172.3125,172.625,94,97,17,17,q8,bf16,Core.BFloat16,fp32_accumulate,20260802,random,1,4,1,tlr_tlr_runs,16,compressed_tlr,compressed_tlr,722731008,724041728,1446772736,378728832,17179869184,0.10625817626714706,59.663152,59.663152,86.446588,85.413382,769.298363,754.858557,8.899117718793018,8.837708323035377,2.4519363854336e13,2.5067329159168e13,2.185974027598349,289974.76637444616,731770.6373714355,false,85.413382;87.475768;85.601594;87.291582,,NVIDIA H100 80GB HBM3,1.12.6
workspace_tuning__20260803T194905.205Z__pid9032,20260803T194905.205Z,workspace_tuning,compressed,compressed_compressed__N65536__q16__skewed__r128-256__bf16__q8__w32,dense__N65536__bf16,compressed_compressed,65536,16,4096,16,skewed,b32_b16,128,256,168.8984375,169.11328125,172.3125,172.625,94,97,17,17,q8,bf16,Core.BFloat16,fp32_accumulate,20260802,random,1,4,1,tlr_tlr_runs,32,compressed_tlr,compressed_tlr,722731008,724041728,1446772736,195132032,17179869184,0.09557143598794937,70.372407,70.372407,85.7451385,84.936419,769.298363,754.858557,8.971918133877644,8.887336738319519,2.4456919056384e13,2.500344152064e13,2.1857889595112465,291601.8558957719,731770.6373714355,false,84.936419;85.883526;86.793016;85.606751,,NVIDIA H100 80GB HBM3,1.12.6
workspace_tuning__20260803T194905.205Z__pid9032,20260803T194905.205Z,workspace_tuning,compressed,compressed_compressed__N65536__q16__skewed__r128-256__bf16__q8__w64,dense__N65536__bf16,compressed_compressed,65536,16,4096,16,skewed,b32_b16,128,256,168.8984375,169.11328125,172.3125,172.625,94,97,17,17,q8,bf16,Core.BFloat16,fp32_accumulate,20260802,random,1,4,1,tlr_tlr_runs,64,compressed_tlr,compressed_tlr,722731008,724041728,1446772736,98672768,17179869184,0.08995676785707474,92.953904,92.953904,86.4599075,85.4593,769.298363,754.858557,8.89774677355513,8.832959748090612,2.4443899936768e13,2.4988409135104e13,2.1790470749539126,289017.3012861944,731770.6373714355,false,85.4593;86.690673;86.326919;86.592896,,NVIDIA H100 80GB HBM3,1.12.6
workspace_tuning__20260803T194905.205Z__pid9032,20260803T194905.205Z,workspace_tuning,compressed,compressed_dense__N65536__q8__skewed__r256-512__bf16__q8__w1,dense__N65536__bf16,compressed_dense,65536,8,8192,8,skewed,b32_b16,256,512,341.84375,,345.625,,48,,28,,q8,bf16,Core.BFloat16,fp32_accumulate,20260802,random,1,4,1,one_or_more_tile_stripes,1,compressed_tlr,dense,724828160,8589934592,9314762752,362414080,17179869184,0.5632858276367188,8.983743,8.983743,181.2551665,179.770174,769.298363,754.858557,4.244283778801969,4.199020005398671,4.6982647250944e13,4.750233829376e13,1.0940325497287522,262074.3960628565,731770.6373714355,false,179.770174;180.588459;181.921874;214.438047,,NVIDIA H100 80GB HBM3,1.12.6
workspace_tuning__20260803T194905.205Z__pid9032,20260803T194905.205Z,workspace_tuning,compressed,compressed_dense__N65536__q8__skewed__r256-512__bf16__q8__w2,dense__N65536__bf16,compressed_dense,65536,8,8192,8,skewed,b32_b16,256,512,341.84375,,345.625,,48,,28,,q8,bf16,Core.BFloat16,fp32_accumulate,20260802,random,1,4,1,one_or_more_tile_stripes,2,compressed_tlr,dense,724828160,8589934592,9314762752,724828160,17179869184,0.584381103515625,4.493423,4.493423,182.623699,181.227705,769.298363,754.858557,4.212478266580287,4.165249220586886,4.6982647250944e13,4.750233829376e13,1.0940325497287522,260110.4815742452,731770.6373714355,false,183.028119;181.227705;182.219279;214.143786,,NVIDIA H100 80GB HBM3,1.12.6
workspace_tuning__20260803T194905.205Z__pid9032,20260803T194905.205Z,workspace_tuning,compressed,compressed_dense__N65536__q8__skewed__r256-512__bf16__q8__w4,dense__N65536__bf16,compressed_dense,65536,8,8192,8,skewed,b32_b16,256,512,341.84375,,345.625,,48,,28,,q8,bf16,Core.BFloat16,fp32_accumulate,20260802,random,1,4,1,one_or_more_tile_stripes,4,compressed_tlr,dense,724828160,8589934592,9314762752,1449656320,17179869184,0.6265716552734375,2.134163,2.134163,186.92028249999998,186.42387,769.298363,754.858557,4.115649477471767,4.049151844128115,4.6982647250944e13,4.750233829376e13,1.0940325497287522,254131.53488979992,731770.6373714355,false,187.268273;186.572292;186.42387;220.924321,,NVIDIA H100 80GB HBM3,1.12.6
workspace_tuning__20260803T194905.205Z__pid9032,20260803T194905.205Z,workspace_tuning,compressed,compressed_dense__N65536__q8__skewed__r256-512__bf16__q8__w8,dense__N65536__bf16,compressed_dense,65536,8,8192,8,skewed,b32_b16,256,512,341.84375,,345.625,,48,,28,,q8,bf16,Core.BFloat16,fp32_accumulate,20260802,random,1,4,1,one_or_more_tile_stripes,8,compressed_tlr,dense,724828160,8589934592,9314762752,2899312640,17179869184,0.7109527587890625,1.038804,1.038804,193.5439775,189.969375,769.298363,754.858557,3.9747987663423934,3.973580252080105,4.6982647250944e13,4.750233829376e13,1.0940325497287522,245434.3395611987,731770.6373714355,false,191.993713;189.969375;195.094242;225.866836,,NVIDIA H100 80GB HBM3,1.12.6
workspace_tuning__20260803T194905.205Z__pid9032,20260803T194905.205Z,workspace_tuning,compressed,dense_compressed__N65536__q8__skewed__r256-512__bf16__q8__w1,dense__N65536__bf16,dense_compressed,65536,8,8192,8,skewed,b32_b16,256,512,,341.84375,,345.625,,48,,28,q8,bf16,Core.BFloat16,fp32_accumulate,20260802,random,1,4,1,one_or_more_tile_stripes,1,dense,compressed_tlr,8589934592,724828160,9314762752,362414080,17179869184,0.5632858276367188,8.595741,8.595741,178.7410535,175.254427,769.298363,754.858557,4.303982481562357,4.307215343553062,4.6982647250944e13,4.750233829376e13,1.0940325497287522,265760.6485113393,731770.6373714355,false,175.254427;178.353794;179.128313;205.520101,,NVIDIA H100 80GB HBM3,1.12.6
workspace_tuning__20260803T194905.205Z__pid9032,20260803T194905.205Z,workspace_tuning,compressed,dense_compressed__N65536__q8__skewed__r256-512__bf16__q8__w2,dense__N65536__bf16,dense_compressed,65536,8,8192,8,skewed,b32_b16,256,512,,341.84375,,345.625,,48,,28,q8,bf16,Core.BFloat16,fp32_accumulate,20260802,random,1,4,1,one_or_more_tile_stripes,2,dense,compressed_tlr,8589934592,724828160,9314762752,724828160,17179869184,0.584381103515625,4.303329,4.303329,188.181593,185.706465,769.298363,754.858557,4.0880638256686455,4.064794173966964,4.6982647250944e13,4.750233829376e13,1.0940325497287522,252428.1867130331,731770.6373714355,false,185.706465;188.433505;187.929681;223.161407,,NVIDIA H100 80GB HBM3,1.12.6
workspace_tuning__20260803T194905.205Z__pid9032,20260803T194905.205Z,workspace_tuning,compressed,dense_compressed__N65536__q8__skewed__r256-512__bf16__q8__w4,dense__N65536__bf16,dense_compressed,65536,8,8192,8,skewed,b32_b16,256,512,,341.84375,,345.625,,48,,28,q8,bf16,Core.BFloat16,fp32_accumulate,20260802,random,1,4,1,one_or_more_tile_stripes,4,dense,compressed_tlr,8589934592,724828160,9314762752,1449656320,17179869184,0.6265716552734375,2.090037,2.090037,218.9506615,214.080329,769.298363,754.858557,3.513569485150882,3.526052863082063,4.6982647250944e13,4.750233829376e13,1.0940325497287522,216954.53198601093,731770.6373714355,false,218.686311;214.080329;219.215012;226.155035,,NVIDIA H100 80GB HBM3,1.12.6
workspace_tuning__20260803T194905.205Z__pid9032,20260803T194905.205Z,workspace_tuning,compressed,dense_compressed__N65536__q8__skewed__r256-512__bf16__q8__w8,dense__N65536__bf16,dense_compressed,65536,8,8192,8,skewed,b32_b16,256,512,,341.84375,,345.625,,48,,28,q8,bf16,Core.BFloat16,fp32_accumulate,20260802,random,1,4,1,one_or_more_tile_stripes,8,dense,compressed_tlr,8589934592,724828160,9314762752,2899312640,17179869184,0.7109527587890625,1.093776,1.093776,237.675638,236.036901,769.298363,754.858557,3.2367573280691055,3.1980531594930577,4.6982647250944e13,4.750233829376e13,1.0940325497287522,199862.04178721926,731770.6373714355,false,236.036901;236.692132;259.181381;238.659144,,NVIDIA H100 80GB HBM3,1.12.6
workspace_tuning__20260803T194905.205Z__pid9032,20260803T194905.205Z,workspace_tuning,compressed,compressed_compressed__N65536__q8__skewed__r256-512__bf16__q8__w1,dense__N65536__bf16,compressed_compressed,65536,8,8192,8,skewed,b32_b16,256,512,341.84375,344.34375,345.625,347.875,48,53,28,25,q8,bf16,Core.BFloat16,fp32_accumulate,20260802,random,1,4,1,tlr_tlr_runs,1,compressed_tlr,compressed_tlr,724828160,729546752,1454374912,3022523008,17179869184,0.26058975607156754,6.622409,6.622409,100.498616,99.458775,769.298363,754.858557,7.654815495170601,7.5896627220675095,2.5467833810944e13,2.5769847816192e13,1.1719665843670026,256419.92737683075,731770.6373714355,false,100.470759;100.612742;99.458775;100.526473,,NVIDIA H100 80GB HBM3,1.12.6
workspace_tuning__20260803T194905.205Z__pid9032,20260803T194905.205Z,workspace_tuning,compressed,compressed_compressed__N65536__q8__skewed__r256-512__bf16__q8__w2,dense__N65536__bf16,compressed_compressed,65536,8,8192,8,skewed,b32_b16,256,512,341.84375,344.34375,345.625,347.875,48,53,28,25,q8,bf16,Core.BFloat16,fp32_accumulate,20260802,random,1,4,1,tlr_tlr_runs,2,compressed_tlr,compressed_tlr,724828160,729546752,1454374912,1523844096,17179869184,0.17335516214370728,7.239221,7.239221,97.8664875,95.387854,769.298363,754.858557,7.860692486792273,7.91357101922012,2.4939552833536e13,2.5250156773376e13,1.230106975682241,258006.16143882758,731770.6373714355,false,98.68728;97.955866;95.387854;97.777109,,NVIDIA H100 80GB HBM3,1.12.6
workspace_tuning__20260803T194905.205Z__pid9032,20260803T194905.205Z,workspace_tuning,compressed,compressed_compressed__N65536__q8__skewed__r256-512__bf16__q8__w4,dense__N65536__bf16,compressed_compressed,65536,8,8192,8,skewed,b32_b16,256,512,341.84375,344.34375,345.625,347.875,48,53,28,25,q8,bf16,Core.BFloat16,fp32_accumulate,20260802,random,1,4,1,tlr_tlr_runs,4,compressed_tlr,compressed_tlr,724828160,729546752,1454374912,765540992,17179869184,0.12921611219644547,8.411386,8.411386,87.1629925,86.463872,769.298363,754.858557,8.825974658912726,8.730334873275165,2.4512740458496e13,2.480562765824e13,1.180728840161833,284588.98606814124,731770.6373714355,false,89.480746;86.463872;87.538449;86.787536,,NVIDIA H100 80GB HBM3,1.12.6
workspace_tuning__20260803T194905.205Z__pid9032,20260803T194905.205Z,workspace_tuning,compressed,compressed_compressed__N65536__q8__skewed__r256-512__bf16__q8__w8,dense__N65536__bf16,compressed_compressed,65536,8,8192,8,skewed,b32_b16,256,512,341.84375,344.34375,345.625,347.875,48,53,28,25,q8,bf16,Core.BFloat16,fp32_accumulate,20260802,random,1,4,1,tlr_tlr_runs,8,compressed_tlr,compressed_tlr,724828160,729546752,1454374912,383205888,17179869184,0.10696128010749817,10.556855,10.556855,84.669657,84.448385,769.298363,754.858557,9.085880234521323,8.938697371181226,2.4504955830272e13,2.4795963981824e13,1.1736109625151718,292855.3729918145,731770.6373714355,false,85.554901;84.448385;84.70485;84.634464,,NVIDIA H100 80GB HBM3,1.12.6
workspace_tuning__20260803T194905.205Z__pid9032,20260803T194905.205Z,workspace_tuning,compressed,compressed_compressed__N65536__q8__skewed__r256-512__bf16__q8__w16,dense__N65536__bf16,compressed_compressed,65536,8,8192,8,skewed,b32_b16,256,512,341.84375,344.34375,345.625,347.875,48,53,28,25,q8,bf16,Core.BFloat16,fp32_accumulate,20260802,random,1,4,1,tlr_tlr_runs,16,compressed_tlr,compressed_tlr,724828160,729546752,1454374912,203323776,17179869184,0.0964907631278038,15.529706,15.529706,84.48486,84.428055,769.298363,754.858557,9.105754131568663,8.940849780324799,2.4346310475776e13,2.4642418900992e13,1.201620775970495,291678.51968970534,731770.6373714355,false,85.556744;84.428055;84.448596;84.521124,,NVIDIA H100 80GB HBM3,1.12.6
workspace_tuning__20260803T194905.205Z__pid9032,20260803T194905.205Z,workspace_tuning,compressed,compressed_compressed__N65536__q8__skewed__r256-512__bf16__q8__w32,dense__N65536__bf16,compressed_compressed,65536,8,8192,8,skewed,b32_b16,256,512,341.84375,344.34375,345.625,347.875,48,53,28,25,q8,bf16,Core.BFloat16,fp32_accumulate,20260802,random,1,4,1,tlr_tlr_runs,32,compressed_tlr,compressed_tlr,724828160,729546752,1454374912,106574592,17179869184,0.09085921943187714,26.301904,26.301904,87.0208145,86.919273,769.298363,754.858557,8.84039488046851,8.68459354233209,2.4340404895744e13,2.46338289664e13,1.1911427616722676,283079.7333711465,731770.6373714355,false,86.919273;87.012022;87.029607;87.146813,,NVIDIA H100 80GB HBM3,1.12.6
workspace_tuning__20260803T194905.205Z__pid9032,20260803T194905.205Z,workspace_tuning,compressed,compressed_compressed__N65536__q8__skewed__r256-512__bf16__q8__w64,dense__N65536__bf16,compressed_compressed,65536,8,8192,8,skewed,b32_b16,256,512,341.84375,344.34375,345.625,347.875,48,53,28,25,q8,bf16,Core.BFloat16,fp32_accumulate,20260802,random,1,4,1,tlr_tlr_runs,64,compressed_tlr,compressed_tlr,724828160,729546752,1454374912,54803840,17179869184,0.08784576505422592,43.640968,43.640968,88.2289665,87.434243,769.298363,754.858557,8.719340070701158,8.633443043591058,2.4180685799424e13,2.4469546467328e13,1.1804904855498235,277341.4156146553,731770.6373714355,false,87.434243;88.316643;88.14129;88.399427,,NVIDIA H100 80GB HBM3,1.12.6
workspace_tuning__20260803T194905.205Z__pid9032,20260803T194905.205Z,workspace_tuning,baseline,dense__N65536__fp16,dense__N65536__fp16,dense_dense,65536,,,,,,,,,,,,,,,,,fp16,Float16,fp32_accumulate,20260802,random,1,4,0,none,0,dense,dense,8589934592,8589934592,17179869184,0,17179869184,1.0,,,783.2296335,762.596975,783.2296335,762.596975,1.0,1.0,5.62949953421312e14,5.62949953421312e14,0.0,718754.6657366252,718754.6657366252,false,815.739762;784.751366;781.707901;762.596975,815.739762;784.751366;781.707901;762.596975,NVIDIA H100 80GB HBM3,1.12.6
workspace_tuning__20260803T194905.205Z__pid9032,20260803T194905.205Z,workspace_tuning,compressed,compressed_dense__N65536__q16__skewed__r128-256__fp16__q8__w1,dense__N65536__fp16,compressed_dense,65536,16,4096,16,skewed,b32_b16,128,256,168.8984375,,172.3125,,94,,17,,q8,fp16,Float16,fp32_accumulate,20260802,random,1,4,1,one_or_more_tile_stripes,1,compressed_tlr,dense,722731008,8589934592,9312665600,361365504,17179869184,0.5631027221679688,57.325273,57.325273,196.56669,195.632923,783.2296335,762.596975,3.9845491293565556,3.89810142028088,4.6426448986112e13,4.7364899340288e13,1.9813202756619515,240960.96515787084,718754.6657366252,false,195.632923;195.733994;197.399386;229.553605,,NVIDIA H100 80GB HBM3,1.12.6
workspace_tuning__20260803T194905.205Z__pid9032,20260803T194905.205Z,workspace_tuning,compressed,compressed_dense__N65536__q16__skewed__r128-256__fp16__q8__w2,dense__N65536__fp16,compressed_dense,65536,16,4096,16,skewed,b32_b16,128,256,168.8984375,,172.3125,,94,,17,,q8,fp16,Float16,fp32_accumulate,20260802,random,1,4,1,one_or_more_tile_stripes,2,compressed_tlr,dense,722731008,8589934592,9312665600,722731008,17179869184,0.584136962890625,28.476517,28.476517,199.1327945,197.604111,783.2296335,762.596975,3.933202642320173,3.8592161425224605,4.6426448986112e13,4.7364899340288e13,1.9813202756619515,237855.8461915624,718754.6657366252,false,198.477619;197.604111;199.78797;233.929052,,NVIDIA H100 80GB HBM3,1.12.6
workspace_tuning__20260803T194905.205Z__pid9032,20260803T194905.205Z,workspace_tuning,compressed,compressed_dense__N65536__q16__skewed__r128-256__fp16__q8__w4,dense__N65536__fp16,compressed_dense,65536,16,4096,16,skewed,b32_b16,128,256,168.8984375,,172.3125,,94,,17,,q8,fp16,Float16,fp32_accumulate,20260802,random,1,4,1,one_or_more_tile_stripes,4,compressed_tlr,dense,722731008,8589934592,9312665600,1445462016,17179869184,0.6262054443359375,14.550982,14.550982,200.765732,198.551649,783.2296335,762.596975,3.901211754105526,3.8407990003648877,4.6426448986112e13,4.7364899340288e13,1.9813202756619515,235921.23450772965,718754.6657366252,false,198.551649;200.840444;200.69102;237.012755,,NVIDIA H100 80GB HBM3,1.12.6
workspace_tuning__20260803T194905.205Z__pid9032,20260803T194905.205Z,workspace_tuning,compressed,compressed_dense__N65536__q16__skewed__r128-256__fp16__q8__w8,dense__N65536__fp16,compressed_dense,65536,16,4096,16,skewed,b32_b16,128,256,168.8984375,,172.3125,,94,,17,,q8,fp16,Float16,fp32_accumulate,20260802,random,1,4,1,one_or_more_tile_stripes,8,compressed_tlr,dense,722731008,8589934592,9312665600,2890924032,17179869184,0.7103424072265625,7.165742,7.165742,203.822515,200.652392,783.2296335,762.596975,3.842704195363304,3.800587510564041,4.6426448986112e13,4.7364899340288e13,1.9813202756619515,232383.05807524748,718754.6657366252,false,200.652392;203.50494;204.14009;231.920716,,NVIDIA H100 80GB HBM3,1.12.6
workspace_tuning__20260803T194905.205Z__pid9032,20260803T194905.205Z,workspace_tuning,compressed,compressed_dense__N65536__q16__skewed__r128-256__fp16__q8__w16,dense__N65536__fp16,compressed_dense,65536,16,4096,16,skewed,b32_b16,128,256,168.8984375,,172.3125,,94,,17,,q8,fp16,Float16,fp32_accumulate,20260802,random,1,4,1,one_or_more_tile_stripes,16,compressed_tlr,dense,722731008,8589934592,9312665600,5781848064,17179869184,0.8786163330078125,3.704052,3.704052,207.06451049999998,206.059311,783.2296335,762.596975,3.7825392270685616,3.7008615203998234,4.6426448986112e13,4.7364899340288e13,1.9813202756619515,228744.65173155785,718754.6657366252,false,206.338299;206.059311;207.790722;229.342268,,NVIDIA H100 80GB HBM3,1.12.6
workspace_tuning__20260803T194905.205Z__pid9032,20260803T194905.205Z,workspace_tuning,compressed,dense_compressed__N65536__q16__skewed__r128-256__fp16__q8__w1,dense__N65536__fp16,dense_compressed,65536,16,4096,16,skewed,b32_b16,128,256,,168.8984375,,172.3125,,94,,17,q8,fp16,Float16,fp32_accumulate,20260802,random,1,4,1,one_or_more_tile_stripes,1,dense,compressed_tlr,8589934592,722731008,9312665600,361365504,17179869184,0.5631027221679688,55.097038,55.097038,182.343812,179.543687,783.2296335,762.596975,4.295345287066829,4.247417370904275,4.6426448986112e13,4.7364899340288e13,1.9813202756619515,259756.0006055374,718754.6657366252,false,179.543687;181.959983;182.727641;211.561804,,NVIDIA H100 80GB HBM3,1.12.6
workspace_tuning__20260803T194905.205Z__pid9032,20260803T194905.205Z,workspace_tuning,compressed,dense_compressed__N65536__q16__skewed__r128-256__fp16__q8__w2,dense__N65536__fp16,dense_compressed,65536,16,4096,16,skewed,b32_b16,128,256,,168.8984375,,172.3125,,94,,17,q8,fp16,Float16,fp32_accumulate,20260802,random,1,4,1,one_or_more_tile_stripes,2,dense,compressed_tlr,8589934592,722731008,9312665600,722731008,17179869184,0.584136962890625,27.422561,27.422561,209.910067,204.526877,783.2296335,762.596975,3.7312628436253132,3.728590521626163,4.6426448986112e13,4.7364899340288e13,1.9813202756619515,225643.77219834816,718754.6657366252,false,206.14598;204.526877;213.674154;226.990147,,NVIDIA H100 80GB HBM3,1.12.6
workspace_tuning__20260803T194905.205Z__pid9032,20260803T194905.205Z,workspace_tuning,compressed,dense_compressed__N65536__q16__skewed__r128-256__fp16__q8__w4,dense__N65536__fp16,dense_compressed,65536,16,4096,16,skewed,b32_b16,128,256,,168.8984375,,172.3125,,94,,17,q8,fp16,Float16,fp32_accumulate,20260802,random,1,4,1,one_or_more_tile_stripes,4,dense,compressed_tlr,8589934592,722731008,9312665600,1445462016,17179869184,0.6262054443359375,13.80098,13.80098,215.82602250000002,206.550404,783.2296335,762.596975,3.6289860899419573,3.6920623742764507,4.6426448986112e13,4.7364899340288e13,1.9813202756619515,219458.7047087336,718754.6657366252,false,206.550404;213.847632;217.804413;251.538297,,NVIDIA H100 80GB HBM3,1.12.6
workspace_tuning__20260803T194905.205Z__pid9032,20260803T194905.205Z,workspace_tuning,compressed,dense_compressed__N65536__q16__skewed__r128-256__fp16__q8__w8,dense__N65536__fp16,dense_compressed,65536,16,4096,16,skewed,b32_b16,128,256,,168.8984375,,172.3125,,94,,17,q8,fp16,Float16,fp32_accumulate,20260802,random,1,4,1,one_or_more_tile_stripes,8,dense,compressed_tlr,8589934592,722731008,9312665600,2890924032,17179869184,0.7103424072265625,6.884971,6.884971,238.201206,237.132842,783.2296335,762.596975,3.28810104135241,3.2159061923611576,4.6426448986112e13,4.7364899340288e13,1.9813202756619515,198844.0786495766,718754.6657366252,false,237.895654;238.506758;250.962844;237.132842,,NVIDIA H100 80GB HBM3,1.12.6
workspace_tuning__20260803T194905.205Z__pid9032,20260803T194905.205Z,workspace_tuning,compressed,dense_compressed__N65536__q16__skewed__r128-256__fp16__q8__w16,dense__N65536__fp16,dense_compressed,65536,16,4096,16,skewed,b32_b16,128,256,,168.8984375,,172.3125,,94,,17,q8,fp16,Float16,fp32_accumulate,20260802,random,1,4,1,one_or_more_tile_stripes,16,dense,compressed_tlr,8589934592,722731008,9312665600,5781848064,17179869184,0.8786163330078125,3.504504,3.504504,259.14393,257.571993,783.2296335,762.596975,3.0223730631082115,2.960713880876016,4.6426448986112e13,4.7364899340288e13,1.9813202756619515,182774.4888344018,718754.6657366252,false,257.571993;259.189093;272.752727;259.098767,,NVIDIA H100 80GB HBM3,1.12.6
workspace_tuning__20260803T194905.205Z__pid9032,20260803T194905.205Z,workspace_tuning,compressed,compressed_compressed__N65536__q16__skewed__r128-256__fp16__q8__w1,dense__N65536__fp16,compressed_compressed,65536,16,4096,16,skewed,b32_b16,128,256,168.8984375,169.11328125,172.3125,172.625,94,97,17,17,q8,fp16,Float16,fp32_accumulate,20260802,random,1,4,1,tlr_tlr_runs,1,compressed_tlr,compressed_tlr,722731008,724041728,1446772736,6025480704,17179869184,0.4349423944950104,44.521113,44.521113,95.31102,94.066162,783.2296335,762.596975,8.21761883882892,8.107027636569248,2.512995385344e13,2.5678288257024e13,2.135400919623252,269415.7323783126,718754.6657366252,false,95.579807;94.066162;95.686237;95.042233,,NVIDIA H100 80GB HBM3,1.12.6
workspace_tuning__20260803T194905.205Z__pid9032,20260803T194905.205Z,workspace_tuning,compressed,compressed_compressed__N65536__q16__skewed__r128-256__fp16__q8__w2,dense__N65536__fp16,compressed_compressed,65536,16,4096,16,skewed,b32_b16,128,256,168.8984375,169.11328125,172.3125,172.625,94,97,17,17,q8,fp16,Float16,fp32_accumulate,20260802,random,1,4,1,tlr_tlr_runs,2,compressed_tlr,compressed_tlr,722731008,724041728,1446772736,3019102464,17179869184,0.25994814932346344,46.348177,46.348177,99.93437750000001,98.293128,783.2296335,762.596975,7.83743945870879,7.758395632703846,2.5044859813888e13,2.5600978845696e13,2.1722569092372574,256177.89879859908,718754.6657366252,false,100.623243;99.273043;100.595712;98.293128,,NVIDIA H100 80GB HBM3,1.12.6
workspace_tuning__20260803T194905.205Z__pid9032,20260803T194905.205Z,workspace_tuning,compressed,compressed_compressed__N65536__q16__skewed__r128-256__fp16__q8__w4,dense__N65536__fp16,compressed_compressed,65536,16,4096,16,skewed,b32_b16,128,256,168.8984375,169.11328125,172.3125,172.625,94,97,17,17,q8,fp16,Float16,fp32_accumulate,20260802,random,1,4,1,tlr_tlr_runs,4,compressed_tlr,compressed_tlr,722731008,724041728,1446772736,1511555456,17179869184,0.1721973642706871,49.642575,49.642575,87.82069849999999,87.097626,783.2296335,762.596975,8.918508357115835,8.755657415966768,2.4842459480064e13,2.5394820415488e13,2.1750928984208198,289166.68677473575,718754.6657366252,false,88.388377;87.097626;87.959306;87.682091,,NVIDIA H100 80GB HBM3,1.12.6
workspace_tuning__20260803T194905.205Z__pid9032,20260803T194905.205Z,workspace_tuning,compressed,compressed_compressed__N65536__q16__skewed__r128-256__fp16__q8__w8,dense__N65536__fp16,compressed_compressed,65536,16,4096,16,skewed,b32_b16,128,256,168.8984375,169.11328125,172.3125,172.625,94,97,17,17,q8,fp16,Float16,fp32_accumulate,20260802,random,1,4,1,tlr_tlr_runs,8,compressed_tlr,compressed_tlr,722731008,724041728,1446772736,756504448,17179869184,0.12824761122465134,53.723431,53.723431,86.6640875,86.477168,783.2296335,762.596975,9.037533955457617,8.818477670314088,2.4685156302848e13,2.5240201592832e13,2.1990525231843954,291241.76254474494,718754.6657366252,false,86.477168;86.666251;86.661924;87.108653,,NVIDIA H100 80GB HBM3,1.12.6
workspace_tuning__20260803T194905.205Z__pid9032,20260803T194905.205Z,workspace_tuning,compressed,compressed_compressed__N65536__q16__skewed__r128-256__fp16__q8__w16,dense__N65536__fp16,compressed_compressed,65536,16,4096,16,skewed,b32_b16,128,256,168.8984375,169.11328125,172.3125,172.625,94,97,17,17,q8,fp16,Float16,fp32_accumulate,20260802,random,1,4,1,tlr_tlr_runs,16,compressed_tlr,compressed_tlr,722731008,724041728,1446772736,378728832,17179869184,0.10625817626714706,59.892742,59.892742,83.48753500000001,83.400735,783.2296335,762.596975,9.381396079067372,9.143768037535882,2.4519363854336e13,2.5067329159168e13,2.185974027598349,300252.3569436802,718754.6657366252,false,83.59782;83.400735;83.427415;83.547655,,NVIDIA H100 80GB HBM3,1.12.6
workspace_tuning__20260803T194905.205Z__pid9032,20260803T194905.205Z,workspace_tuning,compressed,compressed_compressed__N65536__q16__skewed__r128-256__fp16__q8__w32,dense__N65536__fp16,compressed_compressed,65536,16,4096,16,skewed,b32_b16,128,256,168.8984375,169.11328125,172.3125,172.625,94,97,17,17,q8,fp16,Float16,fp32_accumulate,20260802,random,1,4,1,tlr_tlr_runs,32,compressed_tlr,compressed_tlr,722731008,724041728,1446772736,195132032,17179869184,0.09557143598794937,70.60519,70.60519,83.279308,82.70264,783.2296335,762.596975,9.404852805693341,9.220950806407147,2.4456919056384e13,2.500344152064e13,2.1857889595112465,300235.9424100882,718754.6657366252,false,82.70264;83.278101;83.280515;83.621184,,NVIDIA H100 80GB HBM3,1.12.6
workspace_tuning__20260803T194905.205Z__pid9032,20260803T194905.205Z,workspace_tuning,compressed,compressed_compressed__N65536__q16__skewed__r128-256__fp16__q8__w64,dense__N65536__fp16,compressed_compressed,65536,16,4096,16,skewed,b32_b16,128,256,168.8984375,169.11328125,172.3125,172.625,94,97,17,17,q8,fp16,Float16,fp32_accumulate,20260802,random,1,4,1,tlr_tlr_runs,64,compressed_tlr,compressed_tlr,722731008,724041728,1446772736,98672768,17179869184,0.08995676785707474,93.876579,93.876579,84.420586,84.290606,783.2296335,762.596975,9.277709035329368,9.047235643317123,2.4443899936768e13,2.4988409135104e13,2.1790470749539126,295999.00118087314,718754.6657366252,false,84.290606;84.475903;84.423916;84.417256,,NVIDIA H100 80GB HBM3,1.12.6
workspace_tuning__20260803T194905.205Z__pid9032,20260803T194905.205Z,workspace_tuning,compressed,compressed_dense__N65536__q8__skewed__r256-512__fp16__q8__w1,dense__N65536__fp16,compressed_dense,65536,8,8192,8,skewed,b32_b16,256,512,341.84375,,345.625,,48,,28,,q8,fp16,Float16,fp32_accumulate,20260802,random,1,4,1,one_or_more_tile_stripes,1,compressed_tlr,dense,724828160,8589934592,9314762752,362414080,17179869184,0.5632858276367188,9.224452,9.224452,183.564394,182.505304,783.2296335,762.596975,4.266784077417541,4.178492122070053,4.6982647250944e13,4.750233829376e13,1.0940325497287522,258777.51811584985,718754.6657366252,false,182.505304;183.837608;183.29118;215.758478,,NVIDIA H100 80GB HBM3,1.12.6
workspace_tuning__20260803T194905.205Z__pid9032,20260803T194905.205Z,workspace_tuning,compressed,compressed_dense__N65536__q8__skewed__r256-512__fp16__q8__w2,dense__N65536__fp16,compressed_dense,65536,8,8192,8,skewed,b32_b16,256,512,341.84375,,345.625,,48,,28,,q8,fp16,Float16,fp32_accumulate,20260802,random,1,4,1,one_or_more_tile_stripes,2,compressed_tlr,dense,724828160,8589934592,9314762752,724828160,17179869184,0.584381103515625,4.348467,4.348467,185.7384615,184.616352,783.2296335,762.596975,4.21684139717072,4.130711969652612,4.6982647250944e13,4.750233829376e13,1.0940325497287522,255748.52892684264,718754.6657366252,false,184.616352;185.668417;185.808506;223.424257,,NVIDIA H100 80GB HBM3,1.12.6
workspace_tuning__20260803T194905.205Z__pid9032,20260803T194905.205Z,workspace_tuning,compressed,compressed_dense__N65536__q8__skewed__r256-512__fp16__q8__w4,dense__N65536__fp16,compressed_dense,65536,8,8192,8,skewed,b32_b16,256,512,341.84375,,345.625,,48,,28,,q8,fp16,Float16,fp32_accumulate,20260802,random,1,4,1,one_or_more_tile_stripes,4,compressed_tlr,dense,724828160,8589934592,9314762752,1449656320,17179869184,0.6265716552734375,2.173652,2.173652,189.9241385,187.905133,783.2296335,762.596975,4.123907785950021,4.058414811904047,4.6982647250944e13,4.750233829376e13,1.0940325497287522,250112.16935839885,718754.6657366252,false,187.905133;189.654831;190.193446;233.217339,,NVIDIA H100 80GB HBM3,1.12.6
workspace_tuning__20260803T194905.205Z__pid9032,20260803T194905.205Z,workspace_tuning,compressed,compressed_dense__N65536__q8__skewed__r256-512__fp16__q8__w8,dense__N65536__fp16,compressed_dense,65536,8,8192,8,skewed,b32_b16,256,512,341.84375,,345.625,,48,,28,,q8,fp16,Float16,fp32_accumulate,20260802,random,1,4,1,one_or_more_tile_stripes,8,compressed_tlr,dense,724828160,8589934592,9314762752,2899312640,17179869184,0.7109527587890625,1.123401,1.123401,197.6100885,197.142755,783.2296335,762.596975,3.96351036247828,3.868247529563032,4.6982647250944e13,4.750233829376e13,1.0940325497287522,240384.17600202633,718754.6657366252,false,197.427079;197.793098;197.142755;231.777153,,NVIDIA H100 80GB HBM3,1.12.6
workspace_tuning__20260803T194905.205Z__pid9032,20260803T194905.205Z,workspace_tuning,compressed,dense_compressed__N65536__q8__skewed__r256-512__fp16__q8__w1,dense__N65536__fp16,dense_compressed,65536,8,8192,8,skewed,b32_b16,256,512,,341.84375,,345.625,,48,,28,q8,fp16,Float16,fp32_accumulate,20260802,random,1,4,1,one_or_more_tile_stripes,1,dense,compressed_tlr,8589934592,724828160,9314762752,362414080,17179869184,0.5632858276367188,8.714028,8.714028,175.762059,173.451197,783.2296335,762.596975,4.456192866402413,4.396608315133161,4.6982647250944e13,4.750233829376e13,1.0940325497287522,270265.0308264766,718754.6657366252,false,173.451197;173.481101;178.043017;208.343202,,NVIDIA H100 80GB HBM3,1.12.6
workspace_tuning__20260803T194905.205Z__pid9032,20260803T194905.205Z,workspace_tuning,compressed,dense_compressed__N65536__q8__skewed__r256-512__fp16__q8__w2,dense__N65536__fp16,dense_compressed,65536,8,8192,8,skewed,b32_b16,256,512,,341.84375,,345.625,,48,,28,q8,fp16,Float16,fp32_accumulate,20260802,random,1,4,1,one_or_more_tile_stripes,2,dense,compressed_tlr,8589934592,724828160,9314762752,724828160,17179869184,0.584381103515625,4.318231,4.318231,194.6970035,191.665018,783.2296335,762.596975,4.022812983354415,3.9788010506956466,4.6982647250944e13,4.750233829376e13,1.0940325497287522,243980.8391491757,718754.6657366252,false,191.665018;194.211617;195.18239;231.054191,,NVIDIA H100 80GB HBM3,1.12.6
workspace_tuning__20260803T194905.205Z__pid9032,20260803T194905.205Z,workspace_tuning,compressed,dense_compressed__N65536__q8__skewed__r256-512__fp16__q8__w4,dense__N65536__fp16,dense_compressed,65536,8,8192,8,skewed,b32_b16,256,512,,341.84375,,345.625,,48,,28,q8,fp16,Float16,fp32_accumulate,20260802,random,1,4,1,one_or_more_tile_stripes,4,dense,compressed_tlr,8589934592,724828160,9314762752,1449656320,17179869184,0.6265716552734375,2.16563,2.16563,216.9679695,214.92619,783.2296335,762.596975,3.6098859905678378,3.548180773129604,4.6982647250944e13,4.750233829376e13,1.0940325497287522,218937.1011916116,718754.6657366252,false,216.969647;214.92619;216.966292;232.213235,,NVIDIA H100 80GB HBM3,1.12.6
workspace_tuning__20260803T194905.205Z__pid9032,20260803T194905.205Z,workspace_tuning,compressed,dense_compressed__N65536__q8__skewed__r256-512__fp16__q8__w8,dense__N65536__fp16,dense_compressed,65536,8,8192,8,skewed,b32_b16,256,512,,341.84375,,345.625,,48,,28,q8,fp16,Float16,fp32_accumulate,20260802,random,1,4,1,one_or_more_tile_stripes,8,dense,compressed_tlr,8589934592,724828160,9314762752,2899312640,17179869184,0.7109527587890625,1.092374,1.092374,238.6899295,237.000287,783.2296335,762.596975,3.2813685736163407,3.2177048587287156,4.6982647250944e13,4.750233829376e13,1.0940325497287522,199012.74592215254,718754.6657366252,false,237.000287;239.712635;263.72401;237.667224,,NVIDIA H100 80GB HBM3,1.12.6
workspace_tuning__20260803T194905.205Z__pid9032,20260803T194905.205Z,workspace_tuning,compressed,compressed_compressed__N65536__q8__skewed__r256-512__fp16__q8__w1,dense__N65536__fp16,compressed_compressed,65536,8,8192,8,skewed,b32_b16,256,512,341.84375,344.34375,345.625,347.875,48,53,28,25,q8,fp16,Float16,fp32_accumulate,20260802,random,1,4,1,tlr_tlr_runs,1,compressed_tlr,compressed_tlr,724828160,729546752,1454374912,3022523008,17179869184,0.26058975607156754,6.63056,6.63056,99.56910400000001,99.344207,783.2296335,762.596975,7.866191439264131,7.676310456632867,2.5467833810944e13,2.5769847816192e13,1.1719665843670026,258813.6960255462,718754.6657366252,false,99.344207;100.719495;99.347312;99.790896,,NVIDIA H100 80GB HBM3,1.12.6
workspace_tuning__20260803T194905.205Z__pid9032,20260803T194905.205Z,workspace_tuning,compressed,compressed_compressed__N65536__q8__skewed__r256-512__fp16__q8__w2,dense__N65536__fp16,compressed_compressed,65536,8,8192,8,skewed,b32_b16,256,512,341.84375,344.34375,345.625,347.875,48,53,28,25,q8,fp16,Float16,fp32_accumulate,20260802,random,1,4,1,tlr_tlr_runs,2,compressed_tlr,compressed_tlr,724828160,729546752,1454374912,1523844096,17179869184,0.17335516214370728,7.583316,7.583316,94.7116555,93.576568,783.2296335,762.596975,8.269622459508163,8.149443726125968,2.4939552833536e13,2.5250156773376e13,1.230106975682241,266600.31059615465,718754.6657366252,false,94.699818;93.576568;94.849583;94.723493,,NVIDIA H100 80GB HBM3,1.12.6
workspace_tuning__20260803T194905.205Z__pid9032,20260803T194905.205Z,workspace_tuning,compressed,compressed_compressed__N65536__q8__skewed__r256-512__fp16__q8__w4,dense__N65536__fp16,compressed_compressed,65536,8,8192,8,skewed,b32_b16,256,512,341.84375,344.34375,345.625,347.875,48,53,28,25,q8,fp16,Float16,fp32_accumulate,20260802,random,1,4,1,tlr_tlr_runs,4,compressed_tlr,compressed_tlr,724828160,729546752,1454374912,765540992,17179869184,0.12921611219644547,8.527679,8.527679,84.8182135,84.075632,783.2296335,762.596975,9.234215166533778,9.070368629521573,2.4512740458496e13,2.480562765824e13,1.180728840161833,292456.3797637638,718754.6657366252,false,85.371071;84.770132;84.075632;84.866295,,NVIDIA H100 80GB HBM3,1.12.6
workspace_tuning__20260803T194905.205Z__pid9032,20260803T194905.205Z,workspace_tuning,compressed,compressed_compressed__N65536__q8__skewed__r256-512__fp16__q8__w8,dense__N65536__fp16,compressed_compressed,65536,8,8192,8,skewed,b32_b16,256,512,341.84375,344.34375,345.625,347.875,48,53,28,25,q8,fp16,Float16,fp32_accumulate,20260802,random,1,4,1,tlr_tlr_runs,8,compressed_tlr,compressed_tlr,724828160,729546752,1454374912,383205888,17179869184,0.10696128010749817,12.248156,12.248156,81.822982,81.619247,783.2296335,762.596975,9.572245038686075,9.343347347960709,2.4504955830272e13,2.4795963981824e13,1.1736109625151718,303044.00274514564,718754.6657366252,false,81.880448;81.619247;81.765516;82.047749,,NVIDIA H100 80GB HBM3,1.12.6
workspace_tuning__20260803T194905.205Z__pid9032,20260803T194905.205Z,workspace_tuning,compressed,compressed_compressed__N65536__q8__skewed__r256-512__fp16__q8__w16,dense__N65536__fp16,compressed_compressed,65536,8,8192,8,skewed,b32_b16,256,512,341.84375,344.34375,345.625,347.875,48,53,28,25,q8,fp16,Float16,fp32_accumulate,20260802,random,1,4,1,tlr_tlr_runs,16,compressed_tlr,compressed_tlr,724828160,729546752,1454374912,203323776,17179869184,0.0964907631278038,15.523566,15.523566,81.970703,81.899436,783.2296335,762.596975,9.55499470951225,9.311382498409392,2.4346310475776e13,2.4642418900992e13,1.201620775970495,300624.71101403143,718754.6657366252,false,82.279725;81.899436;81.913948;82.027458,,NVIDIA H100 80GB HBM3,1.12.6
workspace_tuning__20260803T194905.205Z__pid9032,20260803T194905.205Z,workspace_tuning,compressed,compressed_compressed__N65536__q8__skewed__r256-512__fp16__q8__w32,dense__N65536__fp16,compressed_compressed,65536,8,8192,8,skewed,b32_b16,256,512,341.84375,344.34375,345.625,347.875,48,53,28,25,q8,fp16,Float16,fp32_accumulate,20260802,random,1,4,1,tlr_tlr_runs,32,compressed_tlr,compressed_tlr,724828160,729546752,1454374912,106574592,17179869184,0.09085921943187714,25.898109,25.898109,83.107594,82.547065,783.2296335,762.596975,9.424284783169153,9.238329370038777,2.4340404895744e13,2.46338289664e13,1.1911427616722676,296408.8813159481,718754.6657366252,false,82.547065;84.236843;83.156868;83.05832,,NVIDIA H100 80GB HBM3,1.12.6
workspace_tuning__20260803T194905.205Z__pid9032,20260803T194905.205Z,workspace_tuning,compressed,compressed_compressed__N65536__q8__skewed__r256-512__fp16__q8__w64,dense__N65536__fp16,compressed_compressed,65536,8,8192,8,skewed,b32_b16,256,512,341.84375,344.34375,345.625,347.875,48,53,28,25,q8,fp16,Float16,fp32_accumulate,20260802,random,1,4,1,tlr_tlr_runs,64,compressed_tlr,compressed_tlr,724828160,729546752,1454374912,54803840,17179869184,0.08784576505422592,43.341276,43.341276,84.043669,83.473361,783.2296335,762.596975,9.31931747886923,9.135812501907047,2.4180685799424e13,2.4469546467328e13,1.1804904855498235,291152.7633012785,718754.6657366252,false,83.473361;84.173167;83.946929;84.140409,,NVIDIA H100 80GB HBM3,1.12.6
workspace_tuning__20260803T194905.205Z__pid9032,20260803T194905.205Z,workspace_tuning,baseline,dense__N65536__fp32,dense__N65536__fp32,dense_dense,65536,,,,,,,,,,,,,,,,,fp32,Float32,fp32,20260802,random,1,4,0,none,0,dense,dense,17179869184,17179869184,34359738368,0,34359738368,1.0,,,10678.358262,10662.356757,10678.358262,10662.356757,1.0,1.0,5.62949953421312e14,5.62949953421312e14,0.0,52718.77376737072,52718.77376737072,false,10662.3568;10676.5532;10680.1633;10680.6299,10662.3568;10676.5532;10680.1633;10680.6299,NVIDIA H100 80GB HBM3,1.12.6
workspace_tuning__20260803T194905.205Z__pid9032,20260803T194905.205Z,workspace_tuning,compressed,compressed_dense__N65536__q16__skewed__r128-256__fp32__q8__w1,dense__N65536__fp32,compressed_dense,65536,16,4096,16,skewed,b32_b16,128,256,168.8984375,,172.3125,,94,,17,,q8,fp32,Float32,fp32,20260802,random,1,4,1,one_or_more_tile_stripes,1,compressed_tlr,dense,1445462016,17179869184,18625331200,722731008,34359738368,0.5631027221679688,55.384731,55.384731,1305.7151795,1305.204872,10678.358262,10662.356757,8.178168125524193,8.16910585129964,4.6426448986112e13,4.7364899340288e13,1.9813202756619515,36275.062191147634,52718.77376737072,false,1305.9011;1305.81284;1305.61752;1305.20487,,NVIDIA H100 80GB HBM3,1.12.6
workspace_tuning__20260803T194905.205Z__pid9032,20260803T194905.205Z,workspace_tuning,compressed,compressed_dense__N65536__q16__skewed__r128-256__fp32__q8__w2,dense__N65536__fp32,compressed_dense,65536,16,4096,16,skewed,b32_b16,128,256,168.8984375,,172.3125,,94,,17,,q8,fp32,Float32,fp32,20260802,random,1,4,1,one_or_more_tile_stripes,2,compressed_tlr,dense,1445462016,17179869184,18625331200,1445462016,34359738368,0.584136962890625,27.831168,27.831168,1297.7791585,1297.430071,10678.358262,10662.356757,8.228178262888939,8.218058911477163,4.6426448986112e13,4.7364899340288e13,1.9813202756619515,36496.887032022714,52718.77376737072,false,1298.30106;1298.08661;1297.43007;1297.4717,,NVIDIA H100 80GB HBM3,1.12.6
workspace_tuning__20260803T194905.205Z__pid9032,20260803T194905.205Z,workspace_tuning,compressed,compressed_dense__N65536__q16__skewed__r128-256__fp32__q8__w4,dense__N65536__fp32,compressed_dense,65536,16,4096,16,skewed,b32_b16,128,256,168.8984375,,172.3125,,94,,17,,q8,fp32,Float32,fp32,20260802,random,1,4,1,one_or_more_tile_stripes,4,compressed_tlr,dense,1445462016,17179869184,18625331200,2890924032,34359738368,0.6262054443359375,14.03691,14.03691,1292.314614,1291.822279,10678.358262,10662.356757,8.26297106472248,8.253733451054686,4.6426448986112e13,4.7364899340288e13,1.9813202756619515,36651.213897274705,52718.77376737072,false,1292.15743;1292.75811;1292.4718;1291.82228,,NVIDIA H100 80GB HBM3,1.12.6
workspace_tuning__20260803T194905.205Z__pid9032,20260803T194905.205Z,workspace_tuning,compressed,compressed_dense__N65536__q16__skewed__r128-256__fp32__q8__w8,dense__N65536__fp32,compressed_dense,65536,16,4096,16,skewed,b32_b16,128,256,168.8984375,,172.3125,,94,,17,,q8,fp32,Float32,fp32,20260802,random,1,4,1,one_or_more_tile_stripes,8,compressed_tlr,dense,1445462016,17179869184,18625331200,5781848064,34359738368,0.7103424072265625,7.107553,7.107553,1289.6118645000001,1289.2305,10678.358262,10662.356757,8.280288477448323,8.270326180617042,4.6426448986112e13,4.7364899340288e13,1.9813202756619515,36728.026970077546,52718.77376737072,false,1289.71306;1289.80717;1289.51067;1289.2305,,NVIDIA H100 80GB HBM3,1.12.6
workspace_tuning__20260803T194905.205Z__pid9032,20260803T194905.205Z,workspace_tuning,compressed,compressed_dense__N65536__q16__skewed__r128-256__fp32__q8__w16,dense__N65536__fp32,compressed_dense,65536,16,4096,16,skewed,b32_b16,128,256,168.8984375,,172.3125,,94,,17,,q8,fp32,Float32,fp32,20260802,random,1,4,1,one_or_more_tile_stripes,16,compressed_tlr,dense,1445462016,17179869184,18625331200,11563696128,34359738368,0.8786163330078125,3.444443,3.444443,1287.2494545,1286.883068,10678.358262,10662.356757,8.295484783209904,8.285412266376946,4.6426448986112e13,4.7364899340288e13,1.9813202756619515,36795.43166610679,52718.77376737072,false,1287.08863;1293.07824;1287.41028;1286.88307,,NVIDIA H100 80GB HBM3,1.12.6
workspace_tuning__20260803T194905.205Z__pid9032,20260803T194905.205Z,workspace_tuning,compressed,dense_compressed__N65536__q16__skewed__r128-256__fp32__q8__w1,dense__N65536__fp32,dense_compressed,65536,16,4096,16,skewed,b32_b16,128,256,,168.8984375,,172.3125,,94,,17,q8,fp32,Float32,fp32,20260802,random,1,4,1,one_or_more_tile_stripes,1,dense,compressed_tlr,17179869184,1445462016,18625331200,722731008,34359738368,0.5631027221679688,198.118277,198.118277,1086.0892355,1084.540957,10678.358262,10662.356757,9.831934534443693,9.831216320768235,4.6426448986112e13,4.7364899340288e13,1.9813202756619515,43610.50436015301,52718.77376737072,false,1084.54096;1085.42784;1086.75063;1087.03683,,NVIDIA H100 80GB HBM3,1.12.6
workspace_tuning__20260803T194905.205Z__pid9032,20260803T194905.205Z,workspace_tuning,compressed,dense_compressed__N65536__q16__skewed__r128-256__fp32__q8__w2,dense__N65536__fp32,dense_compressed,65536,16,4096,16,skewed,b32_b16,128,256,,168.8984375,,172.3125,,94,,17,q8,fp32,Float32,fp32,20260802,random,1,4,1,one_or_more_tile_stripes,2,dense,compressed_tlr,17179869184,1445462016,18625331200,1445462016,34359738368,0.584136962890625,27.092081,27.092081,1087.8236715,1086.054814,10678.358262,10662.356757,9.8162584081992,9.81751254131451,4.6426448986112e13,4.7364899340288e13,1.9813202756619515,43540.971373583496,52718.77376737072,false,1086.05481;1088.23825;1088.20191;1087.44543,,NVIDIA H100 80GB HBM3,1.12.6
workspace_tuning__20260803T194905.205Z__pid9032,20260803T194905.205Z,workspace_tuning,compressed,dense_compressed__N65536__q16__skewed__r128-256__fp32__q8__w4,dense__N65536__fp32,dense_compressed,65536,16,4096,16,skewed,b32_b16,128,256,,168.8984375,,172.3125,,94,,17,q8,fp32,Float32,fp32,20260802,random,1,4,1,one_or_more_tile_stripes,4,dense,compressed_tlr,17179869184,1445462016,18625331200,2890924032,34359738368,0.6262054443359375,13.419025,13.419025,1094.3198830000001,1093.669569,10678.358262,10662.356757,9.757986150014966,9.749157386493946,4.6426448986112e13,4.7364899340288e13,1.9813202756619515,43282.4990901568,52718.77376737072,false,1093.66957;1094.20788;1095.00684;1094.43188,,NVIDIA H100 80GB HBM3,1.12.6
workspace_tuning__20260803T194905.205Z__pid9032,20260803T194905.205Z,workspace_tuning,compressed,dense_compressed__N65536__q16__skewed__r128-256__fp32__q8__w8,dense__N65536__fp32,dense_compressed,65536,16,4096,16,skewed,b32_b16,128,256,,168.8984375,,172.3125,,94,,17,q8,fp32,Float32,fp32,20260802,random,1,4,1,one_or_more_tile_stripes,8,dense,compressed_tlr,17179869184,1445462016,18625331200,5781848064,34359738368,0.7103424072265625,6.764179,6.764179,1096.8876085,1095.473936,10678.358262,10662.356757,9.735143490774515,9.733099443636602,4.6426448986112e13,4.7364899340288e13,1.9813202756619515,43181.17824766,52718.77376737072,false,1097.23304;1097.15697;1096.61825;1095.47394,,NVIDIA H100 80GB HBM3,1.12.6
workspace_tuning__20260803T194905.205Z__pid9032,20260803T194905.205Z,workspace_tuning,compressed,dense_compressed__N65536__q16__skewed__r128-256__fp32__q8__w16,dense__N65536__fp32,dense_compressed,65536,16,4096,16,skewed,b32_b16,128,256,,168.8984375,,172.3125,,94,,17,q8,fp32,Float32,fp32,20260802,random,1,4,1,one_or_more_tile_stripes,16,dense,compressed_tlr,17179869184,1445462016,18625331200,11563696128,34359738368,0.8786163330078125,3.329491,3.329491,1095.674567,1094.888396,10678.358262,10662.356757,9.745921447494911,9.738304649088635,4.6426448986112e13,4.7364899340288e13,1.9813202756619515,43228.98492567456,52718.77376737072,false,1095.738;1094.8884;1096.29054;1095.61114,,NVIDIA H100 80GB HBM3,1.12.6
workspace_tuning__20260803T194905.205Z__pid9032,20260803T194905.205Z,workspace_tuning,compressed,compressed_compressed__N65536__q16__skewed__r128-256__fp32__q8__w1,dense__N65536__fp32,compressed_compressed,65536,16,4096,16,skewed,b32_b16,128,256,168.8984375,169.11328125,172.3125,172.625,94,97,17,17,q8,fp32,Float32,fp32,20260802,random,1,4,1,tlr_tlr_runs,1,compressed_tlr,compressed_tlr,1445462016,1448083456,2893545472,12050961408,34359738368,0.4349423944950104,43.32185,43.32185,563.482289,563.208503,10678.358262,10662.356757,18.950654653140305,18.931455580314633,2.512995385344e13,2.5678288257024e13,2.135400919623252,45570.710487803815,52718.77376737072,false,563.29252;563.672058;563.208503;563.772056,,NVIDIA H100 80GB HBM3,1.12.6
workspace_tuning__20260803T194905.205Z__pid9032,20260803T194905.205Z,workspace_tuning,compressed,compressed_compressed__N65536__q16__skewed__r128-256__fp32__q8__w2,dense__N65536__fp32,compressed_compressed,65536,16,4096,16,skewed,b32_b16,128,256,168.8984375,169.11328125,172.3125,172.625,94,97,17,17,q8,fp32,Float32,fp32,20260802,random,1,4,1,tlr_tlr_runs,2,compressed_tlr,compressed_tlr,1445462016,1448083456,2893545472,6038204928,34359738368,0.25994814932346344,44.809365,44.809365,536.9231325000001,534.555927,10678.358262,10662.356757,19.888057741673105,19.94619499747872,2.5044859813888e13,2.5600978845696e13,2.1722569092372574,47680.901224154266,52718.77376737072,false,535.879617;538.496812;534.555927;537.966648,,NVIDIA H100 80GB HBM3,1.12.6
workspace_tuning__20260803T194905.205Z__pid9032,20260803T194905.205Z,workspace_tuning,compressed,compressed_compressed__N65536__q16__skewed__r128-256__fp32__q8__w4,dense__N65536__fp32,compressed_compressed,65536,16,4096,16,skewed,b32_b16,128,256,168.8984375,169.11328125,172.3125,172.625,94,97,17,17,q8,fp32,Float32,fp32,20260802,random,1,4,1,tlr_tlr_runs,4,compressed_tlr,compressed_tlr,1445462016,1448083456,2893545472,3023110912,34359738368,0.1721973642706871,47.895733,47.895733,533.056171,533.02104,10678.358262,10662.356757,20.032332131091678,20.003632046119606,2.4842459480064e13,2.5394820415488e13,2.1750928984208198,47640.04582828102,52718.77376737072,false,533.02104;533.08926;533.023082;533.110001,,NVIDIA H100 80GB HBM3,1.12.6
workspace_tuning__20260803T194905.205Z__pid9032,20260803T194905.205Z,workspace_tuning,compressed,compressed_compressed__N65536__q16__skewed__r128-256__fp32__q8__w8,dense__N65536__fp32,compressed_compressed,65536,16,4096,16,skewed,b32_b16,128,256,168.8984375,169.11328125,172.3125,172.625,94,97,17,17,q8,fp32,Float32,fp32,20260802,random,1,4,1,tlr_tlr_runs,8,compressed_tlr,compressed_tlr,1445462016,1448083456,2893545472,1513008896,34359738368,0.12824761122465134,52.196066,52.196066,535.811146,535.511432,10678.358262,10662.356757,19.929332082240784,19.910605301512966,2.4685156302848e13,2.5240201592832e13,2.1990525231843954,47106.525837056775,52718.77376737072,false,535.806364;535.832042;535.815928;535.511432,,NVIDIA H100 80GB HBM3,1.12.6
workspace_tuning__20260803T194905.205Z__pid9032,20260803T194905.205Z,workspace_tuning,compressed,compressed_compressed__N65536__q16__skewed__r128-256__fp32__q8__w16,dense__N65536__fp32,compressed_compressed,65536,16,4096,16,skewed,b32_b16,128,256,168.8984375,169.11328125,172.3125,172.625,94,97,17,17,q8,fp32,Float32,fp32,20260802,random,1,4,1,tlr_tlr_runs,16,compressed_tlr,compressed_tlr,1445462016,1448083456,2893545472,757457664,34359738368,0.10625817626714706,57.885287,57.885287,547.5651985,547.079726,10678.358262,10662.356757,19.501528386486747,19.489584881820313,2.4519363854336e13,2.5067329159168e13,2.185974027598349,45779.624468168244,52718.77376737072,false,547.269972;547.860425;548.018761;547.079726,,NVIDIA H100 80GB HBM3,1.12.6
workspace_tuning__20260803T194905.205Z__pid9032,20260803T194905.205Z,workspace_tuning,compressed,compressed_compressed__N65536__q16__skewed__r128-256__fp32__q8__w32,dense__N65536__fp32,compressed_compressed,65536,16,4096,16,skewed,b32_b16,128,256,168.8984375,169.11328125,172.3125,172.625,94,97,17,17,q8,fp32,Float32,fp32,20260802,random,1,4,1,tlr_tlr_runs,32,compressed_tlr,compressed_tlr,1445462016,1448083456,2893545472,390264064,34359738368,0.09557143598794937,69.398661,69.398661,550.6884885,550.424238,10678.358262,10662.356757,19.390923335053518,19.37116140768496,2.4456919056384e13,2.500344152064e13,2.1857889595112465,45403.966203735166,52718.77376737072,false,551.507709;550.842103;550.424238;550.534874,,NVIDIA H100 80GB HBM3,1.12.6
workspace_tuning__20260803T194905.205Z__pid9032,20260803T194905.205Z,workspace_tuning,compressed,compressed_compressed__N65536__q16__skewed__r128-256__fp32__q8__w64,dense__N65536__fp32,compressed_compressed,65536,16,4096,16,skewed,b32_b16,128,256,168.8984375,169.11328125,172.3125,172.625,94,97,17,17,q8,fp32,Float32,fp32,20260802,random,1,4,1,tlr_tlr_runs,64,compressed_tlr,compressed_tlr,1445462016,1448083456,2893545472,197345536,34359738368,0.08995676785707474,92.5464,92.5464,572.3487855,572.266592,10678.358262,10662.356757,18.657082066962822,18.631800119130492,2.4443899936768e13,2.4988409135104e13,2.1790470749539126,43659.40798367257,52718.77376737072,false,572.294645;572.402926;572.403237;572.266592,,NVIDIA H100 80GB HBM3,1.12.6
workspace_tuning__20260803T194905.205Z__pid9032,20260803T194905.205Z,workspace_tuning,compressed,compressed_dense__N65536__q8__skewed__r256-512__fp32__q8__w1,dense__N65536__fp32,compressed_dense,65536,8,8192,8,skewed,b32_b16,256,512,341.84375,,345.625,,48,,28,,q8,fp32,Float32,fp32,20260802,random,1,4,1,one_or_more_tile_stripes,1,compressed_tlr,dense,1449656320,17179869184,18629525504,724828160,34359738368,0.5632858276367188,8.81704,8.81704,1162.9748615,1161.970364,10678.358262,10662.356757,9.181933862462941,9.176100430217168,4.6982647250944e13,4.750233829376e13,1.0940325497287522,40845.54177937405,52718.77376737072,false,1163.61159;1163.18575;1161.97036;1162.76397,,NVIDIA H100 80GB HBM3,1.12.6
workspace_tuning__20260803T194905.205Z__pid9032,20260803T194905.205Z,workspace_tuning,compressed,compressed_dense__N65536__q8__skewed__r256-512__fp32__q8__w2,dense__N65536__fp32,compressed_dense,65536,8,8192,8,skewed,b32_b16,256,512,341.84375,,345.625,,48,,28,,q8,fp32,Float32,fp32,20260802,random,1,4,1,one_or_more_tile_stripes,2,compressed_tlr,dense,1449656320,17179869184,18629525504,1449656320,34359738368,0.584381103515625,27.975982,27.975982,1160.694243,1159.96554,10678.358262,10662.356757,9.19997521000886,9.191959924085332,4.6982647250944e13,4.750233829376e13,1.0940325497287522,40925.79814213828,52718.77376737072,false,1159.96554;1160.5051;1160.88339;1161.16948,,NVIDIA H100 80GB HBM3,1.12.6
workspace_tuning__20260803T194905.205Z__pid9032,20260803T194905.205Z,workspace_tuning,compressed,compressed_dense__N65536__q8__skewed__r256-512__fp32__q8__w4,dense__N65536__fp32,compressed_dense,65536,8,8192,8,skewed,b32_b16,256,512,341.84375,,345.625,,48,,28,,q8,fp32,Float32,fp32,20260802,random,1,4,1,one_or_more_tile_stripes,4,compressed_tlr,dense,1449656320,17179869184,18629525504,2899312640,34359738368,0.6265716552734375,2.107323,2.107323,1158.6086205000001,1158.07384,10678.358262,10662.356757,9.216536173700943,9.20697488253426,4.6982647250944e13,4.750233829376e13,1.0940325497287522,40999.4690642473,52718.77376737072,false,1160.23974;1158.96629;1158.07384;1158.25095,,NVIDIA H100 80GB HBM3,1.12.6
workspace_tuning__20260803T194905.205Z__pid9032,20260803T194905.205Z,workspace_tuning,compressed,compressed_dense__N65536__q8__skewed__r256-512__fp32__q8__w8,dense__N65536__fp32,compressed_dense,65536,8,8192,8,skewed,b32_b16,256,512,341.84375,,345.625,,48,,28,,q8,fp32,Float32,fp32,20260802,random,1,4,1,one_or_more_tile_stripes,8,compressed_tlr,dense,1449656320,17179869184,18629525504,5798625280,34359738368,0.7109527587890625,1.155588,1.155588,1156.9829525,1154.130684,10678.358262,10662.356757,9.229486259003457,9.238431058817598,4.6982647250944e13,4.750233829376e13,1.0940325497287522,41057.07710828177,52718.77376737072,false,1156.62572;1157.34019;1154.13068;1158.47032,,NVIDIA H100 80GB HBM3,1.12.6
workspace_tuning__20260803T194905.205Z__pid9032,20260803T194905.205Z,workspace_tuning,compressed,dense_compressed__N65536__q8__skewed__r256-512__fp32__q8__w1,dense__N65536__fp32,dense_compressed,65536,8,8192,8,skewed,b32_b16,256,512,,341.84375,,345.625,,48,,28,q8,fp32,Float32,fp32,20260802,random,1,4,1,one_or_more_tile_stripes,1,dense,compressed_tlr,17179869184,1449656320,18629525504,724828160,34359738368,0.5632858276367188,8.290022,8.290022,996.9852675,996.889741,10678.358262,10662.356757,10.71064800062354,10.695622914430214,4.6982647250944e13,4.750233829376e13,1.0940325497287522,47645.97817265138,52718.77376737072,false,996.889741;997.042839;996.927696;997.570236,,NVIDIA H100 80GB HBM3,1.12.6
workspace_tuning__20260803T194905.205Z__pid9032,20260803T194905.205Z,workspace_tuning,compressed,dense_compressed__N65536__q8__skewed__r256-512__fp32__q8__w2,dense__N65536__fp32,dense_compressed,65536,8,8192,8,skewed,b32_b16,256,512,,341.84375,,345.625,,48,,28,q8,fp32,Float32,fp32,20260802,random,1,4,1,one_or_more_tile_stripes,2,dense,compressed_tlr,17179869184,1449656320,18629525504,1449656320,34359738368,0.584381103515625,4.217189,4.217189,1000.0923395,999.795262,10678.358262,10662.356757,10.67737231877877,10.664540193630163,4.6982647250944e13,4.750233829376e13,1.0940325497287522,47497.95235658837,52718.77376737072,false,999.795262;1000.27117;1000.31259;999.913506,,NVIDIA H100 80GB HBM3,1.12.6
workspace_tuning__20260803T194905.205Z__pid9032,20260803T194905.205Z,workspace_tuning,compressed,dense_compressed__N65536__q8__skewed__r256-512__fp32__q8__w4,dense__N65536__fp32,dense_compressed,65536,8,8192,8,skewed,b32_b16,256,512,,341.84375,,345.625,,48,,28,q8,fp32,Float32,fp32,20260802,random,1,4,1,one_or_more_tile_stripes,4,dense,compressed_tlr,17179869184,1449656320,18629525504,2899312640,34359738368,0.6265716552734375,7.09866,7.09866,1008.0324780000001,1007.529727,10678.358262,10662.356757,10.593268069285362,10.582672124968477,4.6982647250944e13,4.750233829376e13,1.0940325497287522,47123.81726827654,52718.77376737072,false,1007.52973;1007.89624;1008.8308;1008.16872,,NVIDIA H100 80GB HBM3,1.12.6
workspace_tuning__20260803T194905.205Z__pid9032,20260803T194905.205Z,workspace_tuning,compressed,dense_compressed__N65536__q8__skewed__r256-512__fp32__q8__w8,dense__N65536__fp32,dense_compressed,65536,8,8192,8,skewed,b32_b16,256,512,,341.84375,,345.625,,48,,28,q8,fp32,Float32,fp32,20260802,random,1,4,1,one_or_more_tile_stripes,8,dense,compressed_tlr,17179869184,1449656320,18629525504,5798625280,34359738368,0.7109527587890625,1.000877,1.000877,1003.3806950000001,1002.869408,10678.358262,10662.356757,10.642379622422373,10.63184964258078,4.6982647250944e13,4.750233829376e13,1.0940325497287522,47342.288455888614,52718.77376737072,false,1003.29674;1003.46465;1004.05865;1002.86941,,NVIDIA H100 80GB HBM3,1.12.6
workspace_tuning__20260803T194905.205Z__pid9032,20260803T194905.205Z,workspace_tuning,compressed,compressed_compressed__N65536__q8__skewed__r256-512__fp32__q8__w1,dense__N65536__fp32,compressed_compressed,65536,8,8192,8,skewed,b32_b16,256,512,341.84375,344.34375,345.625,347.875,48,53,28,25,q8,fp32,Float32,fp32,20260802,random,1,4,1,tlr_tlr_runs,1,compressed_tlr,compressed_tlr,1449656320,1459093504,2908749824,6045046016,34359738368,0.26058975607156754,6.446784,6.446784,554.4713775,553.498047,10678.358262,10662.356757,19.258628479880368,19.26358514685057,2.5467833810944e13,2.5769847816192e13,1.1719665843670026,46476.42576679623,52718.77376737072,false,553.498047;554.446946;554.941496;554.495809,,NVIDIA H100 80GB HBM3,1.12.6
workspace_tuning__20260803T194905.205Z__pid9032,20260803T194905.205Z,workspace_tuning,compressed,compressed_compressed__N65536__q8__skewed__r256-512__fp32__q8__w2,dense__N65536__fp32,compressed_compressed,65536,8,8192,8,skewed,b32_b16,256,512,341.84375,344.34375,345.625,347.875,48,53,28,25,q8,fp32,Float32,fp32,20260802,random,1,4,1,tlr_tlr_runs,2,compressed_tlr,compressed_tlr,1449656320,1459093504,2908749824,3047688192,34359738368,0.17335516214370728,11.686893,11.686893,519.766685,519.132566,10678.358262,10662.356757,20.544522321587422,20.53879385598013,2.4939552833536e13,2.5250156773376e13,1.230106975682241,48579.79070623966,52718.77376737072,false,519.673777;519.132566;519.859593;520.122426,,NVIDIA H100 80GB HBM3,1.12.6
workspace_tuning__20260803T194905.205Z__pid9032,20260803T194905.205Z,workspace_tuning,compressed,compressed_compressed__N65536__q8__skewed__r256-512__fp32__q8__w4,dense__N65536__fp32,compressed_compressed,65536,8,8192,8,skewed,b32_b16,256,512,341.84375,344.34375,345.625,347.875,48,53,28,25,q8,fp32,Float32,fp32,20260802,random,1,4,1,tlr_tlr_runs,4,compressed_tlr,compressed_tlr,1449656320,1459093504,2908749824,1531081984,34359738368,0.12921611219644547,8.29618,8.29618,523.7415289999999,523.504395,10678.358262,10662.356757,20.38860329137658,20.367272670175,2.4512740458496e13,2.480562765824e13,1.180728840161833,47362.34628100306,52718.77376737072,false,523.504395;523.610784;523.872274;524.208738,,NVIDIA H100 80GB HBM3,1.12.6
workspace_tuning__20260803T194905.205Z__pid9032,20260803T194905.205Z,workspace_tuning,compressed,compressed_compressed__N65536__q8__skewed__r256-512__fp32__q8__w8,dense__N65536__fp32,compressed_compressed,65536,8,8192,8,skewed,b32_b16,256,512,341.84375,344.34375,345.625,347.875,48,53,28,25,q8,fp32,Float32,fp32,20260802,random,1,4,1,tlr_tlr_runs,8,compressed_tlr,compressed_tlr,1449656320,1459093504,2908749824,766411776,34359738368,0.10696128010749817,17.661781,17.661781,524.7588845,523.399455,10678.358262,10662.356757,20.34907569440113,20.371356246444698,2.4504955830272e13,2.4795963981824e13,1.1736109625151718,47252.10894799819,52718.77376737072,false,524.812951;524.828343;523.399455;524.704818,,NVIDIA H100 80GB HBM3,1.12.6
workspace_tuning__20260803T194905.205Z__pid9032,20260803T194905.205Z,workspace_tuning,compressed,compressed_compressed__N65536__q8__skewed__r256-512__fp32__q8__w16,dense__N65536__fp32,compressed_compressed,65536,8,8192,8,skewed,b32_b16,256,512,341.84375,344.34375,345.625,347.875,48,53,28,25,q8,fp32,Float32,fp32,20260802,random,1,4,1,tlr_tlr_runs,16,compressed_tlr,compressed_tlr,1449656320,1459093504,2908749824,406647552,34359738368,0.0964907631278038,15.674037,15.674037,526.2718454999999,525.661367,10678.358262,10662.356757,20.290574829924093,20.283698643959884,2.4346310475776e13,2.4642418900992e13,1.201620775970495,46824.50545607233,52718.77376737072,false,525.707597;525.661367;527.762691;526.836094,,NVIDIA H100 80GB HBM3,1.12.6
workspace_tuning__20260803T194905.205Z__pid9032,20260803T194905.205Z,workspace_tuning,compressed,compressed_compressed__N65536__q8__skewed__r256-512__fp32__q8__w32,dense__N65536__fp32,compressed_compressed,65536,8,8192,8,skewed,b32_b16,256,512,341.84375,344.34375,345.625,347.875,48,53,28,25,q8,fp32,Float32,fp32,20260802,random,1,4,1,tlr_tlr_runs,32,compressed_tlr,compressed_tlr,1449656320,1459093504,2908749824,213149184,34359738368,0.09085921943187714,26.088567,26.088567,546.735637,546.300422,10678.358262,10662.356757,19.531118038314375,19.51738700469098,2.4340404895744e13,2.46338289664e13,1.1911427616722676,45056.19772943391,52718.77376737072,false,546.300422;546.882762;546.588512;547.015781,,NVIDIA H100 80GB HBM3,1.12.6
workspace_tuning__20260803T194905.205Z__pid9032,20260803T194905.205Z,workspace_tuning,compressed,compressed_compressed__N65536__q8__skewed__r256-512__fp32__q8__w64,dense__N65536__fp32,compressed_compressed,65536,8,8192,8,skewed,b32_b16,256,512,341.84375,344.34375,345.625,347.875,48,53,28,25,q8,fp32,Float32,fp32,20260802,random,1,4,1,tlr_tlr_runs,64,compressed_tlr,compressed_tlr,1449656320,1459093504,2908749824,109607680,34359738368,0.08784576505422592,43.455397,43.455397,579.014908,567.221236,10678.358262,10662.356757,18.44228553438213,18.797527455407188,2.4180685799424e13,2.4469546467328e13,1.1804904855498235,42260.65016503513,52718.77376737072,false,567.221236;576.033308;586.167938;581.996508,,NVIDIA H100 80GB HBM3,1.12.6
workspace_tuning__20260803T194905.205Z__pid9032,20260803T194905.205Z,workspace_tuning,baseline,dense__N65536__tf32,dense__N65536__tf32,dense_dense,65536,,,,,,,,,,,,,,,,,tf32,Float32,tf32,20260802,random,1,4,0,none,0,dense,dense,17179869184,17179869184,34359738368,0,34359738368,1.0,,,1672.421625,1668.017522,1672.421625,1668.017522,1.0,1.0,5.62949953421312e14,5.62949953421312e14,0.0,336607.67416907323,336607.67416907323,false,1710.52044;1674.6244;1668.01752;1670.21885,1710.52044;1674.6244;1668.01752;1670.21885,NVIDIA H100 80GB HBM3,1.12.6
workspace_tuning__20260803T194905.205Z__pid9032,20260803T194905.205Z,workspace_tuning,compressed,compressed_dense__N65536__q16__skewed__r128-256__tf32__q8__w1,dense__N65536__tf32,compressed_dense,65536,16,4096,16,skewed,b32_b16,128,256,168.8984375,,172.3125,,94,,17,,q8,tf32,Float32,tf32,20260802,random,1,4,1,one_or_more_tile_stripes,1,compressed_tlr,dense,1445462016,17179869184,18625331200,722731008,34359738368,0.5631027221679688,55.73164,55.73164,358.125633,355.580631,1672.421625,1668.017522,4.6699299656107,4.690968451540884,4.6426448986112e13,4.7364899340288e13,1.9813202756619515,132257.774858266,336607.67416907323,false,355.580631;372.410478;356.594808;359.656458,,NVIDIA H100 80GB HBM3,1.12.6
workspace_tuning__20260803T194905.205Z__pid9032,20260803T194905.205Z,workspace_tuning,compressed,compressed_dense__N65536__q16__skewed__r128-256__tf32__q8__w2,dense__N65536__tf32,compressed_dense,65536,16,4096,16,skewed,b32_b16,128,256,168.8984375,,172.3125,,94,,17,,q8,tf32,Float32,tf32,20260802,random,1,4,1,one_or_more_tile_stripes,2,compressed_tlr,dense,1445462016,17179869184,18625331200,1445462016,34359738368,0.584136962890625,28.139624,28.139624,371.82509600000003,368.739706,1672.421625,1668.017522,4.497871830039142,4.523563627292147,4.6426448986112e13,4.7364899340288e13,1.9813202756619515,127384.8910410501,336607.67416907323,false,368.739706;381.881534;368.967206;374.682986,,NVIDIA H100 80GB HBM3,1.12.6
workspace_tuning__20260803T194905.205Z__pid9032,20260803T194905.205Z,workspace_tuning,compressed,compressed_dense__N65536__q16__skewed__r128-256__tf32__q8__w4,dense__N65536__tf32,compressed_dense,65536,16,4096,16,skewed,b32_b16,128,256,168.8984375,,172.3125,,94,,17,,q8,tf32,Float32,tf32,20260802,random,1,4,1,one_or_more_tile_stripes,4,compressed_tlr,dense,1445462016,17179869184,18625331200,2890924032,34359738368,0.6262054443359375,14.013192,14.013192,386.28155100000004,377.212569,1672.421625,1668.017522,4.329540514348819,4.42195636911558,4.6426448986112e13,4.7364899340288e13,1.9813202756619515,122617.55503898759,336607.67416907323,false,387.987518;390.044586;377.212569;384.575584,,NVIDIA H100 80GB HBM3,1.12.6
workspace_tuning__20260803T194905.205Z__pid9032,20260803T194905.205Z,workspace_tuning,compressed,compressed_dense__N65536__q16__skewed__r128-256__tf32__q8__w8,dense__N65536__tf32,compressed_dense,65536,16,4096,16,skewed,b32_b16,128,256,168.8984375,,172.3125,,94,,17,,q8,tf32,Float32,tf32,20260802,random,1,4,1,one_or_more_tile_stripes,8,compressed_tlr,dense,1445462016,17179869184,18625331200,5781848064,34359738368,0.7103424072265625,7.029686,7.029686,409.292548,396.391448,1672.421625,1668.017522,4.086127717624607,4.208005824585801,4.6426448986112e13,4.7364899340288e13,1.9813202756619515,115723.82534628507,336607.67416907323,false,421.921721;396.663375;424.931222;396.391448,,NVIDIA H100 80GB HBM3,1.12.6
workspace_tuning__20260803T194905.205Z__pid9032,20260803T194905.205Z,workspace_tuning,compressed,compressed_dense__N65536__q16__skewed__r128-256__tf32__q8__w16,dense__N65536__tf32,compressed_dense,65536,16,4096,16,skewed,b32_b16,128,256,168.8984375,,172.3125,,94,,17,,q8,tf32,Float32,tf32,20260802,random,1,4,1,one_or_more_tile_stripes,16,compressed_tlr,dense,1445462016,17179869184,18625331200,11563696128,34359738368,0.8786163330078125,3.579835,3.579835,434.75434,422.899802,1672.421625,1668.017522,3.8468198500330093,3.944238124755613,4.6426448986112e13,4.7364899340288e13,1.9813202756619515,108946.35195657391,336607.67416907323,false,448.880597;422.899802;440.613711;428.894969,,NVIDIA H100 80GB HBM3,1.12.6
workspace_tuning__20260803T194905.205Z__pid9032,20260803T194905.205Z,workspace_tuning,compressed,dense_compressed__N65536__q16__skewed__r128-256__tf32__q8__w1,dense__N65536__tf32,dense_compressed,65536,16,4096,16,skewed,b32_b16,128,256,,168.8984375,,172.3125,,94,,17,q8,tf32,Float32,tf32,20260802,random,1,4,1,one_or_more_tile_stripes,1,dense,compressed_tlr,17179869184,1445462016,18625331200,722731008,34359738368,0.5631027221679688,199.05601,199.05601,323.376598,322.75318,1672.421625,1668.017522,5.171745993196453,5.168090123852537,4.6426448986112e13,4.7364899340288e13,1.9813202756619515,146469.78053831836,336607.67416907323,false,323.798494;360.367097;322.75318;322.954702,,NVIDIA H100 80GB HBM3,1.12.6
workspace_tuning__20260803T194905.205Z__pid9032,20260803T194905.205Z,workspace_tuning,compressed,dense_compressed__N65536__q16__skewed__r128-256__tf32__q8__w2,dense__N65536__tf32,dense_compressed,65536,16,4096,16,skewed,b32_b16,128,256,,168.8984375,,172.3125,,94,,17,q8,tf32,Float32,tf32,20260802,random,1,4,1,one_or_more_tile_stripes,2,dense,compressed_tlr,17179869184,1445462016,18625331200,1445462016,34359738368,0.584136962890625,26.979799,26.979799,347.242714,339.802664,1672.421625,1668.017522,4.81629004028577,4.9087829458570695,4.6426448986112e13,4.7364899340288e13,1.9813202756619515,136402.86010518856,336607.67416907323,false,349.954501;378.390228;339.802664;344.530927,,NVIDIA H100 80GB HBM3,1.12.6
workspace_tuning__20260803T194905.205Z__pid9032,20260803T194905.205Z,workspace_tuning,compressed,dense_compressed__N65536__q16__skewed__r128-256__tf32__q8__w4,dense__N65536__tf32,dense_compressed,65536,16,4096,16,skewed,b32_b16,128,256,,168.8984375,,172.3125,,94,,17,q8,tf32,Float32,tf32,20260802,random,1,4,1,one_or_more_tile_stripes,4,dense,compressed_tlr,17179869184,1445462016,18625331200,2890924032,34359738368,0.6262054443359375,13.609339,13.609339,363.3101885,354.915561,1672.421625,1668.017522,4.603288533979553,4.699758774453961,4.6426448986112e13,4.7364899340288e13,1.9813202756619515,130370.41305074218,336607.67416907323,false,362.31496;384.230133;354.915561;364.305417,,NVIDIA H100 80GB HBM3,1.12.6
workspace_tuning__20260803T194905.205Z__pid9032,20260803T194905.205Z,workspace_tuning,compressed,dense_compressed__N65536__q16__skewed__r128-256__tf32__q8__w8,dense__N65536__tf32,dense_compressed,65536,16,4096,16,skewed,b32_b16,128,256,,168.8984375,,172.3125,,94,,17,q8,tf32,Float32,tf32,20260802,random,1,4,1,one_or_more_tile_stripes,8,dense,compressed_tlr,17179869184,1445462016,18625331200,5781848064,34359738368,0.7103424072265625,6.699852,6.699852,376.104667,370.549116,1672.421625,1668.017522,4.446692029482314,4.501474838223605,4.6426448986112e13,4.7364899340288e13,1.9813202756619515,125935.42036607591,336607.67416907323,false,373.450196;382.371571;370.549116;378.759138,,NVIDIA H100 80GB HBM3,1.12.6
workspace_tuning__20260803T194905.205Z__pid9032,20260803T194905.205Z,workspace_tuning,compressed,dense_compressed__N65536__q16__skewed__r128-256__tf32__q8__w16,dense__N65536__tf32,dense_compressed,65536,16,4096,16,skewed,b32_b16,128,256,,168.8984375,,172.3125,,94,,17,q8,tf32,Float32,tf32,20260802,random,1,4,1,one_or_more_tile_stripes,16,dense,compressed_tlr,17179869184,1445462016,18625331200,11563696128,34359738368,0.8786163330078125,3.308529,3.308529,397.0432935,385.101105,1672.421625,1668.017522,4.212189583300441,4.331375579927251,4.6426448986112e13,4.7364899340288e13,1.9813202756619515,119294.04202438191,336607.67416907323,false,411.184132;385.101105;394.200176;399.886411,,NVIDIA H100 80GB HBM3,1.12.6
workspace_tuning__20260803T194905.205Z__pid9032,20260803T194905.205Z,workspace_tuning,compressed,compressed_compressed__N65536__q16__skewed__r128-256__tf32__q8__w1,dense__N65536__tf32,compressed_compressed,65536,16,4096,16,skewed,b32_b16,128,256,168.8984375,169.11328125,172.3125,172.625,94,97,17,17,q8,tf32,Float32,tf32,20260802,random,1,4,1,tlr_tlr_runs,1,compressed_tlr,compressed_tlr,1445462016,1448083456,2893545472,12050961408,34359738368,0.4349423944950104,43.870096,43.870096,212.754039,176.089813,1672.421625,1668.017522,7.860821974806315,9.47253843696228,2.512995385344e13,2.5678288257024e13,2.135400919623252,120694.71572769531,336607.67416907323,false,213.61723;211.890848;216.839741;176.089813,,NVIDIA H100 80GB HBM3,1.12.6
workspace_tuning__20260803T194905.205Z__pid9032,20260803T194905.205Z,workspace_tuning,compressed,compressed_compressed__N65536__q16__skewed__r128-256__tf32__q8__w2,dense__N65536__tf32,compressed_compressed,65536,16,4096,16,skewed,b32_b16,128,256,168.8984375,169.11328125,172.3125,172.625,94,97,17,17,q8,tf32,Float32,tf32,20260802,random,1,4,1,tlr_tlr_runs,2,compressed_tlr,compressed_tlr,1445462016,1448083456,2893545472,6038204928,34359738368,0.25994814932346344,44.807978,44.807978,159.5538715,157.423189,1672.421625,1668.017522,10.481861764162833,10.595754873190886,2.5044859813888e13,2.5600978845696e13,2.1722569092372574,160453.51081121212,336607.67416907323,false,160.583907;158.523836;157.423189;162.26343,,NVIDIA H100 80GB HBM3,1.12.6
workspace_tuning__20260803T194905.205Z__pid9032,20260803T194905.205Z,workspace_tuning,compressed,compressed_compressed__N65536__q16__skewed__r128-256__tf32__q8__w4,dense__N65536__tf32,compressed_compressed,65536,16,4096,16,skewed,b32_b16,128,256,168.8984375,169.11328125,172.3125,172.625,94,97,17,17,q8,tf32,Float32,tf32,20260802,random,1,4,1,tlr_tlr_runs,4,compressed_tlr,compressed_tlr,1445462016,1448083456,2893545472,3023110912,34359738368,0.1721973642706871,145.826271,145.826271,152.78243700000002,152.408989,1672.421625,1668.017522,10.946425897107531,10.94435133350304,2.4842459480064e13,2.5394820415488e13,2.1750928984208198,166215.5736885385,336607.67416907323,false,152.408989;153.203176;152.693033;152.871841,,NVIDIA H100 80GB HBM3,1.12.6
workspace_tuning__20260803T194905.205Z__pid9032,20260803T194905.205Z,workspace_tuning,compressed,compressed_compressed__N65536__q16__skewed__r128-256__tf32__q8__w8,dense__N65536__tf32,compressed_compressed,65536,16,4096,16,skewed,b32_b16,128,256,168.8984375,169.11328125,172.3125,172.625,94,97,17,17,q8,tf32,Float32,tf32,20260802,random,1,4,1,tlr_tlr_runs,8,compressed_tlr,compressed_tlr,1445462016,1448083456,2893545472,1513008896,34359738368,0.12824761122465134,52.1631,52.1631,148.493241,146.724365,1672.421625,1668.017522,11.262611104299353,11.368374448238368,2.4685156302848e13,2.5240201592832e13,2.1990525231843954,169975.42395099316,336607.67416907323,false,149.003293;146.724365;148.51263;148.473852,,NVIDIA H100 80GB HBM3,1.12.6
workspace_tuning__20260803T194905.205Z__pid9032,20260803T194905.205Z,workspace_tuning,compressed,compressed_compressed__N65536__q16__skewed__r128-256__tf32__q8__w16,dense__N65536__tf32,compressed_compressed,65536,16,4096,16,skewed,b32_b16,128,256,168.8984375,169.11328125,172.3125,172.625,94,97,17,17,q8,tf32,Float32,tf32,20260802,random,1,4,1,tlr_tlr_runs,16,compressed_tlr,compressed_tlr,1445462016,1448083456,2893545472,757457664,34359738368,0.10625817626714706,62.81835,62.81835,145.8145835,144.82984,1672.421625,1668.017522,11.46950863800259,11.517084614607047,2.4519363854336e13,2.5067329159168e13,2.185974027598349,171912.3599126695,336607.67416907323,false,146.043856;147.822127;145.585311;144.82984,,NVIDIA H100 80GB HBM3,1.12.6
workspace_tuning__20260803T194905.205Z__pid9032,20260803T194905.205Z,workspace_tuning,compressed,compressed_compressed__N65536__q16__skewed__r128-256__tf32__q8__w32,dense__N65536__tf32,compressed_compressed,65536,16,4096,16,skewed,b32_b16,128,256,168.8984375,169.11328125,172.3125,172.625,94,97,17,17,q8,tf32,Float32,tf32,20260802,random,1,4,1,tlr_tlr_runs,32,compressed_tlr,compressed_tlr,1445462016,1448083456,2893545472,390264064,34359738368,0.09557143598794937,194.268115,194.268115,148.756509,147.614015,1672.421625,1668.017522,11.242678631292698,11.299858770185203,2.4456919056384e13,2.500344152064e13,2.1857889595112465,168083.0081905189,336607.67416907323,false,149.173688;148.33933;150.010239;147.614015,,NVIDIA H100 80GB HBM3,1.12.6
workspace_tuning__20260803T194905.205Z__pid9032,20260803T194905.205Z,workspace_tuning,compressed,compressed_compressed__N65536__q16__skewed__r128-256__tf32__q8__w64,dense__N65536__tf32,compressed_compressed,65536,16,4096,16,skewed,b32_b16,128,256,168.8984375,169.11328125,172.3125,172.625,94,97,17,17,q8,tf32,Float32,tf32,20260802,random,1,4,1,tlr_tlr_runs,64,compressed_tlr,compressed_tlr,1445462016,1448083456,2893545472,197345536,34359738368,0.08995676785707474,98.446105,98.446105,151.08917350000002,148.78701,1672.421625,1668.017522,11.069103008892956,11.210773857207023,2.4443899936768e13,2.4988409135104e13,2.1790470749539126,165388.48255135896,336607.67416907323,false,148.78701;151.447139;150.776196;151.402151,,NVIDIA H100 80GB HBM3,1.12.6
workspace_tuning__20260803T194905.205Z__pid9032,20260803T194905.205Z,workspace_tuning,compressed,compressed_dense__N65536__q8__skewed__r256-512__tf32__q8__w1,dense__N65536__tf32,compressed_dense,65536,8,8192,8,skewed,b32_b16,256,512,341.84375,,345.625,,48,,28,,q8,tf32,Float32,tf32,20260802,random,1,4,1,one_or_more_tile_stripes,1,compressed_tlr,dense,1449656320,17179869184,18629525504,724828160,34359738368,0.5632858276367188,8.562719,8.562719,341.309757,335.512681,1672.421625,1668.017522,4.9000111795807815,4.9715483689869835,4.6982647250944e13,4.750233829376e13,1.0940325497287522,139176.6198285389,336607.67416907323,false,335.512681;354.318202;341.762239;340.857275,,NVIDIA H100 80GB HBM3,1.12.6
workspace_tuning__20260803T194905.205Z__pid9032,20260803T194905.205Z,workspace_tuning,compressed,compressed_dense__N65536__q8__skewed__r256-512__tf32__q8__w2,dense__N65536__tf32,compressed_dense,65536,8,8192,8,skewed,b32_b16,256,512,341.84375,,345.625,,48,,28,,q8,tf32,Float32,tf32,20260802,random,1,4,1,one_or_more_tile_stripes,2,compressed_tlr,dense,1449656320,17179869184,18629525504,1449656320,34359738368,0.584381103515625,4.641063,4.641063,369.172361,366.026125,1672.421625,1668.017522,4.530191860706495,4.5570996387211435,4.6982647250944e13,4.750233829376e13,1.0940325497287522,128672.52078429566,336607.67416907323,false,371.543278;374.997766;366.801444;366.026125,,NVIDIA H100 80GB HBM3,1.12.6
workspace_tuning__20260803T194905.205Z__pid9032,20260803T194905.205Z,workspace_tuning,compressed,compressed_dense__N65536__q8__skewed__r256-512__tf32__q8__w4,dense__N65536__tf32,compressed_dense,65536,8,8192,8,skewed,b32_b16,256,512,341.84375,,345.625,,48,,28,,q8,tf32,Float32,tf32,20260802,random,1,4,1,one_or_more_tile_stripes,4,compressed_tlr,dense,1449656320,17179869184,18629525504,2899312640,34359738368,0.6265716552734375,2.074764,2.074764,418.92609649999997,382.658685,1672.421625,1668.017522,3.9921638660674845,4.359021727156147,4.6982647250944e13,4.750233829376e13,1.0940325497287522,113390.73571837031,336607.67416907323,false,427.989264;409.862929;431.163122;382.658685,,NVIDIA H100 80GB HBM3,1.12.6
workspace_tuning__20260803T194905.205Z__pid9032,20260803T194905.205Z,workspace_tuning,compressed,compressed_dense__N65536__q8__skewed__r256-512__tf32__q8__w8,dense__N65536__tf32,compressed_dense,65536,8,8192,8,skewed,b32_b16,256,512,341.84375,,345.625,,48,,28,,q8,tf32,Float32,tf32,20260802,random,1,4,1,one_or_more_tile_stripes,8,compressed_tlr,dense,1449656320,17179869184,18629525504,5798625280,34359738368,0.7109527587890625,1.291321,1.291321,454.752984,445.203674,1672.421625,1668.017522,3.677648490152623,3.7466391663245804,4.6982647250944e13,4.750233829376e13,1.0940325497287522,104457.4526502942,336607.67416907323,false,459.966658;453.540245;455.965723;445.203674,,NVIDIA H100 80GB HBM3,1.12.6
workspace_tuning__20260803T194905.205Z__pid9032,20260803T194905.205Z,workspace_tuning,compressed,dense_compressed__N65536__q8__skewed__r256-512__tf32__q8__w1,dense__N65536__tf32,dense_compressed,65536,8,8192,8,skewed,b32_b16,256,512,,341.84375,,345.625,,48,,28,q8,tf32,Float32,tf32,20260802,random,1,4,1,one_or_more_tile_stripes,1,dense,compressed_tlr,17179869184,1449656320,18629525504,724828160,34359738368,0.5632858276367188,8.55728,8.55728,311.879826,304.308541,1672.421625,1668.017522,5.362391169860406,5.481336529427217,4.6982647250944e13,4.750233829376e13,1.0940325497287522,152309.74988988225,336607.67416907323,false,304.308541;325.997314;314.934606;308.825046,,NVIDIA H100 80GB HBM3,1.12.6
workspace_tuning__20260803T194905.205Z__pid9032,20260803T194905.205Z,workspace_tuning,compressed,dense_compressed__N65536__q8__skewed__r256-512__tf32__q8__w2,dense__N65536__tf32,dense_compressed,65536,8,8192,8,skewed,b32_b16,256,512,,341.84375,,345.625,,48,,28,q8,tf32,Float32,tf32,20260802,random,1,4,1,one_or_more_tile_stripes,2,dense,compressed_tlr,17179869184,1449656320,18629525504,1449656320,34359738368,0.584381103515625,4.242386,4.242386,324.4545255,320.668081,1672.421625,1668.017522,5.154564025336734,5.2016949014641725,4.6982647250944e13,4.750233829376e13,1.0940325497287522,146406.76754487125,336607.67416907323,false,323.709181;350.386087;320.668081;325.19987,,NVIDIA H100 80GB HBM3,1.12.6
workspace_tuning__20260803T194905.205Z__pid9032,20260803T194905.205Z,workspace_tuning,compressed,dense_compressed__N65536__q8__skewed__r256-512__tf32__q8__w4,dense__N65536__tf32,dense_compressed,65536,8,8192,8,skewed,b32_b16,256,512,,341.84375,,345.625,,48,,28,q8,tf32,Float32,tf32,20260802,random,1,4,1,one_or_more_tile_stripes,4,dense,compressed_tlr,17179869184,1449656320,18629525504,2899312640,34359738368,0.6265716552734375,2.037108,2.037108,342.8283695,329.290188,1672.421625,1668.017522,4.878305804852594,5.065494153138872,4.6982647250944e13,4.750233829376e13,1.0940325497287522,138560.1149725154,336607.67416907323,false,343.705872;365.760133;329.290188;341.950867,,NVIDIA H100 80GB HBM3,1.12.6
workspace_tuning__20260803T194905.205Z__pid9032,20260803T194905.205Z,workspace_tuning,compressed,dense_compressed__N65536__q8__skewed__r256-512__tf32__q8__w8,dense__N65536__tf32,dense_compressed,65536,8,8192,8,skewed,b32_b16,256,512,,341.84375,,345.625,,48,,28,q8,tf32,Float32,tf32,20260802,random,1,4,1,one_or_more_tile_stripes,8,dense,compressed_tlr,17179869184,1449656320,18629525504,5798625280,34359738368,0.7109527587890625,1.190511,1.190511,357.2895065,351.453592,1672.421625,1668.017522,4.6808585043065065,4.746053419195101,4.6982647250944e13,4.750233829376e13,1.0940325497287522,132951.95473019022,336607.67416907323,false,358.800102;380.278821;351.453592;355.778911,,NVIDIA H100 80GB HBM3,1.12.6
workspace_tuning__20260803T194905.205Z__pid9032,20260803T194905.205Z,workspace_tuning,compressed,compressed_compressed__N65536__q8__skewed__r256-512__tf32__q8__w1,dense__N65536__tf32,compressed_compressed,65536,8,8192,8,skewed,b32_b16,256,512,341.84375,344.34375,345.625,347.875,48,53,28,25,q8,tf32,Float32,tf32,20260802,random,1,4,1,tlr_tlr_runs,1,compressed_tlr,compressed_tlr,1449656320,1459093504,2908749824,6045046016,34359738368,0.26058975607156754,6.532312,6.532312,214.9353065,179.28627,1672.421625,1668.017522,7.7810465494648735,9.303654552018958,2.5467833810944e13,2.5769847816192e13,1.1719665843670026,119895.83394104682,336607.67416907323,false,219.251303;214.778542;215.092071;179.28627,,NVIDIA H100 80GB HBM3,1.12.6
workspace_tuning__20260803T194905.205Z__pid9032,20260803T194905.205Z,workspace_tuning,compressed,compressed_compressed__N65536__q8__skewed__r256-512__tf32__q8__w2,dense__N65536__tf32,compressed_compressed,65536,8,8192,8,skewed,b32_b16,256,512,341.84375,344.34375,345.625,347.875,48,53,28,25,q8,tf32,Float32,tf32,20260802,random,1,4,1,tlr_tlr_runs,2,compressed_tlr,compressed_tlr,1449656320,1459093504,2908749824,3047688192,34359738368,0.17335516214370728,7.411297,7.411297,152.7156185,150.655031,1672.421625,1668.017522,10.95121534671321,11.071767805749547,2.4939552833536e13,2.5250156773376e13,1.230106975682241,165341.02419508586,336607.67416907323,false,154.152292;151.39573;150.655031;154.035507,,NVIDIA H100 80GB HBM3,1.12.6
workspace_tuning__20260803T194905.205Z__pid9032,20260803T194905.205Z,workspace_tuning,compressed,compressed_compressed__N65536__q8__skewed__r256-512__tf32__q8__w4,dense__N65536__tf32,compressed_compressed,65536,8,8192,8,skewed,b32_b16,256,512,341.84375,344.34375,345.625,347.875,48,53,28,25,q8,tf32,Float32,tf32,20260802,random,1,4,1,tlr_tlr_runs,4,compressed_tlr,compressed_tlr,1449656320,1459093504,2908749824,1531081984,34359738368,0.12921611219644547,8.77754,8.77754,144.701876,144.309078,1672.421625,1668.017522,11.55770520210809,11.558645825455278,2.4512740458496e13,2.480562765824e13,1.180728840161833,171425.75026629234,336607.67416907323,false,144.309078;144.448758;145.838366;144.954994,,NVIDIA H100 80GB HBM3,1.12.6
workspace_tuning__20260803T194905.205Z__pid9032,20260803T194905.205Z,workspace_tuning,compressed,compressed_compressed__N65536__q8__skewed__r256-512__tf32__q8__w8,dense__N65536__tf32,compressed_compressed,65536,8,8192,8,skewed,b32_b16,256,512,341.84375,344.34375,345.625,347.875,48,53,28,25,q8,tf32,Float32,tf32,20260802,random,1,4,1,tlr_tlr_runs,8,compressed_tlr,compressed_tlr,1449656320,1459093504,2908749824,766411776,34359738368,0.10696128010749817,10.738223,10.738223,142.865128,140.51314,1672.421625,1668.017522,11.706297039820662,11.870900628937623,2.4504955830272e13,2.4795963981824e13,1.1736109625151718,173562.04644861972,336607.67416907323,false,140.51314;142.267544;143.552526;143.462712,,NVIDIA H100 80GB HBM3,1.12.6
workspace_tuning__20260803T194905.205Z__pid9032,20260803T194905.205Z,workspace_tuning,compressed,compressed_compressed__N65536__q8__skewed__r256-512__tf32__q8__w16,dense__N65536__tf32,compressed_compressed,65536,8,8192,8,skewed,b32_b16,256,512,341.84375,344.34375,345.625,347.875,48,53,28,25,q8,tf32,Float32,tf32,20260802,random,1,4,1,tlr_tlr_runs,16,compressed_tlr,compressed_tlr,1449656320,1459093504,2908749824,406647552,34359738368,0.0964907631278038,15.393947,15.393947,141.7637105,141.076182,1672.421625,1668.017522,11.797247822460177,11.82352327907485,2.4346310475776e13,2.4642418900992e13,1.201620775970495,173827.41192423855,336607.67416907323,false,141.824812;141.892793;141.702609;141.076182,,NVIDIA H100 80GB HBM3,1.12.6
workspace_tuning__20260803T194905.205Z__pid9032,20260803T194905.205Z,workspace_tuning,compressed,compressed_compressed__N65536__q8__skewed__r256-512__tf32__q8__w32,dense__N65536__tf32,compressed_compressed,65536,8,8192,8,skewed,b32_b16,256,512,341.84375,344.34375,345.625,347.875,48,53,28,25,q8,tf32,Float32,tf32,20260802,random,1,4,1,tlr_tlr_runs,32,compressed_tlr,compressed_tlr,1449656320,1459093504,2908749824,213149184,34359738368,0.09085921943187714,204.187348,204.187348,148.308716,147.041034,1672.421625,1668.017522,11.276623991539378,11.34389140653078,2.4340404895744e13,2.46338289664e13,1.1911427616722676,166098.32267983494,336607.67416907323,false,147.840651;149.082619;147.041034;148.776781,,NVIDIA H100 80GB HBM3,1.12.6
workspace_tuning__20260803T194905.205Z__pid9032,20260803T194905.205Z,workspace_tuning,compressed,compressed_compressed__N65536__q8__skewed__r256-512__tf32__q8__w64,dense__N65536__tf32,compressed_compressed,65536,8,8192,8,skewed,b32_b16,256,512,341.84375,344.34375,345.625,347.875,48,53,28,25,q8,tf32,Float32,tf32,20260802,random,1,4,1,tlr_tlr_runs,64,compressed_tlr,compressed_tlr,1449656320,1459093504,2908749824,109607680,34359738368,0.08784576505422592,43.013593,43.013593,150.975775,148.999874,1672.421625,1668.017522,11.077417055815742,11.194757936506711,2.4180685799424e13,2.4469546467328e13,1.1804904855498235,162075.9785291912,336607.67416907323,false,148.999874;151.809878;151.12918;150.82237,,NVIDIA H100 80GB HBM3,1.12.6
