run_id,timestamp_utc,experiment,record_kind,case_id,baseline_case_id,operand_layout,N,tile_divisor,tile_size,tile_grid,distribution,rank_band,min_rank,max_rank,mean_rank_A,mean_rank_B,mean_execution_rank_A,mean_execution_rank_B,exact_rank_count_A,exact_rank_count_B,execution_rank_count_A,execution_rank_count_B,execution_rank_policy,precision,storage_type,compute_mode,seed,factor_fill,warmup,repetitions,analysis_repetitions,workspace_policy,workspace_parameter,A_storage_kind,B_storage_kind,A_storage_bytes,B_storage_bytes,operand_storage_bytes,workspace_bytes,dense_reference_bytes,memory_ratio,analysis_median_ms,analysis_min_ms,numeric_median_ms,numeric_min_ms,dense_median_ms,dense_min_ms,speedup_median,speedup_best,exact_flops,executed_flops,padding_waste_pct,executed_gflops_median,dense_gflops_median,has_fallback,numeric_samples_ms,dense_samples_ms,gpu_name,julia_version
workspace_tuning__20260803T201151.391Z__pid12447,20260803T201151.391Z,workspace_tuning,baseline,dense__N4096__bf16,dense__N4096__bf16,dense_dense,4096,,,,,,,,,,,,,,,,,bf16,Core.BFloat16,fp32_accumulate,20260802,random,1,4,0,none,0,dense,dense,33554432,33554432,67108864,0,67108864,1.0,,,0.203174,0.198026,0.203174,0.198026,1.0,1.0,1.37438953472e11,1.37438953472e11,0.0,676459.3573587171,676459.3573587171,false,0.289513;0.204787;0.201561;0.198026,0.289513;0.204787;0.201561;0.198026,NVIDIA H100 80GB HBM3,1.12.6
workspace_tuning__20260803T201151.391Z__pid12447,20260803T201151.391Z,workspace_tuning,compressed,compressed_dense__N4096__q16__uniform__r8-16__bf16__q8__w1,dense__N4096__bf16,compressed_dense,4096,16,256,16,uniform,b32_b16,8,16,11.76171875,,14.6875,,9,,2,,q8,bf16,Core.BFloat16,fp32_accumulate,20260802,random,1,4,1,one_or_more_tile_stripes,1,compressed_tlr,dense,3850240,33554432,37404672,1925120,67108864,0.5860595703125,58.37172,58.37172,1.0833355,0.976891,0.203174,0.198026,0.1875448556795194,0.20271043545288064,1.2629049344e10,1.577058304e10,19.920212765957448,14557.432152828002,676459.3573587171,false,37.250772;1.118453;1.048218;0.976891,,NVIDIA H100 80GB HBM3,1.12.6
workspace_tuning__20260803T201151.391Z__pid12447,20260803T201151.391Z,workspace_tuning,compressed,compressed_dense__N4096__q16__uniform__r8-16__bf16__q8__w2,dense__N4096__bf16,compressed_dense,4096,16,256,16,uniform,b32_b16,8,16,11.76171875,,14.6875,,9,,2,,q8,bf16,Core.BFloat16,fp32_accumulate,20260802,random,1,4,1,one_or_more_tile_stripes,2,compressed_tlr,dense,3850240,33554432,37404672,3850240,67108864,0.61474609375,27.476544,27.476544,0.570343,0.548039,0.203174,0.198026,0.3562312503177912,0.36133559837894746,1.2629049344e10,1.577058304e10,19.920212765957448,27651.050403003104,676459.3573587171,false,0.611665;0.549692;0.590994;0.548039,,NVIDIA H100 80GB HBM3,1.12.6
workspace_tuning__20260803T201151.391Z__pid12447,20260803T201151.391Z,workspace_tuning,compressed,compressed_dense__N4096__q16__uniform__r8-16__bf16__q8__w4,dense__N4096__bf16,compressed_dense,4096,16,256,16,uniform,b32_b16,8,16,11.76171875,,14.6875,,9,,2,,q8,bf16,Core.BFloat16,fp32_accumulate,20260802,random,1,4,1,one_or_more_tile_stripes,4,compressed_tlr,dense,3850240,33554432,37404672,7700480,67108864,0.672119140625,13.64653,13.64653,0.523078,0.457384,0.203174,0.198026,0.38842008266453565,0.43295349203295264,1.2629049344e10,1.577058304e10,19.920212765957448,30149.58197439005,676459.3573587171,false,0.525707;0.529983;0.520449;0.457384,,NVIDIA H100 80GB HBM3,1.12.6
workspace_tuning__20260803T201151.391Z__pid12447,20260803T201151.391Z,workspace_tuning,compressed,compressed_dense__N4096__q16__uniform__r8-16__bf16__q8__w8,dense__N4096__bf16,compressed_dense,4096,16,256,16,uniform,b32_b16,8,16,11.76171875,,14.6875,,9,,2,,q8,bf16,Core.BFloat16,fp32_accumulate,20260802,random,1,4,1,one_or_more_tile_stripes,8,compressed_tlr,dense,3850240,33554432,37404672,15400960,67108864,0.786865234375,6.928582,6.928582,0.48883600000000005,0.417965,0.203174,0.198026,0.4156281452266199,0.47378608256672217,1.2629049344e10,1.577058304e10,19.920212765957448,32261.50087145791,676459.3573587171,false,0.50177;0.550974;0.475902;0.417965,,NVIDIA H100 80GB HBM3,1.12.6
workspace_tuning__20260803T201151.391Z__pid12447,20260803T201151.391Z,workspace_tuning,compressed,compressed_dense__N4096__q16__uniform__r8-16__bf16__q8__w16,dense__N4096__bf16,compressed_dense,4096,16,256,16,uniform,b32_b16,8,16,11.76171875,,14.6875,,9,,2,,q8,bf16,Core.BFloat16,fp32_accumulate,20260802,random,1,4,1,one_or_more_tile_stripes,16,compressed_tlr,dense,3850240,33554432,37404672,30801920,67108864,1.016357421875,3.468498,3.468498,0.464129,0.444835,0.203174,0.198026,0.43775329703595334,0.4451673092270168,1.2629049344e10,1.577058304e10,19.920212765957448,33978.87880309138,676459.3573587171,false,0.472737;0.493508;0.455521;0.444835,,NVIDIA H100 80GB HBM3,1.12.6
workspace_tuning__20260803T201151.391Z__pid12447,20260803T201151.391Z,workspace_tuning,compressed,dense_compressed__N4096__q16__uniform__r8-16__bf16__q8__w1,dense__N4096__bf16,dense_compressed,4096,16,256,16,uniform,b32_b16,8,16,,11.76171875,,14.6875,,9,,2,q8,bf16,Core.BFloat16,fp32_accumulate,20260802,random,1,4,1,one_or_more_tile_stripes,1,dense,compressed_tlr,33554432,3850240,37404672,1925120,67108864,0.5860595703125,55.061569,55.061569,0.444019,0.440239,0.203174,0.198026,0.45757951799359936,0.4498147597100666,1.2629049344e10,1.577058304e10,19.920212765957448,35517.81126483326,676459.3573587171,false,0.45471;0.440239;0.443173;0.444865,,NVIDIA H100 80GB HBM3,1.12.6
workspace_tuning__20260803T201151.391Z__pid12447,20260803T201151.391Z,workspace_tuning,compressed,dense_compressed__N4096__q16__uniform__r8-16__bf16__q8__w2,dense__N4096__bf16,dense_compressed,4096,16,256,16,uniform,b32_b16,8,16,,11.76171875,,14.6875,,9,,2,q8,bf16,Core.BFloat16,fp32_accumulate,20260802,random,1,4,1,one_or_more_tile_stripes,2,dense,compressed_tlr,33554432,3850240,37404672,3850240,67108864,0.61474609375,26.676507,26.676507,0.31668850000000004,0.315972,0.203174,0.198026,0.6415578715362256,0.626720089121821,1.2629049344e10,1.577058304e10,19.920212765957448,49798.40770978421,676459.3573587171,false,0.319007;0.316103;0.317274;0.315972,,NVIDIA H100 80GB HBM3,1.12.6
workspace_tuning__20260803T201151.391Z__pid12447,20260803T201151.391Z,workspace_tuning,compressed,dense_compressed__N4096__q16__uniform__r8-16__bf16__q8__w4,dense__N4096__bf16,dense_compressed,4096,16,256,16,uniform,b32_b16,8,16,,11.76171875,,14.6875,,9,,2,q8,bf16,Core.BFloat16,fp32_accumulate,20260802,random,1,4,1,one_or_more_tile_stripes,4,dense,compressed_tlr,33554432,3850240,37404672,7700480,67108864,0.672119140625,13.289546,13.289546,0.273404,0.272768,0.203174,0.198026,0.7431273865781042,0.7259869192867199,1.2629049344e10,1.577058304e10,19.920212765957448,57682.34202864625,676459.3573587171,false,0.273389;0.272768;0.273509;0.273419,,NVIDIA H100 80GB HBM3,1.12.6
workspace_tuning__20260803T201151.391Z__pid12447,20260803T201151.391Z,workspace_tuning,compressed,dense_compressed__N4096__q16__uniform__r8-16__bf16__q8__w8,dense__N4096__bf16,dense_compressed,4096,16,256,16,uniform,b32_b16,8,16,,11.76171875,,14.6875,,9,,2,q8,bf16,Core.BFloat16,fp32_accumulate,20260802,random,1,4,1,one_or_more_tile_stripes,8,dense,compressed_tlr,33554432,3850240,37404672,15400960,67108864,0.786865234375,6.731207,6.731207,0.2499135,0.249554,0.203174,0.198026,0.8129772901423892,0.7935196390360403,1.2629049344e10,1.577058304e10,19.920212765957448,63104.16620150572,676459.3573587171,false,0.25392;0.249874;0.249554;0.249953,,NVIDIA H100 80GB HBM3,1.12.6
workspace_tuning__20260803T201151.391Z__pid12447,20260803T201151.391Z,workspace_tuning,compressed,dense_compressed__N4096__q16__uniform__r8-16__bf16__q8__w16,dense__N4096__bf16,dense_compressed,4096,16,256,16,uniform,b32_b16,8,16,,11.76171875,,14.6875,,9,,2,q8,bf16,Core.BFloat16,fp32_accumulate,20260802,random,1,4,1,one_or_more_tile_stripes,16,dense,compressed_tlr,33554432,3850240,37404672,30801920,67108864,1.016357421875,3.191253,3.191253,0.2409905,0.239087,0.203174,0.198026,0.8430788765532251,0.8282591692563795,1.2629049344e10,1.577058304e10,19.920212765957448,65440.68351242061,676459.3573587171,false,0.242623;0.24035;0.241631;0.239087,,NVIDIA H100 80GB HBM3,1.12.6
workspace_tuning__20260803T201151.391Z__pid12447,20260803T201151.391Z,workspace_tuning,compressed,compressed_compressed__N4096__q16__uniform__r8-16__bf16__q8__w1,dense__N4096__bf16,compressed_compressed,4096,16,256,16,uniform,b32_b16,8,16,11.76171875,11.83203125,14.6875,15.0,9,9,2,2,q8,bf16,Core.BFloat16,fp32_accumulate,20260802,random,1,4,1,tlr_tlr_runs,1,compressed_tlr,compressed_tlr,3850240,3932160,7782400,32606080,67108864,0.6018352508544922,42.998498,42.998498,0.28511149999999996,0.281511,0.203174,0.198026,0.7126124340828063,0.7034396524469737,6.898184192e9,8.80902144e9,21.69182196927426,30896.75947830937,676459.3573587171,false,0.291285;0.284335;0.285888;0.281511,,NVIDIA H100 80GB HBM3,1.12.6
workspace_tuning__20260803T201151.391Z__pid12447,20260803T201151.391Z,workspace_tuning,compressed,compressed_compressed__N4096__q16__uniform__r8-16__bf16__q8__w2,dense__N4096__bf16,compressed_compressed,4096,16,256,16,uniform,b32_b16,8,16,11.76171875,11.83203125,14.6875,15.0,9,9,2,2,q8,bf16,Core.BFloat16,fp32_accumulate,20260802,random,1,4,1,tlr_tlr_runs,2,compressed_tlr,compressed_tlr,3850240,3932160,7782400,16372352,67108864,0.35993385314941406,43.690803,43.690803,0.30266800000000005,0.301211,0.203174,0.198026,0.6712767785163941,0.6574328294783391,6.898184192e9,8.80902144e9,21.69182196927426,29104.56817370848,676459.3573587171,false,0.305827;0.302723;0.301211;0.302613,,NVIDIA H100 80GB HBM3,1.12.6
workspace_tuning__20260803T201151.391Z__pid12447,20260803T201151.391Z,workspace_tuning,compressed,compressed_compressed__N4096__q16__uniform__r8-16__bf16__q8__w4,dense__N4096__bf16,compressed_compressed,4096,16,256,16,uniform,b32_b16,8,16,11.76171875,11.83203125,14.6875,15.0,9,9,2,2,q8,bf16,Core.BFloat16,fp32_accumulate,20260802,random,1,4,1,tlr_tlr_runs,4,compressed_tlr,compressed_tlr,3850240,3932160,7782400,8255744,67108864,0.23898696899414062,46.638351,46.638351,0.341626,0.340629,0.203174,0.198026,0.5947263967028271,0.581353907036688,6.898184192e9,8.80902144e9,21.69182196927426,25785.570887461727,676459.3573587171,false,0.342312;0.343013;0.340629;0.34094,,NVIDIA H100 80GB HBM3,1.12.6
workspace_tuning__20260803T201151.391Z__pid12447,20260803T201151.391Z,workspace_tuning,compressed,compressed_compressed__N4096__q16__uniform__r8-16__bf16__q8__w8,dense__N4096__bf16,compressed_compressed,4096,16,256,16,uniform,b32_b16,8,16,11.76171875,11.83203125,14.6875,15.0,9,9,2,2,q8,bf16,Core.BFloat16,fp32_accumulate,20260802,random,1,4,1,tlr_tlr_runs,8,compressed_tlr,compressed_tlr,3850240,3932160,7782400,4163072,67108864,0.17800140380859375,137.133363,137.133363,0.4195125,0.418987,0.203174,0.198026,0.4843097643097643,0.47263041574082254,6.898184192e9,8.80902144e9,21.69182196927426,20998.23352105122,676459.3573587171,false,0.421059;0.419277;0.418987;0.419748,,NVIDIA H100 80GB HBM3,1.12.6
workspace_tuning__20260803T201151.391Z__pid12447,20260803T201151.391Z,workspace_tuning,compressed,compressed_compressed__N4096__q16__uniform__r8-16__bf16__q8__w16,dense__N4096__bf16,compressed_compressed,4096,16,256,16,uniform,b32_b16,8,16,11.76171875,11.83203125,14.6875,15.0,9,9,2,2,q8,bf16,Core.BFloat16,fp32_accumulate,20260802,random,1,4,1,tlr_tlr_runs,16,compressed_tlr,compressed_tlr,3850240,3932160,7782400,2085632,67108864,0.14704513549804688,57.017414,57.017414,0.5728465,0.570563,0.203174,0.198026,0.35467441976166386,0.34707122613979524,6.758199296e9,8.741912576e9,22.69198259252873,15260.480034354752,676459.3573587171,false,0.573357;0.573507;0.572336;0.570563,,NVIDIA H100 80GB HBM3,1.12.6
workspace_tuning__20260803T201151.391Z__pid12447,20260803T201151.391Z,workspace_tuning,compressed,compressed_compressed__N4096__q16__uniform__r8-16__bf16__q8__w32,dense__N4096__bf16,compressed_compressed,4096,16,256,16,uniform,b32_b16,8,16,11.76171875,11.83203125,14.6875,15.0,9,9,2,2,q8,bf16,Core.BFloat16,fp32_accumulate,20260802,random,1,4,1,tlr_tlr_runs,32,compressed_tlr,compressed_tlr,3850240,3932160,7782400,1056000,67108864,0.13170242309570312,244.210195,244.210195,1.097466,1.093195,0.203174,0.198026,0.18513010881430494,0.18114426063053712,6.764228608e9,8.73562112e9,22.567284969428712,7959.810253802852,676459.3573587171,false,1.105313;1.093345;1.101587;1.093195,,NVIDIA H100 80GB HBM3,1.12.6
workspace_tuning__20260803T201151.391Z__pid12447,20260803T201151.391Z,workspace_tuning,compressed,compressed_compressed__N4096__q16__uniform__r8-16__bf16__q8__w64,dense__N4096__bf16,compressed_compressed,4096,16,256,16,uniform,b32_b16,8,16,11.76171875,11.83203125,14.6875,15.0,9,9,2,2,q8,bf16,Core.BFloat16,fp32_accumulate,20260802,random,1,4,1,tlr_tlr_runs,64,compressed_tlr,compressed_tlr,3850240,3932160,7782400,534528,67108864,0.123931884765625,168.57029,168.57029,1.5738285,1.569838,0.203174,0.198026,0.12909538745803623,0.12614422634692243,6.752694272e9,8.724086784e9,22.59712174821025,5543.225824160638,676459.3573587171,false,1.574715;1.569838;1.572942;1.580764,,NVIDIA H100 80GB HBM3,1.12.6
workspace_tuning__20260803T201151.391Z__pid12447,20260803T201151.391Z,workspace_tuning,compressed,compressed_dense__N4096__q8__uniform__r16-32__bf16__q8__w1,dense__N4096__bf16,compressed_dense,4096,8,512,8,uniform,b32_b16,16,32,23.8125,,27.25,,17,,3,,q8,bf16,Core.BFloat16,fp32_accumulate,20260802,random,1,4,1,one_or_more_tile_stripes,1,compressed_tlr,dense,3571712,33554432,37126144,1785856,67108864,0.579833984375,8.138893,8.138893,0.2738045,0.273189,0.203174,0.198026,0.7420403974368572,0.7248681315865573,1.2784238592e10,1.4629732352e10,12.614678899082568,53431.30719911469,676459.3573587171,false,0.273189;0.273499;0.276344;0.27411,,NVIDIA H100 80GB HBM3,1.12.6
workspace_tuning__20260803T201151.391Z__pid12447,20260803T201151.391Z,workspace_tuning,compressed,compressed_dense__N4096__q8__uniform__r16-32__bf16__q8__w2,dense__N4096__bf16,compressed_dense,4096,8,512,8,uniform,b32_b16,16,32,23.8125,,27.25,,17,,3,,q8,bf16,Core.BFloat16,fp32_accumulate,20260802,random,1,4,1,one_or_more_tile_stripes,2,compressed_tlr,dense,3571712,33554432,37126144,3571712,67108864,0.6064453125,4.167162,4.167162,0.2322875,0.231566,0.203174,0.198026,0.8746660926653392,0.8551600839501482,1.2784238592e10,1.4629732352e10,12.614678899082568,62981.14341925416,676459.3573587171,false,0.232638;0.232358;0.232217;0.231566,,NVIDIA H100 80GB HBM3,1.12.6
workspace_tuning__20260803T201151.391Z__pid12447,20260803T201151.391Z,workspace_tuning,compressed,compressed_dense__N4096__q8__uniform__r16-32__bf16__q8__w4,dense__N4096__bf16,compressed_dense,4096,8,512,8,uniform,b32_b16,16,32,23.8125,,27.25,,17,,3,,q8,bf16,Core.BFloat16,fp32_accumulate,20260802,random,1,4,1,one_or_more_tile_stripes,4,compressed_tlr,dense,3571712,33554432,37126144,7143424,67108864,0.65966796875,2.026,2.026,0.209468,0.207801,0.203174,0.198026,0.9699524509710314,0.9529598028883403,1.2784238592e10,1.4629732352e10,12.614678899082568,69842.32604502836,676459.3573587171,false,0.209623;0.209313;0.209724;0.207801,,NVIDIA H100 80GB HBM3,1.12.6
workspace_tuning__20260803T201151.391Z__pid12447,20260803T201151.391Z,workspace_tuning,compressed,compressed_dense__N4096__q8__uniform__r16-32__bf16__q8__w8,dense__N4096__bf16,compressed_dense,4096,8,512,8,uniform,b32_b16,16,32,23.8125,,27.25,,17,,3,,q8,bf16,Core.BFloat16,fp32_accumulate,20260802,random,1,4,1,one_or_more_tile_stripes,8,compressed_tlr,dense,3571712,33554432,37126144,14286848,67108864,0.76611328125,1.083771,1.083771,0.2016815,0.200961,0.203174,0.198026,1.0074002821280086,0.9853951761784625,1.2784238592e10,1.4629732352e10,12.614678899082568,72538.79186737504,676459.3573587171,false,0.202864;0.200961;0.202012;0.201351,,NVIDIA H100 80GB HBM3,1.12.6
workspace_tuning__20260803T201151.391Z__pid12447,20260803T201151.391Z,workspace_tuning,compressed,dense_compressed__N4096__q8__uniform__r16-32__bf16__q8__w1,dense__N4096__bf16,dense_compressed,4096,8,512,8,uniform,b32_b16,16,32,,23.8125,,27.25,,17,,3,q8,bf16,Core.BFloat16,fp32_accumulate,20260802,random,1,4,1,one_or_more_tile_stripes,1,dense,compressed_tlr,33554432,3571712,37126144,1785856,67108864,0.579833984375,8.309477,8.309477,0.21228249999999999,0.211296,0.203174,0.198026,0.9570925535548149,0.9371971073754354,1.2784238592e10,1.4629732352e10,12.614678899082568,68916.33720160637,676459.3573587171,false,0.215983;0.211887;0.211296;0.212678,,NVIDIA H100 80GB HBM3,1.12.6
workspace_tuning__20260803T201151.391Z__pid12447,20260803T201151.391Z,workspace_tuning,compressed,dense_compressed__N4096__q8__uniform__r16-32__bf16__q8__w2,dense__N4096__bf16,dense_compressed,4096,8,512,8,uniform,b32_b16,16,32,,23.8125,,27.25,,17,,3,q8,bf16,Core.BFloat16,fp32_accumulate,20260802,random,1,4,1,one_or_more_tile_stripes,2,dense,compressed_tlr,33554432,3571712,37126144,3571712,67108864,0.6064453125,8.684739,8.684739,0.17525200000000002,0.174521,0.203174,0.198026,1.1593248579188824,1.1346829321399716,1.2784238592e10,1.4629732352e10,12.614678899082568,83478.26188574167,676459.3573587171,false,0.182273;0.175793;0.174521;0.174711,,NVIDIA H100 80GB HBM3,1.12.6
workspace_tuning__20260803T201151.391Z__pid12447,20260803T201151.391Z,workspace_tuning,compressed,dense_compressed__N4096__q8__uniform__r16-32__bf16__q8__w4,dense__N4096__bf16,dense_compressed,4096,8,512,8,uniform,b32_b16,16,32,,23.8125,,27.25,,17,,3,q8,bf16,Core.BFloat16,fp32_accumulate,20260802,random,1,4,1,one_or_more_tile_stripes,4,dense,compressed_tlr,33554432,3571712,37126144,7143424,67108864,0.65966796875,2.020552,2.020552,0.1479915,0.147371,0.203174,0.198026,1.3728761449137281,1.3437243419668727,1.2784238592e10,1.4629732352e10,12.614678899082568,98855.22041468597,676459.3573587171,false,0.148222;0.148172;0.147371;0.147811,,NVIDIA H100 80GB HBM3,1.12.6
workspace_tuning__20260803T201151.391Z__pid12447,20260803T201151.391Z,workspace_tuning,compressed,dense_compressed__N4096__q8__uniform__r16-32__bf16__q8__w8,dense__N4096__bf16,dense_compressed,4096,8,512,8,uniform,b32_b16,16,32,,23.8125,,27.25,,17,,3,q8,bf16,Core.BFloat16,fp32_accumulate,20260802,random,1,4,1,one_or_more_tile_stripes,8,dense,compressed_tlr,33554432,3571712,37126144,14286848,67108864,0.76611328125,1.133525,1.133525,0.1381465,0.137526,0.203174,0.198026,1.4707140607977762,1.4399168157293893,1.2784238592e10,1.4629732352e10,12.614678899082568,105900.13031093802,676459.3573587171,false,0.14079;0.138577;0.137526;0.137716,,NVIDIA H100 80GB HBM3,1.12.6
workspace_tuning__20260803T201151.391Z__pid12447,20260803T201151.391Z,workspace_tuning,compressed,compressed_compressed__N4096__q8__uniform__r16-32__bf16__q8__w1,dense__N4096__bf16,compressed_compressed,4096,8,512,8,uniform,b32_b16,16,32,23.8125,24.0,27.25,27.5,17,17,3,3,q8,bf16,Core.BFloat16,fp32_accumulate,20260802,random,1,4,1,tlr_tlr_runs,1,compressed_tlr,compressed_tlr,3571712,3604480,7176192,15053952,67108864,0.3312549591064453,6.281034,6.281034,0.1372855,0.132879,0.203174,0.198026,1.4799377938675242,1.4902731056073573,6.991194112e9,8.100380672e9,13.693017710069416,59003.90552534681,676459.3573587171,false,0.146779;0.14022;0.134351;0.132879,,NVIDIA H100 80GB HBM3,1.12.6
workspace_tuning__20260803T201151.391Z__pid12447,20260803T201151.391Z,workspace_tuning,compressed,compressed_compressed__N4096__q8__uniform__r16-32__bf16__q8__w2,dense__N4096__bf16,compressed_compressed,4096,8,512,8,uniform,b32_b16,16,32,23.8125,24.0,27.25,27.5,17,17,3,3,q8,bf16,Core.BFloat16,fp32_accumulate,20260802,random,1,4,1,tlr_tlr_runs,2,compressed_tlr,compressed_tlr,3571712,3604480,7176192,7603200,67108864,0.2202301025390625,7.157144,7.157144,0.1428885,0.14058,0.203174,0.198026,1.4219058916567813,1.408635652297624,6.861170688e9,8.033271808e9,14.590582119140466,56220.56224258775,676459.3573587171,false,0.142993;0.14058;0.142934;0.142843,,NVIDIA H100 80GB HBM3,1.12.6
workspace_tuning__20260803T201151.391Z__pid12447,20260803T201151.391Z,workspace_tuning,compressed,compressed_compressed__N4096__q8__uniform__r16-32__bf16__q8__w4,dense__N4096__bf16,compressed_compressed,4096,8,512,8,uniform,b32_b16,16,32,23.8125,24.0,27.25,27.5,17,17,3,3,q8,bf16,Core.BFloat16,fp32_accumulate,20260802,random,1,4,1,tlr_tlr_runs,4,compressed_tlr,compressed_tlr,3571712,3604480,7176192,3822976,67108864,0.16390037536621094,8.002098,8.002098,0.1915965,0.190615,0.203174,0.198026,1.060426469168278,1.0388794166251345,6.739535872e9,7.865499648e9,14.315222508290423,41052.418222671084,676459.3573587171,false,0.191296;0.19376;0.191897;0.190615,,NVIDIA H100 80GB HBM3,1.12.6
workspace_tuning__20260803T201151.391Z__pid12447,20260803T201151.391Z,workspace_tuning,compressed,compressed_compressed__N4096__q8__uniform__r16-32__bf16__q8__w8,dense__N4096__bf16,compressed_compressed,4096,8,512,8,uniform,b32_b16,16,32,23.8125,24.0,27.25,27.5,17,17,3,3,q8,bf16,Core.BFloat16,fp32_accumulate,20260802,random,1,4,1,tlr_tlr_runs,8,compressed_tlr,compressed_tlr,3571712,3604480,7176192,1914880,67108864,0.135467529296875,10.0963,10.0963,0.2698535,0.269103,0.203174,0.198026,0.7529048168728587,0.7358743678071222,6.739535872e9,7.865499648e9,14.315222508290423,29147.295284293145,676459.3573587171,false,0.269753;0.269954;0.269973;0.269103,,NVIDIA H100 80GB HBM3,1.12.6
workspace_tuning__20260803T201151.391Z__pid12447,20260803T201151.391Z,workspace_tuning,compressed,compressed_compressed__N4096__q8__uniform__r16-32__bf16__q8__w16,dense__N4096__bf16,compressed_compressed,4096,8,512,8,uniform,b32_b16,16,32,23.8125,24.0,27.25,27.5,17,17,3,3,q8,bf16,Core.BFloat16,fp32_accumulate,20260802,random,1,4,1,tlr_tlr_runs,16,compressed_tlr,compressed_tlr,3571712,3604480,7176192,1000960,67108864,0.12184906005859375,15.058621,15.058621,0.4672285,0.464204,0.203174,0.198026,0.4348493296106723,0.42659261876244065,6.69811712e9,7.827750912e9,14.43114126521659,16753.581838436654,676459.3573587171,false,0.471676;0.464204;0.466838;0.467619,,NVIDIA H100 80GB HBM3,1.12.6
workspace_tuning__20260803T201151.391Z__pid12447,20260803T201151.391Z,workspace_tuning,compressed,compressed_compressed__N4096__q8__uniform__r16-32__bf16__q8__w32,dense__N4096__bf16,compressed_compressed,4096,8,512,8,uniform,b32_b16,16,32,23.8125,24.0,27.25,27.5,17,17,3,3,q8,bf16,Core.BFloat16,fp32_accumulate,20260802,random,1,4,1,tlr_tlr_runs,32,compressed_tlr,compressed_tlr,3571712,3604480,7176192,513536,67108864,0.11458587646484375,27.90888,27.90888,0.8836915,0.83564,0.203174,0.198026,0.229915077829763,0.236975252501077,6.69811712e9,7.827750912e9,14.43114126521659,8858.013132411028,676459.3573587171,false,1.069851;0.918133;0.84925;0.83564,,NVIDIA H100 80GB HBM3,1.12.6
workspace_tuning__20260803T201151.391Z__pid12447,20260803T201151.391Z,workspace_tuning,compressed,compressed_compressed__N4096__q8__uniform__r16-32__bf16__q8__w64,dense__N4096__bf16,compressed_compressed,4096,8,512,8,uniform,b32_b16,16,32,23.8125,24.0,27.25,27.5,17,17,3,3,q8,bf16,Core.BFloat16,fp32_accumulate,20260802,random,1,4,1,tlr_tlr_runs,64,compressed_tlr,compressed_tlr,3571712,3604480,7176192,269824,67108864,0.11095428466796875,41.385575,41.385575,1.5964925,1.595006,0.203174,0.198026,0.1272627337741956,0.12415376493881529,6.65879552e9,7.77322496e9,14.336770719163646,4868.939227713253,676459.3573587171,false,1.597479;1.595006;1.595506;1.603488,,NVIDIA H100 80GB HBM3,1.12.6
workspace_tuning__20260803T201151.391Z__pid12447,20260803T201151.391Z,workspace_tuning,baseline,dense__N4096__fp16,dense__N4096__fp16,dense_dense,4096,,,,,,,,,,,,,,,,,fp16,Float16,fp32_accumulate,20260802,random,1,4,0,none,0,dense,dense,33554432,33554432,67108864,0,67108864,1.0,,,0.2023075,0.201311,0.2023075,0.201311,1.0,1.0,1.37438953472e11,1.37438953472e11,0.0,679356.6895542677,679356.6895542677,false,0.289012;0.203234;0.201381;0.201311,0.289012;0.203234;0.201381;0.201311,NVIDIA H100 80GB HBM3,1.12.6
workspace_tuning__20260803T201151.391Z__pid12447,20260803T201151.391Z,workspace_tuning,compressed,compressed_dense__N4096__q16__uniform__r8-16__fp16__q8__w1,dense__N4096__fp16,compressed_dense,4096,16,256,16,uniform,b32_b16,8,16,11.76171875,,14.6875,,9,,2,,q8,fp16,Float16,fp32_accumulate,20260802,random,1,4,1,one_or_more_tile_stripes,1,compressed_tlr,dense,3850240,33554432,37404672,1925120,67108864,0.5860595703125,60.95299,60.95299,0.7296055,0.658134,0.2023075,0.201311,0.2772834086365851,0.30588147702443574,1.2629049344e10,1.577058304e10,19.920212765957448,21615.219512462558,679356.6895542677,false,0.842309;0.731904;0.727307;0.658134,,NVIDIA H100 80GB HBM3,1.12.6
workspace_tuning__20260803T201151.391Z__pid12447,20260803T201151.391Z,workspace_tuning,compressed,compressed_dense__N4096__q16__uniform__r8-16__fp16__q8__w2,dense__N4096__fp16,compressed_dense,4096,16,256,16,uniform,b32_b16,8,16,11.76171875,,14.6875,,9,,2,,q8,fp16,Float16,fp32_accumulate,20260802,random,1,4,1,one_or_more_tile_stripes,2,compressed_tlr,dense,3850240,33554432,37404672,3850240,67108864,0.61474609375,27.281342,27.281342,0.5806135,0.535271,0.2023075,0.201311,0.3484374717432509,0.3760917367090688,1.2629049344e10,1.577058304e10,19.920212765957448,27161.92964855278,679356.6895542677,false,0.595591;0.58139;0.579837;0.535271,,NVIDIA H100 80GB HBM3,1.12.6
workspace_tuning__20260803T201151.391Z__pid12447,20260803T201151.391Z,workspace_tuning,compressed,compressed_dense__N4096__q16__uniform__r8-16__fp16__q8__w4,dense__N4096__fp16,compressed_dense,4096,16,256,16,uniform,b32_b16,8,16,11.76171875,,14.6875,,9,,2,,q8,fp16,Float16,fp32_accumulate,20260802,random,1,4,1,one_or_more_tile_stripes,4,compressed_tlr,dense,3850240,33554432,37404672,7700480,67108864,0.672119140625,13.760069,13.760069,0.5129170000000001,0.46801,0.2023075,0.201311,0.3944254138583825,0.4301425183222581,1.2629049344e10,1.577058304e10,19.920212765957448,30746.85190781354,679356.6895542677,false,0.529942;0.511555;0.514279;0.46801,,NVIDIA H100 80GB HBM3,1.12.6
workspace_tuning__20260803T201151.391Z__pid12447,20260803T201151.391Z,workspace_tuning,compressed,compressed_dense__N4096__q16__uniform__r8-16__fp16__q8__w8,dense__N4096__fp16,compressed_dense,4096,16,256,16,uniform,b32_b16,8,16,11.76171875,,14.6875,,9,,2,,q8,fp16,Float16,fp32_accumulate,20260802,random,1,4,1,one_or_more_tile_stripes,8,compressed_tlr,dense,3850240,33554432,37404672,15400960,67108864,0.786865234375,6.837496,6.837496,0.468546,0.436032,0.2023075,0.201311,0.4317772427893953,0.4616885916629972,1.2629049344e10,1.577058304e10,19.920212765957448,33658.55869007525,679356.6895542677,false,0.493589;0.487018;0.436032;0.450074,,NVIDIA H100 80GB HBM3,1.12.6
workspace_tuning__20260803T201151.391Z__pid12447,20260803T201151.391Z,workspace_tuning,compressed,compressed_dense__N4096__q16__uniform__r8-16__fp16__q8__w16,dense__N4096__fp16,compressed_dense,4096,16,256,16,uniform,b32_b16,8,16,11.76171875,,14.6875,,9,,2,,q8,fp16,Float16,fp32_accumulate,20260802,random,1,4,1,one_or_more_tile_stripes,16,compressed_tlr,dense,3850240,33554432,37404672,30801920,67108864,1.016357421875,3.395769,3.395769,0.4356015,0.415392,0.2023075,0.201311,0.46443251458041357,0.4846289769663354,1.2629049344e10,1.577058304e10,19.920212765957448,36204.15228138562,679356.6895542677,false,0.449282;0.421921;0.453528;0.415392,,NVIDIA H100 80GB HBM3,1.12.6
workspace_tuning__20260803T201151.391Z__pid12447,20260803T201151.391Z,workspace_tuning,compressed,dense_compressed__N4096__q16__uniform__r8-16__fp16__q8__w1,dense__N4096__fp16,dense_compressed,4096,16,256,16,uniform,b32_b16,8,16,,11.76171875,,14.6875,,9,,2,q8,fp16,Float16,fp32_accumulate,20260802,random,1,4,1,one_or_more_tile_stripes,1,dense,compressed_tlr,33554432,3850240,37404672,1925120,67108864,0.5860595703125,54.906998,54.906998,0.4292825,0.427229,0.2023075,0.201311,0.4712689196508127,0.4712016272303612,1.2629049344e10,1.577058304e10,19.920212765957448,36737.074164448815,679356.6895542677,false,0.438456;0.42745;0.427229;0.431115,,NVIDIA H100 80GB HBM3,1.12.6
workspace_tuning__20260803T201151.391Z__pid12447,20260803T201151.391Z,workspace_tuning,compressed,dense_compressed__N4096__q16__uniform__r8-16__fp16__q8__w2,dense__N4096__fp16,dense_compressed,4096,16,256,16,uniform,b32_b16,8,16,,11.76171875,,14.6875,,9,,2,q8,fp16,Float16,fp32_accumulate,20260802,random,1,4,1,one_or_more_tile_stripes,2,dense,compressed_tlr,33554432,3850240,37404672,3850240,67108864,0.61474609375,26.521194,26.521194,0.306724,0.306148,0.2023075,0.201311,0.6595750577066027,0.6575610489044514,1.2629049344e10,1.577058304e10,19.920212765957448,51416.201666644934,679356.6895542677,false,0.306559;0.306889;0.311435;0.306148,,NVIDIA H100 80GB HBM3,1.12.6
workspace_tuning__20260803T201151.391Z__pid12447,20260803T201151.391Z,workspace_tuning,compressed,dense_compressed__N4096__q16__uniform__r8-16__fp16__q8__w4,dense__N4096__fp16,dense_compressed,4096,16,256,16,uniform,b32_b16,8,16,,11.76171875,,14.6875,,9,,2,q8,fp16,Float16,fp32_accumulate,20260802,random,1,4,1,one_or_more_tile_stripes,4,dense,compressed_tlr,33554432,3850240,37404672,7700480,67108864,0.672119140625,13.282155,13.282155,0.266403,0.265668,0.2023075,0.201311,0.7594039856908519,0.757754038875589,1.2629049344e10,1.577058304e10,19.920212765957448,59198.21863867899,679356.6895542677,false,0.271105;0.266939;0.265867;0.265668,,NVIDIA H100 80GB HBM3,1.12.6
workspace_tuning__20260803T201151.391Z__pid12447,20260803T201151.391Z,workspace_tuning,compressed,dense_compressed__N4096__q16__uniform__r8-16__fp16__q8__w8,dense__N4096__fp16,dense_compressed,4096,16,256,16,uniform,b32_b16,8,16,,11.76171875,,14.6875,,9,,2,q8,fp16,Float16,fp32_accumulate,20260802,random,1,4,1,one_or_more_tile_stripes,8,dense,compressed_tlr,33554432,3850240,37404672,15400960,67108864,0.786865234375,6.778758,6.778758,0.24167149999999998,0.239849,0.2023075,0.201311,0.8371177404038127,0.8393239079587573,1.2629049344e10,1.577058304e10,19.920212765957448,65256.279867506106,679356.6895542677,false,0.243764;0.241912;0.241431;0.239849,,NVIDIA H100 80GB HBM3,1.12.6
workspace_tuning__20260803T201151.391Z__pid12447,20260803T201151.391Z,workspace_tuning,compressed,dense_compressed__N4096__q16__uniform__r8-16__fp16__q8__w16,dense__N4096__fp16,dense_compressed,4096,16,256,16,uniform,b32_b16,8,16,,11.76171875,,14.6875,,9,,2,q8,fp16,Float16,fp32_accumulate,20260802,random,1,4,1,one_or_more_tile_stripes,16,dense,compressed_tlr,33554432,3850240,37404672,30801920,67108864,1.016357421875,3.255069,3.255069,0.233975,0.233279,0.2023075,0.201311,0.8646543434127578,0.8629623755245864,1.2629049344e10,1.577058304e10,19.920212765957448,67402.85517683513,679356.6895542677,false,0.233279;0.234471;0.233479;0.235693,,NVIDIA H100 80GB HBM3,1.12.6
workspace_tuning__20260803T201151.391Z__pid12447,20260803T201151.391Z,workspace_tuning,compressed,compressed_compressed__N4096__q16__uniform__r8-16__fp16__q8__w1,dense__N4096__fp16,compressed_compressed,4096,16,256,16,uniform,b32_b16,8,16,11.76171875,11.83203125,14.6875,15.0,9,9,2,2,q8,fp16,Float16,fp32_accumulate,20260802,random,1,4,1,tlr_tlr_runs,1,compressed_tlr,compressed_tlr,3850240,3932160,7782400,32606080,67108864,0.6018352508544922,45.118948,45.118948,0.268592,0.266158,0.2023075,0.201311,0.7532149133257878,0.7563590048016591,6.898184192e9,8.80902144e9,21.69182196927426,32797.03580151308,679356.6895542677,false,0.279218;0.268141;0.269043;0.266158,,NVIDIA H100 80GB HBM3,1.12.6
workspace_tuning__20260803T201151.391Z__pid12447,20260803T201151.391Z,workspace_tuning,compressed,compressed_compressed__N4096__q16__uniform__r8-16__fp16__q8__w2,dense__N4096__fp16,compressed_compressed,4096,16,256,16,uniform,b32_b16,8,16,11.76171875,11.83203125,14.6875,15.0,9,9,2,2,q8,fp16,Float16,fp32_accumulate,20260802,random,1,4,1,tlr_tlr_runs,2,compressed_tlr,compressed_tlr,3850240,3932160,7782400,16372352,67108864,0.35993385314941406,108.406609,108.406609,0.2879305,0.286489,0.2023075,0.201311,0.7026261545754966,0.7026831745721476,6.898184192e9,8.80902144e9,21.69182196927426,30594.262990548068,679356.6895542677,false,0.290325;0.286489;0.28754;0.288321,,NVIDIA H100 80GB HBM3,1.12.6
workspace_tuning__20260803T201151.391Z__pid12447,20260803T201151.391Z,workspace_tuning,compressed,compressed_compressed__N4096__q16__uniform__r8-16__fp16__q8__w4,dense__N4096__fp16,compressed_compressed,4096,16,256,16,uniform,b32_b16,8,16,11.76171875,11.83203125,14.6875,15.0,9,9,2,2,q8,fp16,Float16,fp32_accumulate,20260802,random,1,4,1,tlr_tlr_runs,4,compressed_tlr,compressed_tlr,3850240,3932160,7782400,8255744,67108864,0.23898696899414062,46.713384,46.713384,0.32441050000000005,0.323483,0.2023075,0.201311,0.6236157584295206,0.6223232751025556,6.898184192e9,8.80902144e9,21.69182196927426,27153.934413343584,679356.6895542677,false,0.325257;0.324776;0.323483;0.324045,,NVIDIA H100 80GB HBM3,1.12.6
workspace_tuning__20260803T201151.391Z__pid12447,20260803T201151.391Z,workspace_tuning,compressed,compressed_compressed__N4096__q16__uniform__r8-16__fp16__q8__w8,dense__N4096__fp16,compressed_compressed,4096,16,256,16,uniform,b32_b16,8,16,11.76171875,11.83203125,14.6875,15.0,9,9,2,2,q8,fp16,Float16,fp32_accumulate,20260802,random,1,4,1,tlr_tlr_runs,8,compressed_tlr,compressed_tlr,3850240,3932160,7782400,4163072,67108864,0.17800140380859375,50.584612,50.584612,0.40054449999999997,0.398777,0.2023075,0.201311,0.5050812082053305,0.5048209901774676,6.898184192e9,8.80902144e9,21.69182196927426,21992.616151264094,679356.6895542677,false,0.40132;0.400359;0.398777;0.40073,,NVIDIA H100 80GB HBM3,1.12.6
workspace_tuning__20260803T201151.391Z__pid12447,20260803T201151.391Z,workspace_tuning,compressed,compressed_compressed__N4096__q16__uniform__r8-16__fp16__q8__w16,dense__N4096__fp16,compressed_compressed,4096,16,256,16,uniform,b32_b16,8,16,11.76171875,11.83203125,14.6875,15.0,9,9,2,2,q8,fp16,Float16,fp32_accumulate,20260802,random,1,4,1,tlr_tlr_runs,16,compressed_tlr,compressed_tlr,3850240,3932160,7782400,2085632,67108864,0.14704513549804688,57.187909,57.187909,0.5531275,0.549342,0.2023075,0.201311,0.36575201919991324,0.3664584175249662,6.758199296e9,8.741912576e9,22.69198259252873,15804.516275180677,679356.6895542677,false,0.553158;0.549342;0.554459;0.553097,,NVIDIA H100 80GB HBM3,1.12.6
workspace_tuning__20260803T201151.391Z__pid12447,20260803T201151.391Z,workspace_tuning,compressed,compressed_compressed__N4096__q16__uniform__r8-16__fp16__q8__w32,dense__N4096__fp16,compressed_compressed,4096,16,256,16,uniform,b32_b16,8,16,11.76171875,11.83203125,14.6875,15.0,9,9,2,2,q8,fp16,Float16,fp32_accumulate,20260802,random,1,4,1,tlr_tlr_runs,32,compressed_tlr,compressed_tlr,3850240,3932160,7782400,1056000,67108864,0.13170242309570312,67.247042,67.247042,0.8634915,0.859455,0.2023075,0.201311,0.2342900885532747,0.23423099522371735,6.764228608e9,8.73562112e9,22.567284969428712,10116.626648901582,679356.6895542677,false,0.863922;0.863061;0.865394;0.859455,,NVIDIA H100 80GB HBM3,1.12.6
workspace_tuning__20260803T201151.391Z__pid12447,20260803T201151.391Z,workspace_tuning,compressed,compressed_compressed__N4096__q16__uniform__r8-16__fp16__q8__w64,dense__N4096__fp16,compressed_compressed,4096,16,256,16,uniform,b32_b16,8,16,11.76171875,11.83203125,14.6875,15.0,9,9,2,2,q8,fp16,Float16,fp32_accumulate,20260802,random,1,4,1,tlr_tlr_runs,64,compressed_tlr,compressed_tlr,3850240,3932160,7782400,534528,67108864,0.123931884765625,89.150912,89.150912,1.5484455000000001,1.541796,0.2023075,0.201311,0.13065199905324404,0.13056915441472153,6.752694272e9,8.724086784e9,22.59712174821025,5634.0935370344,679356.6895542677,false,1.548265;1.567304;1.541796;1.548626,,NVIDIA H100 80GB HBM3,1.12.6
workspace_tuning__20260803T201151.391Z__pid12447,20260803T201151.391Z,workspace_tuning,compressed,compressed_dense__N4096__q8__uniform__r16-32__fp16__q8__w1,dense__N4096__fp16,compressed_dense,4096,8,512,8,uniform,b32_b16,16,32,23.8125,,27.25,,17,,3,,q8,fp16,Float16,fp32_accumulate,20260802,random,1,4,1,one_or_more_tile_stripes,1,compressed_tlr,dense,3571712,33554432,37126144,1785856,67108864,0.579833984375,8.31171,8.31171,0.26744,0.266749,0.2023075,0.201311,0.756459392760993,0.7546832415491717,1.2784238592e10,1.4629732352e10,12.614678899082568,54702.85803170805,679356.6895542677,false,0.26749;0.26739;0.269013;0.266749,,NVIDIA H100 80GB HBM3,1.12.6
workspace_tuning__20260803T201151.391Z__pid12447,20260803T201151.391Z,workspace_tuning,compressed,compressed_dense__N4096__q8__uniform__r16-32__fp16__q8__w2,dense__N4096__fp16,compressed_dense,4096,8,512,8,uniform,b32_b16,16,32,23.8125,,27.25,,17,,3,,q8,fp16,Float16,fp32_accumulate,20260802,random,1,4,1,one_or_more_tile_stripes,2,compressed_tlr,dense,3571712,33554432,37126144,3571712,67108864,0.6064453125,4.123487,4.123487,0.2274555,0.226479,0.2023075,0.201311,0.8894377141902482,0.8888726990140365,1.2784238592e10,1.4629732352e10,12.614678899082568,64319.09693104805,679356.6895542677,false,0.22744;0.226479;0.228331;0.227471,,NVIDIA H100 80GB HBM3,1.12.6
workspace_tuning__20260803T201151.391Z__pid12447,20260803T201151.391Z,workspace_tuning,compressed,compressed_dense__N4096__q8__uniform__r16-32__fp16__q8__w4,dense__N4096__fp16,compressed_dense,4096,8,512,8,uniform,b32_b16,16,32,23.8125,,27.25,,17,,3,,q8,fp16,Float16,fp32_accumulate,20260802,random,1,4,1,one_or_more_tile_stripes,4,compressed_tlr,dense,3571712,33554432,37126144,7143424,67108864,0.65966796875,2.008554,2.008554,0.2041755,0.202293,0.2023075,0.201311,0.9908510080788341,0.9951456550646833,1.2784238592e10,1.4629732352e10,12.614678899082568,71652.73185078523,679356.6895542677,false,0.204276;0.202293;0.204075;0.204706,,NVIDIA H100 80GB HBM3,1.12.6
workspace_tuning__20260803T201151.391Z__pid12447,20260803T201151.391Z,workspace_tuning,compressed,compressed_dense__N4096__q8__uniform__r16-32__fp16__q8__w8,dense__N4096__fp16,compressed_dense,4096,8,512,8,uniform,b32_b16,16,32,23.8125,,27.25,,17,,3,,q8,fp16,Float16,fp32_accumulate,20260802,random,1,4,1,one_or_more_tile_stripes,8,compressed_tlr,dense,3571712,33554432,37126144,14286848,67108864,0.76611328125,1.093786,1.093786,0.19943850000000002,0.197946,0.2023075,0.201311,1.0143853869739292,1.0169995857456073,1.2784238592e10,1.4629732352e10,12.614678899082568,73354.60481301253,679356.6895542677,false,0.198988;0.199889;0.197946;0.20084,,NVIDIA H100 80GB HBM3,1.12.6
workspace_tuning__20260803T201151.391Z__pid12447,20260803T201151.391Z,workspace_tuning,compressed,dense_compressed__N4096__q8__uniform__r16-32__fp16__q8__w1,dense__N4096__fp16,dense_compressed,4096,8,512,8,uniform,b32_b16,16,32,,23.8125,,27.25,,17,,3,q8,fp16,Float16,fp32_accumulate,20260802,random,1,4,1,one_or_more_tile_stripes,1,dense,compressed_tlr,33554432,3571712,37126144,1785856,67108864,0.579833984375,8.121186,8.121186,0.208001,0.20733,0.2023075,0.201311,0.9726275354445412,0.9709689866396566,1.2784238592e10,1.4629732352e10,12.614678899082568,70334.91354368489,679356.6895542677,false,0.208262;0.20774;0.209984;0.20733,,NVIDIA H100 80GB HBM3,1.12.6
workspace_tuning__20260803T201151.391Z__pid12447,20260803T201151.391Z,workspace_tuning,compressed,dense_compressed__N4096__q8__uniform__r16-32__fp16__q8__w2,dense__N4096__fp16,dense_compressed,4096,8,512,8,uniform,b32_b16,16,32,,23.8125,,27.25,,17,,3,q8,fp16,Float16,fp32_accumulate,20260802,random,1,4,1,one_or_more_tile_stripes,2,dense,compressed_tlr,33554432,3571712,37126144,3571712,67108864,0.6064453125,5.61619,5.61619,0.169043,0.166429,0.2023075,0.201311,1.1967812923339032,1.2095908765900174,1.2784238592e10,1.4629732352e10,12.614678899082568,86544.44343746857,679356.6895542677,false,0.169994;0.169774;0.166429;0.168312,,NVIDIA H100 80GB HBM3,1.12.6
workspace_tuning__20260803T201151.391Z__pid12447,20260803T201151.391Z,workspace_tuning,compressed,dense_compressed__N4096__q8__uniform__r16-32__fp16__q8__w4,dense__N4096__fp16,dense_compressed,4096,8,512,8,uniform,b32_b16,16,32,,23.8125,,27.25,,17,,3,q8,fp16,Float16,fp32_accumulate,20260802,random,1,4,1,one_or_more_tile_stripes,4,dense,compressed_tlr,33554432,3571712,37126144,7143424,67108864,0.65966796875,2.240351,2.240351,0.14572800000000002,0.144667,0.2023075,0.201311,1.3882541447079488,1.3915474849136293,1.2784238592e10,1.4629732352e10,12.614678899082568,100390.67545015369,679356.6895542677,false,0.147;0.146269;0.144667;0.145187,,NVIDIA H100 80GB HBM3,1.12.6
workspace_tuning__20260803T201151.391Z__pid12447,20260803T201151.391Z,workspace_tuning,compressed,dense_compressed__N4096__q8__uniform__r16-32__fp16__q8__w8,dense__N4096__fp16,dense_compressed,4096,8,512,8,uniform,b32_b16,16,32,,23.8125,,27.25,,17,,3,q8,fp16,Float16,fp32_accumulate,20260802,random,1,4,1,one_or_more_tile_stripes,8,dense,compressed_tlr,33554432,3571712,37126144,14286848,67108864,0.76611328125,1.046585,1.046585,0.13473649999999998,0.134631,0.2023075,0.201311,1.5015047889770035,1.4952796904130548,1.2784238592e10,1.4629732352e10,12.614678899082568,108580.32049222002,679356.6895542677,false,0.136313;0.134792;0.134681;0.134631,,NVIDIA H100 80GB HBM3,1.12.6
workspace_tuning__20260803T201151.391Z__pid12447,20260803T201151.391Z,workspace_tuning,compressed,compressed_compressed__N4096__q8__uniform__r16-32__fp16__q8__w1,dense__N4096__fp16,compressed_compressed,4096,8,512,8,uniform,b32_b16,16,32,23.8125,24.0,27.25,27.5,17,17,3,3,q8,fp16,Float16,fp32_accumulate,20260802,random,1,4,1,tlr_tlr_runs,1,compressed_tlr,compressed_tlr,3571712,3604480,7176192,15053952,67108864,0.3312549591064453,6.201154,6.201154,0.12908799999999998,0.127741,0.2023075,0.201311,1.56720609196827,1.5759309853531756,6.991194112e9,8.100380672e9,13.693017710069416,62750.84184432326,679356.6895542677,false,0.130485;0.127741;0.129874;0.128302,,NVIDIA H100 80GB HBM3,1.12.6
workspace_tuning__20260803T201151.391Z__pid12447,20260803T201151.391Z,workspace_tuning,compressed,compressed_compressed__N4096__q8__uniform__r16-32__fp16__q8__w2,dense__N4096__fp16,compressed_compressed,4096,8,512,8,uniform,b32_b16,16,32,23.8125,24.0,27.25,27.5,17,17,3,3,q8,fp16,Float16,fp32_accumulate,20260802,random,1,4,1,tlr_tlr_runs,2,compressed_tlr,compressed_tlr,3571712,3604480,7176192,7603200,67108864,0.2202301025390625,7.105757,7.105757,0.1373005,0.136494,0.2023075,0.201311,1.4734651366892328,1.4748706902867523,6.861170688e9,8.033271808e9,14.590582119140466,58508.68575132647,679356.6895542677,false,0.138247;0.136494;0.136865;0.137736,,NVIDIA H100 80GB HBM3,1.12.6
workspace_tuning__20260803T201151.391Z__pid12447,20260803T201151.391Z,workspace_tuning,compressed,compressed_compressed__N4096__q8__uniform__r16-32__fp16__q8__w4,dense__N4096__fp16,compressed_compressed,4096,8,512,8,uniform,b32_b16,16,32,23.8125,24.0,27.25,27.5,17,17,3,3,q8,fp16,Float16,fp32_accumulate,20260802,random,1,4,1,tlr_tlr_runs,4,compressed_tlr,compressed_tlr,3571712,3604480,7176192,3822976,67108864,0.16390037536621094,8.152643,8.152643,0.1857225,0.183014,0.2023075,0.201311,1.0892998963507383,1.099975958123422,6.739535872e9,7.865499648e9,14.315222508290423,42350.81720308525,679356.6895542677,false,0.188752;0.186289;0.185156;0.183014,,NVIDIA H100 80GB HBM3,1.12.6
workspace_tuning__20260803T201151.391Z__pid12447,20260803T201151.391Z,workspace_tuning,compressed,compressed_compressed__N4096__q8__uniform__r16-32__fp16__q8__w8,dense__N4096__fp16,compressed_compressed,4096,8,512,8,uniform,b32_b16,16,32,23.8125,24.0,27.25,27.5,17,17,3,3,q8,fp16,Float16,fp32_accumulate,20260802,random,1,4,1,tlr_tlr_runs,8,compressed_tlr,compressed_tlr,3571712,3604480,7176192,1914880,67108864,0.135467529296875,10.034467,10.034467,0.264455,0.262543,0.2023075,0.201311,0.7649978257170407,0.7667734428265083,6.739535872e9,7.865499648e9,14.315222508290423,29742.29887126354,679356.6895542677,false,0.271376;0.265016;0.262543;0.263894,,NVIDIA H100 80GB HBM3,1.12.6
workspace_tuning__20260803T201151.391Z__pid12447,20260803T201151.391Z,workspace_tuning,compressed,compressed_compressed__N4096__q8__uniform__r16-32__fp16__q8__w16,dense__N4096__fp16,compressed_compressed,4096,8,512,8,uniform,b32_b16,16,32,23.8125,24.0,27.25,27.5,17,17,3,3,q8,fp16,Float16,fp32_accumulate,20260802,random,1,4,1,tlr_tlr_runs,16,compressed_tlr,compressed_tlr,3571712,3604480,7176192,1000960,67108864,0.12184906005859375,14.987215,14.987215,0.456343,0.452707,0.2023075,0.201311,0.4433233335451623,0.4446827639068978,6.69811712e9,7.827750912e9,14.43114126521659,17153.217890928536,679356.6895542677,false,0.456834;0.452707;0.457033;0.455852,,NVIDIA H100 80GB HBM3,1.12.6
workspace_tuning__20260803T201151.391Z__pid12447,20260803T201151.391Z,workspace_tuning,compressed,compressed_compressed__N4096__q8__uniform__r16-32__fp16__q8__w32,dense__N4096__fp16,compressed_compressed,4096,8,512,8,uniform,b32_b16,16,32,23.8125,24.0,27.25,27.5,17,17,3,3,q8,fp16,Float16,fp32_accumulate,20260802,random,1,4,1,tlr_tlr_runs,32,compressed_tlr,compressed_tlr,3571712,3604480,7176192,513536,67108864,0.11458587646484375,24.080935,24.080935,0.820487,0.818594,0.2023075,0.201311,0.2465700248754703,0.24592288729211303,6.69811712e9,7.827750912e9,14.43114126521659,9540.371647570284,679356.6895542677,false,0.822049;0.820417;0.820557;0.818594,,NVIDIA H100 80GB HBM3,1.12.6
workspace_tuning__20260803T201151.391Z__pid12447,20260803T201151.391Z,workspace_tuning,compressed,compressed_compressed__N4096__q8__uniform__r16-32__fp16__q8__w64,dense__N4096__fp16,compressed_compressed,4096,8,512,8,uniform,b32_b16,16,32,23.8125,24.0,27.25,27.5,17,17,3,3,q8,fp16,Float16,fp32_accumulate,20260802,random,1,4,1,tlr_tlr_runs,64,compressed_tlr,compressed_tlr,3571712,3604480,7176192,269824,67108864,0.11095428466796875,41.257003,41.257003,1.575351,1.573664,0.2023075,0.201311,0.12842058690412486,0.12792502084307705,6.65879552e9,7.77322496e9,14.336770719163646,4934.281287154418,679356.6895542677,false,1.575666;1.575036;1.577018;1.573664,,NVIDIA H100 80GB HBM3,1.12.6
workspace_tuning__20260803T201151.391Z__pid12447,20260803T201151.391Z,workspace_tuning,baseline,dense__N4096__fp32,dense__N4096__fp32,dense_dense,4096,,,,,,,,,,,,,,,,,fp32,Float32,fp32,20260802,random,1,4,0,none,0,dense,dense,67108864,67108864,134217728,0,134217728,1.0,,,2.7333075,2.722632,2.7333075,2.722632,1.0,1.0,1.37438953472e11,1.37438953472e11,0.0,50283.01918902282,50283.01918902282,false,2.797554;2.731895;2.73472;2.722632,2.797554;2.731895;2.73472;2.722632,NVIDIA H100 80GB HBM3,1.12.6
workspace_tuning__20260803T201151.391Z__pid12447,20260803T201151.391Z,workspace_tuning,compressed,compressed_dense__N4096__q16__uniform__r8-16__fp32__q8__w1,dense__N4096__fp32,compressed_dense,4096,16,256,16,uniform,b32_b16,8,16,11.76171875,,14.6875,,9,,2,,q8,fp32,Float32,fp32,20260802,random,1,4,1,one_or_more_tile_stripes,1,compressed_tlr,dense,7700480,67108864,74809344,3850240,134217728,0.5860595703125,57.464812,57.464812,2.4337850000000003,2.420259,2.7333075,2.722632,1.1230685948019237,1.1249341496096077,1.2629049344e10,1.577058304e10,19.920212765957448,6479.858754984519,50283.01918902282,false,2.447881;2.420259;2.42692;2.44065,,NVIDIA H100 80GB HBM3,1.12.6
workspace_tuning__20260803T201151.391Z__pid12447,20260803T201151.391Z,workspace_tuning,compressed,compressed_dense__N4096__q16__uniform__r8-16__fp32__q8__w2,dense__N4096__fp32,compressed_dense,4096,16,256,16,uniform,b32_b16,8,16,11.76171875,,14.6875,,9,,2,,q8,fp32,Float32,fp32,20260802,random,1,4,1,one_or_more_tile_stripes,2,compressed_tlr,dense,7700480,67108864,74809344,7700480,134217728,0.61474609375,27.110446,27.110446,2.2742310000000003,2.264046,2.7333075,2.722632,1.2018601012825871,1.2025515382637986,1.2629049344e10,1.577058304e10,19.920212765957448,6934.468415917291,50283.01918902282,false,2.281222;2.284637;2.264046;2.26724,,NVIDIA H100 80GB HBM3,1.12.6
workspace_tuning__20260803T201151.391Z__pid12447,20260803T201151.391Z,workspace_tuning,compressed,compressed_dense__N4096__q16__uniform__r8-16__fp32__q8__w4,dense__N4096__fp32,compressed_dense,4096,16,256,16,uniform,b32_b16,8,16,11.76171875,,14.6875,,9,,2,,q8,fp32,Float32,fp32,20260802,random,1,4,1,one_or_more_tile_stripes,4,compressed_tlr,dense,7700480,67108864,74809344,15400960,134217728,0.672119140625,13.844656,13.844656,1.9920045000000002,1.982425,2.7333075,2.722632,1.372139219565016,1.373384617324741,1.2629049344e10,1.577058304e10,19.920212765957448,7916.941472772776,50283.01918902282,false,2.000472;1.982425;1.995915;1.988094,,NVIDIA H100 80GB HBM3,1.12.6
workspace_tuning__20260803T201151.391Z__pid12447,20260803T201151.391Z,workspace_tuning,compressed,compressed_dense__N4096__q16__uniform__r8-16__fp32__q8__w8,dense__N4096__fp32,compressed_dense,4096,16,256,16,uniform,b32_b16,8,16,11.76171875,,14.6875,,9,,2,,q8,fp32,Float32,fp32,20260802,random,1,4,1,one_or_more_tile_stripes,8,compressed_tlr,dense,7700480,67108864,74809344,30801920,134217728,0.786865234375,6.928442,6.928442,1.9511735,1.946231,2.7333075,2.722632,1.4008531276178158,1.39892541019026,1.2629049344e10,1.577058304e10,19.920212765957448,8082.614406150965,50283.01918902282,false,1.947483;1.954864;1.955665;1.946231,,NVIDIA H100 80GB HBM3,1.12.6
workspace_tuning__20260803T201151.391Z__pid12447,20260803T201151.391Z,workspace_tuning,compressed,compressed_dense__N4096__q16__uniform__r8-16__fp32__q8__w16,dense__N4096__fp32,compressed_dense,4096,16,256,16,uniform,b32_b16,8,16,11.76171875,,14.6875,,9,,2,,q8,fp32,Float32,fp32,20260802,random,1,4,1,one_or_more_tile_stripes,16,compressed_tlr,dense,7700480,67108864,74809344,61603840,134217728,1.016357421875,3.462649,3.462649,1.913382,1.902375,2.7333075,2.722632,1.4285215916110845,1.4311752414744727,1.2629049344e10,1.577058304e10,19.920212765957448,8242.255357267915,50283.01918902282,false,1.923517;1.915105;1.911659;1.902375,,NVIDIA H100 80GB HBM3,1.12.6
workspace_tuning__20260803T201151.391Z__pid12447,20260803T201151.391Z,workspace_tuning,compressed,dense_compressed__N4096__q16__uniform__r8-16__fp32__q8__w1,dense__N4096__fp32,dense_compressed,4096,16,256,16,uniform,b32_b16,8,16,,11.76171875,,14.6875,,9,,2,q8,fp32,Float32,fp32,20260802,random,1,4,1,one_or_more_tile_stripes,1,dense,compressed_tlr,67108864,7700480,74809344,3850240,134217728,0.5860595703125,54.138357,54.138357,2.2288885,2.206841,2.7333075,2.722632,1.2263096606223236,1.233723680138261,1.2629049344e10,1.577058304e10,19.920212765957448,7075.536995233274,50283.01918902282,false,2.252008;2.243896;2.206841;2.213881,,NVIDIA H100 80GB HBM3,1.12.6
workspace_tuning__20260803T201151.391Z__pid12447,20260803T201151.391Z,workspace_tuning,compressed,dense_compressed__N4096__q16__uniform__r8-16__fp32__q8__w2,dense__N4096__fp32,dense_compressed,4096,16,256,16,uniform,b32_b16,8,16,,11.76171875,,14.6875,,9,,2,q8,fp32,Float32,fp32,20260802,random,1,4,1,one_or_more_tile_stripes,2,dense,compressed_tlr,67108864,7700480,74809344,7700480,134217728,0.61474609375,26.562766,26.562766,2.1093995,2.09317,2.7333075,2.722632,1.2957751720335575,1.3007218716110014,1.2629049344e10,1.577058304e10,19.920212765957448,7476.337716018232,50283.01918902282,false,2.131478;2.103776;2.09317;2.115023,,NVIDIA H100 80GB HBM3,1.12.6
workspace_tuning__20260803T201151.391Z__pid12447,20260803T201151.391Z,workspace_tuning,compressed,dense_compressed__N4096__q16__uniform__r8-16__fp32__q8__w4,dense__N4096__fp32,dense_compressed,4096,16,256,16,uniform,b32_b16,8,16,,11.76171875,,14.6875,,9,,2,q8,fp32,Float32,fp32,20260802,random,1,4,1,one_or_more_tile_stripes,4,dense,compressed_tlr,67108864,7700480,74809344,15400960,134217728,0.672119140625,13.127703,13.127703,1.829106,1.82547,2.7333075,2.722632,1.4943406779049437,1.491469046327795,1.2629049344e10,1.577058304e10,19.920212765957448,8622.017007215547,50283.01918902282,false,1.82547;1.834744;1.832301;1.825911,,NVIDIA H100 80GB HBM3,1.12.6
workspace_tuning__20260803T201151.391Z__pid12447,20260803T201151.391Z,workspace_tuning,compressed,dense_compressed__N4096__q16__uniform__r8-16__fp32__q8__w8,dense__N4096__fp32,dense_compressed,4096,16,256,16,uniform,b32_b16,8,16,,11.76171875,,14.6875,,9,,2,q8,fp32,Float32,fp32,20260802,random,1,4,1,one_or_more_tile_stripes,8,dense,compressed_tlr,67108864,7700480,74809344,30801920,134217728,0.786865234375,6.645599,6.645599,1.768074,1.753352,2.7333075,2.722632,1.54592370002613,1.5528154072884395,1.2629049344e10,1.577058304e10,19.920212765957448,8919.639698338418,50283.01918902282,false,1.769356;1.770518;1.766792;1.753352,,NVIDIA H100 80GB HBM3,1.12.6
workspace_tuning__20260803T201151.391Z__pid12447,20260803T201151.391Z,workspace_tuning,compressed,dense_compressed__N4096__q16__uniform__r8-16__fp32__q8__w16,dense__N4096__fp32,dense_compressed,4096,16,256,16,uniform,b32_b16,8,16,,11.76171875,,14.6875,,9,,2,q8,fp32,Float32,fp32,20260802,random,1,4,1,one_or_more_tile_stripes,16,dense,compressed_tlr,67108864,7700480,74809344,61603840,134217728,1.016357421875,3.372203,3.372203,1.7116705,1.701985,2.7333075,2.722632,1.596865459794978,1.5996803732112796,1.2629049344e10,1.577058304e10,19.920212765957448,9213.562446744278,50283.01918902282,false,1.720023;1.721836;1.701985;1.703318,,NVIDIA H100 80GB HBM3,1.12.6
workspace_tuning__20260803T201151.391Z__pid12447,20260803T201151.391Z,workspace_tuning,compressed,compressed_compressed__N4096__q16__uniform__r8-16__fp32__q8__w1,dense__N4096__fp32,compressed_compressed,4096,16,256,16,uniform,b32_b16,8,16,11.76171875,11.83203125,14.6875,15.0,9,9,2,2,q8,fp32,Float32,fp32,20260802,random,1,4,1,tlr_tlr_runs,1,compressed_tlr,compressed_tlr,7700480,7864320,15564800,65212160,134217728,0.6018352508544922,44.364611,44.364611,0.523007,0.518645,2.7333075,2.722632,5.22613942069609,5.249509780292878,6.898184192e9,8.80902144e9,21.69182196927426,16843.027798863113,50283.01918902282,false,0.538275;0.525025;0.520989;0.518645,,NVIDIA H100 80GB HBM3,1.12.6
workspace_tuning__20260803T201151.391Z__pid12447,20260803T201151.391Z,workspace_tuning,compressed,compressed_compressed__N4096__q16__uniform__r8-16__fp32__q8__w2,dense__N4096__fp32,compressed_compressed,4096,16,256,16,uniform,b32_b16,8,16,11.76171875,11.83203125,14.6875,15.0,9,9,2,2,q8,fp32,Float32,fp32,20260802,random,1,4,1,tlr_tlr_runs,2,compressed_tlr,compressed_tlr,7700480,7864320,15564800,32744704,134217728,0.35993385314941406,103.926209,103.926209,0.600087,0.593537,2.7333075,2.722632,4.554852046453264,4.587131046590187,6.898184192e9,8.80902144e9,21.69182196927426,14679.57386179004,50283.01918902282,false,0.599646;0.605886;0.600528;0.593537,,NVIDIA H100 80GB HBM3,1.12.6
workspace_tuning__20260803T201151.391Z__pid12447,20260803T201151.391Z,workspace_tuning,compressed,compressed_compressed__N4096__q16__uniform__r8-16__fp32__q8__w4,dense__N4096__fp32,compressed_compressed,4096,16,256,16,uniform,b32_b16,8,16,11.76171875,11.83203125,14.6875,15.0,9,9,2,2,q8,fp32,Float32,fp32,20260802,random,1,4,1,tlr_tlr_runs,4,compressed_tlr,compressed_tlr,7700480,7864320,15564800,16511488,134217728,0.23898696899414062,47.07273,47.07273,0.7414240000000001,0.725505,2.7333075,2.722632,3.686564637778113,3.752740504889698,6.898184192e9,8.80902144e9,21.69182196927426,11881.219706942315,50283.01918902282,false,0.750212;0.741549;0.741299;0.725505,,NVIDIA H100 80GB HBM3,1.12.6
workspace_tuning__20260803T201151.391Z__pid12447,20260803T201151.391Z,workspace_tuning,compressed,compressed_compressed__N4096__q16__uniform__r8-16__fp32__q8__w8,dense__N4096__fp32,compressed_compressed,4096,16,256,16,uniform,b32_b16,8,16,11.76171875,11.83203125,14.6875,15.0,9,9,2,2,q8,fp32,Float32,fp32,20260802,random,1,4,1,tlr_tlr_runs,8,compressed_tlr,compressed_tlr,7700480,7864320,15564800,8326144,134217728,0.17800140380859375,51.380253,51.380253,1.065653,1.057962,2.7333075,2.722632,2.5649132503732455,2.573468612294203,6.898184192e9,8.80902144e9,21.69182196927426,8266.313180744577,50283.01918902282,false,1.071081;1.081568;1.057962;1.060225,,NVIDIA H100 80GB HBM3,1.12.6
workspace_tuning__20260803T201151.391Z__pid12447,20260803T201151.391Z,workspace_tuning,compressed,compressed_compressed__N4096__q16__uniform__r8-16__fp32__q8__w16,dense__N4096__fp32,compressed_compressed,4096,16,256,16,uniform,b32_b16,8,16,11.76171875,11.83203125,14.6875,15.0,9,9,2,2,q8,fp32,Float32,fp32,20260802,random,1,4,1,tlr_tlr_runs,16,compressed_tlr,compressed_tlr,7700480,7864320,15564800,4171264,134217728,0.14704513549804688,59.358294,59.358294,1.504866,1.496899,2.7333075,2.722632,1.8163128810139906,1.8188481654406876,6.758199296e9,8.741912576e9,22.69198259252873,5809.097006643781,50283.01918902282,false,1.507665;1.502067;1.523719;1.496899,,NVIDIA H100 80GB HBM3,1.12.6
workspace_tuning__20260803T201151.391Z__pid12447,20260803T201151.391Z,workspace_tuning,compressed,compressed_compressed__N4096__q16__uniform__r8-16__fp32__q8__w32,dense__N4096__fp32,compressed_compressed,4096,16,256,16,uniform,b32_b16,8,16,11.76171875,11.83203125,14.6875,15.0,9,9,2,2,q8,fp32,Float32,fp32,20260802,random,1,4,1,tlr_tlr_runs,32,compressed_tlr,compressed_tlr,7700480,7864320,15564800,2112000,134217728,0.13170242309570312,68.707696,68.707696,2.6902285,2.678756,2.7333075,2.722632,1.0160131379174668,1.0163792446941788,6.764228608e9,8.73562112e9,22.567284969428712,3247.1669674155933,50283.01918902282,false,2.685917;2.698476;2.69454;2.678756,,NVIDIA H100 80GB HBM3,1.12.6
workspace_tuning__20260803T201151.391Z__pid12447,20260803T201151.391Z,workspace_tuning,compressed,compressed_compressed__N4096__q16__uniform__r8-16__fp32__q8__w64,dense__N4096__fp32,compressed_compressed,4096,16,256,16,uniform,b32_b16,8,16,11.76171875,11.83203125,14.6875,15.0,9,9,2,2,q8,fp32,Float32,fp32,20260802,random,1,4,1,tlr_tlr_runs,64,compressed_tlr,compressed_tlr,7700480,7864320,15564800,1069056,134217728,0.123931884765625,91.774865,91.774865,5.1910335,5.178415,2.7333075,2.722632,0.5265439916733344,0.5257655093305577,6.752694272e9,8.724086784e9,22.59712174821025,1680.6069126697025,50283.01918902282,false,5.192105;5.193768;5.189962;5.178415,,NVIDIA H100 80GB HBM3,1.12.6
workspace_tuning__20260803T201151.391Z__pid12447,20260803T201151.391Z,workspace_tuning,compressed,compressed_dense__N4096__q8__uniform__r16-32__fp32__q8__w1,dense__N4096__fp32,compressed_dense,4096,8,512,8,uniform,b32_b16,16,32,23.8125,,27.25,,17,,3,,q8,fp32,Float32,fp32,20260802,random,1,4,1,one_or_more_tile_stripes,1,compressed_tlr,dense,7143424,67108864,74252288,3571712,134217728,0.579833984375,8.443438,8.443438,1.364686,1.354305,2.7333075,2.722632,2.0028838135659046,2.0103536500271355,1.2784238592e10,1.4629732352e10,12.614678899082568,10720.218681806657,50283.01918902282,false,1.373073;1.371952;1.354305;1.35742,,NVIDIA H100 80GB HBM3,1.12.6
workspace_tuning__20260803T201151.391Z__pid12447,20260803T201151.391Z,workspace_tuning,compressed,compressed_dense__N4096__q8__uniform__r16-32__fp32__q8__w2,dense__N4096__fp32,compressed_dense,4096,8,512,8,uniform,b32_b16,16,32,23.8125,,27.25,,17,,3,,q8,fp32,Float32,fp32,20260802,random,1,4,1,one_or_more_tile_stripes,2,compressed_tlr,dense,7143424,67108864,74252288,7143424,134217728,0.6064453125,4.515683,4.515683,1.1311019999999998,1.124953,2.7333075,2.722632,2.4164995729828083,2.4202184446816886,1.2784238592e10,1.4629732352e10,12.614678899082568,12934.05223578422,50283.01918902282,false,1.135649;1.124953;1.137211;1.126555,,NVIDIA H100 80GB HBM3,1.12.6
workspace_tuning__20260803T201151.391Z__pid12447,20260803T201151.391Z,workspace_tuning,compressed,compressed_dense__N4096__q8__uniform__r16-32__fp32__q8__w4,dense__N4096__fp32,compressed_dense,4096,8,512,8,uniform,b32_b16,16,32,23.8125,,27.25,,17,,3,,q8,fp32,Float32,fp32,20260802,random,1,4,1,one_or_more_tile_stripes,4,compressed_tlr,dense,7143424,67108864,74252288,14286848,134217728,0.65966796875,2.284446,2.284446,1.0786735,1.073526,2.7333075,2.722632,2.5339525815735713,2.536158416284282,1.2784238592e10,1.4629732352e10,12.614678899082568,13562.706743050609,50283.01918902282,false,1.073526;1.086706;1.079916;1.077431,,NVIDIA H100 80GB HBM3,1.12.6
workspace_tuning__20260803T201151.391Z__pid12447,20260803T201151.391Z,workspace_tuning,compressed,compressed_dense__N4096__q8__uniform__r16-32__fp32__q8__w8,dense__N4096__fp32,compressed_dense,4096,8,512,8,uniform,b32_b16,16,32,23.8125,,27.25,,17,,3,,q8,fp32,Float32,fp32,20260802,random,1,4,1,one_or_more_tile_stripes,8,compressed_tlr,dense,7143424,67108864,74252288,28573696,134217728,0.76611328125,1.162299,1.162299,1.0580574999999999,1.050011,2.7333075,2.722632,2.583326047969983,2.5929556928451225,1.2784238592e10,1.4629732352e10,12.614678899082568,13826.97287434757,50283.01918902282,false,1.065634;1.059665;1.05645;1.050011,,NVIDIA H100 80GB HBM3,1.12.6
workspace_tuning__20260803T201151.391Z__pid12447,20260803T201151.391Z,workspace_tuning,compressed,dense_compressed__N4096__q8__uniform__r16-32__fp32__q8__w1,dense__N4096__fp32,dense_compressed,4096,8,512,8,uniform,b32_b16,16,32,,23.8125,,27.25,,17,,3,q8,fp32,Float32,fp32,20260802,random,1,4,1,one_or_more_tile_stripes,1,dense,compressed_tlr,67108864,7143424,74252288,3571712,134217728,0.579833984375,8.469968,8.469968,1.234547,1.222749,2.7333075,2.722632,2.2140165583003317,2.2266483145764173,1.2784238592e10,1.4629732352e10,12.614678899082568,11850.28383042525,50283.01918902282,false,1.239875;1.252092;1.229219;1.222749,,NVIDIA H100 80GB HBM3,1.12.6
workspace_tuning__20260803T201151.391Z__pid12447,20260803T201151.391Z,workspace_tuning,compressed,dense_compressed__N4096__q8__uniform__r16-32__fp32__q8__w2,dense__N4096__fp32,dense_compressed,4096,8,512,8,uniform,b32_b16,16,32,,23.8125,,27.25,,17,,3,q8,fp32,Float32,fp32,20260802,random,1,4,1,one_or_more_tile_stripes,2,dense,compressed_tlr,67108864,7143424,74252288,7143424,134217728,0.6064453125,7.870792,7.870792,1.0397555,1.027026,2.7333075,2.722632,2.6287983088331823,2.6509864404601244,1.2784238592e10,1.4629732352e10,12.614678899082568,14070.358225563607,50283.01918902282,false,1.039084;1.027026;1.040427;1.040817,,NVIDIA H100 80GB HBM3,1.12.6
workspace_tuning__20260803T201151.391Z__pid12447,20260803T201151.391Z,workspace_tuning,compressed,dense_compressed__N4096__q8__uniform__r16-32__fp32__q8__w4,dense__N4096__fp32,dense_compressed,4096,8,512,8,uniform,b32_b16,16,32,,23.8125,,27.25,,17,,3,q8,fp32,Float32,fp32,20260802,random,1,4,1,one_or_more_tile_stripes,4,dense,compressed_tlr,67108864,7143424,74252288,14286848,134217728,0.65966796875,2.200071,2.200071,0.9710719999999999,0.966085,2.7333075,2.722632,2.8147320693007316,2.8182116480433916,1.2784238592e10,1.4629732352e10,12.614678899082568,15065.54854017004,50283.01918902282,false,0.966505;0.977542;0.975639;0.966085,,NVIDIA H100 80GB HBM3,1.12.6
workspace_tuning__20260803T201151.391Z__pid12447,20260803T201151.391Z,workspace_tuning,compressed,dense_compressed__N4096__q8__uniform__r16-32__fp32__q8__w8,dense__N4096__fp32,dense_compressed,4096,8,512,8,uniform,b32_b16,16,32,,23.8125,,27.25,,17,,3,q8,fp32,Float32,fp32,20260802,random,1,4,1,one_or_more_tile_stripes,8,dense,compressed_tlr,67108864,7143424,74252288,28573696,134217728,0.76611328125,1.121658,1.121658,0.940932,0.930772,2.7333075,2.722632,2.904893764905434,2.9251331153064335,1.2784238592e10,1.4629732352e10,12.614678899082568,15548.129250572836,50283.01918902282,false,0.945664;0.953375;0.9362;0.930772,,NVIDIA H100 80GB HBM3,1.12.6
workspace_tuning__20260803T201151.391Z__pid12447,20260803T201151.391Z,workspace_tuning,compressed,compressed_compressed__N4096__q8__uniform__r16-32__fp32__q8__w1,dense__N4096__fp32,compressed_compressed,4096,8,512,8,uniform,b32_b16,16,32,23.8125,24.0,27.25,27.5,17,17,3,3,q8,fp32,Float32,fp32,20260802,random,1,4,1,tlr_tlr_runs,1,compressed_tlr,compressed_tlr,7143424,7208960,14352384,30107904,134217728,0.3312549591064453,6.313862,6.313862,0.462121,0.426117,2.7333075,2.722632,5.914700911665992,6.389400094340286,6.991194112e9,8.100380672e9,13.693017710069416,17528.70064766587,50283.01918902282,false,0.491125;0.483974;0.440268;0.426117,,NVIDIA H100 80GB HBM3,1.12.6
workspace_tuning__20260803T201151.391Z__pid12447,20260803T201151.391Z,workspace_tuning,compressed,compressed_compressed__N4096__q8__uniform__r16-32__fp32__q8__w2,dense__N4096__fp32,compressed_compressed,4096,8,512,8,uniform,b32_b16,16,32,23.8125,24.0,27.25,27.5,17,17,3,3,q8,fp32,Float32,fp32,20260802,random,1,4,1,tlr_tlr_runs,2,compressed_tlr,compressed_tlr,7143424,7208960,14352384,15206400,134217728,0.2202301025390625,7.085537,7.085537,0.49985749999999995,0.491305,2.7333075,2.722632,5.468173429427387,5.541632997832304,6.861170688e9,8.033271808e9,14.590582119140466,16071.1238863076,50283.01918902282,false,0.513007;0.491305;0.503984;0.495731,,NVIDIA H100 80GB HBM3,1.12.6
workspace_tuning__20260803T201151.391Z__pid12447,20260803T201151.391Z,workspace_tuning,compressed,compressed_compressed__N4096__q8__uniform__r16-32__fp32__q8__w4,dense__N4096__fp32,compressed_compressed,4096,8,512,8,uniform,b32_b16,16,32,23.8125,24.0,27.25,27.5,17,17,3,3,q8,fp32,Float32,fp32,20260802,random,1,4,1,tlr_tlr_runs,4,compressed_tlr,compressed_tlr,7143424,7208960,14352384,7645952,134217728,0.16390037536621094,8.221406,8.221406,0.6812940000000001,0.67584,2.7333075,2.722632,4.011935375917004,4.028515625,6.739535872e9,7.865499648e9,14.315222508290423,11544.941901734051,50283.01918902282,false,0.676091;0.686497;0.688049;0.67584,,NVIDIA H100 80GB HBM3,1.12.6
workspace_tuning__20260803T201151.391Z__pid12447,20260803T201151.391Z,workspace_tuning,compressed,compressed_compressed__N4096__q8__uniform__r16-32__fp32__q8__w8,dense__N4096__fp32,compressed_compressed,4096,8,512,8,uniform,b32_b16,16,32,23.8125,24.0,27.25,27.5,17,17,3,3,q8,fp32,Float32,fp32,20260802,random,1,4,1,tlr_tlr_runs,8,compressed_tlr,compressed_tlr,7143424,7208960,14352384,3829760,134217728,0.135467529296875,10.493083,10.493083,1.0975615,1.079414,2.7333075,2.722632,2.490345643501526,2.5223241499554385,6.739535872e9,7.865499648e9,14.315222508290423,7166.340699814999,50283.01918902282,false,1.103981;1.107687;1.091142;1.079414,,NVIDIA H100 80GB HBM3,1.12.6
workspace_tuning__20260803T201151.391Z__pid12447,20260803T201151.391Z,workspace_tuning,compressed,compressed_compressed__N4096__q8__uniform__r16-32__fp32__q8__w16,dense__N4096__fp32,compressed_compressed,4096,8,512,8,uniform,b32_b16,16,32,23.8125,24.0,27.25,27.5,17,17,3,3,q8,fp32,Float32,fp32,20260802,random,1,4,1,tlr_tlr_runs,16,compressed_tlr,compressed_tlr,7143424,7208960,14352384,2001920,134217728,0.12184906005859375,15.103188,15.103188,1.773823,1.761374,2.7333075,2.722632,1.5409133267524437,1.5457432663363941,6.69811712e9,7.827750912e9,14.43114126521659,4412.926719294992,50283.01918902282,false,1.775656;1.77199;1.761374;1.77819,,NVIDIA H100 80GB HBM3,1.12.6
workspace_tuning__20260803T201151.391Z__pid12447,20260803T201151.391Z,workspace_tuning,compressed,compressed_compressed__N4096__q8__uniform__r16-32__fp32__q8__w32,dense__N4096__fp32,compressed_compressed,4096,8,512,8,uniform,b32_b16,16,32,23.8125,24.0,27.25,27.5,17,17,3,3,q8,fp32,Float32,fp32,20260802,random,1,4,1,tlr_tlr_runs,32,compressed_tlr,compressed_tlr,7143424,7208960,14352384,1027072,134217728,0.11458587646484375,24.624487,24.624487,3.3240015,3.321747,2.7333075,2.722632,0.8222943040188159,0.819638581746292,6.69811712e9,7.827750912e9,14.43114126521659,2354.917984242787,50283.01918902282,false,3.345363;3.325514;3.322489;3.321747,,NVIDIA H100 80GB HBM3,1.12.6
workspace_tuning__20260803T201151.391Z__pid12447,20260803T201151.391Z,workspace_tuning,compressed,compressed_compressed__N4096__q8__uniform__r16-32__fp32__q8__w64,dense__N4096__fp32,compressed_compressed,4096,8,512,8,uniform,b32_b16,16,32,23.8125,24.0,27.25,27.5,17,17,3,3,q8,fp32,Float32,fp32,20260802,random,1,4,1,tlr_tlr_runs,64,compressed_tlr,compressed_tlr,7143424,7208960,14352384,539648,134217728,0.11095428466796875,235.872552,235.872552,6.4596205,6.450047,2.7333075,2.722632,0.4231374737881273,0.42211041252877696,6.65879552e9,7.77322496e9,14.336770719163646,1203.3562900483087,50283.01918902282,false,6.453351;6.450047;6.468654;6.46589,,NVIDIA H100 80GB HBM3,1.12.6
workspace_tuning__20260803T201151.391Z__pid12447,20260803T201151.391Z,workspace_tuning,baseline,dense__N4096__tf32,dense__N4096__tf32,dense_dense,4096,,,,,,,,,,,,,,,,,tf32,Float32,tf32,20260802,random,1,4,0,none,0,dense,dense,67108864,67108864,134217728,0,134217728,1.0,,,0.4636885,0.447659,0.4636885,0.447659,1.0,1.0,1.37438953472e11,1.37438953472e11,0.0,296403.6275905053,296403.6275905053,false,0.465677;0.4617;0.48813;0.447659,0.465677;0.4617;0.48813;0.447659,NVIDIA H100 80GB HBM3,1.12.6
workspace_tuning__20260803T201151.391Z__pid12447,20260803T201151.391Z,workspace_tuning,compressed,compressed_dense__N4096__q16__uniform__r8-16__tf32__q8__w1,dense__N4096__tf32,compressed_dense,4096,16,256,16,uniform,b32_b16,8,16,11.76171875,,14.6875,,9,,2,,q8,tf32,Float32,tf32,20260802,random,1,4,1,one_or_more_tile_stripes,1,compressed_tlr,dense,7700480,67108864,74809344,3850240,134217728,0.5860595703125,56.016296,56.016296,0.771209,0.766786,0.4636885,0.447659,0.6012488184136855,0.5838121718445564,1.2629049344e10,1.577058304e10,19.920212765957448,20449.168824533946,296403.6275905053,false,0.784723;0.773097;0.769321;0.766786,,NVIDIA H100 80GB HBM3,1.12.6
workspace_tuning__20260803T201151.391Z__pid12447,20260803T201151.391Z,workspace_tuning,compressed,compressed_dense__N4096__q16__uniform__r8-16__tf32__q8__w2,dense__N4096__tf32,compressed_dense,4096,16,256,16,uniform,b32_b16,8,16,11.76171875,,14.6875,,9,,2,,q8,tf32,Float32,tf32,20260802,random,1,4,1,one_or_more_tile_stripes,2,compressed_tlr,dense,7700480,67108864,74809344,7700480,134217728,0.61474609375,27.089624,27.089624,0.6670024999999999,0.654488,0.4636885,0.447659,0.6951825517895361,0.6839835107748347,1.2629049344e10,1.577058304e10,19.920212765957448,23643.963913178737,296403.6275905053,false,0.672666;0.668189;0.654488;0.665816,,NVIDIA H100 80GB HBM3,1.12.6
workspace_tuning__20260803T201151.391Z__pid12447,20260803T201151.391Z,workspace_tuning,compressed,compressed_dense__N4096__q16__uniform__r8-16__tf32__q8__w4,dense__N4096__tf32,compressed_dense,4096,16,256,16,uniform,b32_b16,8,16,11.76171875,,14.6875,,9,,2,,q8,tf32,Float32,tf32,20260802,random,1,4,1,one_or_more_tile_stripes,4,compressed_tlr,dense,7700480,67108864,74809344,15400960,134217728,0.672119140625,13.855091,13.855091,0.5744945,0.560969,0.4636885,0.447659,0.8071243501896015,0.7980102287292167,1.2629049344e10,1.577058304e10,19.920212765957448,27451.23415454804,296403.6275905053,false,0.577224;0.560969;0.57494;0.574049,,NVIDIA H100 80GB HBM3,1.12.6
workspace_tuning__20260803T201151.391Z__pid12447,20260803T201151.391Z,workspace_tuning,compressed,compressed_dense__N4096__q16__uniform__r8-16__tf32__q8__w8,dense__N4096__tf32,compressed_dense,4096,16,256,16,uniform,b32_b16,8,16,11.76171875,,14.6875,,9,,2,,q8,tf32,Float32,tf32,20260802,random,1,4,1,one_or_more_tile_stripes,8,compressed_tlr,dense,7700480,67108864,74809344,30801920,134217728,0.786865234375,6.944386,6.944386,0.5589255,0.55504,0.4636885,0.447659,0.8296069869776921,0.8065346641683482,1.2629049344e10,1.577058304e10,19.920212765957448,28215.894676481927,296403.6275905053,false,0.55504;0.566447;0.562741;0.55511,,NVIDIA H100 80GB HBM3,1.12.6
workspace_tuning__20260803T201151.391Z__pid12447,20260803T201151.391Z,workspace_tuning,compressed,compressed_dense__N4096__q16__uniform__r8-16__tf32__q8__w16,dense__N4096__tf32,compressed_dense,4096,16,256,16,uniform,b32_b16,8,16,11.76171875,,14.6875,,9,,2,,q8,tf32,Float32,tf32,20260802,random,1,4,1,one_or_more_tile_stripes,16,compressed_tlr,dense,7700480,67108864,74809344,61603840,134217728,1.016357421875,3.513695,3.513695,0.554114,0.542692,0.4636885,0.447659,0.8368106562909438,0.8248859389856493,1.2629049344e10,1.577058304e10,19.920212765957448,28460.899814839544,296403.6275905053,false,0.556202;0.55481;0.553418;0.542692,,NVIDIA H100 80GB HBM3,1.12.6
workspace_tuning__20260803T201151.391Z__pid12447,20260803T201151.391Z,workspace_tuning,compressed,dense_compressed__N4096__q16__uniform__r8-16__tf32__q8__w1,dense__N4096__tf32,dense_compressed,4096,16,256,16,uniform,b32_b16,8,16,,11.76171875,,14.6875,,9,,2,q8,tf32,Float32,tf32,20260802,random,1,4,1,one_or_more_tile_stripes,1,dense,compressed_tlr,67108864,7700480,74809344,3850240,134217728,0.5860595703125,52.473807,52.473807,0.7792705,0.764684,0.4636885,0.447659,0.5950289405283531,0.5854169827013511,1.2629049344e10,1.577058304e10,19.920212765957448,20237.623572302557,296403.6275905053,false,0.799535;0.778304;0.780237;0.764684,,NVIDIA H100 80GB HBM3,1.12.6
workspace_tuning__20260803T201151.391Z__pid12447,20260803T201151.391Z,workspace_tuning,compressed,dense_compressed__N4096__q16__uniform__r8-16__tf32__q8__w2,dense__N4096__tf32,dense_compressed,4096,16,256,16,uniform,b32_b16,8,16,,11.76171875,,14.6875,,9,,2,q8,tf32,Float32,tf32,20260802,random,1,4,1,one_or_more_tile_stripes,2,dense,compressed_tlr,67108864,7700480,74809344,7700480,134217728,0.61474609375,26.259663,26.259663,0.658184,0.646817,0.4636885,0.447659,0.7044967668615463,0.6920952912493024,1.2629049344e10,1.577058304e10,19.920212765957448,23960.75115773097,296403.6275905053,false,0.66864;0.650282;0.666086;0.646817,,NVIDIA H100 80GB HBM3,1.12.6
workspace_tuning__20260803T201151.391Z__pid12447,20260803T201151.391Z,workspace_tuning,compressed,dense_compressed__N4096__q16__uniform__r8-16__tf32__q8__w4,dense__N4096__tf32,dense_compressed,4096,16,256,16,uniform,b32_b16,8,16,,11.76171875,,14.6875,,9,,2,q8,tf32,Float32,tf32,20260802,random,1,4,1,one_or_more_tile_stripes,4,dense,compressed_tlr,67108864,7700480,74809344,15400960,134217728,0.672119140625,13.29929,13.29929,0.562942,0.552897,0.4636885,0.447659,0.8236878754827317,0.8096607505557093,1.2629049344e10,1.577058304e10,19.920212765957448,28014.578837606718,296403.6275905053,false,0.558636;0.569592;0.567248;0.552897,,NVIDIA H100 80GB HBM3,1.12.6
workspace_tuning__20260803T201151.391Z__pid12447,20260803T201151.391Z,workspace_tuning,compressed,dense_compressed__N4096__q16__uniform__r8-16__tf32__q8__w8,dense__N4096__tf32,dense_compressed,4096,16,256,16,uniform,b32_b16,8,16,,11.76171875,,14.6875,,9,,2,q8,tf32,Float32,tf32,20260802,random,1,4,1,one_or_more_tile_stripes,8,dense,compressed_tlr,67108864,7700480,74809344,30801920,134217728,0.786865234375,6.730155,6.730155,0.539963,0.52853,0.4636885,0.447659,0.8587412470854485,0.846988818042495,1.2629049344e10,1.577058304e10,19.920212765957448,29206.78461301978,296403.6275905053,false,0.546578;0.550243;0.533348;0.52853,,NVIDIA H100 80GB HBM3,1.12.6
workspace_tuning__20260803T201151.391Z__pid12447,20260803T201151.391Z,workspace_tuning,compressed,dense_compressed__N4096__q16__uniform__r8-16__tf32__q8__w16,dense__N4096__tf32,dense_compressed,4096,16,256,16,uniform,b32_b16,8,16,,11.76171875,,14.6875,,9,,2,q8,tf32,Float32,tf32,20260802,random,1,4,1,one_or_more_tile_stripes,16,dense,compressed_tlr,67108864,7700480,74809344,61603840,134217728,1.016357421875,3.438112,3.438112,0.5276989999999999,0.518856,0.4636885,0.447659,0.8786988415744583,0.86278081008989,1.2629049344e10,1.577058304e10,19.920212765957448,29885.5655212536,296403.6275905053,false,0.53446;0.525686;0.518856;0.529712,,NVIDIA H100 80GB HBM3,1.12.6
workspace_tuning__20260803T201151.391Z__pid12447,20260803T201151.391Z,workspace_tuning,compressed,compressed_compressed__N4096__q16__uniform__r8-16__tf32__q8__w1,dense__N4096__tf32,compressed_compressed,4096,16,256,16,uniform,b32_b16,8,16,11.76171875,11.83203125,14.6875,15.0,9,9,2,2,q8,tf32,Float32,tf32,20260802,random,1,4,1,tlr_tlr_runs,1,compressed_tlr,compressed_tlr,7700480,7864320,15564800,65212160,134217728,0.6018352508544922,58.371138,58.371138,0.2474595,0.244936,0.4636885,0.447659,1.873795509972339,1.8276570206094653,6.898184192e9,8.80902144e9,21.69182196927426,35597.830917786545,296403.6275905053,false,0.259508;0.249643;0.245276;0.244936,,NVIDIA H100 80GB HBM3,1.12.6
workspace_tuning__20260803T201151.391Z__pid12447,20260803T201151.391Z,workspace_tuning,compressed,compressed_compressed__N4096__q16__uniform__r8-16__tf32__q8__w2,dense__N4096__tf32,compressed_compressed,4096,16,256,16,uniform,b32_b16,8,16,11.76171875,11.83203125,14.6875,15.0,9,9,2,2,q8,tf32,Float32,tf32,20260802,random,1,4,1,tlr_tlr_runs,2,compressed_tlr,compressed_tlr,7700480,7864320,15564800,32744704,134217728,0.35993385314941406,49.854911,49.854911,0.273169,0.273089,0.4636885,0.447659,1.697441876640468,1.6392421518259612,6.898184192e9,8.80902144e9,21.69182196927426,32247.515054782936,296403.6275905053,false,0.273219;0.273119;0.275603;0.273089,,NVIDIA H100 80GB HBM3,1.12.6
workspace_tuning__20260803T201151.391Z__pid12447,20260803T201151.391Z,workspace_tuning,compressed,compressed_compressed__N4096__q16__uniform__r8-16__tf32__q8__w4,dense__N4096__tf32,compressed_compressed,4096,16,256,16,uniform,b32_b16,8,16,11.76171875,11.83203125,14.6875,15.0,9,9,2,2,q8,tf32,Float32,tf32,20260802,random,1,4,1,tlr_tlr_runs,4,compressed_tlr,compressed_tlr,7700480,7864320,15564800,16511488,134217728,0.23898696899414062,46.592792,46.592792,0.315892,0.315211,0.4636885,0.447659,1.4678703480936521,1.4201883817506367,6.898184192e9,8.80902144e9,21.69182196927426,27886.180846618463,296403.6275905053,false,0.315662;0.318396;0.316122;0.315211,,NVIDIA H100 80GB HBM3,1.12.6
workspace_tuning__20260803T201151.391Z__pid12447,20260803T201151.391Z,workspace_tuning,compressed,compressed_compressed__N4096__q16__uniform__r8-16__tf32__q8__w8,dense__N4096__tf32,compressed_compressed,4096,16,256,16,uniform,b32_b16,8,16,11.76171875,11.83203125,14.6875,15.0,9,9,2,2,q8,tf32,Float32,tf32,20260802,random,1,4,1,tlr_tlr_runs,8,compressed_tlr,compressed_tlr,7700480,7864320,15564800,8326144,134217728,0.17800140380859375,50.484042,50.484042,0.45301749999999996,0.449282,0.4636885,0.447659,1.0235553814146254,0.9963875694997796,6.898184192e9,8.80902144e9,21.69182196927426,19445.21224897493,296403.6275905053,false,0.459617;0.455872;0.450163;0.449282,,NVIDIA H100 80GB HBM3,1.12.6
workspace_tuning__20260803T201151.391Z__pid12447,20260803T201151.391Z,workspace_tuning,compressed,compressed_compressed__N4096__q16__uniform__r8-16__tf32__q8__w16,dense__N4096__tf32,compressed_compressed,4096,16,256,16,uniform,b32_b16,8,16,11.76171875,11.83203125,14.6875,15.0,9,9,2,2,q8,tf32,Float32,tf32,20260802,random,1,4,1,tlr_tlr_runs,16,compressed_tlr,compressed_tlr,7700480,7864320,15564800,4171264,134217728,0.14704513549804688,57.012235,57.012235,0.7764409999999999,0.736862,0.4636885,0.447659,0.5971973401713717,0.6075208112238112,6.758199296e9,8.741912576e9,22.69198259252873,11258.952806459218,296403.6275905053,false,0.810101;0.750843;0.736862;0.802039,,NVIDIA H100 80GB HBM3,1.12.6
workspace_tuning__20260803T201151.391Z__pid12447,20260803T201151.391Z,workspace_tuning,compressed,compressed_compressed__N4096__q16__uniform__r8-16__tf32__q8__w32,dense__N4096__tf32,compressed_compressed,4096,16,256,16,uniform,b32_b16,8,16,11.76171875,11.83203125,14.6875,15.0,9,9,2,2,q8,tf32,Float32,tf32,20260802,random,1,4,1,tlr_tlr_runs,32,compressed_tlr,compressed_tlr,7700480,7864320,15564800,2112000,134217728,0.13170242309570312,67.769022,67.769022,1.180335,1.177471,0.4636885,0.447659,0.3928448279513867,0.38018685810521025,6.764228608e9,8.73562112e9,22.567284969428712,7400.967623598385,296403.6275905053,false,1.182488;1.177471;1.199924;1.178182,,NVIDIA H100 80GB HBM3,1.12.6
workspace_tuning__20260803T201151.391Z__pid12447,20260803T201151.391Z,workspace_tuning,compressed,compressed_compressed__N4096__q16__uniform__r8-16__tf32__q8__w64,dense__N4096__tf32,compressed_compressed,4096,16,256,16,uniform,b32_b16,8,16,11.76171875,11.83203125,14.6875,15.0,9,9,2,2,q8,tf32,Float32,tf32,20260802,random,1,4,1,tlr_tlr_runs,64,compressed_tlr,compressed_tlr,7700480,7864320,15564800,1069056,134217728,0.123931884765625,91.415978,91.415978,2.2850725,2.257967,0.4636885,0.447659,0.20292069507641441,0.1982575476080917,6.752694272e9,8.724086784e9,22.59712174821025,3817.859951489504,296403.6275905053,false,2.291727;2.280951;2.289194;2.257967,,NVIDIA H100 80GB HBM3,1.12.6
workspace_tuning__20260803T201151.391Z__pid12447,20260803T201151.391Z,workspace_tuning,compressed,compressed_dense__N4096__q8__uniform__r16-32__tf32__q8__w1,dense__N4096__tf32,compressed_dense,4096,8,512,8,uniform,b32_b16,16,32,23.8125,,27.25,,17,,3,,q8,tf32,Float32,tf32,20260802,random,1,4,1,one_or_more_tile_stripes,1,compressed_tlr,dense,7143424,67108864,74252288,3571712,134217728,0.579833984375,8.251411,8.251411,0.4001085,0.399517,0.4636885,0.447659,1.1589068965043232,1.1205005043590135,1.2784238592e10,1.4629732352e10,12.614678899082568,36564.4127830326,296403.6275905053,false,0.402822;0.399788;0.399517;0.400429,,NVIDIA H100 80GB HBM3,1.12.6
workspace_tuning__20260803T201151.391Z__pid12447,20260803T201151.391Z,workspace_tuning,compressed,compressed_dense__N4096__q8__uniform__r16-32__tf32__q8__w2,dense__N4096__tf32,compressed_dense,4096,8,512,8,uniform,b32_b16,16,32,23.8125,,27.25,,17,,3,,q8,tf32,Float32,tf32,20260802,random,1,4,1,one_or_more_tile_stripes,2,compressed_tlr,dense,7143424,67108864,74252288,7143424,134217728,0.6064453125,4.155845,4.155845,0.3106895,0.309453,0.4636885,0.447659,1.4924498574943794,1.4466138638177688,1.2784238592e10,1.4629732352e10,12.614678899082568,47087.952286768625,296403.6275905053,false,0.309823;0.309453;0.311556;0.313038,,NVIDIA H100 80GB HBM3,1.12.6
workspace_tuning__20260803T201151.391Z__pid12447,20260803T201151.391Z,workspace_tuning,compressed,compressed_dense__N4096__q8__uniform__r16-32__tf32__q8__w4,dense__N4096__tf32,compressed_dense,4096,8,512,8,uniform,b32_b16,16,32,23.8125,,27.25,,17,,3,,q8,tf32,Float32,tf32,20260802,random,1,4,1,one_or_more_tile_stripes,4,compressed_tlr,dense,7143424,67108864,74252288,14286848,134217728,0.65966796875,2.101883,2.101883,0.292513,0.291266,0.4636885,0.447659,1.5851893761986646,1.536942176567124,1.2784238592e10,1.4629732352e10,12.614678899082568,50013.95613870153,296403.6275905053,false,0.29396;0.292398;0.291266;0.292628,,NVIDIA H100 80GB HBM3,1.12.6
workspace_tuning__20260803T201151.391Z__pid12447,20260803T201151.391Z,workspace_tuning,compressed,compressed_dense__N4096__q8__uniform__r16-32__tf32__q8__w8,dense__N4096__tf32,compressed_dense,4096,8,512,8,uniform,b32_b16,16,32,23.8125,,27.25,,17,,3,,q8,tf32,Float32,tf32,20260802,random,1,4,1,one_or_more_tile_stripes,8,compressed_tlr,dense,7143424,67108864,74252288,28573696,134217728,0.76611328125,1.075889,1.075889,0.2905895,0.287981,0.4636885,0.447659,1.5956822252696674,1.5544740798872148,1.2784238592e10,1.4629732352e10,12.614678899082568,50345.01367736962,296403.6275905053,false,0.297976;0.290064;0.291115;0.287981,,NVIDIA H100 80GB HBM3,1.12.6
workspace_tuning__20260803T201151.391Z__pid12447,20260803T201151.391Z,workspace_tuning,compressed,dense_compressed__N4096__q8__uniform__r16-32__tf32__q8__w1,dense__N4096__tf32,dense_compressed,4096,8,512,8,uniform,b32_b16,16,32,,23.8125,,27.25,,17,,3,q8,tf32,Float32,tf32,20260802,random,1,4,1,one_or_more_tile_stripes,1,dense,compressed_tlr,67108864,7143424,74252288,3571712,134217728,0.579833984375,8.250409,8.250409,0.401004,0.399788,0.4636885,0.447659,1.1563188895871361,1.1197409627102364,1.2784238592e10,1.4629732352e10,12.614678899082568,36482.75915452215,296403.6275905053,false,0.405517;0.40163;0.399788;0.400378,,NVIDIA H100 80GB HBM3,1.12.6
workspace_tuning__20260803T201151.391Z__pid12447,20260803T201151.391Z,workspace_tuning,compressed,dense_compressed__N4096__q8__uniform__r16-32__tf32__q8__w2,dense__N4096__tf32,dense_compressed,4096,8,512,8,uniform,b32_b16,16,32,,23.8125,,27.25,,17,,3,q8,tf32,Float32,tf32,20260802,random,1,4,1,one_or_more_tile_stripes,2,dense,compressed_tlr,67108864,7143424,74252288,7143424,134217728,0.6064453125,4.032781,4.032781,0.3058375,0.304926,0.4636885,0.447659,1.5161270282421222,1.4680906187074898,1.2784238592e10,1.4629732352e10,12.614678899082568,47834.98541545756,296403.6275905053,false,0.306689;0.306258;0.305417;0.304926,,NVIDIA H100 80GB HBM3,1.12.6
workspace_tuning__20260803T201151.391Z__pid12447,20260803T201151.391Z,workspace_tuning,compressed,dense_compressed__N4096__q8__uniform__r16-32__tf32__q8__w4,dense__N4096__tf32,dense_compressed,4096,8,512,8,uniform,b32_b16,16,32,,23.8125,,27.25,,17,,3,q8,tf32,Float32,tf32,20260802,random,1,4,1,one_or_more_tile_stripes,4,dense,compressed_tlr,67108864,7143424,74252288,14286848,134217728,0.65966796875,2.11309,2.11309,0.2797535,0.278376,0.4636885,0.447659,1.6574895398985179,1.6081091760783974,1.2784238592e10,1.4629732352e10,12.614678899082568,52295.08246366891,296403.6275905053,false,0.28116;0.278376;0.279608;0.279899,,NVIDIA H100 80GB HBM3,1.12.6
workspace_tuning__20260803T201151.391Z__pid12447,20260803T201151.391Z,workspace_tuning,compressed,dense_compressed__N4096__q8__uniform__r16-32__tf32__q8__w8,dense__N4096__tf32,dense_compressed,4096,8,512,8,uniform,b32_b16,16,32,,23.8125,,27.25,,17,,3,q8,tf32,Float32,tf32,20260802,random,1,4,1,one_or_more_tile_stripes,8,dense,compressed_tlr,67108864,7143424,74252288,28573696,134217728,0.76611328125,1.058343,1.058343,0.2700435,0.26752,0.4636885,0.447659,1.7170881728314142,1.6733664772727272,1.2784238592e10,1.4629732352e10,12.614678899082568,54175.46562683419,296403.6275905053,false,0.270464;0.269623;0.271306;0.26752,,NVIDIA H100 80GB HBM3,1.12.6
workspace_tuning__20260803T201151.391Z__pid12447,20260803T201151.391Z,workspace_tuning,compressed,compressed_compressed__N4096__q8__uniform__r16-32__tf32__q8__w1,dense__N4096__tf32,compressed_compressed,4096,8,512,8,uniform,b32_b16,16,32,23.8125,24.0,27.25,27.5,17,17,3,3,q8,tf32,Float32,tf32,20260802,random,1,4,1,tlr_tlr_runs,1,compressed_tlr,compressed_tlr,7143424,7208960,14352384,30107904,134217728,0.3312549591064453,6.461804,6.461804,0.151887,0.145578,0.4636885,0.447659,3.0528517911341986,3.0750456799791173,6.991194112e9,8.100380672e9,13.693017710069416,53331.62595877198,296403.6275905053,false,0.152859;0.150915;0.161141;0.145578,,NVIDIA H100 80GB HBM3,1.12.6
workspace_tuning__20260803T201151.391Z__pid12447,20260803T201151.391Z,workspace_tuning,compressed,compressed_compressed__N4096__q8__uniform__r16-32__tf32__q8__w2,dense__N4096__tf32,compressed_compressed,4096,8,512,8,uniform,b32_b16,16,32,23.8125,24.0,27.25,27.5,17,17,3,3,q8,tf32,Float32,tf32,20260802,random,1,4,1,tlr_tlr_runs,2,compressed_tlr,compressed_tlr,7143424,7208960,14352384,15206400,134217728,0.2202301025390625,7.304825,7.304825,0.1787225,0.176735,0.4636885,0.447659,2.5944606862594246,2.5329391461793076,6.861170688e9,8.033271808e9,14.590582119140466,44948.29586649694,296403.6275905053,false,0.18028;0.186459;0.176735;0.177165,,NVIDIA H100 80GB HBM3,1.12.6
workspace_tuning__20260803T201151.391Z__pid12447,20260803T201151.391Z,workspace_tuning,compressed,compressed_compressed__N4096__q8__uniform__r16-32__tf32__q8__w4,dense__N4096__tf32,compressed_compressed,4096,8,512,8,uniform,b32_b16,16,32,23.8125,24.0,27.25,27.5,17,17,3,3,q8,tf32,Float32,tf32,20260802,random,1,4,1,tlr_tlr_runs,4,compressed_tlr,compressed_tlr,7143424,7208960,14352384,7645952,134217728,0.16390037536621094,8.198551,8.198551,0.2394685,0.238526,0.4636885,0.447659,1.9363235665651224,1.876772343476183,6.739535872e9,7.865499648e9,14.315222508290423,32845.654639336695,296403.6275905053,false,0.242693;0.239408;0.239529;0.238526,,NVIDIA H100 80GB HBM3,1.12.6
workspace_tuning__20260803T201151.391Z__pid12447,20260803T201151.391Z,workspace_tuning,compressed,compressed_compressed__N4096__q8__uniform__r16-32__tf32__q8__w8,dense__N4096__tf32,compressed_compressed,4096,8,512,8,uniform,b32_b16,16,32,23.8125,24.0,27.25,27.5,17,17,3,3,q8,tf32,Float32,tf32,20260802,random,1,4,1,tlr_tlr_runs,8,compressed_tlr,compressed_tlr,7143424,7208960,14352384,3829760,134217728,0.135467529296875,10.433194,10.433194,0.4001685,0.395751,0.4636885,0.447659,1.1587331336674427,1.131163281962648,6.739535872e9,7.865499648e9,14.315222508290423,19655.46925357693,296403.6275905053,false,0.395751;0.40107;0.399267;0.407449,,NVIDIA H100 80GB HBM3,1.12.6
workspace_tuning__20260803T201151.391Z__pid12447,20260803T201151.391Z,workspace_tuning,compressed,compressed_compressed__N4096__q8__uniform__r16-32__tf32__q8__w16,dense__N4096__tf32,compressed_compressed,4096,8,512,8,uniform,b32_b16,16,32,23.8125,24.0,27.25,27.5,17,17,3,3,q8,tf32,Float32,tf32,20260802,random,1,4,1,tlr_tlr_runs,16,compressed_tlr,compressed_tlr,7143424,7208960,14352384,2001920,134217728,0.12184906005859375,15.349796,15.349796,0.7926805,0.755159,0.4636885,0.447659,0.584962667808783,0.592800986282359,6.69811712e9,7.827750912e9,14.43114126521659,9875.039075642708,296403.6275905053,false,0.767768;0.845525;0.817593;0.755159,,NVIDIA H100 80GB HBM3,1.12.6
workspace_tuning__20260803T201151.391Z__pid12447,20260803T201151.391Z,workspace_tuning,compressed,compressed_compressed__N4096__q8__uniform__r16-32__tf32__q8__w32,dense__N4096__tf32,compressed_compressed,4096,8,512,8,uniform,b32_b16,16,32,23.8125,24.0,27.25,27.5,17,17,3,3,q8,tf32,Float32,tf32,20260802,random,1,4,1,tlr_tlr_runs,32,compressed_tlr,compressed_tlr,7143424,7208960,14352384,1027072,134217728,0.11458587646484375,24.870235,24.870235,1.3126375000000001,1.298662,0.4636885,0.447659,0.3532494691032368,0.3447078608598696,6.69811712e9,7.827750912e9,14.43114126521659,5963.375960232736,296403.6275905053,false,1.325052;1.321175;1.298662;1.3041,,NVIDIA H100 80GB HBM3,1.12.6
workspace_tuning__20260803T201151.391Z__pid12447,20260803T201151.391Z,workspace_tuning,compressed,compressed_compressed__N4096__q8__uniform__r16-32__tf32__q8__w64,dense__N4096__tf32,compressed_compressed,4096,8,512,8,uniform,b32_b16,16,32,23.8125,24.0,27.25,27.5,17,17,3,3,q8,tf32,Float32,tf32,20260802,random,1,4,1,tlr_tlr_runs,64,compressed_tlr,compressed_tlr,7143424,7208960,14352384,539648,134217728,0.11095428466796875,42.185762,42.185762,2.5403745,2.525407,0.4636885,0.447659,0.18252761551495655,0.17726212052156345,6.65879552e9,7.77322496e9,14.336770719163646,3059.8736367413544,296403.6275905053,false,2.545487;2.525407;2.535262;2.552838,,NVIDIA H100 80GB HBM3,1.12.6
workspace_tuning__20260803T201151.391Z__pid12447,20260803T201151.391Z,workspace_tuning,baseline,dense__N8192__bf16,dense__N8192__bf16,dense_dense,8192,,,,,,,,,,,,,,,,,bf16,Core.BFloat16,fp32_accumulate,20260802,random,1,4,0,none,0,dense,dense,134217728,134217728,268435456,0,268435456,1.0,,,1.376063,1.355527,1.376063,1.355527,1.0,1.0,1.099511627776e12,1.099511627776e12,0.0,799027.0996138984,799027.0996138984,false,1.394185;1.355527;1.388997;1.363129,1.394185;1.355527;1.388997;1.363129,NVIDIA H100 80GB HBM3,1.12.6
workspace_tuning__20260803T201151.391Z__pid12447,20260803T201151.391Z,workspace_tuning,compressed,compressed_dense__N8192__q16__uniform__r16-32__bf16__q8__w1,dense__N8192__bf16,compressed_dense,8192,16,512,16,uniform,b32_b16,16,32,23.58984375,,26.96875,,17,,3,,q8,bf16,Core.BFloat16,fp32_accumulate,20260802,random,1,4,1,one_or_more_tile_stripes,1,compressed_tlr,dense,14139392,134217728,148357120,7069696,268435456,0.579010009765625,54.936601,54.936601,1.456728,1.447885,1.376063,1.355527,0.9446259013350468,0.9362117847757245,1.01317607424e11,1.15829899264e11,12.528968713789109,79513.7453690737,799027.0996138984,false,1.454745;1.462567;1.458711;1.447885,,NVIDIA H100 80GB HBM3,1.12.6
workspace_tuning__20260803T201151.391Z__pid12447,20260803T201151.391Z,workspace_tuning,compressed,compressed_dense__N8192__q16__uniform__r16-32__bf16__q8__w2,dense__N8192__bf16,compressed_dense,8192,16,512,16,uniform,b32_b16,16,32,23.58984375,,26.96875,,17,,3,,q8,bf16,Core.BFloat16,fp32_accumulate,20260802,random,1,4,1,one_or_more_tile_stripes,2,compressed_tlr,dense,14139392,134217728,148357120,14139392,268435456,0.6053466796875,38.931404,38.931404,1.3827824999999998,1.366504,1.376063,1.355527,0.9951405951405953,0.9919670926685907,1.01317607424e11,1.15829899264e11,12.528968713789109,83765.81224017518,799027.0996138984,false,1.41037;1.388526;1.377039;1.366504,,NVIDIA H100 80GB HBM3,1.12.6
workspace_tuning__20260803T201151.391Z__pid12447,20260803T201151.391Z,workspace_tuning,compressed,compressed_dense__N8192__q16__uniform__r16-32__bf16__q8__w4,dense__N8192__bf16,compressed_dense,8192,16,512,16,uniform,b32_b16,16,32,23.58984375,,26.96875,,17,,3,,q8,bf16,Core.BFloat16,fp32_accumulate,20260802,random,1,4,1,one_or_more_tile_stripes,4,compressed_tlr,dense,14139392,134217728,148357120,28278784,268435456,0.65802001953125,13.786979,13.786979,1.340675,1.338442,1.376063,1.355527,1.0263956589031644,1.0127648415097554,1.01317607424e11,1.15829899264e11,12.528968713789109,86396.70260428515,799027.0996138984,false,1.356338;1.340655;1.338442;1.340695,,NVIDIA H100 80GB HBM3,1.12.6
workspace_tuning__20260803T201151.391Z__pid12447,20260803T201151.391Z,workspace_tuning,compressed,compressed_dense__N8192__q16__uniform__r16-32__bf16__q8__w8,dense__N8192__bf16,compressed_dense,8192,16,512,16,uniform,b32_b16,16,32,23.58984375,,26.96875,,17,,3,,q8,bf16,Core.BFloat16,fp32_accumulate,20260802,random,1,4,1,one_or_more_tile_stripes,8,compressed_tlr,dense,14139392,134217728,148357120,56557568,268435456,0.76336669921875,6.912247,6.912247,1.397931,1.394586,1.376063,1.355527,0.9843568817058925,0.9719924049144333,1.01317607424e11,1.15829899264e11,12.528968713789109,82858.09475861111,799027.0996138984,false,1.394586;1.396168;1.40421;1.399694,,NVIDIA H100 80GB HBM3,1.12.6
workspace_tuning__20260803T201151.391Z__pid12447,20260803T201151.391Z,workspace_tuning,compressed,compressed_dense__N8192__q16__uniform__r16-32__bf16__q8__w16,dense__N8192__bf16,compressed_dense,8192,16,512,16,uniform,b32_b16,16,32,23.58984375,,26.96875,,17,,3,,q8,bf16,Core.BFloat16,fp32_accumulate,20260802,random,1,4,1,one_or_more_tile_stripes,16,compressed_tlr,dense,14139392,134217728,148357120,113115136,268435456,0.97406005859375,3.377902,3.377902,1.451641,1.445873,1.376063,1.355527,0.9479361632800397,0.9375145673236861,1.01317607424e11,1.15829899264e11,12.528968713789109,79792.3861781253,799027.0996138984,false,1.446103;1.457179;1.457309;1.445873,,NVIDIA H100 80GB HBM3,1.12.6
workspace_tuning__20260803T201151.391Z__pid12447,20260803T201151.391Z,workspace_tuning,compressed,dense_compressed__N8192__q16__uniform__r16-32__bf16__q8__w1,dense__N8192__bf16,dense_compressed,8192,16,512,16,uniform,b32_b16,16,32,,23.58984375,,26.96875,,17,,3,q8,bf16,Core.BFloat16,fp32_accumulate,20260802,random,1,4,1,one_or_more_tile_stripes,1,dense,compressed_tlr,134217728,14139392,148357120,7069696,268435456,0.579010009765625,53.428485,53.428485,0.9844525,0.970351,1.376063,1.355527,1.3977952212016325,1.3969450229865275,1.01317607424e11,1.15829899264e11,12.528968713789109,117659.20576564131,799027.0996138984,false,0.995829;0.992585;0.97632;0.970351,,NVIDIA H100 80GB HBM3,1.12.6
workspace_tuning__20260803T201151.391Z__pid12447,20260803T201151.391Z,workspace_tuning,compressed,dense_compressed__N8192__q16__uniform__r16-32__bf16__q8__w2,dense__N8192__bf16,dense_compressed,8192,16,512,16,uniform,b32_b16,16,32,,23.58984375,,26.96875,,17,,3,q8,bf16,Core.BFloat16,fp32_accumulate,20260802,random,1,4,1,one_or_more_tile_stripes,2,dense,compressed_tlr,134217728,14139392,148357120,14139392,268435456,0.6053466796875,26.328706,26.328706,0.8895805,0.885064,1.376063,1.355527,1.5468673155492956,1.5315581698046694,1.01317607424e11,1.15829899264e11,12.528968713789109,130207.32723345442,799027.0996138984,false,0.897953;0.885424;0.885064;0.893737,,NVIDIA H100 80GB HBM3,1.12.6
workspace_tuning__20260803T201151.391Z__pid12447,20260803T201151.391Z,workspace_tuning,compressed,dense_compressed__N8192__q16__uniform__r16-32__bf16__q8__w4,dense__N8192__bf16,dense_compressed,8192,16,512,16,uniform,b32_b16,16,32,,23.58984375,,26.96875,,17,,3,q8,bf16,Core.BFloat16,fp32_accumulate,20260802,random,1,4,1,one_or_more_tile_stripes,4,dense,compressed_tlr,134217728,14139392,148357120,28278784,268435456,0.65802001953125,13.290016,13.290016,0.85941,0.853987,1.376063,1.355527,1.6011717340966478,1.5872923124122496,1.01317607424e11,1.15829899264e11,12.528968713789109,134778.39362353244,799027.0996138984,false,0.853987;0.85623;0.874608;0.86259,,NVIDIA H100 80GB HBM3,1.12.6
workspace_tuning__20260803T201151.391Z__pid12447,20260803T201151.391Z,workspace_tuning,compressed,dense_compressed__N8192__q16__uniform__r16-32__bf16__q8__w8,dense__N8192__bf16,dense_compressed,8192,16,512,16,uniform,b32_b16,16,32,,23.58984375,,26.96875,,17,,3,q8,bf16,Core.BFloat16,fp32_accumulate,20260802,random,1,4,1,one_or_more_tile_stripes,8,dense,compressed_tlr,134217728,14139392,148357120,56557568,268435456,0.76336669921875,6.720601,6.720601,0.91936,0.910712,1.376063,1.355527,1.4967618778280545,1.4884255395778248,1.01317607424e11,1.15829899264e11,12.528968713789109,125989.7094326488,799027.0996138984,false,0.91577;0.924813;0.92295;0.910712,,NVIDIA H100 80GB HBM3,1.12.6
workspace_tuning__20260803T201151.391Z__pid12447,20260803T201151.391Z,workspace_tuning,compressed,dense_compressed__N8192__q16__uniform__r16-32__bf16__q8__w16,dense__N8192__bf16,dense_compressed,8192,16,512,16,uniform,b32_b16,16,32,,23.58984375,,26.96875,,17,,3,q8,bf16,Core.BFloat16,fp32_accumulate,20260802,random,1,4,1,one_or_more_tile_stripes,16,dense,compressed_tlr,134217728,14139392,148357120,113115136,268435456,0.97406005859375,3.160257,3.160257,0.9972165,0.984672,1.376063,1.355527,1.3799039626801202,1.376627953267687,1.01317607424e11,1.15829899264e11,12.528968713789109,116153.21172884725,799027.0996138984,false,1.004022;1.000046;0.994387;0.984672,,NVIDIA H100 80GB HBM3,1.12.6
workspace_tuning__20260803T201151.391Z__pid12447,20260803T201151.391Z,workspace_tuning,compressed,compressed_compressed__N8192__q16__uniform__r16-32__bf16__q8__w1,dense__N8192__bf16,compressed_compressed,8192,16,512,16,uniform,b32_b16,16,32,23.58984375,23.69140625,26.96875,26.8125,17,17,3,3,q8,bf16,Core.BFloat16,fp32_accumulate,20260802,random,1,4,1,tlr_tlr_runs,1,compressed_tlr,compressed_tlr,14139392,14057472,28196864,118385152,268435456,0.5460605621337891,42.128075,42.128075,0.5090515,0.505476,1.376063,1.355527,2.703190148737407,2.681684194699649,5.5565142016e10,6.3646990336e10,12.697926920558169,125030.55257866837,799027.0996138984,false,0.527639;0.509843;0.505476;0.50826,,NVIDIA H100 80GB HBM3,1.12.6
workspace_tuning__20260803T201151.391Z__pid12447,20260803T201151.391Z,workspace_tuning,compressed,compressed_compressed__N8192__q16__uniform__r16-32__bf16__q8__w2,dense__N8192__bf16,compressed_compressed,8192,16,512,16,uniform,b32_b16,16,32,23.58984375,23.69140625,26.96875,26.8125,17,17,3,3,q8,bf16,Core.BFloat16,fp32_accumulate,20260802,random,1,4,1,tlr_tlr_runs,2,compressed_tlr,compressed_tlr,14139392,14057472,28196864,59194240,268435456,0.32555723190307617,44.088036,44.088036,0.5291764999999999,0.52799,1.376063,1.355527,2.600385693620182,2.5673346086100115,5.5565142016e10,6.3646990336e10,12.697926920558169,120275.54197134607,799027.0996138984,false,0.530183;0.52799;0.540519;0.52817,,NVIDIA H100 80GB HBM3,1.12.6
workspace_tuning__20260803T201151.391Z__pid12447,20260803T201151.391Z,workspace_tuning,compressed,compressed_compressed__N8192__q16__uniform__r16-32__bf16__q8__w4,dense__N8192__bf16,compressed_compressed,8192,16,512,16,uniform,b32_b16,16,32,23.58984375,23.69140625,26.96875,26.8125,17,17,3,3,q8,bf16,Core.BFloat16,fp32_accumulate,20260802,random,1,4,1,tlr_tlr_runs,4,compressed_tlr,compressed_tlr,14139392,14057472,28196864,29624192,268435456,0.21540021896362305,47.03912,47.03912,0.7001065,0.68922,1.376063,1.355527,1.965505248130106,1.966755172513856,5.4915024896e10,6.3445663744e10,13.445582163693157,90622.8748683236,799027.0996138984,false,0.68922;0.704673;0.705315;0.69554,,NVIDIA H100 80GB HBM3,1.12.6
workspace_tuning__20260803T201151.391Z__pid12447,20260803T201151.391Z,workspace_tuning,compressed,compressed_compressed__N8192__q16__uniform__r16-32__bf16__q8__w8,dense__N8192__bf16,compressed_compressed,8192,16,512,16,uniform,b32_b16,16,32,23.58984375,23.69140625,26.96875,26.8125,17,17,3,3,q8,bf16,Core.BFloat16,fp32_accumulate,20260802,random,1,4,1,tlr_tlr_runs,8,compressed_tlr,compressed_tlr,14139392,14057472,28196864,14828032,268435456,0.1602802276611328,128.264717,128.264717,0.7766665,0.76264,1.376063,1.355527,1.771755315827321,1.7774139830063989,5.4681192448e10,6.2992678912e10,13.194368945018269,81106.47093958604,799027.0996138984,false,0.78271;0.773537;0.76264;0.779796,,NVIDIA H100 80GB HBM3,1.12.6
workspace_tuning__20260803T201151.391Z__pid12447,20260803T201151.391Z,workspace_tuning,compressed,compressed_compressed__N8192__q16__uniform__r16-32__bf16__q8__w16,dense__N8192__bf16,compressed_compressed,8192,16,512,16,uniform,b32_b16,16,32,23.58984375,23.69140625,26.96875,26.8125,17,17,3,3,q8,bf16,Core.BFloat16,fp32_accumulate,20260802,random,1,4,1,tlr_tlr_runs,16,compressed_tlr,compressed_tlr,14139392,14057472,28196864,7426944,268435456,0.13270902633666992,57.478362,57.478362,0.9445275,0.944393,1.376063,1.355527,1.456879762632639,1.4353420662796101,5.4244460544e10,6.2615191552e10,13.368530544298286,66292.60826392032,799027.0996138984,false,0.960356;0.944433;0.944622;0.944393,,NVIDIA H100 80GB HBM3,1.12.6
workspace_tuning__20260803T201151.391Z__pid12447,20260803T201151.391Z,workspace_tuning,compressed,compressed_compressed__N8192__q16__uniform__r16-32__bf16__q8__w32,dense__N8192__bf16,compressed_compressed,8192,16,512,16,uniform,b32_b16,16,32,23.58984375,23.69140625,26.96875,26.8125,17,17,3,3,q8,bf16,Core.BFloat16,fp32_accumulate,20260802,random,1,4,1,tlr_tlr_runs,32,compressed_tlr,compressed_tlr,14139392,14057472,28196864,3808512,268435456,0.11922931671142578,66.915095,66.915095,1.2543609999999998,1.251081,1.376063,1.355527,1.0970231057885251,1.0834846025157443,5.4173157376e10,6.249775104e10,13.319829154607609,49824.37355753249,799027.0996138984,false,1.252012;1.251081;1.266133;1.25671,,NVIDIA H100 80GB HBM3,1.12.6
workspace_tuning__20260803T201151.391Z__pid12447,20260803T201151.391Z,workspace_tuning,compressed,compressed_compressed__N8192__q16__uniform__r16-32__bf16__q8__w64,dense__N8192__bf16,compressed_compressed,8192,16,512,16,uniform,b32_b16,16,32,23.58984375,23.69140625,26.96875,26.8125,17,17,3,3,q8,bf16,Core.BFloat16,fp32_accumulate,20260802,random,1,4,1,tlr_tlr_runs,64,compressed_tlr,compressed_tlr,14139392,14057472,28196864,1904256,268435456,0.11213541030883789,90.288521,90.288521,2.1345675,2.112519,1.376063,1.355527,0.6446565873414638,0.6416638146213123,5.414327296e10,6.247677952e10,13.338566142533463,29269.057792737873,799027.0996138984,false,2.136075;2.13306;2.136265;2.112519,,NVIDIA H100 80GB HBM3,1.12.6
workspace_tuning__20260803T201151.391Z__pid12447,20260803T201151.391Z,workspace_tuning,compressed,compressed_dense__N8192__q8__uniform__r32-64__bf16__q8__w1,dense__N8192__bf16,compressed_dense,8192,8,1024,8,uniform,b32_b16,32,64,47.625,,51.125,,29,,5,,q8,bf16,Core.BFloat16,fp32_accumulate,20260802,random,1,4,1,one_or_more_tile_stripes,1,compressed_tlr,dense,13402112,134217728,147619840,6701056,268435456,0.57489013671875,8.517729,8.517729,0.815404,0.808029,1.376063,1.355527,1.6875843140332891,1.6775722158486885,1.02273908736e11,1.09790101504e11,6.845965770171149,134645.03669837283,799027.0996138984,false,0.826316;0.822189;0.808619;0.808029,,NVIDIA H100 80GB HBM3,1.12.6
workspace_tuning__20260803T201151.391Z__pid12447,20260803T201151.391Z,workspace_tuning,compressed,compressed_dense__N8192__q8__uniform__r32-64__bf16__q8__w2,dense__N8192__bf16,compressed_dense,8192,8,1024,8,uniform,b32_b16,32,64,47.625,,51.125,,29,,5,,q8,bf16,Core.BFloat16,fp32_accumulate,20260802,random,1,4,1,one_or_more_tile_stripes,2,compressed_tlr,dense,13402112,134217728,147619840,13402112,268435456,0.599853515625,4.396355,4.396355,0.7965365,0.793116,1.376063,1.355527,1.7275579964006673,1.7091156905168978,1.02273908736e11,1.09790101504e11,6.845965770171149,137834.36352759728,799027.0996138984,false,0.806686;0.793297;0.793116;0.799776,,NVIDIA H100 80GB HBM3,1.12.6
workspace_tuning__20260803T201151.391Z__pid12447,20260803T201151.391Z,workspace_tuning,compressed,compressed_dense__N8192__q8__uniform__r32-64__bf16__q8__w4,dense__N8192__bf16,compressed_dense,8192,8,1024,8,uniform,b32_b16,32,64,47.625,,51.125,,29,,5,,q8,bf16,Core.BFloat16,fp32_accumulate,20260802,random,1,4,1,one_or_more_tile_stripes,4,compressed_tlr,dense,13402112,134217728,147619840,26804224,268435456,0.6497802734375,2.030988,2.030988,0.7826405000000001,0.775319,1.376063,1.355527,1.7582312696570135,1.7483474544026394,1.02273908736e11,1.09790101504e11,6.845965770171149,140281.65103134833,799027.0996138984,false,0.781239;0.775319;0.792185;0.784042,,NVIDIA H100 80GB HBM3,1.12.6
workspace_tuning__20260803T201151.391Z__pid12447,20260803T201151.391Z,workspace_tuning,compressed,compressed_dense__N8192__q8__uniform__r32-64__bf16__q8__w8,dense__N8192__bf16,compressed_dense,8192,8,1024,8,uniform,b32_b16,32,64,47.625,,51.125,,29,,5,,q8,bf16,Core.BFloat16,fp32_accumulate,20260802,random,1,4,1,one_or_more_tile_stripes,8,compressed_tlr,dense,13402112,134217728,147619840,53608448,268435456,0.7496337890625,1.080596,1.080596,0.79276,0.779957,1.376063,1.355527,1.735787628033705,1.7379509383209586,1.02273908736e11,1.09790101504e11,6.845965770171149,138490.97015994752,799027.0996138984,false,0.785474;0.800046;0.812685;0.779957,,NVIDIA H100 80GB HBM3,1.12.6
workspace_tuning__20260803T201151.391Z__pid12447,20260803T201151.391Z,workspace_tuning,compressed,dense_compressed__N8192__q8__uniform__r32-64__bf16__q8__w1,dense__N8192__bf16,dense_compressed,8192,8,1024,8,uniform,b32_b16,32,64,,47.625,,51.125,,29,,5,q8,bf16,Core.BFloat16,fp32_accumulate,20260802,random,1,4,1,one_or_more_tile_stripes,1,dense,compressed_tlr,134217728,13402112,147619840,6701056,268435456,0.57489013671875,12.076551,12.076551,0.6169625,0.599306,1.376063,1.355527,2.230383532224406,2.2618278475436586,1.02273908736e11,1.09790101504e11,6.845965770171149,177952.6332702555,799027.0996138984,false,0.637504;0.632836;0.601089;0.599306,,NVIDIA H100 80GB HBM3,1.12.6
workspace_tuning__20260803T201151.391Z__pid12447,20260803T201151.391Z,workspace_tuning,compressed,dense_compressed__N8192__q8__uniform__r32-64__bf16__q8__w2,dense__N8192__bf16,dense_compressed,8192,8,1024,8,uniform,b32_b16,32,64,,47.625,,51.125,,29,,5,q8,bf16,Core.BFloat16,fp32_accumulate,20260802,random,1,4,1,one_or_more_tile_stripes,2,dense,compressed_tlr,134217728,13402112,147619840,13402112,268435456,0.599853515625,4.148364,4.148364,0.5636985000000001,0.561981,1.376063,1.355527,2.4411329815495337,2.4120512971079093,1.02273908736e11,1.09790101504e11,6.845965770171149,194767.4182280066,799027.0996138984,false,0.582041;0.562011;0.561981;0.565386,,NVIDIA H100 80GB HBM3,1.12.6
workspace_tuning__20260803T201151.391Z__pid12447,20260803T201151.391Z,workspace_tuning,compressed,dense_compressed__N8192__q8__uniform__r32-64__bf16__q8__w4,dense__N8192__bf16,dense_compressed,8192,8,1024,8,uniform,b32_b16,32,64,,47.625,,51.125,,29,,5,q8,bf16,Core.BFloat16,fp32_accumulate,20260802,random,1,4,1,one_or_more_tile_stripes,4,dense,compressed_tlr,134217728,13402112,147619840,26804224,268435456,0.6497802734375,2.000121,2.000121,0.5605340000000001,0.557443,1.376063,1.355527,2.4549144208915066,2.4316871859544382,1.02273908736e11,1.09790101504e11,6.845965770171149,195866.97953023363,799027.0996138984,false,0.557443;0.560409;0.569101;0.560659,,NVIDIA H100 80GB HBM3,1.12.6
workspace_tuning__20260803T201151.391Z__pid12447,20260803T201151.391Z,workspace_tuning,compressed,dense_compressed__N8192__q8__uniform__r32-64__bf16__q8__w8,dense__N8192__bf16,dense_compressed,8192,8,1024,8,uniform,b32_b16,32,64,,47.625,,51.125,,29,,5,q8,bf16,Core.BFloat16,fp32_accumulate,20260802,random,1,4,1,one_or_more_tile_stripes,8,dense,compressed_tlr,134217728,13402112,147619840,53608448,268435456,0.7496337890625,1.052494,1.052494,0.584239,0.578496,1.376063,1.355527,2.3553083583944243,2.343191655603496,1.02273908736e11,1.09790101504e11,6.845965770171149,187919.84359825344,799027.0996138984,false,0.578496;0.586437;0.582041;0.589291,,NVIDIA H100 80GB HBM3,1.12.6
workspace_tuning__20260803T201151.391Z__pid12447,20260803T201151.391Z,workspace_tuning,compressed,compressed_compressed__N8192__q8__uniform__r32-64__bf16__q8__w1,dense__N8192__bf16,compressed_compressed,8192,8,1024,8,uniform,b32_b16,32,64,47.625,48.109375,51.125,51.875,29,30,5,5,q8,bf16,Core.BFloat16,fp32_accumulate,20260802,random,1,4,1,tlr_tlr_runs,1,compressed_tlr,compressed_tlr,13402112,13598720,27000832,56324608,268435456,0.3104114532470703,6.257358,6.257358,0.4574595,0.428401,1.376063,1.355527,3.008054264913069,3.164154612150765,5.594140672e10,6.0457746432e10,7.470241579513329,132159.77902306107,799027.0996138984,false,0.500268;0.472126;0.442793;0.428401,,NVIDIA H100 80GB HBM3,1.12.6
workspace_tuning__20260803T201151.391Z__pid12447,20260803T201151.391Z,workspace_tuning,compressed,compressed_compressed__N8192__q8__uniform__r32-64__bf16__q8__w2,dense__N8192__bf16,compressed_compressed,8192,8,1024,8,uniform,b32_b16,32,64,47.625,48.109375,51.125,51.875,29,30,5,5,q8,bf16,Core.BFloat16,fp32_accumulate,20260802,random,1,4,1,tlr_tlr_runs,2,compressed_tlr,compressed_tlr,13402112,13598720,27000832,28619648,268435456,0.20720243453979492,7.093118,7.093118,0.4565475,0.449532,1.376063,1.355527,3.014063158816991,3.01541825720972,5.5027048448e10,5.95853312e10,7.650008249010119,130512.88463960486,799027.0996138984,false,0.460809;0.449532;0.466508;0.452286,,NVIDIA H100 80GB HBM3,1.12.6
workspace_tuning__20260803T201151.391Z__pid12447,20260803T201151.391Z,workspace_tuning,compressed,compressed_compressed__N8192__q8__uniform__r32-64__bf16__q8__w4,dense__N8192__bf16,compressed_compressed,8192,8,1024,8,uniform,b32_b16,32,64,47.625,48.109375,51.125,51.875,29,30,5,5,q8,bf16,Core.BFloat16,fp32_accumulate,20260802,random,1,4,1,tlr_tlr_runs,4,compressed_tlr,compressed_tlr,13402112,13598720,27000832,14376064,268435456,0.15414094924926758,8.388916,8.388916,0.512757,0.494139,1.376063,1.355527,2.6836552206990834,2.7432099065242777,5.4024609792e10,5.8679361536e10,7.932519410839692,114438.92825646457,799027.0996138984,false,0.50814;0.517374;0.554039;0.494139,,NVIDIA H100 80GB HBM3,1.12.6
workspace_tuning__20260803T201151.391Z__pid12447,20260803T201151.391Z,workspace_tuning,compressed,compressed_compressed__N8192__q8__uniform__r32-64__bf16__q8__w8,dense__N8192__bf16,compressed_compressed,8192,8,1024,8,uniform,b32_b16,32,64,47.625,48.109375,51.125,51.875,29,30,5,5,q8,bf16,Core.BFloat16,fp32_accumulate,20260802,random,1,4,1,tlr_tlr_runs,8,compressed_tlr,compressed_tlr,13402112,13598720,27000832,7191296,268435456,0.12737560272216797,10.345562,10.345562,0.620633,0.596462,1.376063,1.355527,2.2171927693177773,2.2726125050715718,5.4139953152e10,5.866258432e10,7.709566873715256,94520.56903193997,799027.0996138984,false,0.596542;0.644724;0.703903;0.596462,,NVIDIA H100 80GB HBM3,1.12.6
workspace_tuning__20260803T201151.391Z__pid12447,20260803T201151.391Z,workspace_tuning,compressed,compressed_compressed__N8192__q8__uniform__r32-64__bf16__q8__w16,dense__N8192__bf16,compressed_compressed,8192,8,1024,8,uniform,b32_b16,32,64,47.625,48.109375,51.125,51.875,29,30,5,5,q8,bf16,Core.BFloat16,fp32_accumulate,20260802,random,1,4,1,tlr_tlr_runs,16,compressed_tlr,compressed_tlr,13402112,13598720,27000832,3742208,268435456,0.11452674865722656,15.207513,15.207513,0.7880435,0.760036,1.376063,1.355527,1.7461764483813393,1.7835036761416563,5.3840060416e10,5.849481216e10,7.957546271399122,74227.89752088558,799027.0996138984,false,0.760036;0.814448;0.805194;0.770893,,NVIDIA H100 80GB HBM3,1.12.6
workspace_tuning__20260803T201151.391Z__pid12447,20260803T201151.391Z,workspace_tuning,compressed,compressed_compressed__N8192__q8__uniform__r32-64__bf16__q8__w32,dense__N8192__bf16,compressed_compressed,8192,8,1024,8,uniform,b32_b16,32,64,47.625,48.109375,51.125,51.875,29,30,5,5,q8,bf16,Core.BFloat16,fp32_accumulate,20260802,random,1,4,1,tlr_tlr_runs,32,compressed_tlr,compressed_tlr,13402112,13598720,27000832,1957888,268435456,0.107879638671875,24.335345,24.335345,1.1484675000000002,1.137411,1.376063,1.355527,1.1981732177880522,1.1917653337272103,5.3766660096e10,5.8394148864e10,7.924576105694123,50845.27761038078,799027.0996138984,false,1.157932;1.152624;1.144311;1.137411,,NVIDIA H100 80GB HBM3,1.12.6
workspace_tuning__20260803T201151.391Z__pid12447,20260803T201151.391Z,workspace_tuning,compressed,compressed_compressed__N8192__q8__uniform__r32-64__bf16__q8__w64,dense__N8192__bf16,compressed_compressed,8192,8,1024,8,uniform,b32_b16,32,64,47.625,48.109375,51.125,51.875,29,30,5,5,q8,bf16,Core.BFloat16,fp32_accumulate,20260802,random,1,4,1,tlr_tlr_runs,64,compressed_tlr,compressed_tlr,13402112,13598720,27000832,1004928,268435456,0.10432958602905273,42.216958,42.216958,2.1787585,2.174452,1.376063,1.355527,0.6315812422533292,0.623387869679349,5.3433212928e10,5.8209599488e10,8.20549634770234,26716.866274073054,799027.0996138984,false,2.192619;2.176144;2.174452;2.181373,,NVIDIA H100 80GB HBM3,1.12.6
workspace_tuning__20260803T201151.391Z__pid12447,20260803T201151.391Z,workspace_tuning,baseline,dense__N8192__fp16,dense__N8192__fp16,dense_dense,8192,,,,,,,,,,,,,,,,,fp16,Float16,fp32_accumulate,20260802,random,1,4,0,none,0,dense,dense,134217728,134217728,268435456,0,268435456,1.0,,,1.4060774999999999,1.393965,1.4060774999999999,1.393965,1.0,1.0,1.099511627776e12,1.099511627776e12,0.0,781970.8570658447,781970.8570658447,false,1.425082;1.393965;1.413974;1.398181,1.425082;1.393965;1.413974;1.398181,NVIDIA H100 80GB HBM3,1.12.6
workspace_tuning__20260803T201151.391Z__pid12447,20260803T201151.391Z,workspace_tuning,compressed,compressed_dense__N8192__q16__uniform__r16-32__fp16__q8__w1,dense__N8192__fp16,compressed_dense,8192,16,512,16,uniform,b32_b16,16,32,23.58984375,,26.96875,,17,,3,,q8,fp16,Float16,fp32_accumulate,20260802,random,1,4,1,one_or_more_tile_stripes,1,compressed_tlr,dense,14139392,134217728,148357120,7069696,268435456,0.579010009765625,55.022599,55.022599,1.421506,1.412002,1.4060774999999999,1.393965,0.9891463701173262,0.9872259387734578,1.01317607424e11,1.15829899264e11,12.528968713789109,81483.93271924283,781970.8570658447,false,1.416969;1.433404;1.426043;1.412002,,NVIDIA H100 80GB HBM3,1.12.6
workspace_tuning__20260803T201151.391Z__pid12447,20260803T201151.391Z,workspace_tuning,compressed,compressed_dense__N8192__q16__uniform__r16-32__fp16__q8__w2,dense__N8192__fp16,compressed_dense,8192,16,512,16,uniform,b32_b16,16,32,23.58984375,,26.96875,,17,,3,,q8,fp16,Float16,fp32_accumulate,20260802,random,1,4,1,one_or_more_tile_stripes,2,compressed_tlr,dense,14139392,134217728,148357120,14139392,268435456,0.6053466796875,27.572076,27.572076,1.3374355,1.326544,1.4060774999999999,1.393965,1.0513235965397956,1.0508245486014787,1.01317607424e11,1.15829899264e11,12.528968713789109,86605.97035445822,781970.8570658447,false,1.356709;1.347185;1.327686;1.326544,,NVIDIA H100 80GB HBM3,1.12.6
workspace_tuning__20260803T201151.391Z__pid12447,20260803T201151.391Z,workspace_tuning,compressed,compressed_dense__N8192__q16__uniform__r16-32__fp16__q8__w4,dense__N8192__fp16,compressed_dense,8192,16,512,16,uniform,b32_b16,16,32,23.58984375,,26.96875,,17,,3,,q8,fp16,Float16,fp32_accumulate,20260802,random,1,4,1,one_or_more_tile_stripes,4,compressed_tlr,dense,14139392,134217728,148357120,28278784,268435456,0.65802001953125,13.500201,13.500201,1.314842,1.301346,1.4060774999999999,1.393965,1.0693889455919416,1.0711716945378094,1.01317607424e11,1.15829899264e11,12.528968713789109,88094.1582821358,781970.8570658447,false,1.327876;1.308918;1.301346;1.320766,,NVIDIA H100 80GB HBM3,1.12.6
workspace_tuning__20260803T201151.391Z__pid12447,20260803T201151.391Z,workspace_tuning,compressed,compressed_dense__N8192__q16__uniform__r16-32__fp16__q8__w8,dense__N8192__fp16,compressed_dense,8192,16,512,16,uniform,b32_b16,16,32,23.58984375,,26.96875,,17,,3,,q8,fp16,Float16,fp32_accumulate,20260802,random,1,4,1,one_or_more_tile_stripes,8,compressed_tlr,dense,14139392,134217728,148357120,56557568,268435456,0.76336669921875,6.867941,6.867941,1.366624,1.356269,1.4060774999999999,1.393965,1.0288693159201066,1.027793896343572,1.01317607424e11,1.15829899264e11,12.528968713789109,84756.2308755005,781970.8570658447,false,1.366003;1.356269;1.379073;1.367245,,NVIDIA H100 80GB HBM3,1.12.6
workspace_tuning__20260803T201151.391Z__pid12447,20260803T201151.391Z,workspace_tuning,compressed,compressed_dense__N8192__q16__uniform__r16-32__fp16__q8__w16,dense__N8192__fp16,compressed_dense,8192,16,512,16,uniform,b32_b16,16,32,23.58984375,,26.96875,,17,,3,,q8,fp16,Float16,fp32_accumulate,20260802,random,1,4,1,one_or_more_tile_stripes,16,compressed_tlr,dense,14139392,134217728,148357120,113115136,268435456,0.97406005859375,3.387136,3.387136,1.428817,1.418171,1.4060774999999999,1.393965,0.9840850857737554,0.9829315364649255,1.01317607424e11,1.15829899264e11,12.528968713789109,81066.99406851962,781970.8570658447,false,1.42442;1.445843;1.433214;1.418171,,NVIDIA H100 80GB HBM3,1.12.6
workspace_tuning__20260803T201151.391Z__pid12447,20260803T201151.391Z,workspace_tuning,compressed,dense_compressed__N8192__q16__uniform__r16-32__fp16__q8__w1,dense__N8192__fp16,dense_compressed,8192,16,512,16,uniform,b32_b16,16,32,,23.58984375,,26.96875,,17,,3,q8,fp16,Float16,fp32_accumulate,20260802,random,1,4,1,one_or_more_tile_stripes,1,dense,compressed_tlr,134217728,14139392,148357120,7069696,268435456,0.579010009765625,53.09766,53.09766,0.9654389999999999,0.946555,1.4060774999999999,1.393965,1.4564125750047388,1.4726719525014393,1.01317607424e11,1.15829899264e11,12.528968713789109,119976.40375414709,781970.8570658447,false,0.970752;0.971422;0.960126;0.946555,,NVIDIA H100 80GB HBM3,1.12.6
workspace_tuning__20260803T201151.391Z__pid12447,20260803T201151.391Z,workspace_tuning,compressed,dense_compressed__N8192__q16__uniform__r16-32__fp16__q8__w2,dense__N8192__fp16,dense_compressed,8192,16,512,16,uniform,b32_b16,16,32,,23.58984375,,26.96875,,17,,3,q8,fp16,Float16,fp32_accumulate,20260802,random,1,4,1,one_or_more_tile_stripes,2,dense,compressed_tlr,134217728,14139392,148357120,14139392,268435456,0.6053466796875,29.047692,29.047692,0.873251,0.867627,1.4060774999999999,1.393965,1.6101642025030602,1.6066408721720276,1.01317607424e11,1.15829899264e11,12.528968713789109,132642.16046016553,781970.8570658447,false,0.877422;0.867627;0.86908;0.879756,,NVIDIA H100 80GB HBM3,1.12.6
workspace_tuning__20260803T201151.391Z__pid12447,20260803T201151.391Z,workspace_tuning,compressed,dense_compressed__N8192__q16__uniform__r16-32__fp16__q8__w4,dense__N8192__fp16,dense_compressed,8192,16,512,16,uniform,b32_b16,16,32,,23.58984375,,26.96875,,17,,3,q8,fp16,Float16,fp32_accumulate,20260802,random,1,4,1,one_or_more_tile_stripes,4,dense,compressed_tlr,134217728,14139392,148357120,28278784,268435456,0.65802001953125,13.297977,13.297977,0.838459,0.835309,1.4060774999999999,1.393965,1.6769782422277058,1.6688016051544996,1.01317607424e11,1.15829899264e11,12.528968713789109,138146.16965647694,781970.8570658447,false,0.83544;0.835309;0.857082;0.841478,,NVIDIA H100 80GB HBM3,1.12.6
workspace_tuning__20260803T201151.391Z__pid12447,20260803T201151.391Z,workspace_tuning,compressed,dense_compressed__N8192__q16__uniform__r16-32__fp16__q8__w8,dense__N8192__fp16,dense_compressed,8192,16,512,16,uniform,b32_b16,16,32,,23.58984375,,26.96875,,17,,3,q8,fp16,Float16,fp32_accumulate,20260802,random,1,4,1,one_or_more_tile_stripes,8,dense,compressed_tlr,134217728,14139392,148357120,56557568,268435456,0.76336669921875,6.635985,6.635985,0.9078625,0.895118,1.4060774999999999,1.393965,1.5487780363215793,1.5572974736291751,1.01317607424e11,1.15829899264e11,12.528968713789109,127585.28881190708,781970.8570658447,false,0.899986;0.921819;0.915739;0.895118,,NVIDIA H100 80GB HBM3,1.12.6
workspace_tuning__20260803T201151.391Z__pid12447,20260803T201151.391Z,workspace_tuning,compressed,dense_compressed__N8192__q16__uniform__r16-32__fp16__q8__w16,dense__N8192__fp16,dense_compressed,8192,16,512,16,uniform,b32_b16,16,32,,23.58984375,,26.96875,,17,,3,q8,fp16,Float16,fp32_accumulate,20260802,random,1,4,1,one_or_more_tile_stripes,16,dense,compressed_tlr,134217728,14139392,148357120,113115136,268435456,0.97406005859375,3.178544,3.178544,0.9876525,0.975569,1.4060774999999999,1.393965,1.4236560936159224,1.4288738162036718,1.01317607424e11,1.15829899264e11,12.528968713789109,117277.98923609266,781970.8570658447,false,0.992825;0.995569;0.98248;0.975569,,NVIDIA H100 80GB HBM3,1.12.6
workspace_tuning__20260803T201151.391Z__pid12447,20260803T201151.391Z,workspace_tuning,compressed,compressed_compressed__N8192__q16__uniform__r16-32__fp16__q8__w1,dense__N8192__fp16,compressed_compressed,8192,16,512,16,uniform,b32_b16,16,32,23.58984375,23.69140625,26.96875,26.8125,17,17,3,3,q8,fp16,Float16,fp32_accumulate,20260802,random,1,4,1,tlr_tlr_runs,1,compressed_tlr,compressed_tlr,14139392,14057472,28196864,118385152,268435456,0.5460605621337891,42.26577,42.26577,0.49655699999999997,0.482812,1.4060774999999999,1.393965,2.831653767845383,2.8871796889886743,5.5565142016e10,6.3646990336e10,12.697926920558169,128176.6047724632,781970.8570658447,false,0.503863;0.489251;0.482812;0.504295,,NVIDIA H100 80GB HBM3,1.12.6
workspace_tuning__20260803T201151.391Z__pid12447,20260803T201151.391Z,workspace_tuning,compressed,compressed_compressed__N8192__q16__uniform__r16-32__fp16__q8__w2,dense__N8192__fp16,compressed_compressed,8192,16,512,16,uniform,b32_b16,16,32,23.58984375,23.69140625,26.96875,26.8125,17,17,3,3,q8,fp16,Float16,fp32_accumulate,20260802,random,1,4,1,tlr_tlr_runs,2,compressed_tlr,compressed_tlr,14139392,14057472,28196864,59194240,268435456,0.32555723190307617,43.811262,43.811262,0.510784,0.50142,1.4060774999999999,1.393965,2.7527829767572984,2.780034701447888,5.5565142016e10,6.3646990336e10,12.697926920558169,124606.46836236061,781970.8570658447,false,0.509422;0.50142;0.53505;0.512146,,NVIDIA H100 80GB HBM3,1.12.6
workspace_tuning__20260803T201151.391Z__pid12447,20260803T201151.391Z,workspace_tuning,compressed,compressed_compressed__N8192__q16__uniform__r16-32__fp16__q8__w4,dense__N8192__fp16,compressed_compressed,8192,16,512,16,uniform,b32_b16,16,32,23.58984375,23.69140625,26.96875,26.8125,17,17,3,3,q8,fp16,Float16,fp32_accumulate,20260802,random,1,4,1,tlr_tlr_runs,4,compressed_tlr,compressed_tlr,14139392,14057472,28196864,29624192,268435456,0.21540021896362305,46.66545,46.66545,0.6715845,0.665646,1.4060774999999999,1.393965,2.0936717568675274,2.094153649236982,5.4915024896e10,6.3445663744e10,13.445582163693157,94471.60222429196,781970.8570658447,false,0.665646;0.683843;0.67513;0.668039,,NVIDIA H100 80GB HBM3,1.12.6
workspace_tuning__20260803T201151.391Z__pid12447,20260803T201151.391Z,workspace_tuning,compressed,compressed_compressed__N8192__q16__uniform__r16-32__fp16__q8__w8,dense__N8192__fp16,compressed_compressed,8192,16,512,16,uniform,b32_b16,16,32,23.58984375,23.69140625,26.96875,26.8125,17,17,3,3,q8,fp16,Float16,fp32_accumulate,20260802,random,1,4,1,tlr_tlr_runs,8,compressed_tlr,compressed_tlr,14139392,14057472,28196864,14828032,268435456,0.1602802276611328,51.489265,51.489265,0.7377484999999999,0.722981,1.4060774999999999,1.393965,1.9059035701190854,1.9280797144046662,5.4681192448e10,6.2992678912e10,13.194368945018269,85385.03150057237,781970.8570658447,false,0.754198;0.746687;0.72881;0.722981,,NVIDIA H100 80GB HBM3,1.12.6
workspace_tuning__20260803T201151.391Z__pid12447,20260803T201151.391Z,workspace_tuning,compressed,compressed_compressed__N8192__q16__uniform__r16-32__fp16__q8__w16,dense__N8192__fp16,compressed_compressed,8192,16,512,16,uniform,b32_b16,16,32,23.58984375,23.69140625,26.96875,26.8125,17,17,3,3,q8,fp16,Float16,fp32_accumulate,20260802,random,1,4,1,tlr_tlr_runs,16,compressed_tlr,compressed_tlr,14139392,14057472,28196864,7426944,268435456,0.13270902633666992,57.916127,57.916127,0.9210974999999999,0.910432,1.4060774999999999,1.393965,1.5265240650419745,1.5311028171241783,5.4244460544e10,6.2615191552e10,13.368530544298286,67978.89642735977,781970.8570658447,false,0.934688;0.918654;0.910432;0.923541,,NVIDIA H100 80GB HBM3,1.12.6
workspace_tuning__20260803T201151.391Z__pid12447,20260803T201151.391Z,workspace_tuning,compressed,compressed_compressed__N8192__q16__uniform__r16-32__fp16__q8__w32,dense__N8192__fp16,compressed_compressed,8192,16,512,16,uniform,b32_b16,16,32,23.58984375,23.69140625,26.96875,26.8125,17,17,3,3,q8,fp16,Float16,fp32_accumulate,20260802,random,1,4,1,tlr_tlr_runs,32,compressed_tlr,compressed_tlr,14139392,14057472,28196864,3808512,268435456,0.11922931671142578,69.3988,69.3988,1.219349,1.213955,1.4060774999999999,1.393965,1.1531378629088143,1.1482839149721364,5.4173157376e10,6.249775104e10,13.319829154607609,51255.01479888039,781970.8570658447,false,1.213955;1.215508;1.248538;1.22319,,NVIDIA H100 80GB HBM3,1.12.6
workspace_tuning__20260803T201151.391Z__pid12447,20260803T201151.391Z,workspace_tuning,compressed,compressed_compressed__N8192__q16__uniform__r16-32__fp16__q8__w64,dense__N8192__fp16,compressed_compressed,8192,16,512,16,uniform,b32_b16,16,32,23.58984375,23.69140625,26.96875,26.8125,17,17,3,3,q8,fp16,Float16,fp32_accumulate,20260802,random,1,4,1,tlr_tlr_runs,64,compressed_tlr,compressed_tlr,14139392,14057472,28196864,1904256,268435456,0.11213541030883789,92.100121,92.100121,2.0736015,2.0661,1.4060774999999999,1.393965,0.678084723607694,0.6746841875998257,5.414327296e10,6.247677952e10,13.338566142533463,30129.59795794901,781970.8570658447,false,2.071178;2.087001;2.076025;2.0661,,NVIDIA H100 80GB HBM3,1.12.6
workspace_tuning__20260803T201151.391Z__pid12447,20260803T201151.391Z,workspace_tuning,compressed,compressed_dense__N8192__q8__uniform__r32-64__fp16__q8__w1,dense__N8192__fp16,compressed_dense,8192,8,1024,8,uniform,b32_b16,32,64,47.625,,51.125,,29,,5,,q8,fp16,Float16,fp32_accumulate,20260802,random,1,4,1,one_or_more_tile_stripes,1,compressed_tlr,dense,13402112,134217728,147619840,6701056,268435456,0.57489013671875,8.495455,8.495455,0.806927,0.794719,1.4060774999999999,1.393965,1.7425089258383968,1.7540350740324566,1.02273908736e11,1.09790101504e11,6.845965770171149,136059.52149822723,781970.8570658447,false,0.817894;0.811594;0.80226;0.794719,,NVIDIA H100 80GB HBM3,1.12.6
workspace_tuning__20260803T201151.391Z__pid12447,20260803T201151.391Z,workspace_tuning,compressed,compressed_dense__N8192__q8__uniform__r32-64__fp16__q8__w2,dense__N8192__fp16,compressed_dense,8192,8,1024,8,uniform,b32_b16,32,64,47.625,,51.125,,29,,5,,q8,fp16,Float16,fp32_accumulate,20260802,random,1,4,1,one_or_more_tile_stripes,2,compressed_tlr,dense,13402112,134217728,147619840,13402112,268435456,0.599853515625,4.436135,4.436135,0.7908379999999999,0.779356,1.4060774999999999,1.393965,1.7779589498734254,1.7886113663075665,1.02273908736e11,1.09790101504e11,6.845965770171149,138827.54938938192,781970.8570658447,false,0.797983;0.784113;0.779356;0.797563,,NVIDIA H100 80GB HBM3,1.12.6
workspace_tuning__20260803T201151.391Z__pid12447,20260803T201151.391Z,workspace_tuning,compressed,compressed_dense__N8192__q8__uniform__r32-64__fp16__q8__w4,dense__N8192__fp16,compressed_dense,8192,8,1024,8,uniform,b32_b16,32,64,47.625,,51.125,,29,,5,,q8,fp16,Float16,fp32_accumulate,20260802,random,1,4,1,one_or_more_tile_stripes,4,compressed_tlr,dense,13402112,134217728,147619840,26804224,268435456,0.6497802734375,2.042154,2.042154,0.7706575,0.76258,1.4060774999999999,1.393965,1.8245167275994847,1.827959033806289,1.02273908736e11,1.09790101504e11,6.845965770171149,142462.89889347734,781970.8570658447,false,0.769521;0.76258;0.781589;0.771794,,NVIDIA H100 80GB HBM3,1.12.6
workspace_tuning__20260803T201151.391Z__pid12447,20260803T201151.391Z,workspace_tuning,compressed,compressed_dense__N8192__q8__uniform__r32-64__fp16__q8__w8,dense__N8192__fp16,compressed_dense,8192,8,1024,8,uniform,b32_b16,32,64,47.625,,51.125,,29,,5,,q8,fp16,Float16,fp32_accumulate,20260802,random,1,4,1,one_or_more_tile_stripes,8,compressed_tlr,dense,13402112,134217728,147619840,53608448,268435456,0.7496337890625,1.074937,1.074937,0.779636,0.770632,1.4060774999999999,1.393965,1.8035050972505116,1.808859481568375,1.02273908736e11,1.09790101504e11,6.845965770171149,140822.2574432171,781970.8570658447,false,0.773787;0.789932;0.785485;0.770632,,NVIDIA H100 80GB HBM3,1.12.6
workspace_tuning__20260803T201151.391Z__pid12447,20260803T201151.391Z,workspace_tuning,compressed,dense_compressed__N8192__q8__uniform__r32-64__fp16__q8__w1,dense__N8192__fp16,dense_compressed,8192,8,1024,8,uniform,b32_b16,32,64,,47.625,,51.125,,29,,5,q8,fp16,Float16,fp32_accumulate,20260802,random,1,4,1,one_or_more_tile_stripes,1,dense,compressed_tlr,134217728,13402112,147619840,6701056,268435456,0.57489013671875,8.297069,8.297069,0.5981894999999999,0.584284,1.4060774999999999,1.393965,2.35055530061962,2.3857661685070957,1.02273908736e11,1.09790101504e11,6.845965770171149,183537.32638904566,781970.8570658447,false,0.609902;0.607839;0.58854;0.584284,,NVIDIA H100 80GB HBM3,1.12.6
workspace_tuning__20260803T201151.391Z__pid12447,20260803T201151.391Z,workspace_tuning,compressed,dense_compressed__N8192__q8__uniform__r32-64__fp16__q8__w2,dense__N8192__fp16,dense_compressed,8192,8,1024,8,uniform,b32_b16,32,64,,47.625,,51.125,,29,,5,q8,fp16,Float16,fp32_accumulate,20260802,random,1,4,1,one_or_more_tile_stripes,2,dense,compressed_tlr,134217728,13402112,147619840,13402112,268435456,0.599853515625,5.270442,5.270442,0.5610040000000001,0.550643,1.4060774999999999,1.393965,2.506359134694226,2.5315222385465717,1.02273908736e11,1.09790101504e11,6.845965770171149,195702.88536980128,781970.8570658447,false,0.562351;0.559657;0.550643;0.564013,,NVIDIA H100 80GB HBM3,1.12.6
workspace_tuning__20260803T201151.391Z__pid12447,20260803T201151.391Z,workspace_tuning,compressed,dense_compressed__N8192__q8__uniform__r32-64__fp16__q8__w4,dense__N8192__fp16,dense_compressed,8192,8,1024,8,uniform,b32_b16,32,64,,47.625,,51.125,,29,,5,q8,fp16,Float16,fp32_accumulate,20260802,random,1,4,1,one_or_more_tile_stripes,4,dense,compressed_tlr,134217728,13402112,147619840,26804224,268435456,0.6497802734375,3.772311,3.772311,0.5492410000000001,0.547829,1.4060774999999999,1.393965,2.5600373970624912,2.544525755299555,1.02273908736e11,1.09790101504e11,6.845965770171149,199894.22039505423,781970.8570658447,false,0.553487;0.549371;0.549111;0.547829,,NVIDIA H100 80GB HBM3,1.12.6
workspace_tuning__20260803T201151.391Z__pid12447,20260803T201151.391Z,workspace_tuning,compressed,dense_compressed__N8192__q8__uniform__r32-64__fp16__q8__w8,dense__N8192__fp16,dense_compressed,8192,8,1024,8,uniform,b32_b16,32,64,,47.625,,51.125,,29,,5,q8,fp16,Float16,fp32_accumulate,20260802,random,1,4,1,one_or_more_tile_stripes,8,dense,compressed_tlr,134217728,13402112,147619840,53608448,268435456,0.7496337890625,1.048368,1.048368,0.5694465,0.560679,1.4060774999999999,1.393965,2.469200355081645,2.4862086862536312,1.02273908736e11,1.09790101504e11,6.845965770171149,192801.4335042888,781970.8570658447,false,0.571715;0.560679;0.583712;0.567178,,NVIDIA H100 80GB HBM3,1.12.6
workspace_tuning__20260803T201151.391Z__pid12447,20260803T201151.391Z,workspace_tuning,compressed,compressed_compressed__N8192__q8__uniform__r32-64__fp16__q8__w1,dense__N8192__fp16,compressed_compressed,8192,8,1024,8,uniform,b32_b16,32,64,47.625,48.109375,51.125,51.875,29,30,5,5,q8,fp16,Float16,fp32_accumulate,20260802,random,1,4,1,tlr_tlr_runs,1,compressed_tlr,compressed_tlr,13402112,13598720,27000832,56324608,268435456,0.3104114532470703,7.276743,7.276743,0.42104,0.383003,1.4060774999999999,1.393965,3.3395342485274555,3.639566791905024,5.594140672e10,6.0457746432e10,7.470241579513329,143591.4555196656,781970.8570658447,false,0.443103;0.398977;0.503794;0.383003,,NVIDIA H100 80GB HBM3,1.12.6
workspace_tuning__20260803T201151.391Z__pid12447,20260803T201151.391Z,workspace_tuning,compressed,compressed_compressed__N8192__q8__uniform__r32-64__fp16__q8__w2,dense__N8192__fp16,compressed_compressed,8192,8,1024,8,uniform,b32_b16,32,64,47.625,48.109375,51.125,51.875,29,30,5,5,q8,fp16,Float16,fp32_accumulate,20260802,random,1,4,1,tlr_tlr_runs,2,compressed_tlr,compressed_tlr,13402112,13598720,27000832,28619648,268435456,0.20720243453979492,7.208901,7.208901,0.43487549999999997,0.382652,1.4060774999999999,1.393965,3.2332874581345696,3.6429053029907066,5.5027048448e10,5.95853312e10,7.650008249010119,137016.9880804966,781970.8570658447,false,0.522522;0.382652;0.456893;0.412858,,NVIDIA H100 80GB HBM3,1.12.6
workspace_tuning__20260803T201151.391Z__pid12447,20260803T201151.391Z,workspace_tuning,compressed,compressed_compressed__N8192__q8__uniform__r32-64__fp16__q8__w4,dense__N8192__fp16,compressed_compressed,8192,8,1024,8,uniform,b32_b16,32,64,47.625,48.109375,51.125,51.875,29,30,5,5,q8,fp16,Float16,fp32_accumulate,20260802,random,1,4,1,tlr_tlr_runs,4,compressed_tlr,compressed_tlr,13402112,13598720,27000832,14376064,268435456,0.15414094924926758,8.072213,8.072213,0.5306584999999999,0.450063,1.4060774999999999,1.393965,2.649684307327594,3.097266382706421,5.4024609792e10,5.8679361536e10,7.932519410839692,110578.3880518262,781970.8570658447,false,0.570794;0.547379;0.513938;0.450063,,NVIDIA H100 80GB HBM3,1.12.6
workspace_tuning__20260803T201151.391Z__pid12447,20260803T201151.391Z,workspace_tuning,compressed,compressed_compressed__N8192__q8__uniform__r32-64__fp16__q8__w8,dense__N8192__fp16,compressed_compressed,8192,8,1024,8,uniform,b32_b16,32,64,47.625,48.109375,51.125,51.875,29,30,5,5,q8,fp16,Float16,fp32_accumulate,20260802,random,1,4,1,tlr_tlr_runs,8,compressed_tlr,compressed_tlr,13402112,13598720,27000832,7191296,268435456,0.12737560272216797,10.325342,10.325342,0.597313,0.538796,1.4060774999999999,1.393965,2.354004516894827,2.587185131292734,5.4139953152e10,5.866258432e10,7.709566873715256,98210.79454155527,781970.8570658447,false,0.620248;0.604243;0.590383;0.538796,,NVIDIA H100 80GB HBM3,1.12.6
workspace_tuning__20260803T201151.391Z__pid12447,20260803T201151.391Z,workspace_tuning,compressed,compressed_compressed__N8192__q8__uniform__r32-64__fp16__q8__w16,dense__N8192__fp16,compressed_compressed,8192,8,1024,8,uniform,b32_b16,32,64,47.625,48.109375,51.125,51.875,29,30,5,5,q8,fp16,Float16,fp32_accumulate,20260802,random,1,4,1,tlr_tlr_runs,16,compressed_tlr,compressed_tlr,13402112,13598720,27000832,3742208,268435456,0.11452674865722656,15.294674,15.294674,0.7506525,0.719946,1.4060774999999999,1.393965,1.8731403678799443,1.9362077155786683,5.3840060416e10,5.849481216e10,7.957546271399122,77925.28787954479,781970.8570658447,false,0.810132;0.75541;0.719946;0.745895,,NVIDIA H100 80GB HBM3,1.12.6
workspace_tuning__20260803T201151.391Z__pid12447,20260803T201151.391Z,workspace_tuning,compressed,compressed_compressed__N8192__q8__uniform__r32-64__fp16__q8__w32,dense__N8192__fp16,compressed_compressed,8192,8,1024,8,uniform,b32_b16,32,64,47.625,48.109375,51.125,51.875,29,30,5,5,q8,fp16,Float16,fp32_accumulate,20260802,random,1,4,1,tlr_tlr_runs,32,compressed_tlr,compressed_tlr,13402112,13598720,27000832,1957888,268435456,0.107879638671875,24.482655,24.482655,1.130195,1.118923,1.4060774999999999,1.393965,1.2441016815682249,1.245809586539914,5.3766660096e10,5.8394148864e10,7.924576105694123,51667.32189047023,781970.8570658447,false,1.129579;1.118923;1.147346;1.130811,,NVIDIA H100 80GB HBM3,1.12.6
workspace_tuning__20260803T201151.391Z__pid12447,20260803T201151.391Z,workspace_tuning,compressed,compressed_compressed__N8192__q8__uniform__r32-64__fp16__q8__w64,dense__N8192__fp16,compressed_compressed,8192,8,1024,8,uniform,b32_b16,32,64,47.625,48.109375,51.125,51.875,29,30,5,5,q8,fp16,Float16,fp32_accumulate,20260802,random,1,4,1,tlr_tlr_runs,64,compressed_tlr,compressed_tlr,13402112,13598720,27000832,1004928,268435456,0.10432958602905273,42.213653,42.213653,2.1490989999999996,2.140431,1.4060774999999999,1.393965,0.6542637170274613,0.6512543501752684,5.3433212928e10,5.8209599488e10,8.20549634770234,27085.58306899776,781970.8570658447,false,2.147922;2.16584;2.150276;2.140431,,NVIDIA H100 80GB HBM3,1.12.6
workspace_tuning__20260803T201151.391Z__pid12447,20260803T201151.391Z,workspace_tuning,baseline,dense__N8192__fp32,dense__N8192__fp32,dense_dense,8192,,,,,,,,,,,,,,,,,fp32,Float32,fp32,20260802,random,1,4,0,none,0,dense,dense,268435456,268435456,536870912,0,536870912,1.0,,,21.331062,21.301807,21.331062,21.301807,1.0,1.0,1.099511627776e12,1.099511627776e12,0.0,51545.09549388586,51545.09549388586,false,21.301807;21.355839;21.438512;21.306285,21.301807;21.355839;21.438512;21.306285,NVIDIA H100 80GB HBM3,1.12.6
workspace_tuning__20260803T201151.391Z__pid12447,20260803T201151.391Z,workspace_tuning,compressed,compressed_dense__N8192__q16__uniform__r16-32__fp32__q8__w1,dense__N8192__fp32,compressed_dense,8192,16,512,16,uniform,b32_b16,16,32,23.58984375,,26.96875,,17,,3,,q8,fp32,Float32,fp32,20260802,random,1,4,1,one_or_more_tile_stripes,1,compressed_tlr,dense,28278784,268435456,296714240,14139392,536870912,0.579010009765625,55.177702,55.177702,8.499381,8.486322,21.331062,21.301807,2.5097194725121748,2.5101341900531233,1.01317607424e11,1.15829899264e11,12.528968713789109,13628.039414164396,51545.09549388586,false,8.515666;8.49207;8.486322;8.506692,,NVIDIA H100 80GB HBM3,1.12.6
workspace_tuning__20260803T201151.391Z__pid12447,20260803T201151.391Z,workspace_tuning,compressed,compressed_dense__N8192__q16__uniform__r16-32__fp32__q8__w2,dense__N8192__fp32,compressed_dense,8192,16,512,16,uniform,b32_b16,16,32,23.58984375,,26.96875,,17,,3,,q8,fp32,Float32,fp32,20260802,random,1,4,1,one_or_more_tile_stripes,2,compressed_tlr,dense,28278784,268435456,296714240,28278784,536870912,0.6053466796875,27.279278,27.279278,8.232321500000001,8.231411,21.331062,21.301807,2.5911356839015576,2.5878682281810494,1.01317607424e11,1.15829899264e11,12.528968713789109,14070.13796339222,51545.09549388586,false,8.233183;8.23146;8.241556;8.231411,,NVIDIA H100 80GB HBM3,1.12.6
workspace_tuning__20260803T201151.391Z__pid12447,20260803T201151.391Z,workspace_tuning,compressed,compressed_dense__N8192__q16__uniform__r16-32__fp32__q8__w4,dense__N8192__fp32,compressed_dense,8192,16,512,16,uniform,b32_b16,16,32,23.58984375,,26.96875,,17,,3,,q8,fp32,Float32,fp32,20260802,random,1,4,1,one_or_more_tile_stripes,4,compressed_tlr,dense,28278784,268435456,296714240,56557568,536870912,0.65802001953125,13.737014,13.737014,8.136664,8.129598,21.331062,21.301807,2.6215979915110172,2.6202780260475365,1.01317607424e11,1.15829899264e11,12.528968713789109,14235.55148203244,51545.09549388586,false,8.129598;8.135647;8.137681;8.152333,,NVIDIA H100 80GB HBM3,1.12.6
workspace_tuning__20260803T201151.391Z__pid12447,20260803T201151.391Z,workspace_tuning,compressed,compressed_dense__N8192__q16__uniform__r16-32__fp32__q8__w8,dense__N8192__fp32,compressed_dense,8192,16,512,16,uniform,b32_b16,16,32,23.58984375,,26.96875,,17,,3,,q8,fp32,Float32,fp32,20260802,random,1,4,1,one_or_more_tile_stripes,8,compressed_tlr,dense,28278784,268435456,296714240,113115136,536870912,0.76336669921875,6.905116,6.905116,8.000425,7.995047,21.331062,21.301807,2.6662411059412467,2.6643754564544775,1.01317607424e11,1.15829899264e11,12.528968713789109,14477.968265935871,51545.09549388586,false,7.999433;7.995047;8.006534;8.001417,,NVIDIA H100 80GB HBM3,1.12.6
workspace_tuning__20260803T201151.391Z__pid12447,20260803T201151.391Z,workspace_tuning,compressed,compressed_dense__N8192__q16__uniform__r16-32__fp32__q8__w16,dense__N8192__fp32,compressed_dense,8192,16,512,16,uniform,b32_b16,16,32,23.58984375,,26.96875,,17,,3,,q8,fp32,Float32,fp32,20260802,random,1,4,1,one_or_more_tile_stripes,16,compressed_tlr,dense,28278784,268435456,296714240,226230272,536870912,0.97406005859375,6.535454,6.535454,7.9302045,7.91686,21.331062,21.301807,2.689850179777835,2.6906888589668125,1.01317607424e11,1.15829899264e11,12.528968713789109,14606.168007899418,51545.09549388586,false,7.953865;7.927906;7.91686;7.932503,,NVIDIA H100 80GB HBM3,1.12.6
workspace_tuning__20260803T201151.391Z__pid12447,20260803T201151.391Z,workspace_tuning,compressed,dense_compressed__N8192__q16__uniform__r16-32__fp32__q8__w1,dense__N8192__fp32,dense_compressed,8192,16,512,16,uniform,b32_b16,16,32,,23.58984375,,26.96875,,17,,3,q8,fp32,Float32,fp32,20260802,random,1,4,1,one_or_more_tile_stripes,1,dense,compressed_tlr,268435456,28278784,296714240,14139392,536870912,0.579010009765625,53.447623,53.447623,7.4569425,7.440608,21.331062,21.301807,2.860564098489428,2.862912143738791,1.01317607424e11,1.15829899264e11,12.528968713789109,15533.162454182797,51545.09549388586,false,7.449972;7.440608;7.463913;7.464223,,NVIDIA H100 80GB HBM3,1.12.6
workspace_tuning__20260803T201151.391Z__pid12447,20260803T201151.391Z,workspace_tuning,compressed,dense_compressed__N8192__q16__uniform__r16-32__fp32__q8__w2,dense__N8192__fp32,dense_compressed,8192,16,512,16,uniform,b32_b16,16,32,,23.58984375,,26.96875,,17,,3,q8,fp32,Float32,fp32,20260802,random,1,4,1,one_or_more_tile_stripes,2,dense,compressed_tlr,268435456,28278784,296714240,28278784,536870912,0.6053466796875,26.245321,26.245321,7.182542,7.168541,21.331062,21.301807,2.9698485577947196,2.9715679941008917,1.01317607424e11,1.15829899264e11,12.528968713789109,16126.588506409013,51545.09549388586,false,7.180509;7.184575;7.198576;7.168541,,NVIDIA H100 80GB HBM3,1.12.6
workspace_tuning__20260803T201151.391Z__pid12447,20260803T201151.391Z,workspace_tuning,compressed,dense_compressed__N8192__q16__uniform__r16-32__fp32__q8__w4,dense__N8192__fp32,dense_compressed,8192,16,512,16,uniform,b32_b16,16,32,,23.58984375,,26.96875,,17,,3,q8,fp32,Float32,fp32,20260802,random,1,4,1,one_or_more_tile_stripes,4,dense,compressed_tlr,268435456,28278784,296714240,56557568,536870912,0.65802001953125,13.027513,13.027513,7.0204345,7.009653,21.331062,21.301807,3.0384247584675848,3.0389246086789177,1.01317607424e11,1.15829899264e11,12.528968713789109,16498.96445355341,51545.09549388586,false,7.028993;7.028702;7.012167;7.009653,,NVIDIA H100 80GB HBM3,1.12.6
workspace_tuning__20260803T201151.391Z__pid12447,20260803T201151.391Z,workspace_tuning,compressed,dense_compressed__N8192__q16__uniform__r16-32__fp32__q8__w8,dense__N8192__fp32,dense_compressed,8192,16,512,16,uniform,b32_b16,16,32,,23.58984375,,26.96875,,17,,3,q8,fp32,Float32,fp32,20260802,random,1,4,1,one_or_more_tile_stripes,8,dense,compressed_tlr,268435456,28278784,296714240,113115136,536870912,0.76336669921875,6.768693,6.768693,6.8781265000000005,6.865818,21.331062,21.301807,3.101289573548843,3.1025883587359875,1.01317607424e11,1.15829899264e11,12.528968713789109,16840.326979156314,51545.09549388586,false,6.876264;6.865818;6.879989;6.888572,,NVIDIA H100 80GB HBM3,1.12.6
workspace_tuning__20260803T201151.391Z__pid12447,20260803T201151.391Z,workspace_tuning,compressed,dense_compressed__N8192__q16__uniform__r16-32__fp32__q8__w16,dense__N8192__fp32,dense_compressed,8192,16,512,16,uniform,b32_b16,16,32,,23.58984375,,26.96875,,17,,3,q8,fp32,Float32,fp32,20260802,random,1,4,1,one_or_more_tile_stripes,16,dense,compressed_tlr,268435456,28278784,296714240,226230272,536870912,0.97406005859375,3.397241,3.397241,6.798658,6.787831,21.331062,21.301807,3.137540085116798,3.1382347321257704,1.01317607424e11,1.15829899264e11,12.528968713789109,17037.17105111038,51545.09549388586,false,6.787831;6.79344;6.806639;6.803876,,NVIDIA H100 80GB HBM3,1.12.6
workspace_tuning__20260803T201151.391Z__pid12447,20260803T201151.391Z,workspace_tuning,compressed,compressed_compressed__N8192__q16__uniform__r16-32__fp32__q8__w1,dense__N8192__fp32,compressed_compressed,8192,16,512,16,uniform,b32_b16,16,32,23.58984375,23.69140625,26.96875,26.8125,17,17,3,3,q8,fp32,Float32,fp32,20260802,random,1,4,1,tlr_tlr_runs,1,compressed_tlr,compressed_tlr,28278784,28114944,56393728,236770304,536870912,0.5460605621337891,42.509876,42.509876,1.9748435,1.966591,21.331062,21.301807,10.801393629419243,10.831844038745219,5.5565142016e10,6.3646990336e10,12.697926920558169,32228.87805337486,51545.09549388586,false,1.966591;1.97953;1.975835;1.973852,,NVIDIA H100 80GB HBM3,1.12.6
workspace_tuning__20260803T201151.391Z__pid12447,20260803T201151.391Z,workspace_tuning,compressed,compressed_compressed__N8192__q16__uniform__r16-32__fp32__q8__w2,dense__N8192__fp32,compressed_compressed,8192,16,512,16,uniform,b32_b16,16,32,23.58984375,23.69140625,26.96875,26.8125,17,17,3,3,q8,fp32,Float32,fp32,20260802,random,1,4,1,tlr_tlr_runs,2,compressed_tlr,compressed_tlr,28278784,28114944,56393728,118388480,536870912,0.32555723190307617,43.818002,43.818002,2.1343620000000003,2.121472,21.331062,21.301807,9.99411627455886,10.0410502707554,5.5565142016e10,6.3646990336e10,12.697926920558169,29820.147817474255,51545.09549388586,false,2.141382;2.139079;2.129645;2.121472,,NVIDIA H100 80GB HBM3,1.12.6
workspace_tuning__20260803T201151.391Z__pid12447,20260803T201151.391Z,workspace_tuning,compressed,compressed_compressed__N8192__q16__uniform__r16-32__fp32__q8__w4,dense__N8192__fp32,compressed_compressed,8192,16,512,16,uniform,b32_b16,16,32,23.58984375,23.69140625,26.96875,26.8125,17,17,3,3,q8,fp32,Float32,fp32,20260802,random,1,4,1,tlr_tlr_runs,4,compressed_tlr,compressed_tlr,28278784,28114944,56393728,59248384,536870912,0.21540021896362305,46.836757,46.836757,2.3260535,2.315343,21.331062,21.301807,9.170495003661781,9.200281340604826,5.4915024896e10,6.3445663744e10,13.445582163693157,27276.09822559971,51545.09549388586,false,2.33324;2.323385;2.315343;2.328722,,NVIDIA H100 80GB HBM3,1.12.6
workspace_tuning__20260803T201151.391Z__pid12447,20260803T201151.391Z,workspace_tuning,compressed,compressed_compressed__N8192__q16__uniform__r16-32__fp32__q8__w8,dense__N8192__fp32,compressed_compressed,8192,16,512,16,uniform,b32_b16,16,32,23.58984375,23.69140625,26.96875,26.8125,17,17,3,3,q8,fp32,Float32,fp32,20260802,random,1,4,1,tlr_tlr_runs,8,compressed_tlr,compressed_tlr,28278784,28114944,56393728,29656064,536870912,0.1602802276611328,50.925642,50.925642,2.6948309999999998,2.68769,21.331062,21.301807,7.91554720871179,7.925693439347544,5.4681192448e10,6.2992678912e10,13.194368945018269,23375.37267160724,51545.09549388586,false,2.699567;2.690134;2.699528;2.68769,,NVIDIA H100 80GB HBM3,1.12.6
workspace_tuning__20260803T201151.391Z__pid12447,20260803T201151.391Z,workspace_tuning,compressed,compressed_compressed__N8192__q16__uniform__r16-32__fp32__q8__w16,dense__N8192__fp32,compressed_compressed,8192,16,512,16,uniform,b32_b16,16,32,23.58984375,23.69140625,26.96875,26.8125,17,17,3,3,q8,fp32,Float32,fp32,20260802,random,1,4,1,tlr_tlr_runs,16,compressed_tlr,compressed_tlr,28278784,28114944,56393728,14853888,536870912,0.13270902633666992,57.542898,57.542898,3.4737704999999997,3.46347,21.331062,21.301807,6.140607734448778,6.150423419287593,5.4244460544e10,6.2615191552e10,13.368530544298286,18025.137685981274,51545.09549388586,false,3.466935;3.494506;3.480606;3.46347,,NVIDIA H100 80GB HBM3,1.12.6
workspace_tuning__20260803T201151.391Z__pid12447,20260803T201151.391Z,workspace_tuning,compressed,compressed_compressed__N8192__q16__uniform__r16-32__fp32__q8__w32,dense__N8192__fp32,compressed_compressed,8192,16,512,16,uniform,b32_b16,16,32,23.58984375,23.69140625,26.96875,26.8125,17,17,3,3,q8,fp32,Float32,fp32,20260802,random,1,4,1,tlr_tlr_runs,32,compressed_tlr,compressed_tlr,28278784,28114944,56393728,7617024,536870912,0.11922931671142578,140.019707,140.019707,5.8402045,5.826654,21.331062,21.301807,3.6524512112546743,3.6559244808426925,5.4173157376e10,6.249775104e10,13.319829154607609,10701.294970064833,51545.09549388586,false,5.85771;5.845272;5.835137;5.826654,,NVIDIA H100 80GB HBM3,1.12.6
workspace_tuning__20260803T201151.391Z__pid12447,20260803T201151.391Z,workspace_tuning,compressed,compressed_compressed__N8192__q16__uniform__r16-32__fp32__q8__w64,dense__N8192__fp32,compressed_compressed,8192,16,512,16,uniform,b32_b16,16,32,23.58984375,23.69140625,26.96875,26.8125,17,17,3,3,q8,fp32,Float32,fp32,20260802,random,1,4,1,tlr_tlr_runs,64,compressed_tlr,compressed_tlr,28278784,28114944,56393728,3808512,536870912,0.11213541030883789,97.192226,97.192226,8.186293500000001,8.140104,21.331062,21.301807,2.6057045230542975,2.6168961723339166,5.414327296e10,6.247677952e10,13.338566142533463,7631.876321072533,51545.09549388586,false,8.140104;8.184361;8.22458;8.188226,,NVIDIA H100 80GB HBM3,1.12.6
workspace_tuning__20260803T201151.391Z__pid12447,20260803T201151.391Z,workspace_tuning,compressed,compressed_dense__N8192__q8__uniform__r32-64__fp32__q8__w1,dense__N8192__fp32,compressed_dense,8192,8,1024,8,uniform,b32_b16,32,64,47.625,,51.125,,29,,5,,q8,fp32,Float32,fp32,20260802,random,1,4,1,one_or_more_tile_stripes,1,compressed_tlr,dense,26804224,268435456,295239680,13402112,536870912,0.57489013671875,8.368336,8.368336,4.889928,4.880709,21.331062,21.301807,4.362244597466465,4.364490282047137,1.02273908736e11,1.09790101504e11,6.845965770171149,22452.294083675668,51545.09549388586,false,4.880709;4.892297;4.887559;4.893588,,NVIDIA H100 80GB HBM3,1.12.6
workspace_tuning__20260803T201151.391Z__pid12447,20260803T201151.391Z,workspace_tuning,compressed,compressed_dense__N8192__q8__uniform__r32-64__fp32__q8__w2,dense__N8192__fp32,compressed_dense,8192,8,1024,8,uniform,b32_b16,32,64,47.625,,51.125,,29,,5,,q8,fp32,Float32,fp32,20260802,random,1,4,1,one_or_more_tile_stripes,2,compressed_tlr,dense,26804224,268435456,295239680,26804224,536870912,0.599853515625,4.348463,4.348463,4.738522,4.72053,21.331062,21.301807,4.501627722737174,4.5125879932973625,1.02273908736e11,1.09790101504e11,6.845965770171149,23169.693314497643,51545.09549388586,false,4.72053;4.744316;4.744436;4.732728,,NVIDIA H100 80GB HBM3,1.12.6
workspace_tuning__20260803T201151.391Z__pid12447,20260803T201151.391Z,workspace_tuning,compressed,compressed_dense__N8192__q8__uniform__r32-64__fp32__q8__w4,dense__N8192__fp32,compressed_dense,8192,8,1024,8,uniform,b32_b16,32,64,47.625,,51.125,,29,,5,,q8,fp32,Float32,fp32,20260802,random,1,4,1,one_or_more_tile_stripes,4,compressed_tlr,dense,26804224,268435456,295239680,53608448,536870912,0.6497802734375,2.242574,2.242574,4.684175,4.678917,21.331062,21.301807,4.553856762396793,4.552721708891181,1.02273908736e11,1.09790101504e11,6.845965770171149,23438.51404014581,51545.09549388586,false,4.692328;4.68757;4.678917;4.68078,,NVIDIA H100 80GB HBM3,1.12.6
workspace_tuning__20260803T201151.391Z__pid12447,20260803T201151.391Z,workspace_tuning,compressed,compressed_dense__N8192__q8__uniform__r32-64__fp32__q8__w8,dense__N8192__fp32,compressed_dense,8192,8,1024,8,uniform,b32_b16,32,64,47.625,,51.125,,29,,5,,q8,fp32,Float32,fp32,20260802,random,1,4,1,one_or_more_tile_stripes,8,compressed_tlr,dense,26804224,268435456,295239680,107216896,536870912,0.7496337890625,1.08295,1.08295,4.649824,4.636244,21.331062,21.301807,4.587498795653341,4.594625951524553,1.02273908736e11,1.09790101504e11,6.845965770171149,23611.668205936396,51545.09549388586,false,4.656844;4.643705;4.636244;4.655943,,NVIDIA H100 80GB HBM3,1.12.6
workspace_tuning__20260803T201151.391Z__pid12447,20260803T201151.391Z,workspace_tuning,compressed,dense_compressed__N8192__q8__uniform__r32-64__fp32__q8__w1,dense__N8192__fp32,dense_compressed,8192,8,1024,8,uniform,b32_b16,32,64,,47.625,,51.125,,29,,5,q8,fp32,Float32,fp32,20260802,random,1,4,1,one_or_more_tile_stripes,1,dense,compressed_tlr,268435456,26804224,295239680,13402112,536870912,0.57489013671875,70.956579,70.956579,4.234498,4.224889,21.331062,21.301807,5.037447650229141,5.041980274511354,1.02273908736e11,1.09790101504e11,6.845965770171149,25927.536511765975,51545.09549388586,false,4.224889;4.22615;4.248084;4.242846,,NVIDIA H100 80GB HBM3,1.12.6
workspace_tuning__20260803T201151.391Z__pid12447,20260803T201151.391Z,workspace_tuning,compressed,dense_compressed__N8192__q8__uniform__r32-64__fp32__q8__w2,dense__N8192__fp32,dense_compressed,8192,8,1024,8,uniform,b32_b16,32,64,,47.625,,51.125,,29,,5,q8,fp32,Float32,fp32,20260802,random,1,4,1,one_or_more_tile_stripes,2,dense,compressed_tlr,268435456,26804224,295239680,26804224,536870912,0.599853515625,8.682525,8.682525,4.0943235,4.087353,21.331062,21.301807,5.209911234420045,5.21163868156237,1.02273908736e11,1.09790101504e11,6.845965770171149,26815.199508294838,51545.09549388586,false,4.087353;4.105089;4.096847;4.0918,,NVIDIA H100 80GB HBM3,1.12.6
workspace_tuning__20260803T201151.391Z__pid12447,20260803T201151.391Z,workspace_tuning,compressed,dense_compressed__N8192__q8__uniform__r32-64__fp32__q8__w4,dense__N8192__fp32,dense_compressed,8192,8,1024,8,uniform,b32_b16,32,64,,47.625,,51.125,,29,,5,q8,fp32,Float32,fp32,20260802,random,1,4,1,one_or_more_tile_stripes,4,dense,compressed_tlr,268435456,26804224,295239680,53608448,536870912,0.6497802734375,2.018959,2.018959,4.012446,3.997519,21.331062,21.301807,5.316224068809898,5.328756911474342,1.02273908736e11,1.09790101504e11,6.845965770171149,27362.3873078915,51545.09549388586,false,4.020032;4.014975;4.009917;3.997519,,NVIDIA H100 80GB HBM3,1.12.6
workspace_tuning__20260803T201151.391Z__pid12447,20260803T201151.391Z,workspace_tuning,compressed,dense_compressed__N8192__q8__uniform__r32-64__fp32__q8__w8,dense__N8192__fp32,dense_compressed,8192,8,1024,8,uniform,b32_b16,32,64,,47.625,,51.125,,29,,5,q8,fp32,Float32,fp32,20260802,random,1,4,1,one_or_more_tile_stripes,8,dense,compressed_tlr,268435456,26804224,295239680,107216896,536870912,0.7496337890625,1.067416,1.067416,3.9639984999999998,3.949947,21.331062,21.301807,5.3811983026734245,5.392934892544128,1.02273908736e11,1.09790101504e11,6.845965770171149,27696.80702553243,51545.09549388586,false,3.979332;3.960263;3.949947;3.967734,,NVIDIA H100 80GB HBM3,1.12.6
workspace_tuning__20260803T201151.391Z__pid12447,20260803T201151.391Z,workspace_tuning,compressed,compressed_compressed__N8192__q8__uniform__r32-64__fp32__q8__w1,dense__N8192__fp32,compressed_compressed,8192,8,1024,8,uniform,b32_b16,32,64,47.625,48.109375,51.125,51.875,29,30,5,5,q8,fp32,Float32,fp32,20260802,random,1,4,1,tlr_tlr_runs,1,compressed_tlr,compressed_tlr,26804224,27197440,54001664,112649216,536870912,0.3104114532470703,6.239772,6.239772,1.7912085,1.786641,21.331062,21.301807,11.908754340993804,11.922824451022898,5.594140672e10,6.0457746432e10,7.470241579513329,33752.48969173605,51545.09549388586,false,1.7925;1.786641;1.805921;1.789917,,NVIDIA H100 80GB HBM3,1.12.6
workspace_tuning__20260803T201151.391Z__pid12447,20260803T201151.391Z,workspace_tuning,compressed,compressed_compressed__N8192__q8__uniform__r32-64__fp32__q8__w2,dense__N8192__fp32,compressed_compressed,8192,8,1024,8,uniform,b32_b16,32,64,47.625,48.109375,51.125,51.875,29,30,5,5,q8,fp32,Float32,fp32,20260802,random,1,4,1,tlr_tlr_runs,2,compressed_tlr,compressed_tlr,26804224,27197440,54001664,57239296,536870912,0.20720243453979492,7.158977,7.158977,1.7886305,1.775996,21.331062,21.301807,11.925918740623063,11.994287712359712,5.5027048448e10,5.95853312e10,7.650008249010119,33313.382054035195,51545.09549388586,false,1.783828;1.809416;1.793433;1.775996,,NVIDIA H100 80GB HBM3,1.12.6
workspace_tuning__20260803T201151.391Z__pid12447,20260803T201151.391Z,workspace_tuning,compressed,compressed_compressed__N8192__q8__uniform__r32-64__fp32__q8__w4,dense__N8192__fp32,compressed_compressed,8192,8,1024,8,uniform,b32_b16,32,64,47.625,48.109375,51.125,51.875,29,30,5,5,q8,fp32,Float32,fp32,20260802,random,1,4,1,tlr_tlr_runs,4,compressed_tlr,compressed_tlr,26804224,27197440,54001664,28752128,536870912,0.15414094924926758,8.021286,8.021286,2.134492,2.118088,21.331062,21.301807,9.993507588690893,10.057092528733461,5.4024609792e10,5.8679361536e10,7.932519410839692,27491.019659947193,51545.09549388586,false,2.136676;2.132539;2.136445;2.118088,,NVIDIA H100 80GB HBM3,1.12.6
workspace_tuning__20260803T201151.391Z__pid12447,20260803T201151.391Z,workspace_tuning,compressed,compressed_compressed__N8192__q8__uniform__r32-64__fp32__q8__w8,dense__N8192__fp32,compressed_compressed,8192,8,1024,8,uniform,b32_b16,32,64,47.625,48.109375,51.125,51.875,29,30,5,5,q8,fp32,Float32,fp32,20260802,random,1,4,1,tlr_tlr_runs,8,compressed_tlr,compressed_tlr,26804224,27197440,54001664,14382592,536870912,0.12737560272216797,10.442868,10.442868,2.677199,2.670144,21.331062,21.301807,7.967678906200099,7.977774606912586,5.4139953152e10,5.866258432e10,7.709566873715256,21911.92523230436,51545.09549388586,false,2.68793;2.674199;2.670144;2.680199,,NVIDIA H100 80GB HBM3,1.12.6
workspace_tuning__20260803T201151.391Z__pid12447,20260803T201151.391Z,workspace_tuning,compressed,compressed_compressed__N8192__q8__uniform__r32-64__fp32__q8__w16,dense__N8192__fp32,compressed_compressed,8192,8,1024,8,uniform,b32_b16,32,64,47.625,48.109375,51.125,51.875,29,30,5,5,q8,fp32,Float32,fp32,20260802,random,1,4,1,tlr_tlr_runs,16,compressed_tlr,compressed_tlr,26804224,27197440,54001664,7484416,536870912,0.11452674865722656,15.179351,15.179351,3.7985860000000002,3.773544,21.331062,21.301807,5.615526935549175,5.6450400472341125,5.3840060416e10,5.849481216e10,7.957546271399122,15399.101707846023,51545.09549388586,false,3.779372;3.8178;3.838431;3.773544,,NVIDIA H100 80GB HBM3,1.12.6
workspace_tuning__20260803T201151.391Z__pid12447,20260803T201151.391Z,workspace_tuning,compressed,compressed_compressed__N8192__q8__uniform__r32-64__fp32__q8__w32,dense__N8192__fp32,compressed_compressed,8192,8,1024,8,uniform,b32_b16,32,64,47.625,48.109375,51.125,51.875,29,30,5,5,q8,fp32,Float32,fp32,20260802,random,1,4,1,tlr_tlr_runs,32,compressed_tlr,compressed_tlr,26804224,27197440,54001664,3915776,536870912,0.107879638671875,24.596555,24.596555,6.912874,6.905487,21.331062,21.301807,3.085700968945767,3.0847653467452765,5.3766660096e10,5.8394148864e10,7.924576105694123,8447.159439619469,51545.09549388586,false,6.905758;6.924776;6.91999;6.905487,,NVIDIA H100 80GB HBM3,1.12.6
workspace_tuning__20260803T201151.391Z__pid12447,20260803T201151.391Z,workspace_tuning,compressed,compressed_compressed__N8192__q8__uniform__r32-64__fp32__q8__w64,dense__N8192__fp32,compressed_compressed,8192,8,1024,8,uniform,b32_b16,32,64,47.625,48.109375,51.125,51.875,29,30,5,5,q8,fp32,Float32,fp32,20260802,random,1,4,1,tlr_tlr_runs,64,compressed_tlr,compressed_tlr,26804224,27197440,54001664,2009856,536870912,0.10432958602905273,43.010234,43.010234,10.842044999999999,10.828524,21.331062,21.301807,1.9674389840661979,1.9671939592136474,5.3433212928e10,5.8209599488e10,8.20549634770234,5368.876396288709,51545.09549388586,false,10.832391;10.828524;10.852831;10.851699,,NVIDIA H100 80GB HBM3,1.12.6
workspace_tuning__20260803T201151.391Z__pid12447,20260803T201151.391Z,workspace_tuning,baseline,dense__N8192__tf32,dense__N8192__tf32,dense_dense,8192,,,,,,,,,,,,,,,,,tf32,Float32,tf32,20260802,random,1,4,0,none,0,dense,dense,268435456,268435456,536870912,0,536870912,1.0,,,2.6109394999999997,2.599909,2.6109394999999997,2.599909,1.0,1.0,1.099511627776e12,1.099511627776e12,0.0,421117.2368321825,421117.2368321825,false,2.620109;2.60803;2.599909;2.613849,2.620109;2.60803;2.599909;2.613849,NVIDIA H100 80GB HBM3,1.12.6
workspace_tuning__20260803T201151.391Z__pid12447,20260803T201151.391Z,workspace_tuning,compressed,compressed_dense__N8192__q16__uniform__r16-32__tf32__q8__w1,dense__N8192__tf32,compressed_dense,8192,16,512,16,uniform,b32_b16,16,32,23.58984375,,26.96875,,17,,3,,q8,tf32,Float32,tf32,20260802,random,1,4,1,one_or_more_tile_stripes,1,compressed_tlr,dense,28278784,268435456,296714240,14139392,536870912,0.579010009765625,55.094797,55.094797,2.066901,2.057627,2.6109394999999997,2.599909,1.2632145903456429,1.2635472804351808,1.01317607424e11,1.15829899264e11,12.528968713789109,56040.3711953306,421117.2368321825,false,2.063496;2.057627;2.081763;2.070306,,NVIDIA H100 80GB HBM3,1.12.6
workspace_tuning__20260803T201151.391Z__pid12447,20260803T201151.391Z,workspace_tuning,compressed,compressed_dense__N8192__q16__uniform__r16-32__tf32__q8__w2,dense__N8192__tf32,compressed_dense,8192,16,512,16,uniform,b32_b16,16,32,23.58984375,,26.96875,,17,,3,,q8,tf32,Float32,tf32,20260802,random,1,4,1,one_or_more_tile_stripes,2,compressed_tlr,dense,28278784,268435456,296714240,28278784,536870912,0.6053466796875,27.68269,27.68269,1.9642974999999998,1.954023,2.6109394999999997,2.599909,1.329197588450833,1.3305416568791666,1.01317607424e11,1.15829899264e11,12.528968713789109,58967.594910648724,421117.2368321825,false,1.954023;1.994263;1.966781;1.961814,,NVIDIA H100 80GB HBM3,1.12.6
workspace_tuning__20260803T201151.391Z__pid12447,20260803T201151.391Z,workspace_tuning,compressed,compressed_dense__N8192__q16__uniform__r16-32__tf32__q8__w4,dense__N8192__tf32,compressed_dense,8192,16,512,16,uniform,b32_b16,16,32,23.58984375,,26.96875,,17,,3,,q8,tf32,Float32,tf32,20260802,random,1,4,1,one_or_more_tile_stripes,4,compressed_tlr,dense,28278784,268435456,296714240,56557568,536870912,0.65802001953125,13.722723,13.722723,1.963722,1.940612,2.6109394999999997,2.599909,1.32958713096864,1.339736639781677,1.01317607424e11,1.15829899264e11,12.528968713789109,58984.87630326492,421117.2368321825,false,1.98582;1.97915;1.948294;1.940612,,NVIDIA H100 80GB HBM3,1.12.6
workspace_tuning__20260803T201151.391Z__pid12447,20260803T201151.391Z,workspace_tuning,compressed,compressed_dense__N8192__q16__uniform__r16-32__tf32__q8__w8,dense__N8192__tf32,compressed_dense,8192,16,512,16,uniform,b32_b16,16,32,23.58984375,,26.96875,,17,,3,,q8,tf32,Float32,tf32,20260802,random,1,4,1,one_or_more_tile_stripes,8,compressed_tlr,dense,28278784,268435456,296714240,113115136,536870912,0.76336669921875,6.820631,6.820631,1.9646635,1.957718,2.6109394999999997,2.599909,1.3289499703129823,1.3280303904852484,1.01317607424e11,1.15829899264e11,12.528968713789109,58956.60975225528,421117.2368321825,false,1.980271;1.957718;1.958039;1.971288,,NVIDIA H100 80GB HBM3,1.12.6
workspace_tuning__20260803T201151.391Z__pid12447,20260803T201151.391Z,workspace_tuning,compressed,compressed_dense__N8192__q16__uniform__r16-32__tf32__q8__w16,dense__N8192__tf32,compressed_dense,8192,16,512,16,uniform,b32_b16,16,32,23.58984375,,26.96875,,17,,3,,q8,tf32,Float32,tf32,20260802,random,1,4,1,one_or_more_tile_stripes,16,compressed_tlr,dense,28278784,268435456,296714240,226230272,536870912,0.97406005859375,3.434627,3.434627,1.9956,1.990336,2.6109394999999997,2.599909,1.3083481158548806,1.3062663791440237,1.01317607424e11,1.15829899264e11,12.528968713789109,58042.64344758468,421117.2368321825,false,1.990367;1.990336;2.003326;2.000833,,NVIDIA H100 80GB HBM3,1.12.6
workspace_tuning__20260803T201151.391Z__pid12447,20260803T201151.391Z,workspace_tuning,compressed,dense_compressed__N8192__q16__uniform__r16-32__tf32__q8__w1,dense__N8192__tf32,dense_compressed,8192,16,512,16,uniform,b32_b16,16,32,,23.58984375,,26.96875,,17,,3,q8,tf32,Float32,tf32,20260802,random,1,4,1,one_or_more_tile_stripes,1,dense,compressed_tlr,268435456,28278784,296714240,14139392,536870912,0.579010009765625,53.273743,53.273743,2.070156,2.060803,2.6109394999999997,2.599909,1.2612283808563218,1.2615999685559462,1.01317607424e11,1.15829899264e11,12.528968713789109,55952.25638261078,421117.2368321825,false,2.061423;2.084037;2.078889;2.060803,,NVIDIA H100 80GB HBM3,1.12.6
workspace_tuning__20260803T201151.391Z__pid12447,20260803T201151.391Z,workspace_tuning,compressed,dense_compressed__N8192__q16__uniform__r16-32__tf32__q8__w2,dense__N8192__tf32,dense_compressed,8192,16,512,16,uniform,b32_b16,16,32,,23.58984375,,26.96875,,17,,3,q8,tf32,Float32,tf32,20260802,random,1,4,1,one_or_more_tile_stripes,2,dense,compressed_tlr,268435456,28278784,296714240,28278784,536870912,0.6053466796875,26.57886,26.57886,1.964954,1.954583,2.6109394999999997,2.599909,1.3287534975373467,1.3301604485458023,1.01317607424e11,1.15829899264e11,12.528968713789109,58947.89357104543,421117.2368321825,false,1.980271;1.970607;1.959301;1.954583,,NVIDIA H100 80GB HBM3,1.12.6
workspace_tuning__20260803T201151.391Z__pid12447,20260803T201151.391Z,workspace_tuning,compressed,dense_compressed__N8192__q16__uniform__r16-32__tf32__q8__w4,dense__N8192__tf32,dense_compressed,8192,16,512,16,uniform,b32_b16,16,32,,23.58984375,,26.96875,,17,,3,q8,tf32,Float32,tf32,20260802,random,1,4,1,one_or_more_tile_stripes,4,dense,compressed_tlr,268435456,28278784,296714240,56557568,536870912,0.65802001953125,13.384087,13.384087,1.94571,1.934393,2.6109394999999997,2.599909,1.3418955034409032,1.3440438421768481,1.01317607424e11,1.15829899264e11,12.528968713789109,59530.91635649712,421117.2368321825,false,1.948143;1.934393;1.944889;1.946531,,NVIDIA H100 80GB HBM3,1.12.6
workspace_tuning__20260803T201151.391Z__pid12447,20260803T201151.391Z,workspace_tuning,compressed,dense_compressed__N8192__q16__uniform__r16-32__tf32__q8__w8,dense__N8192__tf32,dense_compressed,8192,16,512,16,uniform,b32_b16,16,32,,23.58984375,,26.96875,,17,,3,q8,tf32,Float32,tf32,20260802,random,1,4,1,one_or_more_tile_stripes,8,dense,compressed_tlr,268435456,28278784,296714240,113115136,536870912,0.76336669921875,6.691928,6.691928,1.951694,1.930437,2.6109394999999997,2.599909,1.3377811788118423,1.3467981602093204,1.01317607424e11,1.15829899264e11,12.528968713789109,59348.39132773888,421117.2368321825,false,1.931199;1.930437;2.021753;1.972189,,NVIDIA H100 80GB HBM3,1.12.6
workspace_tuning__20260803T201151.391Z__pid12447,20260803T201151.391Z,workspace_tuning,compressed,dense_compressed__N8192__q16__uniform__r16-32__tf32__q8__w16,dense__N8192__tf32,dense_compressed,8192,16,512,16,uniform,b32_b16,16,32,,23.58984375,,26.96875,,17,,3,q8,tf32,Float32,tf32,20260802,random,1,4,1,one_or_more_tile_stripes,16,dense,compressed_tlr,268435456,28278784,296714240,226230272,536870912,0.97406005859375,3.35674,3.35674,1.9286240000000001,1.921754,2.6109394999999997,2.599909,1.3537835783439383,1.3528833555179278,1.01317607424e11,1.15829899264e11,12.528968713789109,60058.310621458615,421117.2368321825,false,1.925369;1.945039;1.931879;1.921754,,NVIDIA H100 80GB HBM3,1.12.6
workspace_tuning__20260803T201151.391Z__pid12447,20260803T201151.391Z,workspace_tuning,compressed,compressed_compressed__N8192__q16__uniform__r16-32__tf32__q8__w1,dense__N8192__tf32,compressed_compressed,8192,16,512,16,uniform,b32_b16,16,32,23.58984375,23.69140625,26.96875,26.8125,17,17,3,3,q8,tf32,Float32,tf32,20260802,random,1,4,1,tlr_tlr_runs,1,compressed_tlr,compressed_tlr,28278784,28114944,56393728,236770304,536870912,0.5460605621337891,42.447553,42.447553,0.7517745,0.739987,2.6109394999999997,2.599909,3.473035464757051,3.5134522633505725,5.5565142016e10,6.3646990336e10,12.697926920558169,84662.34267855587,421117.2368321825,false,0.763571;0.761149;0.739987;0.7424,,NVIDIA H100 80GB HBM3,1.12.6
workspace_tuning__20260803T201151.391Z__pid12447,20260803T201151.391Z,workspace_tuning,compressed,compressed_compressed__N8192__q16__uniform__r16-32__tf32__q8__w2,dense__N8192__tf32,compressed_compressed,8192,16,512,16,uniform,b32_b16,16,32,23.58984375,23.69140625,26.96875,26.8125,17,17,3,3,q8,tf32,Float32,tf32,20260802,random,1,4,1,tlr_tlr_runs,2,compressed_tlr,compressed_tlr,28278784,28114944,56393728,118388480,536870912,0.32555723190307617,44.299332,44.299332,0.7966915,0.789761,2.6109394999999997,2.599909,3.277227760055178,3.2920199908579932,5.5565142016e10,6.3646990336e10,12.697926920558169,79889.1294007781,421117.2368321825,false,0.808289;0.798454;0.789761;0.794929,,NVIDIA H100 80GB HBM3,1.12.6
workspace_tuning__20260803T201151.391Z__pid12447,20260803T201151.391Z,workspace_tuning,compressed,compressed_compressed__N8192__q16__uniform__r16-32__tf32__q8__w4,dense__N8192__tf32,compressed_compressed,8192,16,512,16,uniform,b32_b16,16,32,23.58984375,23.69140625,26.96875,26.8125,17,17,3,3,q8,tf32,Float32,tf32,20260802,random,1,4,1,tlr_tlr_runs,4,compressed_tlr,compressed_tlr,28278784,28114944,56393728,59248384,536870912,0.21540021896362305,47.684335,47.684335,0.8662455,0.854878,2.6109394999999997,2.599909,3.014087230467575,3.041263197789626,5.4915024896e10,6.3445663744e10,13.445582163693157,73242.1279464078,421117.2368321825,false,0.861248;0.854878;0.871243;0.871634,,NVIDIA H100 80GB HBM3,1.12.6
workspace_tuning__20260803T201151.391Z__pid12447,20260803T201151.391Z,workspace_tuning,compressed,compressed_compressed__N8192__q16__uniform__r16-32__tf32__q8__w8,dense__N8192__tf32,compressed_compressed,8192,16,512,16,uniform,b32_b16,16,32,23.58984375,23.69140625,26.96875,26.8125,17,17,3,3,q8,tf32,Float32,tf32,20260802,random,1,4,1,tlr_tlr_runs,8,compressed_tlr,compressed_tlr,28278784,28114944,56393728,29656064,536870912,0.1602802276611328,51.804897,51.804897,0.9774315,0.968689,2.6109394999999997,2.599909,2.6712250423686976,2.6839460342793195,5.4681192448e10,6.2992678912e10,13.194368945018269,64447.15451875656,421117.2368321825,false,0.968689;0.984252;0.980175;0.974688,,NVIDIA H100 80GB HBM3,1.12.6
workspace_tuning__20260803T201151.391Z__pid12447,20260803T201151.391Z,workspace_tuning,compressed,compressed_compressed__N8192__q16__uniform__r16-32__tf32__q8__w16,dense__N8192__tf32,compressed_compressed,8192,16,512,16,uniform,b32_b16,16,32,23.58984375,23.69140625,26.96875,26.8125,17,17,3,3,q8,tf32,Float32,tf32,20260802,random,1,4,1,tlr_tlr_runs,16,compressed_tlr,compressed_tlr,28278784,28114944,56393728,14853888,536870912,0.13270902633666992,57.722106,57.722106,1.243204,1.229589,2.6109394999999997,2.599909,2.1001698031859615,2.114453691436732,5.4244460544e10,6.2615191552e10,13.368530544298286,50365.98301807266,421117.2368321825,false,1.246223;1.245362;1.241046;1.229589,,NVIDIA H100 80GB HBM3,1.12.6
workspace_tuning__20260803T201151.391Z__pid12447,20260803T201151.391Z,workspace_tuning,compressed,compressed_compressed__N8192__q16__uniform__r16-32__tf32__q8__w32,dense__N8192__tf32,compressed_compressed,8192,16,512,16,uniform,b32_b16,16,32,23.58984375,23.69140625,26.96875,26.8125,17,17,3,3,q8,tf32,Float32,tf32,20260802,random,1,4,1,tlr_tlr_runs,32,compressed_tlr,compressed_tlr,28278784,28114944,56393728,7617024,536870912,0.11922931671142578,224.351188,224.351188,2.015344,2.00578,2.6109394999999997,2.599909,1.2955304404607848,1.2962084575576582,5.4173157376e10,6.249775104e10,13.319829154607609,31010.959439182596,421117.2368321825,false,2.017978;2.030015;2.01271;2.00578,,NVIDIA H100 80GB HBM3,1.12.6
workspace_tuning__20260803T201151.391Z__pid12447,20260803T201151.391Z,workspace_tuning,compressed,compressed_compressed__N8192__q16__uniform__r16-32__tf32__q8__w64,dense__N8192__tf32,compressed_compressed,8192,16,512,16,uniform,b32_b16,16,32,23.58984375,23.69140625,26.96875,26.8125,17,17,3,3,q8,tf32,Float32,tf32,20260802,random,1,4,1,tlr_tlr_runs,64,compressed_tlr,compressed_tlr,28278784,28114944,56393728,3808512,536870912,0.11213541030883789,92.524675,92.524675,2.9918395,2.974338,2.6109394999999997,2.599909,0.8726870208111095,0.8741135002141652,5.414327296e10,6.247677952e10,13.338566142533463,20882.396772955235,421117.2368321825,false,2.982961;2.974338;3.000718;3.014909,,NVIDIA H100 80GB HBM3,1.12.6
workspace_tuning__20260803T201151.391Z__pid12447,20260803T201151.391Z,workspace_tuning,compressed,compressed_dense__N8192__q8__uniform__r32-64__tf32__q8__w1,dense__N8192__tf32,compressed_dense,8192,8,1024,8,uniform,b32_b16,32,64,47.625,,51.125,,29,,5,,q8,tf32,Float32,tf32,20260802,random,1,4,1,one_or_more_tile_stripes,1,compressed_tlr,dense,26804224,268435456,295239680,13402112,536870912,0.57489013671875,8.35861,8.35861,1.181532,1.174867,2.6109394999999997,2.599909,2.2097916095374477,2.2129389964991777,1.02273908736e11,1.09790101504e11,6.845965770171149,92921.81803285904,421117.2368321825,false,1.174867;1.186043;1.191462;1.177021,,NVIDIA H100 80GB HBM3,1.12.6
workspace_tuning__20260803T201151.391Z__pid12447,20260803T201151.391Z,workspace_tuning,compressed,compressed_dense__N8192__q8__uniform__r32-64__tf32__q8__w2,dense__N8192__tf32,compressed_dense,8192,8,1024,8,uniform,b32_b16,32,64,47.625,,51.125,,29,,5,,q8,tf32,Float32,tf32,20260802,random,1,4,1,one_or_more_tile_stripes,2,compressed_tlr,dense,26804224,268435456,295239680,26804224,536870912,0.599853515625,4.465849,4.465849,1.126214,1.117761,2.6109394999999997,2.599909,2.3183333718103305,2.325997239123569,1.02273908736e11,1.09790101504e11,6.845965770171149,97486.0031077575,421117.2368321825,false,1.142138;1.134496;1.117932;1.117761,,NVIDIA H100 80GB HBM3,1.12.6
workspace_tuning__20260803T201151.391Z__pid12447,20260803T201151.391Z,workspace_tuning,compressed,compressed_dense__N8192__q8__uniform__r32-64__tf32__q8__w4,dense__N8192__tf32,compressed_dense,8192,8,1024,8,uniform,b32_b16,32,64,47.625,,51.125,,29,,5,,q8,tf32,Float32,tf32,20260802,random,1,4,1,one_or_more_tile_stripes,4,compressed_tlr,dense,26804224,268435456,295239680,53608448,536870912,0.6497802734375,2.059781,2.059781,1.17666,1.173154,2.6109394999999997,2.599909,2.2189413254466026,2.21617025556747,1.02273908736e11,1.09790101504e11,6.845965770171149,93306.56392160863,421117.2368321825,false,1.192193;1.173154;1.175258;1.178062,,NVIDIA H100 80GB HBM3,1.12.6
workspace_tuning__20260803T201151.391Z__pid12447,20260803T201151.391Z,workspace_tuning,compressed,compressed_dense__N8192__q8__uniform__r32-64__tf32__q8__w8,dense__N8192__tf32,compressed_dense,8192,8,1024,8,uniform,b32_b16,32,64,47.625,,51.125,,29,,5,,q8,tf32,Float32,tf32,20260802,random,1,4,1,one_or_more_tile_stripes,8,compressed_tlr,dense,26804224,268435456,295239680,107216896,536870912,0.7496337890625,1.083139,1.083139,1.2043065,1.201256,2.6109394999999997,2.599909,2.1680024977030348,2.1643255059704174,1.02273908736e11,1.09790101504e11,6.845965770171149,91164.58435124281,421117.2368321825,false,1.201257;1.201256;1.224331;1.207356,,NVIDIA H100 80GB HBM3,1.12.6
workspace_tuning__20260803T201151.391Z__pid12447,20260803T201151.391Z,workspace_tuning,compressed,dense_compressed__N8192__q8__uniform__r32-64__tf32__q8__w1,dense__N8192__tf32,dense_compressed,8192,8,1024,8,uniform,b32_b16,32,64,,47.625,,51.125,,29,,5,q8,tf32,Float32,tf32,20260802,random,1,4,1,one_or_more_tile_stripes,1,dense,compressed_tlr,268435456,26804224,295239680,13402112,536870912,0.57489013671875,8.345662,8.345662,1.1827685,1.171492,2.6109394999999997,2.599909,2.2074814302207066,2.219314344442813,1.02273908736e11,1.09790101504e11,6.845965770171149,92824.67490806527,421117.2368321825,false,1.181657;1.187286;1.18388;1.171492,,NVIDIA H100 80GB HBM3,1.12.6
workspace_tuning__20260803T201151.391Z__pid12447,20260803T201151.391Z,workspace_tuning,compressed,dense_compressed__N8192__q8__uniform__r32-64__tf32__q8__w2,dense__N8192__tf32,dense_compressed,8192,8,1024,8,uniform,b32_b16,32,64,,47.625,,51.125,,29,,5,q8,tf32,Float32,tf32,20260802,random,1,4,1,one_or_more_tile_stripes,2,dense,compressed_tlr,268435456,26804224,295239680,26804224,536870912,0.599853515625,5.407948,5.407948,1.143991,1.132273,2.6109394999999997,2.599909,2.282307727945412,2.2961856372094007,1.02273908736e11,1.09790101504e11,6.845965770171149,95971.12346513216,421117.2368321825,false,1.147617;1.144812;1.14317;1.132273,,NVIDIA H100 80GB HBM3,1.12.6
workspace_tuning__20260803T201151.391Z__pid12447,20260803T201151.391Z,workspace_tuning,compressed,dense_compressed__N8192__q8__uniform__r32-64__tf32__q8__w4,dense__N8192__tf32,dense_compressed,8192,8,1024,8,uniform,b32_b16,32,64,,47.625,,51.125,,29,,5,q8,tf32,Float32,tf32,20260802,random,1,4,1,one_or_more_tile_stripes,4,dense,compressed_tlr,268435456,26804224,295239680,53608448,536870912,0.6497802734375,2.077166,2.077166,1.117296,1.111582,2.6109394999999997,2.599909,2.336837776202546,2.338926862795547,1.02273908736e11,1.09790101504e11,6.845965770171149,98264.1139894889,421117.2368321825,false,1.127546;1.111582;1.113565;1.121027,,NVIDIA H100 80GB HBM3,1.12.6
workspace_tuning__20260803T201151.391Z__pid12447,20260803T201151.391Z,workspace_tuning,compressed,dense_compressed__N8192__q8__uniform__r32-64__tf32__q8__w8,dense__N8192__tf32,dense_compressed,8192,8,1024,8,uniform,b32_b16,32,64,,47.625,,51.125,,29,,5,q8,tf32,Float32,tf32,20260802,random,1,4,1,one_or_more_tile_stripes,8,dense,compressed_tlr,268435456,26804224,295239680,107216896,536870912,0.7496337890625,1.053606,1.053606,1.1504005,1.135958,2.6109394999999997,2.599909,2.2695917639117855,2.2887369075265105,1.02273908736e11,1.09790101504e11,6.845965770171149,95436.41671226673,421117.2368321825,false,1.160385;1.135958;1.161097;1.140416,,NVIDIA H100 80GB HBM3,1.12.6
workspace_tuning__20260803T201151.391Z__pid12447,20260803T201151.391Z,workspace_tuning,compressed,compressed_compressed__N8192__q8__uniform__r32-64__tf32__q8__w1,dense__N8192__tf32,compressed_compressed,8192,8,1024,8,uniform,b32_b16,32,64,47.625,48.109375,51.125,51.875,29,30,5,5,q8,tf32,Float32,tf32,20260802,random,1,4,1,tlr_tlr_runs,1,compressed_tlr,compressed_tlr,26804224,27197440,54001664,112649216,536870912,0.3104114532470703,9.877783,9.877783,0.5356405,0.527379,2.6109394999999997,2.599909,4.874425104151012,4.929868273101507,5.594140672e10,6.0457746432e10,7.470241579513329,112870.0059685554,421117.2368321825,false,0.543853;0.586948;0.527379;0.527428,,NVIDIA H100 80GB HBM3,1.12.6
workspace_tuning__20260803T201151.391Z__pid12447,20260803T201151.391Z,workspace_tuning,compressed,compressed_compressed__N8192__q8__uniform__r32-64__tf32__q8__w2,dense__N8192__tf32,compressed_compressed,8192,8,1024,8,uniform,b32_b16,32,64,47.625,48.109375,51.125,51.875,29,30,5,5,q8,tf32,Float32,tf32,20260802,random,1,4,1,tlr_tlr_runs,2,compressed_tlr,compressed_tlr,26804224,27197440,54001664,57239296,536870912,0.20720243453979492,7.169853,7.169853,0.5666975000000001,0.563803,2.6109394999999997,2.599909,4.607289603359816,4.611378442470153,5.5027048448e10,5.95853312e10,7.650008249010119,105144.86335302342,421117.2368321825,false,0.565165;0.563803;0.572767;0.56823,,NVIDIA H100 80GB HBM3,1.12.6
workspace_tuning__20260803T201151.391Z__pid12447,20260803T201151.391Z,workspace_tuning,compressed,compressed_compressed__N8192__q8__uniform__r32-64__tf32__q8__w4,dense__N8192__tf32,compressed_compressed,8192,8,1024,8,uniform,b32_b16,32,64,47.625,48.109375,51.125,51.875,29,30,5,5,q8,tf32,Float32,tf32,20260802,random,1,4,1,tlr_tlr_runs,4,compressed_tlr,compressed_tlr,26804224,27197440,54001664,28752128,536870912,0.15414094924926758,8.138982,8.138982,0.6571324999999999,0.649371,2.6109394999999997,2.599909,3.973231425930083,4.003734382964438,5.4024609792e10,5.8679361536e10,7.932519410839692,89296.08798225626,421117.2368321825,false,0.654488;0.659777;0.660919;0.649371,,NVIDIA H100 80GB HBM3,1.12.6
workspace_tuning__20260803T201151.391Z__pid12447,20260803T201151.391Z,workspace_tuning,compressed,compressed_compressed__N8192__q8__uniform__r32-64__tf32__q8__w8,dense__N8192__tf32,compressed_compressed,8192,8,1024,8,uniform,b32_b16,32,64,47.625,48.109375,51.125,51.875,29,30,5,5,q8,tf32,Float32,tf32,20260802,random,1,4,1,tlr_tlr_runs,8,compressed_tlr,compressed_tlr,26804224,27197440,54001664,14382592,536870912,0.12737560272216797,10.45055,10.45055,0.835805,0.81519,2.6109394999999997,2.599909,3.123862025233158,3.189328868116635,5.4139953152e10,5.866258432e10,7.709566873715256,70186.92675923211,421117.2368321825,false,0.834789;0.836821;0.844874;0.81519,,NVIDIA H100 80GB HBM3,1.12.6
workspace_tuning__20260803T201151.391Z__pid12447,20260803T201151.391Z,workspace_tuning,compressed,compressed_compressed__N8192__q8__uniform__r32-64__tf32__q8__w16,dense__N8192__tf32,compressed_compressed,8192,8,1024,8,uniform,b32_b16,32,64,47.625,48.109375,51.125,51.875,29,30,5,5,q8,tf32,Float32,tf32,20260802,random,1,4,1,tlr_tlr_runs,16,compressed_tlr,compressed_tlr,26804224,27197440,54001664,7484416,536870912,0.11452674865722656,15.526881,15.526881,1.1590885,1.151522,2.6109394999999997,2.599909,2.2525799367347705,2.2578022825443194,5.3840060416e10,5.849481216e10,7.957546271399122,50466.21734233409,421117.2368321825,false,1.161868;1.156309;1.151522;1.174106,,NVIDIA H100 80GB HBM3,1.12.6
workspace_tuning__20260803T201151.391Z__pid12447,20260803T201151.391Z,workspace_tuning,compressed,compressed_compressed__N8192__q8__uniform__r32-64__tf32__q8__w32,dense__N8192__tf32,compressed_compressed,8192,8,1024,8,uniform,b32_b16,32,64,47.625,48.109375,51.125,51.875,29,30,5,5,q8,tf32,Float32,tf32,20260802,random,1,4,1,tlr_tlr_runs,32,compressed_tlr,compressed_tlr,26804224,27197440,54001664,3915776,536870912,0.107879638671875,25.444554,25.444554,2.1772315,2.17304,2.6109394999999997,2.599909,1.1992016007484734,1.196438629753709,5.3766660096e10,5.8394148864e10,7.924576105694123,26820.367454724037,421117.2368321825,false,2.173211;2.17304;2.18596;2.181252,,NVIDIA H100 80GB HBM3,1.12.6
workspace_tuning__20260803T201151.391Z__pid12447,20260803T201151.391Z,workspace_tuning,compressed,compressed_compressed__N8192__q8__uniform__r32-64__tf32__q8__w64,dense__N8192__tf32,compressed_compressed,8192,8,1024,8,uniform,b32_b16,32,64,47.625,48.109375,51.125,51.875,29,30,5,5,q8,tf32,Float32,tf32,20260802,random,1,4,1,tlr_tlr_runs,64,compressed_tlr,compressed_tlr,26804224,27197440,54001664,2009856,536870912,0.10432958602905273,42.363447,42.363447,3.598627,3.596459,2.6109394999999997,2.599909,0.725537684233459,0.7229080047902673,5.3433212928e10,5.8209599488e10,8.20549634770234,16175.502347978827,421117.2368321825,false,3.600565;3.596689;3.611782;3.596459,,NVIDIA H100 80GB HBM3,1.12.6
workspace_tuning__20260803T201151.391Z__pid12447,20260803T201151.391Z,workspace_tuning,baseline,dense__N16384__bf16,dense__N16384__bf16,dense_dense,16384,,,,,,,,,,,,,,,,,bf16,Core.BFloat16,fp32_accumulate,20260802,random,1,4,0,none,0,dense,dense,536870912,536870912,1073741824,0,1073741824,1.0,,,10.514670500000001,10.418462,10.514670500000001,10.418462,1.0,1.0,8.796093022208e12,8.796093022208e12,0.0,836554.3192445259,836554.3192445259,false,10.469067;10.418462;10.560274;11.325578,10.469067;10.418462;10.560274;11.325578,NVIDIA H100 80GB HBM3,1.12.6
workspace_tuning__20260803T201151.391Z__pid12447,20260803T201151.391Z,workspace_tuning,compressed,compressed_dense__N16384__q16__uniform__r32-64__bf16__q8__w1,dense__N16384__bf16,compressed_dense,16384,16,1024,16,uniform,b32_b16,32,64,47.20703125,,50.75,,33,,5,,q8,bf16,Core.BFloat16,fp32_accumulate,20260802,random,1,4,1,one_or_more_tile_stripes,1,compressed_tlr,dense,53215232,536870912,590086144,26607616,1073741824,0.5743408203125,54.833416,54.833416,5.49985,5.494718,10.514670500000001,10.418462,1.911810413011264,1.8960867509488204,8.1101062144e11,8.71878361088e11,6.98121921182266,158527.6618613235,836554.3192445259,false,5.497492;5.504181;5.494718;5.502208,,NVIDIA H100 80GB HBM3,1.12.6
workspace_tuning__20260803T201151.391Z__pid12447,20260803T201151.391Z,workspace_tuning,compressed,compressed_dense__N16384__q16__uniform__r32-64__bf16__q8__w2,dense__N16384__bf16,compressed_dense,16384,16,1024,16,uniform,b32_b16,32,64,47.20703125,,50.75,,33,,5,,q8,bf16,Core.BFloat16,fp32_accumulate,20260802,random,1,4,1,one_or_more_tile_stripes,2,compressed_tlr,dense,53215232,536870912,590086144,53215232,1073741824,0.59912109375,27.469262,27.469262,5.557501,5.530281,10.514670500000001,10.418462,1.8919781570889507,1.8838937840590742,8.1101062144e11,8.71878361088e11,6.98121921182266,156883.16764819296,836554.3192445259,false,5.571363;5.530281;5.560305;5.554697,,NVIDIA H100 80GB HBM3,1.12.6
workspace_tuning__20260803T201151.391Z__pid12447,20260803T201151.391Z,workspace_tuning,compressed,compressed_dense__N16384__q16__uniform__r32-64__bf16__q8__w4,dense__N16384__bf16,compressed_dense,16384,16,1024,16,uniform,b32_b16,32,64,47.20703125,,50.75,,33,,5,,q8,bf16,Core.BFloat16,fp32_accumulate,20260802,random,1,4,1,one_or_more_tile_stripes,4,compressed_tlr,dense,53215232,536870912,590086144,106430464,1073741824,0.648681640625,13.94097,13.94097,5.7249925,5.713024,10.514670500000001,10.418462,1.8366260741826301,1.823633508278628,8.1101062144e11,8.71878361088e11,6.98121921182266,152293.36301977688,836554.3192445259,false,5.735979;5.729079;5.720906;5.713024,,NVIDIA H100 80GB HBM3,1.12.6
workspace_tuning__20260803T201151.391Z__pid12447,20260803T201151.391Z,workspace_tuning,compressed,compressed_dense__N16384__q16__uniform__r32-64__bf16__q8__w8,dense__N16384__bf16,compressed_dense,16384,16,1024,16,uniform,b32_b16,32,64,47.20703125,,50.75,,33,,5,,q8,bf16,Core.BFloat16,fp32_accumulate,20260802,random,1,4,1,one_or_more_tile_stripes,8,compressed_tlr,dense,53215232,536870912,590086144,212860928,1073741824,0.747802734375,6.824376,6.824376,5.8376304999999995,5.836339,10.514670500000001,10.418462,1.8011880847888544,1.7851022704472788,8.1101062144e11,8.71878361088e11,6.98121921182266,149354.83859213087,836554.3192445259,false,5.836339;5.838522;5.858361;5.836739,,NVIDIA H100 80GB HBM3,1.12.6
workspace_tuning__20260803T201151.391Z__pid12447,20260803T201151.391Z,workspace_tuning,compressed,compressed_dense__N16384__q16__uniform__r32-64__bf16__q8__w16,dense__N16384__bf16,compressed_dense,16384,16,1024,16,uniform,b32_b16,32,64,47.20703125,,50.75,,33,,5,,q8,bf16,Core.BFloat16,fp32_accumulate,20260802,random,1,4,1,one_or_more_tile_stripes,16,compressed_tlr,dense,53215232,536870912,590086144,425721856,1073741824,0.946044921875,3.537841,3.537841,5.8704944999999995,5.852163,10.514670500000001,10.418462,1.791104735725415,1.7802754297855339,8.1101062144e11,8.71878361088e11,6.98121921182266,148518.7254818142,836554.3192445259,false,5.892152;5.876969;5.852163;5.86402,,NVIDIA H100 80GB HBM3,1.12.6
workspace_tuning__20260803T201151.391Z__pid12447,20260803T201151.391Z,workspace_tuning,compressed,dense_compressed__N16384__q16__uniform__r32-64__bf16__q8__w1,dense__N16384__bf16,dense_compressed,16384,16,1024,16,uniform,b32_b16,32,64,,47.20703125,,50.75,,33,,5,q8,bf16,Core.BFloat16,fp32_accumulate,20260802,random,1,4,1,one_or_more_tile_stripes,1,dense,compressed_tlr,536870912,53215232,590086144,26607616,1073741824,0.5743408203125,53.220123,53.220123,3.701561,3.681906,10.514670500000001,10.418462,2.840604409869242,2.8296382362830554,8.1101062144e11,8.71878361088e11,6.98121921182266,235543.42643225385,836554.3192445259,false,3.704781;3.709969;3.698341;3.681906,,NVIDIA H100 80GB HBM3,1.12.6
workspace_tuning__20260803T201151.391Z__pid12447,20260803T201151.391Z,workspace_tuning,compressed,dense_compressed__N16384__q16__uniform__r32-64__bf16__q8__w2,dense__N16384__bf16,dense_compressed,16384,16,1024,16,uniform,b32_b16,32,64,,47.20703125,,50.75,,33,,5,q8,bf16,Core.BFloat16,fp32_accumulate,20260802,random,1,4,1,one_or_more_tile_stripes,2,dense,compressed_tlr,536870912,53215232,590086144,53215232,1073741824,0.59912109375,26.241706,26.241706,3.9005330000000002,3.895566,10.514670500000001,10.418462,2.695700946511669,2.674441146678044,8.1101062144e11,8.71878361088e11,6.98121921182266,223528.0052977375,836554.3192445259,false,3.89837;3.922727;3.895566;3.902696,,NVIDIA H100 80GB HBM3,1.12.6
workspace_tuning__20260803T201151.391Z__pid12447,20260803T201151.391Z,workspace_tuning,compressed,dense_compressed__N16384__q16__uniform__r32-64__bf16__q8__w4,dense__N16384__bf16,dense_compressed,16384,16,1024,16,uniform,b32_b16,32,64,,47.20703125,,50.75,,33,,5,q8,bf16,Core.BFloat16,fp32_accumulate,20260802,random,1,4,1,one_or_more_tile_stripes,4,dense,compressed_tlr,536870912,53215232,590086144,106430464,1073741824,0.648681640625,13.129135,13.129135,4.200136499999999,4.17933,10.514670500000001,10.418462,2.503411615312979,2.4928545963108917,8.1101062144e11,8.71878361088e11,6.98121921182266,207583.33951479915,836554.3192445259,false,4.205099;4.17933;4.209135;4.195174,,NVIDIA H100 80GB HBM3,1.12.6
workspace_tuning__20260803T201151.391Z__pid12447,20260803T201151.391Z,workspace_tuning,compressed,dense_compressed__N16384__q16__uniform__r32-64__bf16__q8__w8,dense__N16384__bf16,dense_compressed,16384,16,1024,16,uniform,b32_b16,32,64,,47.20703125,,50.75,,33,,5,q8,bf16,Core.BFloat16,fp32_accumulate,20260802,random,1,4,1,one_or_more_tile_stripes,8,dense,compressed_tlr,536870912,53215232,590086144,212860928,1073741824,0.747802734375,6.610356,6.610356,4.4307965,4.400772,10.514670500000001,10.418462,2.3730881118101457,2.367416898671415,8.1101062144e11,8.71878361088e11,6.98121921182266,196776.8912627786,836554.3192445259,false,4.430125;4.431468;4.432419;4.400772,,NVIDIA H100 80GB HBM3,1.12.6
workspace_tuning__20260803T201151.391Z__pid12447,20260803T201151.391Z,workspace_tuning,compressed,dense_compressed__N16384__q16__uniform__r32-64__bf16__q8__w16,dense__N16384__bf16,dense_compressed,16384,16,1024,16,uniform,b32_b16,32,64,,47.20703125,,50.75,,33,,5,q8,bf16,Core.BFloat16,fp32_accumulate,20260802,random,1,4,1,one_or_more_tile_stripes,16,dense,compressed_tlr,536870912,53215232,590086144,425721856,1073741824,0.946044921875,3.207908,3.207908,4.5425439999999995,4.536094,10.514670500000001,10.418462,2.3147096648926246,2.296791468607132,8.1101062144e11,8.71878361088e11,6.98121921182266,191936.13998851748,836554.3192445259,false,4.562093;4.536445;4.536094;4.548643,,NVIDIA H100 80GB HBM3,1.12.6
workspace_tuning__20260803T201151.391Z__pid12447,20260803T201151.391Z,workspace_tuning,compressed,compressed_compressed__N16384__q16__uniform__r32-64__bf16__q8__w1,dense__N16384__bf16,compressed_compressed,16384,16,1024,16,uniform,b32_b16,32,64,47.20703125,47.38671875,50.75,50.75,33,33,5,5,q8,bf16,Core.BFloat16,fp32_accumulate,20260802,random,1,4,1,tlr_tlr_runs,1,compressed_tlr,compressed_tlr,53215232,53215232,106430464,446818560,1073741824,0.5152533054351807,43.026918,43.026918,2.5989815,2.590414,10.514670500000001,10.418462,4.04568885927045,4.021929313229468,4.43034263552e11,4.79145230336e11,7.536538923423537,184358.84608489904,836554.3192445259,false,2.608871;2.598626;2.599337;2.590414,,NVIDIA H100 80GB HBM3,1.12.6
workspace_tuning__20260803T201151.391Z__pid12447,20260803T201151.391Z,workspace_tuning,compressed,compressed_compressed__N16384__q16__uniform__r32-64__bf16__q8__w2,dense__N16384__bf16,compressed_compressed,16384,16,1024,16,uniform,b32_b16,32,64,47.20703125,47.38671875,50.75,50.75,33,33,5,5,q8,bf16,Core.BFloat16,fp32_accumulate,20260802,random,1,4,1,tlr_tlr_runs,2,compressed_tlr,compressed_tlr,53215232,53215232,106430464,223462784,1073741824,0.30723702907562256,43.807215,43.807215,2.3660335000000003,2.362974,10.514670500000001,10.418462,4.444007449598663,4.4090463966171445,4.42614833152e11,4.78071488512e11,7.416601117619255,202056.09451937172,836554.3192445259,false,2.362974;2.367922;2.375803;2.364145,,NVIDIA H100 80GB HBM3,1.12.6
workspace_tuning__20260803T201151.391Z__pid12447,20260803T201151.391Z,workspace_tuning,compressed,compressed_compressed__N16384__q16__uniform__r32-64__bf16__q8__w4,dense__N16384__bf16,compressed_compressed,16384,16,1024,16,uniform,b32_b16,32,64,47.20703125,47.38671875,50.75,50.75,33,33,5,5,q8,bf16,Core.BFloat16,fp32_accumulate,20260802,random,1,4,1,tlr_tlr_runs,4,compressed_tlr,compressed_tlr,53215232,53215232,106430464,111868032,1073741824,0.20330631732940674,46.739171,46.739171,2.554711,2.546178,10.514670500000001,10.418462,4.115796463866167,4.091804265059238,4.39804649472e11,4.75655569408e11,7.5371597100439685,186187.62333899998,836554.3192445259,false,2.546178;2.562963;2.552878;2.556544,,NVIDIA H100 80GB HBM3,1.12.6
workspace_tuning__20260803T201151.391Z__pid12447,20260803T201151.391Z,workspace_tuning,compressed,compressed_compressed__N16384__q16__uniform__r32-64__bf16__q8__w8,dense__N16384__bf16,compressed_compressed,16384,16,1024,16,uniform,b32_b16,32,64,47.20703125,47.38671875,50.75,50.75,33,33,5,5,q8,bf16,Core.BFloat16,fp32_accumulate,20260802,random,1,4,1,tlr_tlr_runs,8,compressed_tlr,compressed_tlr,53215232,53215232,106430464,55983104,1073741824,0.1512594223022461,50.957149,50.957149,2.5110555,2.495553,10.514670500000001,10.418462,4.187350896863889,4.174810953724485,4.36843470848e11,4.72971214848e11,7.638465696397712,188355.54006990287,836554.3192445259,false,2.514801;2.514841;2.495553;2.50731,,NVIDIA H100 80GB HBM3,1.12.6
workspace_tuning__20260803T201151.391Z__pid12447,20260803T201151.391Z,workspace_tuning,compressed,compressed_compressed__N16384__q16__uniform__r32-64__bf16__q8__w16,dense__N16384__bf16,compressed_compressed,16384,16,1024,16,uniform,b32_b16,32,64,47.20703125,47.38671875,50.75,50.75,33,33,5,5,q8,bf16,Core.BFloat16,fp32_accumulate,20260802,random,1,4,1,tlr_tlr_runs,16,compressed_tlr,compressed_tlr,53215232,53215232,106430464,28035200,1073741824,0.12523090839385986,56.995299,56.995299,2.7714095,2.75524,10.514670500000001,10.418462,3.7939793812498666,3.7813264906142474,4.338571264e11,4.69213118464e11,7.535167000389965,169304.86760040332,836554.3192445259,false,2.789172;2.75524;2.767949;2.77487,,NVIDIA H100 80GB HBM3,1.12.6
workspace_tuning__20260803T201151.391Z__pid12447,20260803T201151.391Z,workspace_tuning,compressed,compressed_compressed__N16384__q16__uniform__r32-64__bf16__q8__w32,dense__N16384__bf16,compressed_compressed,16384,16,1024,16,uniform,b32_b16,32,64,47.20703125,47.38671875,50.75,50.75,33,33,5,5,q8,bf16,Core.BFloat16,fp32_accumulate,20260802,random,1,4,1,tlr_tlr_runs,32,compressed_tlr,compressed_tlr,53215232,53215232,106430464,14362752,1073741824,0.11249744892120361,244.242005,244.242005,3.230426,3.225454,10.514670500000001,10.418462,3.2548866620068067,3.230076138118851,4.33183940608e11,4.68676247552e11,7.57288365463029,145081.87079722612,836554.3192445259,false,3.241027;3.225454;3.228338;3.232514,,NVIDIA H100 80GB HBM3,1.12.6
workspace_tuning__20260803T201151.391Z__pid12447,20260803T201151.391Z,workspace_tuning,compressed,compressed_compressed__N16384__q16__uniform__r32-64__bf16__q8__w64,dense__N16384__bf16,compressed_compressed,16384,16,1024,16,uniform,b32_b16,32,64,47.20703125,47.38671875,50.75,50.75,33,33,5,5,q8,bf16,Core.BFloat16,fp32_accumulate,20260802,random,1,4,1,tlr_tlr_runs,64,compressed_tlr,compressed_tlr,53215232,53215232,106430464,7198592,1073741824,0.10582530498504639,90.19498,90.19498,3.8207685,3.815446,10.514670500000001,10.418462,2.7519779070624146,2.730601350405693,4.33328644096e11,4.68441366528e11,7.495649389858318,122603.96475944565,836554.3192445259,false,3.828115;3.819732;3.815446;3.821805,,NVIDIA H100 80GB HBM3,1.12.6
workspace_tuning__20260803T201151.391Z__pid12447,20260803T201151.391Z,workspace_tuning,compressed,compressed_dense__N16384__q8__uniform__r64-128__bf16__q8__w1,dense__N16384__bf16,compressed_dense,16384,8,2048,8,uniform,b32_b16,64,128,95.140625,,98.875,,42,,9,,q8,bf16,Core.BFloat16,fp32_accumulate,20260802,random,1,4,1,one_or_more_tile_stripes,1,compressed_tlr,dense,51838976,536870912,588709888,25919488,1073741824,0.572418212890625,9.025488,9.025488,3.5974304999999998,3.588416,10.514670500000001,10.418462,2.9228279740220144,2.9033595881859853,8.17251745792e11,8.49329782784e11,3.776864728192162,236093.45136313268,836554.3192445259,false,3.608427;3.588416;3.603499;3.591362,,NVIDIA H100 80GB HBM3,1.12.6
workspace_tuning__20260803T201151.391Z__pid12447,20260803T201151.391Z,workspace_tuning,compressed,compressed_dense__N16384__q8__uniform__r64-128__bf16__q8__w2,dense__N16384__bf16,compressed_dense,16384,8,2048,8,uniform,b32_b16,64,128,95.140625,,98.875,,42,,9,,q8,bf16,Core.BFloat16,fp32_accumulate,20260802,random,1,4,1,one_or_more_tile_stripes,2,compressed_tlr,dense,51838976,536870912,588709888,51838976,1073741824,0.5965576171875,4.428303,4.428303,3.6035684999999997,3.599383,10.514670500000001,10.418462,2.9178494872513183,2.8945133096422357,8.17251745792e11,8.49329782784e11,3.776864728192162,235691.3106505399,836554.3192445259,false,3.601225;3.599383;3.605912;3.609558,,NVIDIA H100 80GB HBM3,1.12.6
workspace_tuning__20260803T201151.391Z__pid12447,20260803T201151.391Z,workspace_tuning,compressed,compressed_dense__N16384__q8__uniform__r64-128__bf16__q8__w4,dense__N16384__bf16,compressed_dense,16384,8,2048,8,uniform,b32_b16,64,128,95.140625,,98.875,,42,,9,,q8,bf16,Core.BFloat16,fp32_accumulate,20260802,random,1,4,1,one_or_more_tile_stripes,4,compressed_tlr,dense,51838976,536870912,588709888,103677952,1073741824,0.64483642578125,2.014843,2.014843,3.548617,3.54332,10.514670500000001,10.418462,2.963033345103177,2.9403107819784835,8.17251745792e11,8.49329782784e11,3.776864728192162,239341.06802283818,836554.3192445259,false,3.554856;3.54332;3.551411;3.545823,,NVIDIA H100 80GB HBM3,1.12.6
workspace_tuning__20260803T201151.391Z__pid12447,20260803T201151.391Z,workspace_tuning,compressed,compressed_dense__N16384__q8__uniform__r64-128__bf16__q8__w8,dense__N16384__bf16,compressed_dense,16384,8,2048,8,uniform,b32_b16,64,128,95.140625,,98.875,,42,,9,,q8,bf16,Core.BFloat16,fp32_accumulate,20260802,random,1,4,1,one_or_more_tile_stripes,8,compressed_tlr,dense,51838976,536870912,588709888,207355904,1073741824,0.74139404296875,1.149239,1.149239,3.5256480000000003,3.514085,10.514670500000001,10.418462,2.982337005849705,2.9647723376070867,8.17251745792e11,8.49329782784e11,3.776864728192162,240900.33457225448,836554.3192445259,false,3.536089;3.526374;3.524922;3.514085,,NVIDIA H100 80GB HBM3,1.12.6
workspace_tuning__20260803T201151.391Z__pid12447,20260803T201151.391Z,workspace_tuning,compressed,dense_compressed__N16384__q8__uniform__r64-128__bf16__q8__w1,dense__N16384__bf16,dense_compressed,16384,8,2048,8,uniform,b32_b16,64,128,,95.140625,,98.875,,42,,9,q8,bf16,Core.BFloat16,fp32_accumulate,20260802,random,1,4,1,one_or_more_tile_stripes,1,dense,compressed_tlr,536870912,51838976,588709888,25919488,1073741824,0.572418212890625,8.394084,8.394084,3.227897,3.221728,10.514670500000001,10.418462,3.2574368079278866,3.233811792926032,8.17251745792e11,8.49329782784e11,3.776864728192162,263121.71137554885,836554.3192445259,false,3.244132;3.23009;3.225704;3.221728,,NVIDIA H100 80GB HBM3,1.12.6
workspace_tuning__20260803T201151.391Z__pid12447,20260803T201151.391Z,workspace_tuning,compressed,dense_compressed__N16384__q8__uniform__r64-128__bf16__q8__w2,dense__N16384__bf16,dense_compressed,16384,8,2048,8,uniform,b32_b16,64,128,,95.140625,,98.875,,42,,9,q8,bf16,Core.BFloat16,fp32_accumulate,20260802,random,1,4,1,one_or_more_tile_stripes,2,dense,compressed_tlr,536870912,51838976,588709888,51838976,1073741824,0.5965576171875,4.369945,4.369945,3.1892095,3.187247,10.514670500000001,10.418462,3.2969519562763128,3.268796550753675,8.17251745792e11,8.49329782784e11,3.776864728192162,266313.57481658075,836554.3192445259,false,3.190051;3.187247;3.188368;3.19628,,NVIDIA H100 80GB HBM3,1.12.6
workspace_tuning__20260803T201151.391Z__pid12447,20260803T201151.391Z,workspace_tuning,compressed,dense_compressed__N16384__q8__uniform__r64-128__bf16__q8__w4,dense__N16384__bf16,dense_compressed,16384,8,2048,8,uniform,b32_b16,64,128,,95.140625,,98.875,,42,,9,q8,bf16,Core.BFloat16,fp32_accumulate,20260802,random,1,4,1,one_or_more_tile_stripes,4,dense,compressed_tlr,536870912,51838976,588709888,103677952,1073741824,0.64483642578125,5.902797,5.902797,3.4325885,3.407927,10.514670500000001,10.418462,3.063189922124368,3.057125930220923,8.17251745792e11,8.49329782784e11,3.776864728192162,247431.2848114477,836554.3192445259,false,3.407927;3.426895;3.438282;3.442268,,NVIDIA H100 80GB HBM3,1.12.6
workspace_tuning__20260803T201151.391Z__pid12447,20260803T201151.391Z,workspace_tuning,compressed,dense_compressed__N16384__q8__uniform__r64-128__bf16__q8__w8,dense__N16384__bf16,dense_compressed,16384,8,2048,8,uniform,b32_b16,64,128,,95.140625,,98.875,,42,,9,q8,bf16,Core.BFloat16,fp32_accumulate,20260802,random,1,4,1,one_or_more_tile_stripes,8,dense,compressed_tlr,536870912,51838976,588709888,207355904,1073741824,0.74139404296875,1.120857,1.120857,3.761125,3.755627,10.514670500000001,10.418462,2.795618465219848,2.774093912947159,8.17251745792e11,8.49329782784e11,3.776864728192162,225818.01529701884,836554.3192445259,false,3.762007;3.761525;3.760725;3.755627,,NVIDIA H100 80GB HBM3,1.12.6
workspace_tuning__20260803T201151.391Z__pid12447,20260803T201151.391Z,workspace_tuning,compressed,compressed_compressed__N16384__q8__uniform__r64-128__bf16__q8__w1,dense__N16384__bf16,compressed_compressed,16384,8,2048,8,uniform,b32_b16,64,128,95.140625,96.171875,98.875,99.875,42,46,9,9,q8,bf16,Core.BFloat16,fp32_accumulate,20260802,random,1,4,1,tlr_tlr_runs,1,compressed_tlr,compressed_tlr,51838976,52363264,104202240,217466368,1073741824,0.2995772361755371,6.530026,6.530026,1.925635,1.921003,10.514670500000001,10.418462,5.4603652821017485,5.423449104452206,4.46995185664e11,4.66077351936e11,4.094205863626751,242038.26370833517,836554.3192445259,false,1.933131;1.921003;1.923507;1.927763,,NVIDIA H100 80GB HBM3,1.12.6
workspace_tuning__20260803T201151.391Z__pid12447,20260803T201151.391Z,workspace_tuning,compressed,compressed_compressed__N16384__q8__uniform__r64-128__bf16__q8__w2,dense__N16384__bf16,compressed_compressed,16384,8,2048,8,uniform,b32_b16,64,128,95.140625,96.171875,98.875,99.875,42,46,9,9,q8,bf16,Core.BFloat16,fp32_accumulate,20260802,random,1,4,1,tlr_tlr_runs,2,compressed_tlr,compressed_tlr,51838976,52363264,104202240,110011008,1073741824,0.199501633644104,7.177174,7.177174,1.892325,1.870357,10.514670500000001,10.418462,5.556482369571824,5.570306631300869,4.39915200512e11,4.58829594624e11,4.122313454409997,242468.7062867108,836554.3192445259,false,1.901724;1.890578;1.894072;1.870357,,NVIDIA H100 80GB HBM3,1.12.6
workspace_tuning__20260803T201151.391Z__pid12447,20260803T201151.391Z,workspace_tuning,compressed,compressed_compressed__N16384__q8__uniform__r64-128__bf16__q8__w4,dense__N16384__bf16,compressed_compressed,16384,8,2048,8,uniform,b32_b16,64,128,95.140625,96.171875,98.875,99.875,42,46,9,9,q8,bf16,Core.BFloat16,fp32_accumulate,20260802,random,1,4,1,tlr_tlr_runs,4,compressed_tlr,compressed_tlr,51838976,52363264,104202240,55280256,1073741824,0.14852964878082275,8.116458,8.116458,1.942565,1.939711,10.514670500000001,10.418462,5.412776663843939,5.371141371059916,4.32013131776e11,4.50910748672e11,4.190988338968704,232121.31829411114,836554.3192445259,false,1.943286;1.941844;1.949085;1.939711,,NVIDIA H100 80GB HBM3,1.12.6
workspace_tuning__20260803T201151.391Z__pid12447,20260803T201151.391Z,workspace_tuning,compressed,compressed_compressed__N16384__q8__uniform__r64-128__bf16__q8__w8,dense__N16384__bf16,compressed_compressed,16384,8,2048,8,uniform,b32_b16,64,128,95.140625,96.171875,98.875,99.875,42,46,9,9,q8,bf16,Core.BFloat16,fp32_accumulate,20260802,random,1,4,1,tlr_tlr_runs,8,compressed_tlr,compressed_tlr,51838976,52363264,104202240,27676416,1073741824,0.12282156944274902,10.608556,10.608556,2.1210875,2.118889,10.514670500000001,10.418462,4.95720732878771,4.916945625750099,4.3270938624e11,4.50843639808e11,4.022293311207141,212553.06054464987,836554.3192445259,false,2.11919;2.122985;2.118889;2.124777,,NVIDIA H100 80GB HBM3,1.12.6
workspace_tuning__20260803T201151.391Z__pid12447,20260803T201151.391Z,workspace_tuning,compressed,compressed_compressed__N16384__q8__uniform__r64-128__bf16__q8__w16,dense__N16384__bf16,compressed_compressed,16384,8,2048,8,uniform,b32_b16,64,128,95.140625,96.171875,98.875,99.875,42,46,9,9,q8,bf16,Core.BFloat16,fp32_accumulate,20260802,random,1,4,1,tlr_tlr_runs,16,compressed_tlr,compressed_tlr,51838976,52363264,104202240,14510976,1073741824,0.11056029796600342,15.440431,15.440431,2.4054625,2.389463,10.514670500000001,10.418462,4.371163757489464,4.360168791063097,4.29328777216e11,4.48494829568e11,4.273416567691797,186448.48114156842,836554.3192445259,false,2.415643;2.410215;2.389463;2.40071,,NVIDIA H100 80GB HBM3,1.12.6
workspace_tuning__20260803T201151.391Z__pid12447,20260803T201151.391Z,workspace_tuning,compressed,compressed_compressed__N16384__q8__uniform__r64-128__bf16__q8__w32,dense__N16384__bf16,compressed_compressed,16384,8,2048,8,uniform,b32_b16,64,128,95.140625,96.171875,98.875,99.875,42,46,9,9,q8,bf16,Core.BFloat16,fp32_accumulate,20260802,random,1,4,1,tlr_tlr_runs,32,compressed_tlr,compressed_tlr,51838976,52363264,104202240,7550848,1073741824,0.10407817363739014,25.076173,25.076173,2.91878,2.91549,10.514670500000001,10.418462,3.6024196753438087,3.5734857605411094,4.2914422784e11,4.48092176384e11,4.228582765471505,153520.3668601265,836554.3192445259,false,2.934128;2.91549;2.91549;2.92207,,NVIDIA H100 80GB HBM3,1.12.6
workspace_tuning__20260803T201151.391Z__pid12447,20260803T201151.391Z,workspace_tuning,compressed,compressed_compressed__N16384__q8__uniform__r64-128__bf16__q8__w64,dense__N16384__bf16,compressed_compressed,16384,8,2048,8,uniform,b32_b16,64,128,95.140625,96.171875,98.875,99.875,42,46,9,9,q8,bf16,Core.BFloat16,fp32_accumulate,20260802,random,1,4,1,tlr_tlr_runs,64,compressed_tlr,compressed_tlr,51838976,52363264,104202240,3948800,1073741824,0.1007235050201416,42.49915,42.49915,3.9638285,3.954253,10.514670500000001,10.418462,2.652655254888046,2.634748459443541,4.2713096192e11,4.4567625728e11,4.161158477048679,112435.80727067278,836554.3192445259,false,3.959432;3.954253;3.968225;3.973593,,NVIDIA H100 80GB HBM3,1.12.6
workspace_tuning__20260803T201151.391Z__pid12447,20260803T201151.391Z,workspace_tuning,baseline,dense__N16384__fp16,dense__N16384__fp16,dense_dense,16384,,,,,,,,,,,,,,,,,fp16,Float16,fp32_accumulate,20260802,random,1,4,0,none,0,dense,dense,536870912,536870912,1073741824,0,1073741824,1.0,,,11.105198,10.74468,11.105198,10.74468,1.0,1.0,8.796093022208e12,8.796093022208e12,0.0,792069.8957558434,792069.8957558434,false,10.74468;10.794063;11.416333;11.598045,10.74468;10.794063;11.416333;11.598045,NVIDIA H100 80GB HBM3,1.12.6
workspace_tuning__20260803T201151.391Z__pid12447,20260803T201151.391Z,workspace_tuning,compressed,compressed_dense__N16384__q16__uniform__r32-64__fp16__q8__w1,dense__N16384__fp16,compressed_dense,16384,16,1024,16,uniform,b32_b16,32,64,47.20703125,,50.75,,33,,5,,q8,fp16,Float16,fp32_accumulate,20260802,random,1,4,1,one_or_more_tile_stripes,1,compressed_tlr,dense,53215232,536870912,590086144,26607616,1073741824,0.5743408203125,54.443913,54.443913,5.4374365000000004,5.426405,11.105198,10.74468,2.0423591153662204,1.9800733634883503,8.1101062144e11,8.71878361088e11,6.98121921182266,160347.3182791192,792069.8957558434,false,5.447898;5.444492;5.426405;5.430381,,NVIDIA H100 80GB HBM3,1.12.6
workspace_tuning__20260803T201151.391Z__pid12447,20260803T201151.391Z,workspace_tuning,compressed,compressed_dense__N16384__q16__uniform__r32-64__fp16__q8__w2,dense__N16384__fp16,compressed_dense,16384,16,1024,16,uniform,b32_b16,32,64,47.20703125,,50.75,,33,,5,,q8,fp16,Float16,fp32_accumulate,20260802,random,1,4,1,one_or_more_tile_stripes,2,compressed_tlr,dense,53215232,536870912,590086144,53215232,1073741824,0.59912109375,27.765265,27.765265,5.46962,5.447517,11.105198,10.74468,2.030341778770737,1.9723995354213673,8.1101062144e11,8.71878361088e11,6.98121921182266,159403.82715581704,792069.8957558434,false,5.484643;5.467747;5.447517;5.471493,,NVIDIA H100 80GB HBM3,1.12.6
workspace_tuning__20260803T201151.391Z__pid12447,20260803T201151.391Z,workspace_tuning,compressed,compressed_dense__N16384__q16__uniform__r32-64__fp16__q8__w4,dense__N16384__fp16,compressed_dense,16384,16,1024,16,uniform,b32_b16,32,64,47.20703125,,50.75,,33,,5,,q8,fp16,Float16,fp32_accumulate,20260802,random,1,4,1,one_or_more_tile_stripes,4,compressed_tlr,dense,53215232,536870912,590086144,106430464,1073741824,0.648681640625,13.583215,13.583215,5.678592999999999,5.675017,11.105198,10.74468,1.955624923286455,1.8933300111700107,8.1101062144e11,8.71878361088e11,6.98121921182266,153537.7444884675,792069.8957558434,false,5.67638;5.688928;5.675017;5.680806,,NVIDIA H100 80GB HBM3,1.12.6
workspace_tuning__20260803T201151.391Z__pid12447,20260803T201151.391Z,workspace_tuning,compressed,compressed_dense__N16384__q16__uniform__r32-64__fp16__q8__w8,dense__N16384__fp16,compressed_dense,16384,16,1024,16,uniform,b32_b16,32,64,47.20703125,,50.75,,33,,5,,q8,fp16,Float16,fp32_accumulate,20260802,random,1,4,1,one_or_more_tile_stripes,8,compressed_tlr,dense,53215232,536870912,590086144,212860928,1073741824,0.747802734375,7.07436,7.07436,5.767791,5.744872,11.105198,10.74468,1.9253814848700308,1.8703079894556398,8.1101062144e11,8.71878361088e11,6.98121921182266,151163.3069034575,792069.8957558434,false,5.78414;5.764201;5.771381;5.744872,,NVIDIA H100 80GB HBM3,1.12.6
workspace_tuning__20260803T201151.391Z__pid12447,20260803T201151.391Z,workspace_tuning,compressed,compressed_dense__N16384__q16__uniform__r32-64__fp16__q8__w16,dense__N16384__fp16,compressed_dense,16384,16,1024,16,uniform,b32_b16,32,64,47.20703125,,50.75,,33,,5,,q8,fp16,Float16,fp32_accumulate,20260802,random,1,4,1,one_or_more_tile_stripes,16,compressed_tlr,dense,53215232,536870912,590086144,425721856,1073741824,0.946044921875,3.411542,3.411542,5.832057000000001,5.808137,11.105198,10.74468,1.9041648598427618,1.8499357022742404,8.1101062144e11,8.71878361088e11,6.98121921182266,149497.5719695469,792069.8957558434,false,5.841426;5.866734;5.808137;5.822688,,NVIDIA H100 80GB HBM3,1.12.6
workspace_tuning__20260803T201151.391Z__pid12447,20260803T201151.391Z,workspace_tuning,compressed,dense_compressed__N16384__q16__uniform__r32-64__fp16__q8__w1,dense__N16384__fp16,dense_compressed,16384,16,1024,16,uniform,b32_b16,32,64,,47.20703125,,50.75,,33,,5,q8,fp16,Float16,fp32_accumulate,20260802,random,1,4,1,one_or_more_tile_stripes,1,dense,compressed_tlr,536870912,53215232,590086144,26607616,1073741824,0.5743408203125,53.526081,53.526081,3.635757,3.621346,11.105198,10.74468,3.054439006787307,2.9670404319277974,8.1101062144e11,8.71878361088e11,6.98121921182266,239806.5550277425,792069.8957558434,false,3.62447;3.621346;3.652212;3.647044,,NVIDIA H100 80GB HBM3,1.12.6
workspace_tuning__20260803T201151.391Z__pid12447,20260803T201151.391Z,workspace_tuning,compressed,dense_compressed__N16384__q16__uniform__r32-64__fp16__q8__w2,dense__N16384__fp16,dense_compressed,16384,16,1024,16,uniform,b32_b16,32,64,,47.20703125,,50.75,,33,,5,q8,fp16,Float16,fp32_accumulate,20260802,random,1,4,1,one_or_more_tile_stripes,2,dense,compressed_tlr,536870912,53215232,590086144,53215232,1073741824,0.59912109375,26.256558,26.256558,3.842607,3.828366,11.105198,10.74468,2.8900165955040418,2.8065968614286096,8.1101062144e11,8.71878361088e11,6.98121921182266,226897.6143248581,792069.8957558434,false,3.852131;3.84495;3.840264;3.828366,,NVIDIA H100 80GB HBM3,1.12.6
workspace_tuning__20260803T201151.391Z__pid12447,20260803T201151.391Z,workspace_tuning,compressed,dense_compressed__N16384__q16__uniform__r32-64__fp16__q8__w4,dense__N16384__fp16,dense_compressed,16384,16,1024,16,uniform,b32_b16,32,64,,47.20703125,,50.75,,33,,5,q8,fp16,Float16,fp32_accumulate,20260802,random,1,4,1,one_or_more_tile_stripes,4,dense,compressed_tlr,536870912,53215232,590086144,106430464,1073741824,0.648681640625,13.229205,13.229205,4.156897,4.152801,11.105198,10.74468,2.6715114663654163,2.58733322400953,8.1101062144e11,8.71878361088e11,6.98121921182266,209742.59431686666,792069.8957558434,false,4.156026;4.152801;4.157768;4.161764,,NVIDIA H100 80GB HBM3,1.12.6
workspace_tuning__20260803T201151.391Z__pid12447,20260803T201151.391Z,workspace_tuning,compressed,dense_compressed__N16384__q16__uniform__r32-64__fp16__q8__w8,dense__N16384__fp16,dense_compressed,16384,16,1024,16,uniform,b32_b16,32,64,,47.20703125,,50.75,,33,,5,q8,fp16,Float16,fp32_accumulate,20260802,random,1,4,1,one_or_more_tile_stripes,8,dense,compressed_tlr,536870912,53215232,590086144,212860928,1073741824,0.747802734375,6.676445,6.676445,4.381933,4.370416,11.105198,10.74468,2.5343148788445644,2.458502806140194,8.1101062144e11,8.71878361088e11,6.98121921182266,198971.175754627,792069.8957558434,false,4.370416;4.403996;4.387321;4.376545,,NVIDIA H100 80GB HBM3,1.12.6
workspace_tuning__20260803T201151.391Z__pid12447,20260803T201151.391Z,workspace_tuning,compressed,dense_compressed__N16384__q16__uniform__r32-64__fp16__q8__w16,dense__N16384__fp16,dense_compressed,16384,16,1024,16,uniform,b32_b16,32,64,,47.20703125,,50.75,,33,,5,q8,fp16,Float16,fp32_accumulate,20260802,random,1,4,1,one_or_more_tile_stripes,16,dense,compressed_tlr,536870912,53215232,590086144,425721856,1073741824,0.946044921875,3.225705,3.225705,4.508973,4.473911,11.105198,10.74468,2.462910733774631,2.4016302514734873,8.1101062144e11,8.71878361088e11,6.98121921182266,193365.1767460129,792069.8957558434,false,4.516084;4.473911;4.507601;4.510345,,NVIDIA H100 80GB HBM3,1.12.6
workspace_tuning__20260803T201151.391Z__pid12447,20260803T201151.391Z,workspace_tuning,compressed,compressed_compressed__N16384__q16__uniform__r32-64__fp16__q8__w1,dense__N16384__fp16,compressed_compressed,16384,16,1024,16,uniform,b32_b16,32,64,47.20703125,47.38671875,50.75,50.75,33,33,5,5,q8,fp16,Float16,fp32_accumulate,20260802,random,1,4,1,tlr_tlr_runs,1,compressed_tlr,compressed_tlr,53215232,53215232,106430464,446818560,1073741824,0.5152533054351807,43.148691,43.148691,2.530785,2.523764,11.105198,10.74468,4.388044816134125,4.25740283164353,4.43034263552e11,4.79145230336e11,7.536538923423537,189326.72286899123,792069.8957558434,false,2.539618;2.523764;2.530084;2.531486,,NVIDIA H100 80GB HBM3,1.12.6
workspace_tuning__20260803T201151.391Z__pid12447,20260803T201151.391Z,workspace_tuning,compressed,compressed_compressed__N16384__q16__uniform__r32-64__fp16__q8__w2,dense__N16384__fp16,compressed_compressed,16384,16,1024,16,uniform,b32_b16,32,64,47.20703125,47.38671875,50.75,50.75,33,33,5,5,q8,fp16,Float16,fp32_accumulate,20260802,random,1,4,1,tlr_tlr_runs,2,compressed_tlr,compressed_tlr,53215232,53215232,106430464,223462784,1073741824,0.30723702907562256,44.020805,44.020805,2.3082525,2.291086,11.105198,10.74468,4.81108457588587,4.68977594031826,4.42614833152e11,4.78071488512e11,7.416601117619255,207114.03475659617,792069.8957558434,false,2.317376;2.291086;2.31335;2.303155,,NVIDIA H100 80GB HBM3,1.12.6
workspace_tuning__20260803T201151.391Z__pid12447,20260803T201151.391Z,workspace_tuning,compressed,compressed_compressed__N16384__q16__uniform__r32-64__fp16__q8__w4,dense__N16384__fp16,compressed_compressed,16384,16,1024,16,uniform,b32_b16,32,64,47.20703125,47.38671875,50.75,50.75,33,33,5,5,q8,fp16,Float16,fp32_accumulate,20260802,random,1,4,1,tlr_tlr_runs,4,compressed_tlr,compressed_tlr,53215232,53215232,106430464,111868032,1073741824,0.20330631732940674,47.241982,47.241982,2.4849110000000003,2.479599,11.105198,10.74468,4.469052613956797,4.333232913870348,4.39804649472e11,4.75655569408e11,7.5371597100439685,191417.54751296923,792069.8957558434,false,2.48796;2.493619;2.481862;2.479599,,NVIDIA H100 80GB HBM3,1.12.6
workspace_tuning__20260803T201151.391Z__pid12447,20260803T201151.391Z,workspace_tuning,compressed,compressed_compressed__N16384__q16__uniform__r32-64__fp16__q8__w8,dense__N16384__fp16,compressed_compressed,16384,16,1024,16,uniform,b32_b16,32,64,47.20703125,47.38671875,50.75,50.75,33,33,5,5,q8,fp16,Float16,fp32_accumulate,20260802,random,1,4,1,tlr_tlr_runs,8,compressed_tlr,compressed_tlr,53215232,53215232,106430464,55983104,1073741824,0.1512594223022461,51.410517,51.410517,2.4437800000000003,2.422573,11.105198,10.74468,4.544270760870454,4.435234768983226,4.36843470848e11,4.72971214848e11,7.638465696397712,193540.83217310882,792069.8957558434,false,2.451186;2.443735;2.443825;2.422573,,NVIDIA H100 80GB HBM3,1.12.6
workspace_tuning__20260803T201151.391Z__pid12447,20260803T201151.391Z,workspace_tuning,compressed,compressed_compressed__N16384__q16__uniform__r32-64__fp16__q8__w16,dense__N16384__fp16,compressed_compressed,16384,16,1024,16,uniform,b32_b16,32,64,47.20703125,47.38671875,50.75,50.75,33,33,5,5,q8,fp16,Float16,fp32_accumulate,20260802,random,1,4,1,tlr_tlr_runs,16,compressed_tlr,compressed_tlr,53215232,53215232,106430464,28035200,1073741824,0.12523090839385986,58.189205,58.189205,2.688486,2.685576,11.105198,10.74468,4.130651228981664,4.0008847264050615,4.338571264e11,4.69213118464e11,7.535167000389965,174526.8967232859,792069.8957558434,false,2.707469;2.685576;2.685647;2.691325,,NVIDIA H100 80GB HBM3,1.12.6
workspace_tuning__20260803T201151.391Z__pid12447,20260803T201151.391Z,workspace_tuning,compressed,compressed_compressed__N16384__q16__uniform__r32-64__fp16__q8__w32,dense__N16384__fp16,compressed_compressed,16384,16,1024,16,uniform,b32_b16,32,64,47.20703125,47.38671875,50.75,50.75,33,33,5,5,q8,fp16,Float16,fp32_accumulate,20260802,random,1,4,1,tlr_tlr_runs,32,compressed_tlr,compressed_tlr,53215232,53215232,106430464,14362752,1073741824,0.11249744892120361,258.205828,258.205828,3.1310824999999998,3.122089,11.105198,10.74468,3.546759946440249,3.441503429274438,4.33183940608e11,4.68676247552e11,7.57288365463029,149685.05223097763,792069.8957558434,false,3.132485;3.122089;3.152805;3.12968,,NVIDIA H100 80GB HBM3,1.12.6
workspace_tuning__20260803T201151.391Z__pid12447,20260803T201151.391Z,workspace_tuning,compressed,compressed_compressed__N16384__q16__uniform__r32-64__fp16__q8__w64,dense__N16384__fp16,compressed_compressed,16384,16,1024,16,uniform,b32_b16,32,64,47.20703125,47.38671875,50.75,50.75,33,33,5,5,q8,fp16,Float16,fp32_accumulate,20260802,random,1,4,1,tlr_tlr_runs,64,compressed_tlr,compressed_tlr,53215232,53215232,106430464,7198592,1073741824,0.10582530498504639,93.847362,93.847362,3.7247105,3.713865,11.105198,10.74468,2.9814929240809454,2.8931261637135437,4.33328644096e11,4.68441366528e11,7.495649389858318,125765.84583634084,792069.8957558434,false,3.725772;3.736117;3.723649;3.713865,,NVIDIA H100 80GB HBM3,1.12.6
workspace_tuning__20260803T201151.391Z__pid12447,20260803T201151.391Z,workspace_tuning,compressed,compressed_dense__N16384__q8__uniform__r64-128__fp16__q8__w1,dense__N16384__fp16,compressed_dense,16384,8,2048,8,uniform,b32_b16,64,128,95.140625,,98.875,,42,,9,,q8,fp16,Float16,fp32_accumulate,20260802,random,1,4,1,one_or_more_tile_stripes,1,compressed_tlr,dense,51838976,536870912,588709888,25919488,1073741824,0.572418212890625,8.411239,8.411239,3.5681965,3.562588,11.105198,10.74468,3.1122719838999897,3.015976026416751,8.17251745792e11,8.49329782784e11,3.776864728192162,238027.74953229172,792069.8957558434,false,3.588928;3.56401;3.562588;3.572383,,NVIDIA H100 80GB HBM3,1.12.6
workspace_tuning__20260803T201151.391Z__pid12447,20260803T201151.391Z,workspace_tuning,compressed,compressed_dense__N16384__q8__uniform__r64-128__fp16__q8__w2,dense__N16384__fp16,compressed_dense,16384,8,2048,8,uniform,b32_b16,64,128,95.140625,,98.875,,42,,9,,q8,fp16,Float16,fp32_accumulate,20260802,random,1,4,1,one_or_more_tile_stripes,2,compressed_tlr,dense,51838976,536870912,588709888,51838976,1073741824,0.5965576171875,4.530555,4.530555,3.5663635,3.559944,11.105198,10.74468,3.113871594973423,3.0182160168811643,8.17251745792e11,8.49329782784e11,3.776864728192162,238150.08839788765,792069.8957558434,false,3.565782;3.559944;3.573545;3.566945,,NVIDIA H100 80GB HBM3,1.12.6
workspace_tuning__20260803T201151.391Z__pid12447,20260803T201151.391Z,workspace_tuning,compressed,compressed_dense__N16384__q8__uniform__r64-128__fp16__q8__w4,dense__N16384__fp16,compressed_dense,16384,8,2048,8,uniform,b32_b16,64,128,95.140625,,98.875,,42,,9,,q8,fp16,Float16,fp32_accumulate,20260802,random,1,4,1,one_or_more_tile_stripes,4,compressed_tlr,dense,51838976,536870912,588709888,103677952,1073741824,0.64483642578125,2.387341,2.387341,3.5125535,3.504381,11.105198,10.74468,3.1615740514699633,3.066070726898702,8.17251745792e11,8.49329782784e11,3.776864728192162,241798.39048259336,792069.8957558434,false,3.504381;3.524371;3.518062;3.507045,,NVIDIA H100 80GB HBM3,1.12.6
workspace_tuning__20260803T201151.391Z__pid12447,20260803T201151.391Z,workspace_tuning,compressed,compressed_dense__N16384__q8__uniform__r64-128__fp16__q8__w8,dense__N16384__fp16,compressed_dense,16384,8,2048,8,uniform,b32_b16,64,128,95.140625,,98.875,,42,,9,,q8,fp16,Float16,fp32_accumulate,20260802,random,1,4,1,one_or_more_tile_stripes,8,compressed_tlr,dense,51838976,536870912,588709888,207355904,1073741824,0.74139404296875,0.996199,0.996199,3.494746,3.482979,11.105198,10.74468,3.1776838717320226,3.0849109340021865,8.17251745792e11,8.49329782784e11,3.776864728192162,243030.47568664505,792069.8957558434,false,3.506534;3.506143;3.482979;3.483349,,NVIDIA H100 80GB HBM3,1.12.6
workspace_tuning__20260803T201151.391Z__pid12447,20260803T201151.391Z,workspace_tuning,compressed,dense_compressed__N16384__q8__uniform__r64-128__fp16__q8__w1,dense__N16384__fp16,dense_compressed,16384,8,2048,8,uniform,b32_b16,64,128,,95.140625,,98.875,,42,,9,q8,fp16,Float16,fp32_accumulate,20260802,random,1,4,1,one_or_more_tile_stripes,1,dense,compressed_tlr,536870912,51838976,588709888,25919488,1073741824,0.572418212890625,8.39869,8.39869,3.158173,3.150311,11.105198,10.74468,3.5163361855097865,3.410672787543833,8.17251745792e11,8.49329782784e11,3.776864728192162,268930.73393509473,792069.8957558434,false,3.167467;3.150311;3.159345;3.157001,,NVIDIA H100 80GB HBM3,1.12.6
workspace_tuning__20260803T201151.391Z__pid12447,20260803T201151.391Z,workspace_tuning,compressed,dense_compressed__N16384__q8__uniform__r64-128__fp16__q8__w2,dense__N16384__fp16,dense_compressed,16384,8,2048,8,uniform,b32_b16,64,128,,95.140625,,98.875,,42,,9,q8,fp16,Float16,fp32_accumulate,20260802,random,1,4,1,one_or_more_tile_stripes,2,dense,compressed_tlr,536870912,51838976,588709888,51838976,1073741824,0.5965576171875,4.485107,4.485107,3.1264855000000003,3.117953,11.105198,10.74468,3.5519748932147612,3.446068622586678,8.17251745792e11,8.49329782784e11,3.776864728192162,271656.3959065218,792069.8957558434,false,3.12939;3.125764;3.117953;3.127207,,NVIDIA H100 80GB HBM3,1.12.6
workspace_tuning__20260803T201151.391Z__pid12447,20260803T201151.391Z,workspace_tuning,compressed,dense_compressed__N16384__q8__uniform__r64-128__fp16__q8__w4,dense__N16384__fp16,dense_compressed,16384,8,2048,8,uniform,b32_b16,64,128,,95.140625,,98.875,,42,,9,q8,fp16,Float16,fp32_accumulate,20260802,random,1,4,1,one_or_more_tile_stripes,4,dense,compressed_tlr,536870912,51838976,588709888,103677952,1073741824,0.64483642578125,15.668302,15.668302,3.3702755,3.356459,11.105198,10.74468,3.2950416071327107,3.201195068970007,8.17251745792e11,8.49329782784e11,3.776864728192162,252006.0400949418,792069.8957558434,false,3.36978;3.356459;3.370771;3.387536,,NVIDIA H100 80GB HBM3,1.12.6
workspace_tuning__20260803T201151.391Z__pid12447,20260803T201151.391Z,workspace_tuning,compressed,dense_compressed__N16384__q8__uniform__r64-128__fp16__q8__w8,dense__N16384__fp16,dense_compressed,16384,8,2048,8,uniform,b32_b16,64,128,,95.140625,,98.875,,42,,9,q8,fp16,Float16,fp32_accumulate,20260802,random,1,4,1,one_or_more_tile_stripes,8,dense,compressed_tlr,536870912,51838976,588709888,207355904,1073741824,0.74139404296875,1.050912,1.050912,3.7015510000000003,3.675457,11.105198,10.74468,3.0001472355777348,2.923358918360356,8.17251745792e11,8.49329782784e11,3.776864728192162,229452.405973604,792069.8957558434,false,3.675457;3.69725;3.705852;3.706363,,NVIDIA H100 80GB HBM3,1.12.6
workspace_tuning__20260803T201151.391Z__pid12447,20260803T201151.391Z,workspace_tuning,compressed,compressed_compressed__N16384__q8__uniform__r64-128__fp16__q8__w1,dense__N16384__fp16,compressed_compressed,16384,8,2048,8,uniform,b32_b16,64,128,95.140625,96.171875,98.875,99.875,42,46,9,9,q8,fp16,Float16,fp32_accumulate,20260802,random,1,4,1,tlr_tlr_runs,1,compressed_tlr,compressed_tlr,51838976,52363264,104202240,217466368,1073741824,0.2995772361755371,6.377608,6.377608,1.885765,1.87902,11.105198,10.74468,5.8889617741341045,5.718236101797746,4.46995185664e11,4.66077351936e11,4.094205863626751,247155.58509994618,792069.8957558434,false,1.907533;1.890958;1.87902;1.880572,,NVIDIA H100 80GB HBM3,1.12.6
workspace_tuning__20260803T201151.391Z__pid12447,20260803T201151.391Z,workspace_tuning,compressed,compressed_compressed__N16384__q8__uniform__r64-128__fp16__q8__w2,dense__N16384__fp16,compressed_compressed,16384,8,2048,8,uniform,b32_b16,64,128,95.140625,96.171875,98.875,99.875,42,46,9,9,q8,fp16,Float16,fp32_accumulate,20260802,random,1,4,1,tlr_tlr_runs,2,compressed_tlr,compressed_tlr,51838976,52363264,104202240,110011008,1073741824,0.199501633644104,7.14768,7.14768,1.8446435,1.824038,11.105198,10.74468,6.0202407673894704,5.890600963357123,4.39915200512e11,4.58829594624e11,4.122313454409997,248736.18920078594,792069.8957558434,false,1.848695;1.840592;1.824038;1.849657,,NVIDIA H100 80GB HBM3,1.12.6
workspace_tuning__20260803T201151.391Z__pid12447,20260803T201151.391Z,workspace_tuning,compressed,compressed_compressed__N16384__q8__uniform__r64-128__fp16__q8__w4,dense__N16384__fp16,compressed_compressed,16384,8,2048,8,uniform,b32_b16,64,128,95.140625,96.171875,98.875,99.875,42,46,9,9,q8,fp16,Float16,fp32_accumulate,20260802,random,1,4,1,tlr_tlr_runs,4,compressed_tlr,compressed_tlr,51838976,52363264,104202240,55280256,1073741824,0.14852964878082275,8.255587,8.255587,1.9061815000000002,1.895104,11.105198,10.74468,5.825886989250498,5.669704670561616,4.32013131776e11,4.50910748672e11,4.190988338968704,236551.84392042411,792069.8957558434,false,1.905801;1.895104;1.908934;1.906562,,NVIDIA H100 80GB HBM3,1.12.6
workspace_tuning__20260803T201151.391Z__pid12447,20260803T201151.391Z,workspace_tuning,compressed,compressed_compressed__N16384__q8__uniform__r64-128__fp16__q8__w8,dense__N16384__fp16,compressed_compressed,16384,8,2048,8,uniform,b32_b16,64,128,95.140625,96.171875,98.875,99.875,42,46,9,9,q8,fp16,Float16,fp32_accumulate,20260802,random,1,4,1,tlr_tlr_runs,8,compressed_tlr,compressed_tlr,51838976,52363264,104202240,27676416,1073741824,0.12282156944274902,10.145513,10.145513,2.0850334999999998,2.080532,11.105198,10.74468,5.326148476751094,5.164390646238559,4.3270938624e11,4.50843639808e11,4.022293311207141,216228.48736387212,792069.8957558434,false,2.080532;2.096756;2.087562;2.082505,,NVIDIA H100 80GB HBM3,1.12.6
workspace_tuning__20260803T201151.391Z__pid12447,20260803T201151.391Z,workspace_tuning,compressed,compressed_compressed__N16384__q8__uniform__r64-128__fp16__q8__w16,dense__N16384__fp16,compressed_compressed,16384,8,2048,8,uniform,b32_b16,64,128,95.140625,96.171875,98.875,99.875,42,46,9,9,q8,fp16,Float16,fp32_accumulate,20260802,random,1,4,1,tlr_tlr_runs,16,compressed_tlr,compressed_tlr,51838976,52363264,104202240,14510976,1073741824,0.11056029796600342,15.37234,15.37234,2.371341,2.364336,11.105198,10.74468,4.683087754987579,4.544480987473862,4.29328777216e11,4.48494829568e11,4.273416567691797,189131.3099077695,792069.8957558434,false,2.375703;2.364336;2.372348;2.370334,,NVIDIA H100 80GB HBM3,1.12.6
workspace_tuning__20260803T201151.391Z__pid12447,20260803T201151.391Z,workspace_tuning,compressed,compressed_compressed__N16384__q8__uniform__r64-128__fp16__q8__w32,dense__N16384__fp16,compressed_compressed,16384,8,2048,8,uniform,b32_b16,64,128,95.140625,96.171875,98.875,99.875,42,46,9,9,q8,fp16,Float16,fp32_accumulate,20260802,random,1,4,1,tlr_tlr_runs,32,compressed_tlr,compressed_tlr,51838976,52363264,104202240,7550848,1073741824,0.10407817363739014,24.851116,24.851116,2.8857705,2.870943,11.105198,10.74468,3.8482609757082207,3.742561242072727,4.2914422784e11,4.48092176384e11,4.228582765471505,155276.44224791956,792069.8957558434,false,2.892275;2.886606;2.884935;2.870943,,NVIDIA H100 80GB HBM3,1.12.6
workspace_tuning__20260803T201151.391Z__pid12447,20260803T201151.391Z,workspace_tuning,compressed,compressed_compressed__N16384__q8__uniform__r64-128__fp16__q8__w64,dense__N16384__fp16,compressed_compressed,16384,8,2048,8,uniform,b32_b16,64,128,95.140625,96.171875,98.875,99.875,42,46,9,9,q8,fp16,Float16,fp32_accumulate,20260802,random,1,4,1,tlr_tlr_runs,64,compressed_tlr,compressed_tlr,51838976,52363264,104202240,3948800,1073741824,0.1007235050201416,42.477637,42.477637,3.918205,3.89834,11.105198,10.74468,2.834256502658743,2.7562193138617976,4.2713096192e11,4.4567625728e11,4.161158477048679,113745.00754299482,792069.8957558434,false,3.920714;3.89834;3.915696;3.92547,,NVIDIA H100 80GB HBM3,1.12.6
workspace_tuning__20260803T201151.391Z__pid12447,20260803T201151.391Z,workspace_tuning,baseline,dense__N16384__fp32,dense__N16384__fp32,dense_dense,16384,,,,,,,,,,,,,,,,,fp32,Float32,fp32,20260802,random,1,4,0,none,0,dense,dense,1073741824,1073741824,2147483648,0,2147483648,1.0,,,166.9114085,166.887748,166.9114085,166.887748,1.0,1.0,8.796093022208e12,8.796093022208e12,0.0,52699.171981452666,52699.171981452666,false,166.904754;166.918063;166.958824;166.887748,166.904754;166.918063;166.958824;166.887748,NVIDIA H100 80GB HBM3,1.12.6
workspace_tuning__20260803T201151.391Z__pid12447,20260803T201151.391Z,workspace_tuning,compressed,compressed_dense__N16384__q16__uniform__r32-64__fp32__q8__w1,dense__N16384__fp32,compressed_dense,16384,16,1024,16,uniform,b32_b16,32,64,47.20703125,,50.75,,33,,5,,q8,fp32,Float32,fp32,20260802,random,1,4,1,one_or_more_tile_stripes,1,compressed_tlr,dense,106430464,1073741824,1180172288,53215232,2147483648,0.5743408203125,55.15767,55.15767,34.830020000000005,34.800226,166.9114085,166.887748,4.7921709060172795,4.795593798729927,8.1101062144e11,8.71878361088e11,6.98121921182266,25032.381867366134,52699.171981452666,false,34.825964;34.800226;34.858111;34.834076,,NVIDIA H100 80GB HBM3,1.12.6
workspace_tuning__20260803T201151.391Z__pid12447,20260803T201151.391Z,workspace_tuning,compressed,compressed_dense__N16384__q16__uniform__r32-64__fp32__q8__w2,dense__N16384__fp32,compressed_dense,16384,16,1024,16,uniform,b32_b16,32,64,47.20703125,,50.75,,33,,5,,q8,fp32,Float32,fp32,20260802,random,1,4,1,one_or_more_tile_stripes,2,compressed_tlr,dense,106430464,1073741824,1180172288,106430464,2147483648,0.59912109375,27.419357,27.419357,34.457813,34.437893,166.9114085,166.887748,4.843935060533296,4.846049902065727,8.1101062144e11,8.71878361088e11,6.98121921182266,25302.777082457324,52699.171981452666,false,34.437893;34.451384;34.464714;34.464242,,NVIDIA H100 80GB HBM3,1.12.6
workspace_tuning__20260803T201151.391Z__pid12447,20260803T201151.391Z,workspace_tuning,compressed,compressed_dense__N16384__q16__uniform__r32-64__fp32__q8__w4,dense__N16384__fp32,compressed_dense,16384,16,1024,16,uniform,b32_b16,32,64,47.20703125,,50.75,,33,,5,,q8,fp32,Float32,fp32,20260802,random,1,4,1,one_or_more_tile_stripes,4,compressed_tlr,dense,106430464,1073741824,1180172288,212860928,2147483648,0.648681640625,13.664856,13.664856,34.0504995,34.022522,166.9114085,166.887748,4.901878414441468,4.905213905071469,8.1101062144e11,8.71878361088e11,6.98121921182266,25605.449960814818,52699.171981452666,false,34.022522;34.044155;34.056844;34.057655,,NVIDIA H100 80GB HBM3,1.12.6
workspace_tuning__20260803T201151.391Z__pid12447,20260803T201151.391Z,workspace_tuning,compressed,compressed_dense__N16384__q16__uniform__r32-64__fp32__q8__w8,dense__N16384__fp32,compressed_dense,16384,16,1024,16,uniform,b32_b16,32,64,47.20703125,,50.75,,33,,5,,q8,fp32,Float32,fp32,20260802,random,1,4,1,one_or_more_tile_stripes,8,compressed_tlr,dense,106430464,1073741824,1180172288,425721856,2147483648,0.747802734375,6.864446,6.864446,33.6586435,33.630917,166.9114085,166.887748,4.958946384752553,4.962331178778147,8.1101062144e11,8.71878361088e11,6.98121921182266,25903.55018579403,52699.171981452666,false,33.630917;33.695943;33.667251;33.650036,,NVIDIA H100 80GB HBM3,1.12.6
workspace_tuning__20260803T201151.391Z__pid12447,20260803T201151.391Z,workspace_tuning,compressed,compressed_dense__N16384__q16__uniform__r32-64__fp32__q8__w16,dense__N16384__fp32,compressed_dense,16384,16,1024,16,uniform,b32_b16,32,64,47.20703125,,50.75,,33,,5,,q8,fp32,Float32,fp32,20260802,random,1,4,1,one_or_more_tile_stripes,16,compressed_tlr,dense,106430464,1073741824,1180172288,851443712,2147483648,0.946044921875,3.397741,3.397741,33.5090745,33.488633,166.9114085,166.887748,4.981080826329596,4.98341476046514,8.1101062144e11,8.71878361088e11,6.98121921182266,26019.17164522106,52699.171981452666,false,33.535214;33.508394;33.488633;33.509755,,NVIDIA H100 80GB HBM3,1.12.6
workspace_tuning__20260803T201151.391Z__pid12447,20260803T201151.391Z,workspace_tuning,compressed,dense_compressed__N16384__q16__uniform__r32-64__fp32__q8__w1,dense__N16384__fp32,dense_compressed,16384,16,1024,16,uniform,b32_b16,32,64,,47.20703125,,50.75,,33,,5,q8,fp32,Float32,fp32,20260802,random,1,4,1,one_or_more_tile_stripes,1,dense,compressed_tlr,1073741824,106430464,1180172288,53215232,2147483648,0.5743408203125,52.5629,52.5629,31.219425,31.19269,166.9114085,166.887748,5.3463959858325385,5.350219811116002,8.1101062144e11,8.71878361088e11,6.98121921182266,27927.431754044155,52699.171981452666,false,31.198198;31.19269;31.240652;31.262284,,NVIDIA H100 80GB HBM3,1.12.6
workspace_tuning__20260803T201151.391Z__pid12447,20260803T201151.391Z,workspace_tuning,compressed,dense_compressed__N16384__q16__uniform__r32-64__fp32__q8__w2,dense__N16384__fp32,dense_compressed,16384,16,1024,16,uniform,b32_b16,32,64,,47.20703125,,50.75,,33,,5,q8,fp32,Float32,fp32,20260802,random,1,4,1,one_or_more_tile_stripes,2,dense,compressed_tlr,1073741824,106430464,1180172288,106430464,2147483648,0.59912109375,26.67224,26.67224,30.90186,30.881514,166.9114085,166.887748,5.401338576383428,5.404131028031851,8.1101062144e11,8.71878361088e11,6.98121921182266,28214.42984622932,52699.171981452666,false,30.881514;30.941565;30.907243;30.896477,,NVIDIA H100 80GB HBM3,1.12.6
workspace_tuning__20260803T201151.391Z__pid12447,20260803T201151.391Z,workspace_tuning,compressed,dense_compressed__N16384__q16__uniform__r32-64__fp32__q8__w4,dense__N16384__fp32,dense_compressed,16384,16,1024,16,uniform,b32_b16,32,64,,47.20703125,,50.75,,33,,5,q8,fp32,Float32,fp32,20260802,random,1,4,1,one_or_more_tile_stripes,4,dense,compressed_tlr,1073741824,106430464,1180172288,212860928,2147483648,0.648681640625,13.142505,13.142505,30.461671000000003,30.439033,166.9114085,166.887748,5.479391084619094,5.482688888309954,8.1101062144e11,8.71878361088e11,6.98121921182266,28622.144894415014,52699.171981452666,false,30.453564;30.474866;30.469778;30.439033,,NVIDIA H100 80GB HBM3,1.12.6
workspace_tuning__20260803T201151.391Z__pid12447,20260803T201151.391Z,workspace_tuning,compressed,dense_compressed__N16384__q16__uniform__r32-64__fp32__q8__w8,dense__N16384__fp32,dense_compressed,16384,16,1024,16,uniform,b32_b16,32,64,,47.20703125,,50.75,,33,,5,q8,fp32,Float32,fp32,20260802,random,1,4,1,one_or_more_tile_stripes,8,dense,compressed_tlr,1073741824,106430464,1180172288,425721856,2147483648,0.747802734375,6.523075,6.523075,30.0628805,30.051293,166.9114085,166.887748,5.552076372056231,5.553429864066081,8.1101062144e11,8.71878361088e11,6.98121921182266,29001.823730364096,52699.171981452666,false,30.070462;30.051293;30.055299;30.072635,,NVIDIA H100 80GB HBM3,1.12.6
workspace_tuning__20260803T201151.391Z__pid12447,20260803T201151.391Z,workspace_tuning,compressed,dense_compressed__N16384__q16__uniform__r32-64__fp32__q8__w16,dense__N16384__fp32,dense_compressed,16384,16,1024,16,uniform,b32_b16,32,64,,47.20703125,,50.75,,33,,5,q8,fp32,Float32,fp32,20260802,random,1,4,1,one_or_more_tile_stripes,16,dense,compressed_tlr,1073741824,106430464,1180172288,851443712,2147483648,0.946044921875,3.374387,3.374387,29.8802425,29.868379,166.9114085,166.887748,5.58601251311799,5.587439077293079,8.1101062144e11,8.71878361088e11,6.98121921182266,29179.0925421037,52699.171981452666,false,29.868379;29.888259;29.872226;29.897282,,NVIDIA H100 80GB HBM3,1.12.6
workspace_tuning__20260803T201151.391Z__pid12447,20260803T201151.391Z,workspace_tuning,compressed,compressed_compressed__N16384__q16__uniform__r32-64__fp32__q8__w1,dense__N16384__fp32,compressed_compressed,16384,16,1024,16,uniform,b32_b16,32,64,47.20703125,47.38671875,50.75,50.75,33,33,5,5,q8,fp32,Float32,fp32,20260802,random,1,4,1,tlr_tlr_runs,1,compressed_tlr,compressed_tlr,106430464,106430464,212860928,893637120,2147483648,0.5152533054351807,42.705598,42.705598,11.9852795,11.956691,166.9114085,166.887748,13.926367632895001,13.957686788092124,4.43034263552e11,4.79145230336e11,7.536538923423537,39977.81030771956,52699.171981452666,false,11.956691;11.987939;11.98262;12.003241,,NVIDIA H100 80GB HBM3,1.12.6
workspace_tuning__20260803T201151.391Z__pid12447,20260803T201151.391Z,workspace_tuning,compressed,compressed_compressed__N16384__q16__uniform__r32-64__fp32__q8__w2,dense__N16384__fp32,compressed_compressed,16384,16,1024,16,uniform,b32_b16,32,64,47.20703125,47.38671875,50.75,50.75,33,33,5,5,q8,fp32,Float32,fp32,20260802,random,1,4,1,tlr_tlr_runs,2,compressed_tlr,compressed_tlr,106430464,106430464,212860928,446925568,2147483648,0.30723702907562256,54.065137,54.065137,11.722902,11.698024,166.9114085,166.887748,14.238062256257026,14.266319508320379,4.42614833152e11,4.78071488512e11,7.416601117619255,40780.984820311554,52699.171981452666,false,11.705426;11.698024;11.775431;11.740378,,NVIDIA H100 80GB HBM3,1.12.6
workspace_tuning__20260803T201151.391Z__pid12447,20260803T201151.391Z,workspace_tuning,compressed,compressed_compressed__N16384__q16__uniform__r32-64__fp32__q8__w4,dense__N16384__fp32,compressed_compressed,16384,16,1024,16,uniform,b32_b16,32,64,47.20703125,47.38671875,50.75,50.75,33,33,5,5,q8,fp32,Float32,fp32,20260802,random,1,4,1,tlr_tlr_runs,4,compressed_tlr,compressed_tlr,106430464,106430464,212860928,223736064,2147483648,0.20330631732940674,46.599972,46.599972,12.226741,12.206285,166.9114085,166.887748,13.651340819274735,13.672280140927398,4.39804649472e11,4.75655569408e11,7.5371597100439685,38902.89075461728,52699.171981452666,false,12.206285;12.217522;12.23596;12.249249,,NVIDIA H100 80GB HBM3,1.12.6
workspace_tuning__20260803T201151.391Z__pid12447,20260803T201151.391Z,workspace_tuning,compressed,compressed_compressed__N16384__q16__uniform__r32-64__fp32__q8__w8,dense__N16384__fp32,compressed_compressed,16384,16,1024,16,uniform,b32_b16,32,64,47.20703125,47.38671875,50.75,50.75,33,33,5,5,q8,fp32,Float32,fp32,20260802,random,1,4,1,tlr_tlr_runs,8,compressed_tlr,compressed_tlr,106430464,106430464,212860928,111966208,2147483648,0.1512594223022461,51.066041,51.066041,12.9214795,12.911951,166.9114085,166.887748,12.917360469441599,12.925060511769288,4.36843470848e11,4.72971214848e11,7.638465696397712,36603.48761517595,52699.171981452666,false,12.911951;12.914254;12.954684;12.928705,,NVIDIA H100 80GB HBM3,1.12.6
workspace_tuning__20260803T201151.391Z__pid12447,20260803T201151.391Z,workspace_tuning,compressed,compressed_compressed__N16384__q16__uniform__r32-64__fp32__q8__w16,dense__N16384__fp32,compressed_compressed,16384,16,1024,16,uniform,b32_b16,32,64,47.20703125,47.38671875,50.75,50.75,33,33,5,5,q8,fp32,Float32,fp32,20260802,random,1,4,1,tlr_tlr_runs,16,compressed_tlr,compressed_tlr,106430464,106430464,212860928,56070400,2147483648,0.12523090839385986,57.62432,57.62432,14.6317925,14.629469,166.9114085,166.887748,11.407447754606963,11.407642204922132,4.338571264e11,4.69213118464e11,7.535167000389965,32068.054441313325,52699.171981452666,false,14.632403;14.631182;14.657912;14.629469,,NVIDIA H100 80GB HBM3,1.12.6
workspace_tuning__20260803T201151.391Z__pid12447,20260803T201151.391Z,workspace_tuning,compressed,compressed_compressed__N16384__q16__uniform__r32-64__fp32__q8__w32,dense__N16384__fp32,compressed_compressed,16384,16,1024,16,uniform,b32_b16,32,64,47.20703125,47.38671875,50.75,50.75,33,33,5,5,q8,fp32,Float32,fp32,20260802,random,1,4,1,tlr_tlr_runs,32,compressed_tlr,compressed_tlr,106430464,106430464,212860928,28725504,2147483648,0.11249744892120361,68.017172,68.017172,15.7465845,15.670005,166.9114085,166.887748,10.599848398870243,10.650140060580707,4.33183940608e11,4.68676247552e11,7.57288365463029,29763.676532647445,52699.171981452666,false,15.756544;15.670005;15.758477;15.736625,,NVIDIA H100 80GB HBM3,1.12.6
workspace_tuning__20260803T201151.391Z__pid12447,20260803T201151.391Z,workspace_tuning,compressed,compressed_compressed__N16384__q16__uniform__r32-64__fp32__q8__w64,dense__N16384__fp32,compressed_compressed,16384,16,1024,16,uniform,b32_b16,32,64,47.20703125,47.38671875,50.75,50.75,33,33,5,5,q8,fp32,Float32,fp32,20260802,random,1,4,1,tlr_tlr_runs,64,compressed_tlr,compressed_tlr,106430464,106430464,212860928,14397184,2147483648,0.10582530498504639,90.625354,90.625354,20.135793999999997,20.124457,166.9114085,166.887748,8.289288641908039,8.292782657440148,4.33328644096e11,4.68441366528e11,7.495649389858318,23264.111985253727,52699.171981452666,false,20.129585;20.155894;20.124457;20.142003,,NVIDIA H100 80GB HBM3,1.12.6
workspace_tuning__20260803T201151.391Z__pid12447,20260803T201151.391Z,workspace_tuning,compressed,compressed_dense__N16384__q8__uniform__r64-128__fp32__q8__w1,dense__N16384__fp32,compressed_dense,16384,8,2048,8,uniform,b32_b16,64,128,95.140625,,98.875,,42,,9,,q8,fp32,Float32,fp32,20260802,random,1,4,1,one_or_more_tile_stripes,1,compressed_tlr,dense,103677952,1073741824,1177419776,51838976,2147483648,0.572418212890625,11.378537,11.378537,23.1745435,23.14262,166.9114085,166.887748,7.20236014573491,7.2112728809443345,8.17251745792e11,8.49329782784e11,3.776864728192162,36649.25623169233,52699.171981452666,false,23.14262;23.159436;23.189651;23.194659,,NVIDIA H100 80GB HBM3,1.12.6
workspace_tuning__20260803T201151.391Z__pid12447,20260803T201151.391Z,workspace_tuning,compressed,compressed_dense__N16384__q8__uniform__r64-128__fp32__q8__w2,dense__N16384__fp32,compressed_dense,16384,8,2048,8,uniform,b32_b16,64,128,95.140625,,98.875,,42,,9,,q8,fp32,Float32,fp32,20260802,random,1,4,1,one_or_more_tile_stripes,2,compressed_tlr,dense,103677952,1073741824,1177419776,103677952,2147483648,0.5965576171875,4.604676,4.604676,23.016441999999998,22.996141,166.9114085,166.887748,7.251833645704232,7.257206676546295,8.17251745792e11,8.49329782784e11,3.776864728192162,36901.00245659169,52699.171981452666,false,23.010683;23.044304;23.022201;22.996141,,NVIDIA H100 80GB HBM3,1.12.6
workspace_tuning__20260803T201151.391Z__pid12447,20260803T201151.391Z,workspace_tuning,compressed,compressed_dense__N16384__q8__uniform__r64-128__fp32__q8__w4,dense__N16384__fp32,compressed_dense,16384,8,2048,8,uniform,b32_b16,64,128,95.140625,,98.875,,42,,9,,q8,fp32,Float32,fp32,20260802,random,1,4,1,one_or_more_tile_stripes,4,compressed_tlr,dense,103677952,1073741824,1177419776,207355904,2147483648,0.64483642578125,3.826953,3.826953,22.7982505,22.774691,166.9114085,166.887748,7.321237587945618,7.327772218731749,8.17251745792e11,8.49329782784e11,3.776864728192162,37254.16486602777,52699.171981452666,false,22.818897;22.774691;22.780018;22.816483,,NVIDIA H100 80GB HBM3,1.12.6
workspace_tuning__20260803T201151.391Z__pid12447,20260803T201151.391Z,workspace_tuning,compressed,compressed_dense__N16384__q8__uniform__r64-128__fp32__q8__w8,dense__N16384__fp32,compressed_dense,16384,8,2048,8,uniform,b32_b16,64,128,95.140625,,98.875,,42,,9,,q8,fp32,Float32,fp32,20260802,random,1,4,1,one_or_more_tile_stripes,8,compressed_tlr,dense,103677952,1073741824,1177419776,414711808,2147483648,0.74139404296875,1.078893,1.078893,22.457912,22.439179,166.9114085,166.887748,7.432187306638301,7.437337524692859,8.17251745792e11,8.49329782784e11,3.776864728192162,37818.7332279154,52699.171981452666,false,22.439179;22.449985;22.476535;22.465839,,NVIDIA H100 80GB HBM3,1.12.6
workspace_tuning__20260803T201151.391Z__pid12447,20260803T201151.391Z,workspace_tuning,compressed,dense_compressed__N16384__q8__uniform__r64-128__fp32__q8__w1,dense__N16384__fp32,dense_compressed,16384,8,2048,8,uniform,b32_b16,64,128,,95.140625,,98.875,,42,,9,q8,fp32,Float32,fp32,20260802,random,1,4,1,one_or_more_tile_stripes,1,dense,compressed_tlr,1073741824,103677952,1177419776,51838976,2147483648,0.572418212890625,8.432491,8.432491,19.8289745,19.82607,166.9114085,166.887748,8.417551220311468,8.417590979957197,8.17251745792e11,8.49329782784e11,3.776864728192162,42832.76388216647,52699.171981452666,false,19.829806;19.83906;19.82607;19.828143,,NVIDIA H100 80GB HBM3,1.12.6
workspace_tuning__20260803T201151.391Z__pid12447,20260803T201151.391Z,workspace_tuning,compressed,dense_compressed__N16384__q8__uniform__r64-128__fp32__q8__w2,dense__N16384__fp32,dense_compressed,16384,8,2048,8,uniform,b32_b16,64,128,,95.140625,,98.875,,42,,9,q8,fp32,Float32,fp32,20260802,random,1,4,1,one_or_more_tile_stripes,2,dense,compressed_tlr,1073741824,103677952,1177419776,103677952,2147483648,0.5965576171875,4.061013,4.061013,19.607633999999997,19.593923,166.9114085,166.887748,8.512572628599658,8.517321824731065,8.17251745792e11,8.49329782784e11,3.776864728192162,43316.28093343644,52699.171981452666,false,19.601255;19.593923;19.639532;19.614013,,NVIDIA H100 80GB HBM3,1.12.6
workspace_tuning__20260803T201151.391Z__pid12447,20260803T201151.391Z,workspace_tuning,compressed,dense_compressed__N16384__q8__uniform__r64-128__fp32__q8__w4,dense__N16384__fp32,dense_compressed,16384,8,2048,8,uniform,b32_b16,64,128,,95.140625,,98.875,,42,,9,q8,fp32,Float32,fp32,20260802,random,1,4,1,one_or_more_tile_stripes,4,dense,compressed_tlr,1073741824,103677952,1177419776,207355904,2147483648,0.64483642578125,2.010577,2.010577,19.385111000000002,19.348256,166.9114085,166.887748,8.610289025427813,8.625467225573198,8.17251745792e11,8.49329782784e11,3.776864728192162,43813.51145134015,52699.171981452666,false,19.348256;19.379653;19.401946;19.390569,,NVIDIA H100 80GB HBM3,1.12.6
workspace_tuning__20260803T201151.391Z__pid12447,20260803T201151.391Z,workspace_tuning,compressed,dense_compressed__N16384__q8__uniform__r64-128__fp32__q8__w8,dense__N16384__fp32,dense_compressed,16384,8,2048,8,uniform,b32_b16,64,128,,95.140625,,98.875,,42,,9,q8,fp32,Float32,fp32,20260802,random,1,4,1,one_or_more_tile_stripes,8,dense,compressed_tlr,1073741824,103677952,1177419776,414711808,2147483648,0.74139404296875,1.082339,1.082339,19.102694,19.072523,166.9114085,166.887748,8.737584787779147,8.750166299445542,8.17251745792e11,8.49329782784e11,3.776864728192162,44461.25676221375,52699.171981452666,false,19.072523;19.095258;19.11031;19.11013,,NVIDIA H100 80GB HBM3,1.12.6
workspace_tuning__20260803T201151.391Z__pid12447,20260803T201151.391Z,workspace_tuning,compressed,compressed_compressed__N16384__q8__uniform__r64-128__fp32__q8__w1,dense__N16384__fp32,compressed_compressed,16384,8,2048,8,uniform,b32_b16,64,128,95.140625,96.171875,98.875,99.875,42,46,9,9,q8,fp32,Float32,fp32,20260802,random,1,4,1,tlr_tlr_runs,1,compressed_tlr,compressed_tlr,103677952,104726528,208404480,434932736,2147483648,0.2995772361755371,6.241274,6.241274,10.989305,10.963687,166.9114085,166.887748,15.188531804331575,15.221863593880414,4.46995185664e11,4.66077351936e11,4.094205863626751,42411.90429567657,52699.171981452666,false,10.963687;10.974843;11.003767;11.009165,,NVIDIA H100 80GB HBM3,1.12.6
workspace_tuning__20260803T201151.391Z__pid12447,20260803T201151.391Z,workspace_tuning,compressed,compressed_compressed__N16384__q8__uniform__r64-128__fp32__q8__w2,dense__N16384__fp32,compressed_compressed,16384,8,2048,8,uniform,b32_b16,64,128,95.140625,96.171875,98.875,99.875,42,46,9,9,q8,fp32,Float32,fp32,20260802,random,1,4,1,tlr_tlr_runs,2,compressed_tlr,compressed_tlr,103677952,104726528,208404480,220022016,2147483648,0.199501633644104,7.253648,7.253648,10.439272500000001,10.371942,166.9114085,166.887748,15.988796968371117,16.090308642296687,4.39915200512e11,4.58829594624e11,4.122313454409997,43952.25765243698,52699.171981452666,false,10.371942;10.434475;10.44407;10.450549,,NVIDIA H100 80GB HBM3,1.12.6
workspace_tuning__20260803T201151.391Z__pid12447,20260803T201151.391Z,workspace_tuning,compressed,compressed_compressed__N16384__q8__uniform__r64-128__fp32__q8__w4,dense__N16384__fp32,compressed_compressed,16384,8,2048,8,uniform,b32_b16,64,128,95.140625,96.171875,98.875,99.875,42,46,9,9,q8,fp32,Float32,fp32,20260802,random,1,4,1,tlr_tlr_runs,4,compressed_tlr,compressed_tlr,103677952,104726528,208404480,110560512,2147483648,0.14852964878082275,8.083509,8.083509,11.6204135,11.601621,166.9114085,166.887748,14.36363761926372,14.384864666756481,4.32013131776e11,4.50910748672e11,4.190988338968704,38803.330765467166,52699.171981452666,false,11.601621;11.994468;11.620438;11.620389,,NVIDIA H100 80GB HBM3,1.12.6
workspace_tuning__20260803T201151.391Z__pid12447,20260803T201151.391Z,workspace_tuning,compressed,compressed_compressed__N16384__q8__uniform__r64-128__fp32__q8__w8,dense__N16384__fp32,compressed_compressed,16384,8,2048,8,uniform,b32_b16,64,128,95.140625,96.171875,98.875,99.875,42,46,9,9,q8,fp32,Float32,fp32,20260802,random,1,4,1,tlr_tlr_runs,8,compressed_tlr,compressed_tlr,103677952,104726528,208404480,55352832,2147483648,0.12282156944274902,10.212033,10.212033,11.7451955,11.739877,166.9114085,166.887748,14.21103705766328,14.215459667933487,4.3270938624e11,4.50843639808e11,4.022293311207141,38385.36700457647,52699.171981452666,false,11.748841;11.74157;11.739877;11.748821,,NVIDIA H100 80GB HBM3,1.12.6
workspace_tuning__20260803T201151.391Z__pid12447,20260803T201151.391Z,workspace_tuning,compressed,compressed_compressed__N16384__q8__uniform__r64-128__fp32__q8__w16,dense__N16384__fp32,compressed_compressed,16384,8,2048,8,uniform,b32_b16,64,128,95.140625,96.171875,98.875,99.875,42,46,9,9,q8,fp32,Float32,fp32,20260802,random,1,4,1,tlr_tlr_runs,16,compressed_tlr,compressed_tlr,103677952,104726528,208404480,29021952,2147483648,0.11056029796600342,15.357388,15.357388,13.72061,13.705006,166.9114085,166.887748,12.165013691082248,12.1771379012895,4.29328777216e11,4.48494829568e11,4.273416567691797,32687.674204572537,52699.171981452666,false,13.705006;13.727831;13.779358;13.713389,,NVIDIA H100 80GB HBM3,1.12.6
workspace_tuning__20260803T201151.391Z__pid12447,20260803T201151.391Z,workspace_tuning,compressed,compressed_compressed__N16384__q8__uniform__r64-128__fp32__q8__w32,dense__N16384__fp32,compressed_compressed,16384,8,2048,8,uniform,b32_b16,64,128,95.140625,96.171875,98.875,99.875,42,46,9,9,q8,fp32,Float32,fp32,20260802,random,1,4,1,tlr_tlr_runs,32,compressed_tlr,compressed_tlr,103677952,104726528,208404480,15101696,2147483648,0.10407817363739014,117.43629,117.43629,17.861688,17.793461,166.9114085,166.887748,9.344660398278146,9.379161704403655,4.2914422784e11,4.48092176384e11,4.228582765471505,25086.77659043199,52699.171981452666,false,17.793461;17.889094;17.927682;17.834282,,NVIDIA H100 80GB HBM3,1.12.6
workspace_tuning__20260803T201151.391Z__pid12447,20260803T201151.391Z,workspace_tuning,compressed,compressed_compressed__N16384__q8__uniform__r64-128__fp32__q8__w64,dense__N16384__fp32,compressed_compressed,16384,8,2048,8,uniform,b32_b16,64,128,95.140625,96.171875,98.875,99.875,42,46,9,9,q8,fp32,Float32,fp32,20260802,random,1,4,1,tlr_tlr_runs,64,compressed_tlr,compressed_tlr,103677952,104726528,208404480,7897600,2147483648,0.1007235050201416,42.488864,42.488864,26.354088,26.326563,166.9114085,166.887748,6.333416223699336,6.339139218438806,4.2713096192e11,4.4567625728e11,4.161158477048679,16911.086328618163,52699.171981452666,false,26.349536;26.35864;26.326563;26.389106,,NVIDIA H100 80GB HBM3,1.12.6
workspace_tuning__20260803T201151.391Z__pid12447,20260803T201151.391Z,workspace_tuning,baseline,dense__N16384__tf32,dense__N16384__tf32,dense_dense,16384,,,,,,,,,,,,,,,,,tf32,Float32,tf32,20260802,random,1,4,0,none,0,dense,dense,1073741824,1073741824,2147483648,0,2147483648,1.0,,,21.280516,21.067888,21.280516,21.067888,1.0,1.0,8.796093022208e12,8.796093022208e12,0.0,413340.21328279824,413340.21328279824,false,21.079295;21.067888;21.481737;21.664691,21.079295;21.067888;21.481737;21.664691,NVIDIA H100 80GB HBM3,1.12.6
workspace_tuning__20260803T201151.391Z__pid12447,20260803T201151.391Z,workspace_tuning,compressed,compressed_dense__N16384__q16__uniform__r32-64__tf32__q8__w1,dense__N16384__tf32,compressed_dense,16384,16,1024,16,uniform,b32_b16,32,64,47.20703125,,50.75,,33,,5,,q8,tf32,Float32,tf32,20260802,random,1,4,1,one_or_more_tile_stripes,1,compressed_tlr,dense,106430464,1073741824,1180172288,53215232,2147483648,0.5743408203125,55.07034,55.07034,8.128530999999999,8.102247,21.280516,21.067888,2.6180026870783912,2.600252497856459,8.1101062144e11,8.71878361088e11,6.98121921182266,107261.49178590819,413340.21328279824,false,8.128506;8.102247;8.128556;8.170399,,NVIDIA H100 80GB HBM3,1.12.6
workspace_tuning__20260803T201151.391Z__pid12447,20260803T201151.391Z,workspace_tuning,compressed,compressed_dense__N16384__q16__uniform__r32-64__tf32__q8__w2,dense__N16384__tf32,compressed_dense,16384,16,1024,16,uniform,b32_b16,32,64,47.20703125,,50.75,,33,,5,,q8,tf32,Float32,tf32,20260802,random,1,4,1,one_or_more_tile_stripes,2,compressed_tlr,dense,106430464,1073741824,1180172288,106430464,2147483648,0.59912109375,27.596111,27.596111,8.383177499999999,8.319533,21.280516,21.067888,2.5384785184376693,2.5323402166924516,8.1101062144e11,8.71878361088e11,6.98121921182266,104003.32822345705,413340.21328279824,false,8.319533;8.373453;8.392902;8.449396,,NVIDIA H100 80GB HBM3,1.12.6
workspace_tuning__20260803T201151.391Z__pid12447,20260803T201151.391Z,workspace_tuning,compressed,compressed_dense__N16384__q16__uniform__r32-64__tf32__q8__w4,dense__N16384__tf32,compressed_dense,16384,16,1024,16,uniform,b32_b16,32,64,47.20703125,,50.75,,33,,5,,q8,tf32,Float32,tf32,20260802,random,1,4,1,one_or_more_tile_stripes,4,compressed_tlr,dense,106430464,1073741824,1180172288,212860928,2147483648,0.648681640625,13.840008,13.840008,8.686586,8.674142,21.280516,21.067888,2.4498135400950383,2.428815207313876,8.1101062144e11,8.71878361088e11,6.98121921182266,100370.65897787693,413340.21328279824,false,8.682625;8.674142;8.690547;8.712009,,NVIDIA H100 80GB HBM3,1.12.6
workspace_tuning__20260803T201151.391Z__pid12447,20260803T201151.391Z,workspace_tuning,compressed,compressed_dense__N16384__q16__uniform__r32-64__tf32__q8__w8,dense__N16384__tf32,compressed_dense,16384,16,1024,16,uniform,b32_b16,32,64,47.20703125,,50.75,,33,,5,,q8,tf32,Float32,tf32,20260802,random,1,4,1,one_or_more_tile_stripes,8,compressed_tlr,dense,106430464,1073741824,1180172288,425721856,2147483648,0.747802734375,6.787501,6.787501,8.8666905,8.843295,21.280516,21.067888,2.400051744221815,2.382357254846751,8.1101062144e11,8.71878361088e11,6.98121921182266,98331.88167422783,413340.21328279824,false,8.874102;8.843295;8.859279;8.888333,,NVIDIA H100 80GB HBM3,1.12.6
workspace_tuning__20260803T201151.391Z__pid12447,20260803T201151.391Z,workspace_tuning,compressed,compressed_dense__N16384__q16__uniform__r32-64__tf32__q8__w16,dense__N16384__tf32,compressed_dense,16384,16,1024,16,uniform,b32_b16,32,64,47.20703125,,50.75,,33,,5,,q8,tf32,Float32,tf32,20260802,random,1,4,1,one_or_more_tile_stripes,16,compressed_tlr,dense,106430464,1073741824,1180172288,851443712,2147483648,0.946044921875,3.48422,3.48422,8.922985,8.874622,21.280516,21.067888,2.3849099824778364,2.373947645319429,8.1101062144e11,8.71878361088e11,6.98121921182266,97711.5125810477,413340.21328279824,false,8.942514;8.915354;8.874622;8.930616,,NVIDIA H100 80GB HBM3,1.12.6
workspace_tuning__20260803T201151.391Z__pid12447,20260803T201151.391Z,workspace_tuning,compressed,dense_compressed__N16384__q16__uniform__r32-64__tf32__q8__w1,dense__N16384__tf32,dense_compressed,16384,16,1024,16,uniform,b32_b16,32,64,,47.20703125,,50.75,,33,,5,q8,tf32,Float32,tf32,20260802,random,1,4,1,one_or_more_tile_stripes,1,dense,compressed_tlr,1073741824,106430464,1180172288,53215232,2147483648,0.5743408203125,52.742128,52.742128,8.339982500000001,8.316026,21.280516,21.067888,2.5516259776324466,2.5334081447075802,8.1101062144e11,8.71878361088e11,6.98121921182266,104541.9892773156,413340.21328279824,false,8.316026;8.328165;8.3518;8.380673,,NVIDIA H100 80GB HBM3,1.12.6
workspace_tuning__20260803T201151.391Z__pid12447,20260803T201151.391Z,workspace_tuning,compressed,dense_compressed__N16384__q16__uniform__r32-64__tf32__q8__w2,dense__N16384__tf32,dense_compressed,16384,16,1024,16,uniform,b32_b16,32,64,,47.20703125,,50.75,,33,,5,q8,tf32,Float32,tf32,20260802,random,1,4,1,one_or_more_tile_stripes,2,dense,compressed_tlr,1073741824,106430464,1180172288,106430464,2147483648,0.59912109375,58.484816,58.484816,8.4036635,8.369787,21.280516,21.067888,2.5322903517019686,2.5171355017756127,8.1101062144e11,8.71878361088e11,6.98121921182266,103749.79448998642,413340.21328279824,false,8.39127;8.416287;8.416057;8.369787,,NVIDIA H100 80GB HBM3,1.12.6
workspace_tuning__20260803T201151.391Z__pid12447,20260803T201151.391Z,workspace_tuning,compressed,dense_compressed__N16384__q16__uniform__r32-64__tf32__q8__w4,dense__N16384__tf32,dense_compressed,16384,16,1024,16,uniform,b32_b16,32,64,,47.20703125,,50.75,,33,,5,q8,tf32,Float32,tf32,20260802,random,1,4,1,one_or_more_tile_stripes,4,dense,compressed_tlr,1073741824,106430464,1180172288,212860928,2147483648,0.648681640625,13.627951,13.627951,8.585735,8.566301,21.280516,21.067888,2.478589893585115,2.459391515661194,8.1101062144e11,8.71878361088e11,6.98121921182266,101549.64730311383,413340.21328279824,false,8.611069;8.594132;8.566301;8.577338,,NVIDIA H100 80GB HBM3,1.12.6
workspace_tuning__20260803T201151.391Z__pid12447,20260803T201151.391Z,workspace_tuning,compressed,dense_compressed__N16384__q16__uniform__r32-64__tf32__q8__w8,dense__N16384__tf32,dense_compressed,16384,16,1024,16,uniform,b32_b16,32,64,,47.20703125,,50.75,,33,,5,q8,tf32,Float32,tf32,20260802,random,1,4,1,one_or_more_tile_stripes,8,dense,compressed_tlr,1073741824,106430464,1180172288,425721856,2147483648,0.747802734375,6.653931,6.653931,8.5920255,8.583717,21.280516,21.067888,2.476775237689879,2.454401513936212,8.1101062144e11,8.71878361088e11,6.98121921182266,101475.29951907149,413340.21328279824,false,8.597839;8.586212;8.583717;8.616746,,NVIDIA H100 80GB HBM3,1.12.6
workspace_tuning__20260803T201151.391Z__pid12447,20260803T201151.391Z,workspace_tuning,compressed,dense_compressed__N16384__q16__uniform__r32-64__tf32__q8__w16,dense__N16384__tf32,dense_compressed,16384,16,1024,16,uniform,b32_b16,32,64,,47.20703125,,50.75,,33,,5,q8,tf32,Float32,tf32,20260802,random,1,4,1,one_or_more_tile_stripes,16,dense,compressed_tlr,1073741824,106430464,1180172288,851443712,2147483648,0.946044921875,3.388557,3.388557,8.828734,8.804387,21.280516,21.067888,2.4103700485256434,2.392885274125274,8.1101062144e11,8.71878361088e11,6.98121921182266,98754.63017551554,413340.21328279824,false,8.837948;8.81952;8.845169;8.804387,,NVIDIA H100 80GB HBM3,1.12.6
workspace_tuning__20260803T201151.391Z__pid12447,20260803T201151.391Z,workspace_tuning,compressed,compressed_compressed__N16384__q16__uniform__r32-64__tf32__q8__w1,dense__N16384__tf32,compressed_compressed,16384,16,1024,16,uniform,b32_b16,32,64,47.20703125,47.38671875,50.75,50.75,33,33,5,5,q8,tf32,Float32,tf32,20260802,random,1,4,1,tlr_tlr_runs,1,compressed_tlr,compressed_tlr,106430464,106430464,212860928,893637120,2147483648,0.5152533054351807,42.933889,42.933889,3.340531,3.333405,21.280516,21.067888,6.370399197013888,6.320230515043926,4.43034263552e11,4.79145230336e11,7.536538923423537,143433.85238334863,413340.21328279824,false,3.342449;3.338613;3.359844;3.333405,,NVIDIA H100 80GB HBM3,1.12.6
workspace_tuning__20260803T201151.391Z__pid12447,20260803T201151.391Z,workspace_tuning,compressed,compressed_compressed__N16384__q16__uniform__r32-64__tf32__q8__w2,dense__N16384__tf32,compressed_compressed,16384,16,1024,16,uniform,b32_b16,32,64,47.20703125,47.38671875,50.75,50.75,33,33,5,5,q8,tf32,Float32,tf32,20260802,random,1,4,1,tlr_tlr_runs,2,compressed_tlr,compressed_tlr,106430464,106430464,212860928,446925568,2147483648,0.30723702907562256,44.242887,44.242887,3.4459535,3.434997,21.280516,21.067888,6.175508752512186,6.133306084401238,4.42614833152e11,4.78071488512e11,7.416601117619255,138734.16704897498,413340.21328279824,false,3.445403;3.434997;3.446504;3.449148,,NVIDIA H100 80GB HBM3,1.12.6
workspace_tuning__20260803T201151.391Z__pid12447,20260803T201151.391Z,workspace_tuning,compressed,compressed_compressed__N16384__q16__uniform__r32-64__tf32__q8__w4,dense__N16384__tf32,compressed_compressed,16384,16,1024,16,uniform,b32_b16,32,64,47.20703125,47.38671875,50.75,50.75,33,33,5,5,q8,tf32,Float32,tf32,20260802,random,1,4,1,tlr_tlr_runs,4,compressed_tlr,compressed_tlr,106430464,106430464,212860928,223736064,2147483648,0.20330631732940674,54.360358,54.360358,3.4966995,3.490951,21.280516,21.067888,6.085886419464983,6.034999631905461,4.39804649472e11,4.75655569408e11,7.5371597100439685,136029.86742440978,413340.21328279824,false,3.513925;3.497821;3.495578;3.490951,,NVIDIA H100 80GB HBM3,1.12.6
workspace_tuning__20260803T201151.391Z__pid12447,20260803T201151.391Z,workspace_tuning,compressed,compressed_compressed__N16384__q16__uniform__r32-64__tf32__q8__w8,dense__N16384__tf32,compressed_compressed,16384,16,1024,16,uniform,b32_b16,32,64,47.20703125,47.38671875,50.75,50.75,33,33,5,5,q8,tf32,Float32,tf32,20260802,random,1,4,1,tlr_tlr_runs,8,compressed_tlr,compressed_tlr,106430464,106430464,212860928,111966208,2147483648,0.1512594223022461,51.384258,51.384258,3.771771,3.763428,21.280516,21.067888,5.642048788221766,5.598057940792278,4.36843470848e11,4.72971214848e11,7.638465696397712,125397.64870348704,413340.21328279824,false,3.804029;3.771681;3.771861;3.763428,,NVIDIA H100 80GB HBM3,1.12.6
workspace_tuning__20260803T201151.391Z__pid12447,20260803T201151.391Z,workspace_tuning,compressed,compressed_compressed__N16384__q16__uniform__r32-64__tf32__q8__w16,dense__N16384__tf32,compressed_compressed,16384,16,1024,16,uniform,b32_b16,32,64,47.20703125,47.38671875,50.75,50.75,33,33,5,5,q8,tf32,Float32,tf32,20260802,random,1,4,1,tlr_tlr_runs,16,compressed_tlr,compressed_tlr,106430464,106430464,212860928,56070400,2147483648,0.12523090839385986,315.597258,315.597258,4.2472915,4.238039,21.280516,21.067888,5.010373316736088,4.971140661990133,4.338571264e11,4.69213118464e11,7.535167000389965,110473.49080325662,413340.21328279824,false,4.272249;4.238039;4.244307;4.250276,,NVIDIA H100 80GB HBM3,1.12.6
workspace_tuning__20260803T201151.391Z__pid12447,20260803T201151.391Z,workspace_tuning,compressed,compressed_compressed__N16384__q16__uniform__r32-64__tf32__q8__w32,dense__N16384__tf32,compressed_compressed,16384,16,1024,16,uniform,b32_b16,32,64,47.20703125,47.38671875,50.75,50.75,33,33,5,5,q8,tf32,Float32,tf32,20260802,random,1,4,1,tlr_tlr_runs,32,compressed_tlr,compressed_tlr,106430464,106430464,212860928,28725504,2147483648,0.11249744892120361,69.361643,69.361643,4.6209465000000005,4.6138,21.280516,21.067888,4.605228820545746,4.566276821708787,4.33183940608e11,4.68676247552e11,7.57288365463029,101424.29641892627,413340.21328279824,false,4.6138;4.626339;4.619099;4.622794,,NVIDIA H100 80GB HBM3,1.12.6
workspace_tuning__20260803T201151.391Z__pid12447,20260803T201151.391Z,workspace_tuning,compressed,compressed_compressed__N16384__q16__uniform__r32-64__tf32__q8__w64,dense__N16384__tf32,compressed_compressed,16384,16,1024,16,uniform,b32_b16,32,64,47.20703125,47.38671875,50.75,50.75,33,33,5,5,q8,tf32,Float32,tf32,20260802,random,1,4,1,tlr_tlr_runs,64,compressed_tlr,compressed_tlr,106430464,106430464,212860928,14397184,2147483648,0.10582530498504639,93.807673,93.807673,6.074375,6.045381,21.280516,21.067888,3.5033260211955963,3.484956200444604,4.33328644096e11,4.68441366528e11,7.495649389858318,77117.62387537812,413340.21328279824,false,6.093754;6.054996;6.098501;6.045381,,NVIDIA H100 80GB HBM3,1.12.6
workspace_tuning__20260803T201151.391Z__pid12447,20260803T201151.391Z,workspace_tuning,compressed,compressed_dense__N16384__q8__uniform__r64-128__tf32__q8__w1,dense__N16384__tf32,compressed_dense,16384,8,2048,8,uniform,b32_b16,64,128,95.140625,,98.875,,42,,9,,q8,tf32,Float32,tf32,20260802,random,1,4,1,one_or_more_tile_stripes,1,compressed_tlr,dense,103677952,1073741824,1177419776,51838976,2147483648,0.572418212890625,8.374744,8.374744,5.294718,5.284042,21.280516,21.067888,4.0191972452546105,3.9870780739441507,8.17251745792e11,8.49329782784e11,3.776864728192162,160410.7683891758,413340.21328279824,false,5.284042;5.292645;5.296791;5.297763,,NVIDIA H100 80GB HBM3,1.12.6
workspace_tuning__20260803T201151.391Z__pid12447,20260803T201151.391Z,workspace_tuning,compressed,compressed_dense__N16384__q8__uniform__r64-128__tf32__q8__w2,dense__N16384__tf32,compressed_dense,16384,8,2048,8,uniform,b32_b16,64,128,95.140625,,98.875,,42,,9,,q8,tf32,Float32,tf32,20260802,random,1,4,1,one_or_more_tile_stripes,2,compressed_tlr,dense,103677952,1073741824,1177419776,103677952,2147483648,0.5965576171875,4.423094,4.423094,5.5812665,5.57655,21.280516,21.067888,3.81284713783153,3.777942993427836,8.17251745792e11,8.49329782784e11,3.776864728192162,152175.09910770252,413340.21328279824,false,5.581116;5.582689;5.581417;5.57655,,NVIDIA H100 80GB HBM3,1.12.6
workspace_tuning__20260803T201151.391Z__pid12447,20260803T201151.391Z,workspace_tuning,compressed,compressed_dense__N16384__q8__uniform__r64-128__tf32__q8__w4,dense__N16384__tf32,compressed_dense,16384,8,2048,8,uniform,b32_b16,64,128,95.140625,,98.875,,42,,9,,q8,tf32,Float32,tf32,20260802,random,1,4,1,one_or_more_tile_stripes,4,compressed_tlr,dense,103677952,1073741824,1177419776,207355904,2147483648,0.64483642578125,2.124427,2.124427,5.6768149999999995,5.675138,21.280516,21.067888,3.7486717463930037,3.7123128988229013,8.17251745792e11,8.49329782784e11,3.776864728192162,149613.7856851069,413340.21328279824,false,5.677;5.67663;5.675138;5.680605,,NVIDIA H100 80GB HBM3,1.12.6
workspace_tuning__20260803T201151.391Z__pid12447,20260803T201151.391Z,workspace_tuning,compressed,compressed_dense__N16384__q8__uniform__r64-128__tf32__q8__w8,dense__N16384__tf32,compressed_dense,16384,8,2048,8,uniform,b32_b16,64,128,95.140625,,98.875,,42,,9,,q8,tf32,Float32,tf32,20260802,random,1,4,1,one_or_more_tile_stripes,8,compressed_tlr,dense,103677952,1073741824,1177419776,414711808,2147483648,0.74139404296875,1.105163,1.105163,5.650956000000001,5.620966,21.280516,21.067888,3.7658258177908297,3.748090274874461,8.17251745792e11,8.49329782784e11,3.776864728192162,150298.42433457274,413340.21328279824,false,5.671662;5.63025;5.620966;5.702088,,NVIDIA H100 80GB HBM3,1.12.6
workspace_tuning__20260803T201151.391Z__pid12447,20260803T201151.391Z,workspace_tuning,compressed,dense_compressed__N16384__q8__uniform__r64-128__tf32__q8__w1,dense__N16384__tf32,dense_compressed,16384,8,2048,8,uniform,b32_b16,64,128,,95.140625,,98.875,,42,,9,q8,tf32,Float32,tf32,20260802,random,1,4,1,one_or_more_tile_stripes,1,dense,compressed_tlr,1073741824,103677952,1177419776,51838976,2147483648,0.572418212890625,8.536627,8.536627,5.3570215,5.351894,21.280516,21.067888,3.972452975968082,3.9365293856716894,8.17251745792e11,8.49329782784e11,3.776864728192162,158545.151029168,413340.21328279824,false,5.359505;5.354538;5.360147;5.351894,,NVIDIA H100 80GB HBM3,1.12.6
workspace_tuning__20260803T201151.391Z__pid12447,20260803T201151.391Z,workspace_tuning,compressed,dense_compressed__N16384__q8__uniform__r64-128__tf32__q8__w2,dense__N16384__tf32,dense_compressed,16384,8,2048,8,uniform,b32_b16,64,128,,95.140625,,98.875,,42,,9,q8,tf32,Float32,tf32,20260802,random,1,4,1,one_or_more_tile_stripes,2,dense,compressed_tlr,1073741824,103677952,1177419776,103677952,2147483648,0.5965576171875,4.275134,4.275134,5.3871115,5.374558,21.280516,21.067888,3.9502646269712445,3.919929415591012,8.17251745792e11,8.49329782784e11,3.776864728192162,157659.5885910288,413340.21328279824,false,5.400746;5.380687;5.393536;5.374558,,NVIDIA H100 80GB HBM3,1.12.6
workspace_tuning__20260803T201151.391Z__pid12447,20260803T201151.391Z,workspace_tuning,compressed,dense_compressed__N16384__q8__uniform__r64-128__tf32__q8__w4,dense__N16384__tf32,dense_compressed,16384,8,2048,8,uniform,b32_b16,64,128,,95.140625,,98.875,,42,,9,q8,tf32,Float32,tf32,20260802,random,1,4,1,one_or_more_tile_stripes,4,dense,compressed_tlr,1073741824,103677952,1177419776,207355904,2147483648,0.64483642578125,2.309834,2.309834,5.5286925,5.522579,21.280516,21.067888,3.8491046481604827,3.8148640336335613,8.17251745792e11,8.49329782784e11,3.776864728192162,153622.17789902404,413340.21328279824,false,5.522579;5.548087;5.532373;5.525012,,NVIDIA H100 80GB HBM3,1.12.6
workspace_tuning__20260803T201151.391Z__pid12447,20260803T201151.391Z,workspace_tuning,compressed,dense_compressed__N16384__q8__uniform__r64-128__tf32__q8__w8,dense__N16384__tf32,dense_compressed,16384,8,2048,8,uniform,b32_b16,64,128,,95.140625,,98.875,,42,,9,q8,tf32,Float32,tf32,20260802,random,1,4,1,one_or_more_tile_stripes,8,dense,compressed_tlr,1073741824,103677952,1177419776,414711808,2147483648,0.74139404296875,1.160225,1.160225,5.664426000000001,5.657952,21.280516,21.067888,3.75687068733884,3.7235890300942813,8.17251745792e11,8.49329782784e11,3.776864728192162,149941.0148149168,413340.21328279824,false,5.657952;5.703289;5.667485;5.661367,,NVIDIA H100 80GB HBM3,1.12.6
workspace_tuning__20260803T201151.391Z__pid12447,20260803T201151.391Z,workspace_tuning,compressed,compressed_compressed__N16384__q8__uniform__r64-128__tf32__q8__w1,dense__N16384__tf32,compressed_compressed,16384,8,2048,8,uniform,b32_b16,64,128,95.140625,96.171875,98.875,99.875,42,46,9,9,q8,tf32,Float32,tf32,20260802,random,1,4,1,tlr_tlr_runs,1,compressed_tlr,compressed_tlr,103677952,104726528,208404480,434932736,2147483648,0.2995772361755371,6.431919,6.431919,2.814905,2.80878,21.280516,21.067888,7.559941099255569,7.5007255819252485,4.46995185664e11,4.66077351936e11,4.094205863626751,165574.8069423302,413340.21328279824,false,2.812016;2.817794;2.80878;2.819437,,NVIDIA H100 80GB HBM3,1.12.6
workspace_tuning__20260803T201151.391Z__pid12447,20260803T201151.391Z,workspace_tuning,compressed,compressed_compressed__N16384__q8__uniform__r64-128__tf32__q8__w2,dense__N16384__tf32,compressed_compressed,16384,8,2048,8,uniform,b32_b16,64,128,95.140625,96.171875,98.875,99.875,42,46,9,9,q8,tf32,Float32,tf32,20260802,random,1,4,1,tlr_tlr_runs,2,compressed_tlr,compressed_tlr,103677952,104726528,208404480,220022016,2147483648,0.199501633644104,8.253924,8.253924,2.8502375,2.844043,21.280516,21.067888,7.466225533837092,7.40772484804203,4.39915200512e11,4.58829594624e11,4.122313454409997,160979.4252668418,413340.21328279824,false,2.849041;2.844043;2.857464;2.851434,,NVIDIA H100 80GB HBM3,1.12.6
workspace_tuning__20260803T201151.391Z__pid12447,20260803T201151.391Z,workspace_tuning,compressed,compressed_compressed__N16384__q8__uniform__r64-128__tf32__q8__w4,dense__N16384__tf32,compressed_compressed,16384,8,2048,8,uniform,b32_b16,64,128,95.140625,96.171875,98.875,99.875,42,46,9,9,q8,tf32,Float32,tf32,20260802,random,1,4,1,tlr_tlr_runs,4,compressed_tlr,compressed_tlr,103677952,104726528,208404480,110560512,2147483648,0.14852964878082275,8.290899,8.290899,3.0261554999999998,3.014208,21.280516,21.067888,7.032195140005198,6.989526933774975,4.32013131776e11,4.50910748672e11,4.190988338968704,149004.48726841697,413340.21328279824,false,3.037683;3.027958;3.024353;3.014208,,NVIDIA H100 80GB HBM3,1.12.6
workspace_tuning__20260803T201151.391Z__pid12447,20260803T201151.391Z,workspace_tuning,compressed,compressed_compressed__N16384__q8__uniform__r64-128__tf32__q8__w8,dense__N16384__tf32,compressed_compressed,16384,8,2048,8,uniform,b32_b16,64,128,95.140625,96.171875,98.875,99.875,42,46,9,9,q8,tf32,Float32,tf32,20260802,random,1,4,1,tlr_tlr_runs,8,compressed_tlr,compressed_tlr,103677952,104726528,208404480,55352832,2147483648,0.12282156944274902,10.610258,10.610258,3.1875169999999997,3.183381,21.280516,21.067888,6.676204707300385,6.61808561400599,4.3270938624e11,4.50843639808e11,4.022293311207141,141440.38755181542,413340.21328279824,false,3.197492;3.183381;3.188258;3.186776,,NVIDIA H100 80GB HBM3,1.12.6
workspace_tuning__20260803T201151.391Z__pid12447,20260803T201151.391Z,workspace_tuning,compressed,compressed_compressed__N16384__q8__uniform__r64-128__tf32__q8__w16,dense__N16384__tf32,compressed_compressed,16384,8,2048,8,uniform,b32_b16,64,128,95.140625,96.171875,98.875,99.875,42,46,9,9,q8,tf32,Float32,tf32,20260802,random,1,4,1,tlr_tlr_runs,16,compressed_tlr,compressed_tlr,103677952,104726528,208404480,29021952,2147483648,0.11056029796600342,15.740089,15.740089,3.713579,3.700103,21.280516,21.067888,5.730460022528132,5.69386527888548,4.29328777216e11,4.48494829568e11,4.273416567691797,120771.58707758742,413340.21328279824,false,3.700103;3.712392;3.715576;3.714766,,NVIDIA H100 80GB HBM3,1.12.6
workspace_tuning__20260803T201151.391Z__pid12447,20260803T201151.391Z,workspace_tuning,compressed,compressed_compressed__N16384__q8__uniform__r64-128__tf32__q8__w32,dense__N16384__tf32,compressed_compressed,16384,8,2048,8,uniform,b32_b16,64,128,95.140625,96.171875,98.875,99.875,42,46,9,9,q8,tf32,Float32,tf32,20260802,random,1,4,1,tlr_tlr_runs,32,compressed_tlr,compressed_tlr,103677952,104726528,208404480,15101696,2147483648,0.10407817363739014,25.780576,25.780576,4.7843605,4.772477,21.280516,21.067888,4.447933219079122,4.414455638026123,4.2914422784e11,4.48092176384e11,4.228582765471505,93657.6949801337,413340.21328279824,false,4.78734;4.772477;4.791767;4.781381,,NVIDIA H100 80GB HBM3,1.12.6
workspace_tuning__20260803T201151.391Z__pid12447,20260803T201151.391Z,workspace_tuning,compressed,compressed_compressed__N16384__q8__uniform__r64-128__tf32__q8__w64,dense__N16384__tf32,compressed_compressed,16384,8,2048,8,uniform,b32_b16,64,128,95.140625,96.171875,98.875,99.875,42,46,9,9,q8,tf32,Float32,tf32,20260802,random,1,4,1,tlr_tlr_runs,64,compressed_tlr,compressed_tlr,103677952,104726528,208404480,7897600,2147483648,0.1007235050201416,43.671152,43.671152,7.158685999999999,7.147229,21.280516,21.067888,2.972684651903995,2.9477001506457956,4.2713096192e11,4.4567625728e11,4.161158477048679,62256.71265369092,413340.21328279824,false,7.163082;7.15429;7.166067;7.147229,,NVIDIA H100 80GB HBM3,1.12.6
workspace_tuning__20260803T201151.391Z__pid12447,20260803T201151.391Z,workspace_tuning,baseline,dense__N32768__bf16,dense__N32768__bf16,dense_dense,32768,,,,,,,,,,,,,,,,,bf16,Core.BFloat16,fp32_accumulate,20260802,random,1,4,0,none,0,dense,dense,2147483648,2147483648,4294967296,0,4294967296,1.0,,,88.6724875,88.070433,88.6724875,88.070433,1.0,1.0,7.0368744177664e13,7.0368744177664e13,0.0,793580.3557745462,793580.3557745462,false,94.789722;88.070433;89.09197;88.253005,94.789722;88.070433;89.09197;88.253005,NVIDIA H100 80GB HBM3,1.12.6
workspace_tuning__20260803T201151.391Z__pid12447,20260803T201151.391Z,workspace_tuning,compressed,compressed_dense__N32768__q16__uniform__r64-128__bf16__q8__w1,dense__N32768__bf16,compressed_dense,32768,16,2048,16,uniform,b32_b16,64,128,94.37109375,,97.96875,,60,,9,,q8,bf16,Core.BFloat16,fp32_accumulate,20260802,random,1,4,1,one_or_more_tile_stripes,1,compressed_tlr,dense,205455360,2147483648,2352939008,102727680,4294967296,0.5717544555664062,54.589791,54.589791,27.556361000000003,27.383413,88.6724875,88.070433,3.2178591179002187,3.216196352149383,6.485132181504e12,6.73236123648e12,3.672248803827751,244312.4197886651,793580.3557745462,false,27.383413;27.539736;27.572986;27.755259,,NVIDIA H100 80GB HBM3,1.12.6
workspace_tuning__20260803T201151.391Z__pid12447,20260803T201151.391Z,workspace_tuning,compressed,compressed_dense__N32768__q16__uniform__r64-128__bf16__q8__w2,dense__N32768__bf16,compressed_dense,32768,16,2048,16,uniform,b32_b16,64,128,94.37109375,,97.96875,,60,,9,,q8,bf16,Core.BFloat16,fp32_accumulate,20260802,random,1,4,1,one_or_more_tile_stripes,2,compressed_tlr,dense,205455360,2147483648,2352939008,205455360,4294967296,0.595672607421875,35.664427,35.664427,27.588805,27.564805,88.6724875,88.070433,3.2140749662770824,3.195031961952932,6.485132181504e12,6.73236123648e12,3.672248803827751,244025.11223229856,793580.3557745462,false,27.564805;27.580888;27.596722;27.809461,,NVIDIA H100 80GB HBM3,1.12.6
workspace_tuning__20260803T201151.391Z__pid12447,20260803T201151.391Z,workspace_tuning,compressed,compressed_dense__N32768__q16__uniform__r64-128__bf16__q8__w4,dense__N32768__bf16,compressed_dense,32768,16,2048,16,uniform,b32_b16,64,128,94.37109375,,97.96875,,60,,9,,q8,bf16,Core.BFloat16,fp32_accumulate,20260802,random,1,4,1,one_or_more_tile_stripes,4,compressed_tlr,dense,205455360,2147483648,2352939008,410910720,4294967296,0.6435089111328125,13.499349,13.499349,27.766115499999998,27.62906,88.6724875,88.070433,3.1935503365604023,3.187601496395462,6.485132181504e12,6.73236123648e12,3.672248803827751,242466.80226047468,793580.3557745462,false,27.62906;27.920066;27.661118;27.871113,,NVIDIA H100 80GB HBM3,1.12.6
workspace_tuning__20260803T201151.391Z__pid12447,20260803T201151.391Z,workspace_tuning,compressed,compressed_dense__N32768__q16__uniform__r64-128__bf16__q8__w8,dense__N32768__bf16,compressed_dense,32768,16,2048,16,uniform,b32_b16,64,128,94.37109375,,97.96875,,60,,9,,q8,bf16,Core.BFloat16,fp32_accumulate,20260802,random,1,4,1,one_or_more_tile_stripes,8,compressed_tlr,dense,205455360,2147483648,2352939008,821821440,4294967296,0.7391815185546875,33.00453,33.00453,28.0500095,27.838363,88.6724875,88.070433,3.1612284302434905,3.163635483882439,6.485132181504e12,6.73236123648e12,3.672248803827751,240012.7970181258,793580.3557745462,false,27.838363;27.988588;28.221817;28.111431,,NVIDIA H100 80GB HBM3,1.12.6
workspace_tuning__20260803T201151.391Z__pid12447,20260803T201151.391Z,workspace_tuning,compressed,compressed_dense__N32768__q16__uniform__r64-128__bf16__q8__w16,dense__N32768__bf16,compressed_dense,32768,16,2048,16,uniform,b32_b16,64,128,94.37109375,,97.96875,,60,,9,,q8,bf16,Core.BFloat16,fp32_accumulate,20260802,random,1,4,1,one_or_more_tile_stripes,16,compressed_tlr,dense,205455360,2147483648,2352939008,1643642880,4294967296,0.9305267333984375,3.445102,3.445102,28.1771505,27.764674,88.6724875,88.070433,3.1469643284192275,3.1720319496638063,6.485132181504e12,6.73236123648e12,3.672248803827751,238929.81075144556,793580.3557745462,false,28.072384;27.764674;28.281917;28.45104,,NVIDIA H100 80GB HBM3,1.12.6
workspace_tuning__20260803T201151.391Z__pid12447,20260803T201151.391Z,workspace_tuning,compressed,dense_compressed__N32768__q16__uniform__r64-128__bf16__q8__w1,dense__N32768__bf16,dense_compressed,32768,16,2048,16,uniform,b32_b16,64,128,,94.37109375,,97.96875,,60,,9,q8,bf16,Core.BFloat16,fp32_accumulate,20260802,random,1,4,1,one_or_more_tile_stripes,1,dense,compressed_tlr,2147483648,205455360,2352939008,102727680,4294967296,0.5717544555664062,53.534803,53.534803,24.1188055,23.716989,88.6724875,88.070433,3.6764875233974585,3.713390135653391,6.485132181504e12,6.73236123648e12,3.672248803827751,279133.2778267149,793580.3557745462,false,23.716989;23.733394;24.504217;25.570132,,NVIDIA H100 80GB HBM3,1.12.6
workspace_tuning__20260803T201151.391Z__pid12447,20260803T201151.391Z,workspace_tuning,compressed,dense_compressed__N32768__q16__uniform__r64-128__bf16__q8__w2,dense__N32768__bf16,dense_compressed,32768,16,2048,16,uniform,b32_b16,64,128,,94.37109375,,97.96875,,60,,9,q8,bf16,Core.BFloat16,fp32_accumulate,20260802,random,1,4,1,one_or_more_tile_stripes,2,dense,compressed_tlr,2147483648,205455360,2352939008,205455360,4294967296,0.595672607421875,26.747992,26.747992,25.624246499999998,25.096913,88.6724875,88.070433,3.460491511428444,3.5092137825875236,6.485132181504e12,6.73236123648e12,3.672248803827751,262734.01781707024,793580.3557745462,false,25.096913;25.744271;25.504222;26.16424,,NVIDIA H100 80GB HBM3,1.12.6
workspace_tuning__20260803T201151.391Z__pid12447,20260803T201151.391Z,workspace_tuning,compressed,dense_compressed__N32768__q16__uniform__r64-128__bf16__q8__w4,dense__N32768__bf16,dense_compressed,32768,16,2048,16,uniform,b32_b16,64,128,,94.37109375,,97.96875,,60,,9,q8,bf16,Core.BFloat16,fp32_accumulate,20260802,random,1,4,1,one_or_more_tile_stripes,4,dense,compressed_tlr,2147483648,205455360,2352939008,410910720,4294967296,0.6435089111328125,13.365038,13.365038,29.561740999999998,29.16688,88.6724875,88.070433,2.9995691897848644,3.0195356171109147,6.485132181504e12,6.73236123648e12,3.672248803827751,227738.9967147064,793580.3557745462,false,29.16688;29.513479;29.610003;30.481205,,NVIDIA H100 80GB HBM3,1.12.6
workspace_tuning__20260803T201151.391Z__pid12447,20260803T201151.391Z,workspace_tuning,compressed,dense_compressed__N32768__q16__uniform__r64-128__bf16__q8__w8,dense__N32768__bf16,dense_compressed,32768,16,2048,16,uniform,b32_b16,64,128,,94.37109375,,97.96875,,60,,9,q8,bf16,Core.BFloat16,fp32_accumulate,20260802,random,1,4,1,one_or_more_tile_stripes,8,dense,compressed_tlr,2147483648,205455360,2352939008,821821440,4294967296,0.7391815185546875,6.685669,6.685669,31.8905635,31.795782,88.6724875,88.070433,2.7805243234413215,2.7698778724800666,6.485132181504e12,6.73236123648e12,3.672248803827751,211108.2557848186,793580.3557745462,false,31.795782;31.86837;31.912757;31.990593,,NVIDIA H100 80GB HBM3,1.12.6
workspace_tuning__20260803T201151.391Z__pid12447,20260803T201151.391Z,workspace_tuning,compressed,dense_compressed__N32768__q16__uniform__r64-128__bf16__q8__w16,dense__N32768__bf16,dense_compressed,32768,16,2048,16,uniform,b32_b16,64,128,,94.37109375,,97.96875,,60,,9,q8,bf16,Core.BFloat16,fp32_accumulate,20260802,random,1,4,1,one_or_more_tile_stripes,16,dense,compressed_tlr,2147483648,205455360,2352939008,1643642880,4294967296,0.9305267333984375,3.300806,3.300806,30.224933,29.968319,88.6724875,88.070433,2.933752987971884,2.938784554448983,6.485132181504e12,6.73236123648e12,3.672248803827751,222741.97386905705,793580.3557745462,false,30.354256;30.274197;29.968319;30.175669,,NVIDIA H100 80GB HBM3,1.12.6
workspace_tuning__20260803T201151.391Z__pid12447,20260803T201151.391Z,workspace_tuning,compressed,compressed_compressed__N32768__q16__uniform__r64-128__bf16__q8__w1,dense__N32768__bf16,compressed_compressed,32768,16,2048,16,uniform,b32_b16,64,128,94.37109375,94.8046875,97.96875,98.28125,60,63,9,9,q8,bf16,Core.BFloat16,fp32_accumulate,20260802,random,1,4,1,tlr_tlr_runs,1,compressed_tlr,compressed_tlr,205455360,206110720,411566080,1722512256,4294967296,0.49687883257865906,43.122091,43.122091,13.9718255,13.964314,88.6724875,88.070433,6.346521254506078,6.306821301783962,3.542761668608e12,3.689229582336e12,3.970149063893641,264047.7854762787,793580.3557745462,false,13.966187;14.005356;13.977464;13.964314,,NVIDIA H100 80GB HBM3,1.12.6
workspace_tuning__20260803T201151.391Z__pid12447,20260803T201151.391Z,workspace_tuning,compressed,compressed_compressed__N32768__q16__uniform__r64-128__bf16__q8__w2,dense__N32768__bf16,compressed_compressed,32768,16,2048,16,uniform,b32_b16,64,128,94.37109375,94.8046875,97.96875,98.28125,60,63,9,9,q8,bf16,Core.BFloat16,fp32_accumulate,20260802,random,1,4,1,tlr_tlr_runs,2,compressed_tlr,compressed_tlr,205455360,206110720,411566080,864138880,4294967296,0.297023206949234,73.898418,73.898418,13.768281,13.725037,88.6724875,88.070433,6.440345566741411,6.416771991215761,3.540077314048e12,3.684397744128e12,3.917069765608513,267600.41751965985,793580.3557745462,false,13.759798;13.725037;13.795462;13.776764,,NVIDIA H100 80GB HBM3,1.12.6
workspace_tuning__20260803T201151.391Z__pid12447,20260803T201151.391Z,workspace_tuning,compressed,compressed_compressed__N32768__q16__uniform__r64-128__bf16__q8__w4,dense__N32768__bf16,compressed_compressed,32768,16,2048,16,uniform,b32_b16,64,128,94.37109375,94.8046875,97.96875,98.28125,60,63,9,9,q8,bf16,Core.BFloat16,fp32_accumulate,20260802,random,1,4,1,tlr_tlr_runs,4,compressed_tlr,compressed_tlr,205455360,206110720,411566080,432588928,4294967296,0.19654515385627747,46.911037,46.911037,13.8348155,13.770304,88.6724875,88.070433,6.40937260782408,6.395678192725447,3.517327409152e12,3.663728214016e12,3.995951563872217,264819.4487317883,793580.3557745462,false,13.770304;13.841581;13.82805;13.873999,,NVIDIA H100 80GB HBM3,1.12.6
workspace_tuning__20260803T201151.391Z__pid12447,20260803T201151.391Z,workspace_tuning,compressed,compressed_compressed__N32768__q16__uniform__r64-128__bf16__q8__w8,dense__N32768__bf16,compressed_compressed,32768,16,2048,16,uniform,b32_b16,64,128,94.37109375,94.8046875,97.96875,98.28125,60,63,9,9,q8,bf16,Core.BFloat16,fp32_accumulate,20260802,random,1,4,1,tlr_tlr_runs,8,compressed_tlr,compressed_tlr,205455360,206110720,411566080,216485760,4294967296,0.14622971415519714,50.969446,50.969446,13.591942,13.49367,88.6724875,88.070433,6.5239012570830575,6.526796119958469,3.495248592896e12,3.642521812992e12,4.0431664560171425,267991.2710775252,793580.3557745462,false,13.49367;13.566509;13.641722;13.617375,,NVIDIA H100 80GB HBM3,1.12.6
workspace_tuning__20260803T201151.391Z__pid12447,20260803T201151.391Z,workspace_tuning,compressed,compressed_compressed__N32768__q16__uniform__r64-128__bf16__q8__w16,dense__N32768__bf16,compressed_compressed,32768,16,2048,16,uniform,b32_b16,64,128,94.37109375,94.8046875,97.96875,98.28125,60,63,9,9,q8,bf16,Core.BFloat16,fp32_accumulate,20260802,random,1,4,1,tlr_tlr_runs,16,compressed_tlr,compressed_tlr,205455360,206110720,411566080,108443008,4294967296,0.12107405066490173,57.763758,57.763758,13.902581999999999,13.843553,88.6724875,88.070433,6.378130875257561,6.361837383798798,3.469092913152e12,3.614000545792e12,4.009618449248015,259951.75182509268,793580.3557745462,false,13.908411;13.930444;13.896753;13.843553,,NVIDIA H100 80GB HBM3,1.12.6
workspace_tuning__20260803T201151.391Z__pid12447,20260803T201151.391Z,workspace_tuning,compressed,compressed_compressed__N32768__q16__uniform__r64-128__bf16__q8__w32,dense__N32768__bf16,compressed_compressed,32768,16,2048,16,uniform,b32_b16,64,128,94.37109375,94.8046875,97.96875,98.28125,60,63,9,9,q8,bf16,Core.BFloat16,fp32_accumulate,20260802,random,1,4,1,tlr_tlr_runs,32,compressed_tlr,compressed_tlr,205455360,206110720,411566080,55379840,4294967296,0.10871931910514832,68.04266,68.04266,14.111639499999999,14.096552,88.6724875,88.070433,6.283641776704968,6.247657796034093,3.465318039552e12,3.609906905088e12,4.005335022136126,255810.5955787774,793580.3557745462,false,14.105746;14.096552;14.121098;14.117533,,NVIDIA H100 80GB HBM3,1.12.6
workspace_tuning__20260803T201151.391Z__pid12447,20260803T201151.391Z,workspace_tuning,compressed,compressed_compressed__N32768__q16__uniform__r64-128__bf16__q8__w64,dense__N32768__bf16,compressed_compressed,32768,16,2048,16,uniform,b32_b16,64,128,94.37109375,94.8046875,97.96875,98.28125,60,63,9,9,q8,bf16,Core.BFloat16,fp32_accumulate,20260802,random,1,4,1,tlr_tlr_runs,64,compressed_tlr,compressed_tlr,205455360,206110720,411566080,27831680,4294967296,0.10230526328086853,91.656746,91.656746,15.6749525,15.648092,88.6724875,88.070433,5.656954143880181,5.628189877717999,3.463111835648e12,3.607826530304e12,4.011132282565874,230165.06941912582,793580.3557745462,false,15.692579;15.648092;15.834821;15.657326,,NVIDIA H100 80GB HBM3,1.12.6
workspace_tuning__20260803T201151.391Z__pid12447,20260803T201151.391Z,workspace_tuning,compressed,compressed_dense__N32768__q8__uniform__r128-256__bf16__q8__w1,dense__N32768__bf16,compressed_dense,32768,8,4096,8,uniform,b32_b16,128,256,190.40625,,194.25,,53,,17,,q8,bf16,Core.BFloat16,fp32_accumulate,20260802,random,1,4,1,one_or_more_tile_stripes,1,compressed_tlr,dense,203685888,2147483648,2351169536,101842944,4294967296,0.571136474609375,8.569546,8.569546,26.385396,25.985342,88.6724875,88.070433,3.3606654036952865,3.3892350926149057,6.542308933632e12,6.674379177984e12,1.9787644787644787,252957.32449814284,793580.3557745462,false,26.432912;25.985342;26.33788;26.478119,,NVIDIA H100 80GB HBM3,1.12.6
workspace_tuning__20260803T201151.391Z__pid12447,20260803T201151.391Z,workspace_tuning,compressed,compressed_dense__N32768__q8__uniform__r128-256__bf16__q8__w2,dense__N32768__bf16,compressed_dense,32768,8,4096,8,uniform,b32_b16,128,256,190.40625,,194.25,,53,,17,,q8,bf16,Core.BFloat16,fp32_accumulate,20260802,random,1,4,1,one_or_more_tile_stripes,2,compressed_tlr,dense,203685888,2147483648,2351169536,203685888,4294967296,0.5948486328125,4.571317,4.571317,26.375705500000002,25.984491,88.6724875,88.070433,3.3619001205484342,3.3893460910971855,6.542308933632e12,6.674379177984e12,1.9787644787644787,253050.2616502144,793580.3557745462,false,26.362095;25.984491;26.389316;26.553232,,NVIDIA H100 80GB HBM3,1.12.6
workspace_tuning__20260803T201151.391Z__pid12447,20260803T201151.391Z,workspace_tuning,compressed,compressed_dense__N32768__q8__uniform__r128-256__bf16__q8__w4,dense__N32768__bf16,compressed_dense,32768,8,4096,8,uniform,b32_b16,128,256,190.40625,,194.25,,53,,17,,q8,bf16,Core.BFloat16,fp32_accumulate,20260802,random,1,4,1,one_or_more_tile_stripes,4,compressed_tlr,dense,203685888,2147483648,2351169536,407371776,4294967296,0.64227294921875,2.115443,2.115443,26.5573025,26.208115,88.6724875,88.070433,3.33891167975362,3.360426074137724,6.542308933632e12,6.674379177984e12,1.9787644787644787,251319.92144096713,793580.3557745462,false,26.516617;26.597988;26.730577;26.208115,,NVIDIA H100 80GB HBM3,1.12.6
workspace_tuning__20260803T201151.391Z__pid12447,20260803T201151.391Z,workspace_tuning,compressed,compressed_dense__N32768__q8__uniform__r128-256__bf16__q8__w8,dense__N32768__bf16,compressed_dense,32768,8,4096,8,uniform,b32_b16,128,256,190.40625,,194.25,,53,,17,,q8,bf16,Core.BFloat16,fp32_accumulate,20260802,random,1,4,1,one_or_more_tile_stripes,8,compressed_tlr,dense,203685888,2147483648,2351169536,814743552,4294967296,0.73712158203125,1.0766,1.0766,26.923524999999998,26.272642,88.6724875,88.070433,3.293494722552118,3.3521726897508057,6.542308933632e12,6.674379177984e12,1.9787644787644787,247901.38653775837,793580.3557745462,false,26.771938;26.272642;27.226297;27.075112,,NVIDIA H100 80GB HBM3,1.12.6
workspace_tuning__20260803T201151.391Z__pid12447,20260803T201151.391Z,workspace_tuning,compressed,dense_compressed__N32768__q8__uniform__r128-256__bf16__q8__w1,dense__N32768__bf16,dense_compressed,32768,8,4096,8,uniform,b32_b16,128,256,,190.40625,,194.25,,53,,17,q8,bf16,Core.BFloat16,fp32_accumulate,20260802,random,1,4,1,one_or_more_tile_stripes,1,dense,compressed_tlr,2147483648,203685888,2351169536,101842944,4294967296,0.571136474609375,8.427163,8.427163,22.5746915,22.310637,88.6724875,88.070433,3.9279601008058074,3.947463848746228,6.542308933632e12,6.674379177984e12,1.9787644787644787,295657.60302788636,793580.3557745462,false,22.310637;22.538187;22.896071;22.611196,,NVIDIA H100 80GB HBM3,1.12.6
workspace_tuning__20260803T201151.391Z__pid12447,20260803T201151.391Z,workspace_tuning,compressed,dense_compressed__N32768__q8__uniform__r128-256__bf16__q8__w2,dense__N32768__bf16,dense_compressed,32768,8,4096,8,uniform,b32_b16,128,256,,190.40625,,194.25,,53,,17,q8,bf16,Core.BFloat16,fp32_accumulate,20260802,random,1,4,1,one_or_more_tile_stripes,2,dense,compressed_tlr,2147483648,203685888,2351169536,203685888,4294967296,0.5948486328125,4.14607,4.14607,23.4448725,23.08167,88.6724875,88.070433,3.7821697473509404,3.8156005609646093,6.542308933632e12,6.674379177984e12,1.9787644787644787,284683.9614070838,793580.3557745462,false,23.297693;23.08167;23.592052;24.165661,,NVIDIA H100 80GB HBM3,1.12.6
workspace_tuning__20260803T201151.391Z__pid12447,20260803T201151.391Z,workspace_tuning,compressed,dense_compressed__N32768__q8__uniform__r128-256__bf16__q8__w4,dense__N32768__bf16,dense_compressed,32768,8,4096,8,uniform,b32_b16,128,256,,190.40625,,194.25,,53,,17,q8,bf16,Core.BFloat16,fp32_accumulate,20260802,random,1,4,1,one_or_more_tile_stripes,4,dense,compressed_tlr,2147483648,203685888,2351169536,407371776,4294967296,0.64227294921875,2.170126,2.170126,24.8402095,24.049507,88.6724875,88.070433,3.5697157666886827,3.6620473342759166,6.542308933632e12,6.674379177984e12,1.9787644787644787,268692.5477816119,793580.3557745462,false,24.049507;24.624547;25.055872;25.147419,,NVIDIA H100 80GB HBM3,1.12.6
workspace_tuning__20260803T201151.391Z__pid12447,20260803T201151.391Z,workspace_tuning,compressed,dense_compressed__N32768__q8__uniform__r128-256__bf16__q8__w8,dense__N32768__bf16,dense_compressed,32768,8,4096,8,uniform,b32_b16,128,256,,190.40625,,194.25,,53,,17,q8,bf16,Core.BFloat16,fp32_accumulate,20260802,random,1,4,1,one_or_more_tile_stripes,8,dense,compressed_tlr,2147483648,203685888,2351169536,814743552,4294967296,0.73712158203125,1.293194,1.293194,27.861408,27.079759,88.6724875,88.070433,3.182627651122298,3.2522605906500126,6.542308933632e12,6.674379177984e12,1.9787644787644787,239556.42076610055,793580.3557745462,false,27.079759;27.808609;27.914207;27.935828,,NVIDIA H100 80GB HBM3,1.12.6
workspace_tuning__20260803T201151.391Z__pid12447,20260803T201151.391Z,workspace_tuning,compressed,compressed_compressed__N32768__q8__uniform__r128-256__bf16__q8__w1,dense__N32768__bf16,compressed_compressed,32768,8,4096,8,uniform,b32_b16,128,256,190.40625,192.4375,194.25,195.75,53,50,17,16,q8,bf16,Core.BFloat16,fp32_accumulate,20260802,random,1,4,1,tlr_tlr_runs,1,compressed_tlr,compressed_tlr,203685888,205258752,408944640,853678208,4294967296,0.293977290391922,6.336918,6.336918,12.970552999999999,12.960062,88.6724875,88.070433,6.836446179280098,6.795525592392998,3.578462322688e12,3.656142290944e12,2.124642917985103,281880.21674511494,793580.3557745462,false,12.979842;12.960062;12.961264;13.01175,,NVIDIA H100 80GB HBM3,1.12.6
workspace_tuning__20260803T201151.391Z__pid12447,20260803T201151.391Z,workspace_tuning,compressed,compressed_compressed__N32768__q8__uniform__r128-256__bf16__q8__w2,dense__N32768__bf16,compressed_compressed,32768,8,4096,8,uniform,b32_b16,128,256,190.40625,192.4375,194.25,195.75,53,50,17,16,q8,bf16,Core.BFloat16,fp32_accumulate,20260802,random,1,4,1,tlr_tlr_runs,2,compressed_tlr,compressed_tlr,203685888,205258752,408944640,430879360,4294967296,0.1955367624759674,7.231244,7.231244,12.3136255,12.255068,88.6724875,88.070433,7.201168128752982,7.186449965026713,3.52262774784e12,3.593865265152e12,1.9821977747122654,291860.85488404694,793580.3557745462,false,12.300105;12.255068;12.327146;12.446534,,NVIDIA H100 80GB HBM3,1.12.6
workspace_tuning__20260803T201151.391Z__pid12447,20260803T201151.391Z,workspace_tuning,compressed,compressed_compressed__N32768__q8__uniform__r128-256__bf16__q8__w4,dense__N32768__bf16,compressed_compressed,32768,8,4096,8,uniform,b32_b16,128,256,190.40625,192.4375,194.25,195.75,53,50,17,16,q8,bf16,Core.BFloat16,fp32_accumulate,20260802,random,1,4,1,tlr_tlr_runs,4,compressed_tlr,compressed_tlr,203685888,205258752,408944640,216519552,4294967296,0.1456272304058075,8.091741,8.091741,12.454887,12.439834,88.6724875,88.070433,7.119493536954611,7.079711272674539,3.45954541568e12,3.532661981184e12,2.06973001927273,283636.61438148736,793580.3557745462,false,12.462148;12.521145;12.447626;12.439834,,NVIDIA H100 80GB HBM3,1.12.6
workspace_tuning__20260803T201151.391Z__pid12447,20260803T201151.391Z,workspace_tuning,compressed,compressed_compressed__N32768__q8__uniform__r128-256__bf16__q8__w8,dense__N32768__bf16,compressed_compressed,32768,8,4096,8,uniform,b32_b16,128,256,190.40625,192.4375,194.25,195.75,53,50,17,16,q8,bf16,Core.BFloat16,fp32_accumulate,20260802,random,1,4,1,tlr_tlr_runs,8,compressed_tlr,compressed_tlr,203685888,205258752,408944640,108411648,4294967296,0.12045639753341675,10.246635,10.246635,12.692237,12.655587,88.6724875,88.070433,6.986356108856145,6.959016045640553,3.45954541568e12,3.532661981184e12,2.06973001927273,278332.49419972225,793580.3557745462,false,12.673123;12.711351;12.655587;12.812381,,NVIDIA H100 80GB HBM3,1.12.6
workspace_tuning__20260803T201151.391Z__pid12447,20260803T201151.391Z,workspace_tuning,compressed,compressed_compressed__N32768__q8__uniform__r128-256__bf16__q8__w16,dense__N32768__bf16,compressed_compressed,32768,8,4096,8,uniform,b32_b16,128,256,190.40625,192.4375,194.25,195.75,53,50,17,16,q8,bf16,Core.BFloat16,fp32_accumulate,20260802,random,1,4,1,tlr_tlr_runs,16,compressed_tlr,compressed_tlr,203685888,205258752,408944640,57174016,4294967296,0.10852670669555664,15.250588,15.250588,12.585206,12.559694,88.6724875,88.070433,7.045771638541316,7.012147987044907,3.437969915904e12,3.509039661056e12,2.02533319702099,278822.5843149488,793580.3557745462,false,12.559694;12.562898;12.607514;12.636198,,NVIDIA H100 80GB HBM3,1.12.6
workspace_tuning__20260803T201151.391Z__pid12447,20260803T201151.391Z,workspace_tuning,compressed,compressed_compressed__N32768__q8__uniform__r128-256__bf16__q8__w32,dense__N32768__bf16,compressed_compressed,32768,8,4096,8,uniform,b32_b16,128,256,190.40625,192.4375,194.25,195.75,53,50,17,16,q8,bf16,Core.BFloat16,fp32_accumulate,20260802,random,1,4,1,tlr_tlr_runs,32,compressed_tlr,compressed_tlr,203685888,205258752,408944640,29766912,4294967296,0.1021454930305481,142.609628,142.609628,13.7518015,13.724125,88.6724875,88.070433,6.448063368279422,6.417198400626633,3.436459966464e12,3.50742904832e12,2.0233932284387337,255052.3324758578,793580.3557745462,false,13.746268;13.757335;13.766869;13.724125,,NVIDIA H100 80GB HBM3,1.12.6
workspace_tuning__20260803T201151.391Z__pid12447,20260803T201151.391Z,workspace_tuning,compressed,compressed_compressed__N32768__q8__uniform__r128-256__bf16__q8__w64,dense__N32768__bf16,compressed_compressed,32768,8,4096,8,uniform,b32_b16,128,256,190.40625,192.4375,194.25,195.75,53,50,17,16,q8,bf16,Core.BFloat16,fp32_accumulate,20260802,random,1,4,1,tlr_tlr_runs,64,compressed_tlr,compressed_tlr,203685888,205258752,408944640,15437952,4294967296,0.09880927205085754,42.328073,42.328073,15.086067,14.891611,88.6724875,88.070433,5.877773676863559,5.914097071163086,3.41944786944e12,3.489712308224e12,2.013473678572641,231320.21806770447,793580.3557745462,false,14.972903;15.199231;15.464888;14.891611,,NVIDIA H100 80GB HBM3,1.12.6
workspace_tuning__20260803T201151.391Z__pid12447,20260803T201151.391Z,workspace_tuning,baseline,dense__N32768__fp16,dense__N32768__fp16,dense_dense,32768,,,,,,,,,,,,,,,,,fp16,Float16,fp32_accumulate,20260802,random,1,4,0,none,0,dense,dense,2147483648,2147483648,4294967296,0,4294967296,1.0,,,92.13336849999999,91.721222,92.13336849999999,91.721222,1.0,1.0,7.0368744177664e13,7.0368744177664e13,0.0,763770.4484631321,763770.4484631321,false,99.945642;92.250954;91.721222;92.015783,99.945642;92.250954;91.721222;92.015783,NVIDIA H100 80GB HBM3,1.12.6
workspace_tuning__20260803T201151.391Z__pid12447,20260803T201151.391Z,workspace_tuning,compressed,compressed_dense__N32768__q16__uniform__r64-128__fp16__q8__w1,dense__N32768__fp16,compressed_dense,32768,16,2048,16,uniform,b32_b16,64,128,94.37109375,,97.96875,,60,,9,,q8,fp16,Float16,fp32_accumulate,20260802,random,1,4,1,one_or_more_tile_stripes,1,compressed_tlr,dense,205455360,2147483648,2352939008,102727680,4294967296,0.5717544555664062,55.003921,55.003921,27.4337285,27.203263,92.13336849999999,91.721222,3.3583976199224974,3.3716992700471264,6.485132181504e12,6.73236123648e12,3.672248803827751,245404.52955492362,763770.4484631321,false,27.232968;27.203263;27.634489;27.752155,,NVIDIA H100 80GB HBM3,1.12.6
workspace_tuning__20260803T201151.391Z__pid12447,20260803T201151.391Z,workspace_tuning,compressed,compressed_dense__N32768__q16__uniform__r64-128__fp16__q8__w2,dense__N32768__fp16,compressed_dense,32768,16,2048,16,uniform,b32_b16,64,128,94.37109375,,97.96875,,60,,9,,q8,fp16,Float16,fp32_accumulate,20260802,random,1,4,1,one_or_more_tile_stripes,2,compressed_tlr,dense,205455360,2147483648,2352939008,205455360,4294967296,0.595672607421875,27.501619,27.501619,27.725113999999998,27.480528,92.13336849999999,91.721222,3.323101520881032,3.3376804841595473,6.485132181504e12,6.73236123648e12,3.672248803827751,242825.37617266428,763770.4484631321,false,27.480528;27.680758;27.76947;27.835398,,NVIDIA H100 80GB HBM3,1.12.6
workspace_tuning__20260803T201151.391Z__pid12447,20260803T201151.391Z,workspace_tuning,compressed,compressed_dense__N32768__q16__uniform__r64-128__fp16__q8__w4,dense__N32768__fp16,compressed_dense,32768,16,2048,16,uniform,b32_b16,64,128,94.37109375,,97.96875,,60,,9,,q8,fp16,Float16,fp32_accumulate,20260802,random,1,4,1,one_or_more_tile_stripes,4,compressed_tlr,dense,205455360,2147483648,2352939008,410910720,4294967296,0.6435089111328125,74.077616,74.077616,28.129844499999997,27.77601,92.13336849999999,91.721222,3.275288937341975,3.30217414236242,6.485132181504e12,6.73236123648e12,3.672248803827751,239331.61935822293,763770.4484631321,false,27.77601;28.108818;28.150871;28.387184,,NVIDIA H100 80GB HBM3,1.12.6
workspace_tuning__20260803T201151.391Z__pid12447,20260803T201151.391Z,workspace_tuning,compressed,compressed_dense__N32768__q16__uniform__r64-128__fp16__q8__w8,dense__N32768__fp16,compressed_dense,32768,16,2048,16,uniform,b32_b16,64,128,94.37109375,,97.96875,,60,,9,,q8,fp16,Float16,fp32_accumulate,20260802,random,1,4,1,one_or_more_tile_stripes,8,compressed_tlr,dense,205455360,2147483648,2352939008,821821440,4294967296,0.7391815185546875,7.998552,7.998552,28.0880065,27.937241,92.13336849999999,91.721222,3.2801675868310554,3.2831166828535427,6.485132181504e12,6.73236123648e12,3.672248803827751,239688.11159595824,763770.4484631321,false,27.937241;28.022458;28.153555;28.334686,,NVIDIA H100 80GB HBM3,1.12.6
workspace_tuning__20260803T201151.391Z__pid12447,20260803T201151.391Z,workspace_tuning,compressed,compressed_dense__N32768__q16__uniform__r64-128__fp16__q8__w16,dense__N32768__fp16,compressed_dense,32768,16,2048,16,uniform,b32_b16,64,128,94.37109375,,97.96875,,60,,9,,q8,fp16,Float16,fp32_accumulate,20260802,random,1,4,1,one_or_more_tile_stripes,16,compressed_tlr,dense,205455360,2147483648,2352939008,1643642880,4294967296,0.9305267333984375,5.903639,5.903639,28.1440655,28.096119,92.13336849999999,91.721222,3.273633956686179,3.2645513068904637,6.485132181504e12,6.73236123648e12,3.672248803827751,239210.6867602337,763770.4484631321,false,28.096119;28.100125;28.238161;28.188006,,NVIDIA H100 80GB HBM3,1.12.6
workspace_tuning__20260803T201151.391Z__pid12447,20260803T201151.391Z,workspace_tuning,compressed,dense_compressed__N32768__q16__uniform__r64-128__fp16__q8__w1,dense__N32768__fp16,dense_compressed,32768,16,2048,16,uniform,b32_b16,64,128,,94.37109375,,97.96875,,60,,9,q8,fp16,Float16,fp32_accumulate,20260802,random,1,4,1,one_or_more_tile_stripes,1,dense,compressed_tlr,2147483648,205455360,2352939008,102727680,4294967296,0.5717544555664062,53.302666,53.302666,25.600757,24.206091,92.13336849999999,91.721222,3.598853287814887,3.7891794259552274,6.485132181504e12,6.73236123648e12,3.672248803827751,262975.0845445703,763770.4484631321,false,24.206091;25.586015;25.615499;26.161736,,NVIDIA H100 80GB HBM3,1.12.6
workspace_tuning__20260803T201151.391Z__pid12447,20260803T201151.391Z,workspace_tuning,compressed,dense_compressed__N32768__q16__uniform__r64-128__fp16__q8__w2,dense__N32768__fp16,dense_compressed,32768,16,2048,16,uniform,b32_b16,64,128,,94.37109375,,97.96875,,60,,9,q8,fp16,Float16,fp32_accumulate,20260802,random,1,4,1,one_or_more_tile_stripes,2,dense,compressed_tlr,2147483648,205455360,2352939008,205455360,4294967296,0.595672607421875,26.602815,26.602815,26.804637,25.574658,92.13336849999999,91.721222,3.4372175418753104,3.586410500582256,6.485132181504e12,6.73236123648e12,3.672248803827751,251164.05181983998,763770.4484631321,false,25.574658;26.651999;27.169283;26.957275,,NVIDIA H100 80GB HBM3,1.12.6
workspace_tuning__20260803T201151.391Z__pid12447,20260803T201151.391Z,workspace_tuning,compressed,dense_compressed__N32768__q16__uniform__r64-128__fp16__q8__w4,dense__N32768__fp16,dense_compressed,32768,16,2048,16,uniform,b32_b16,64,128,,94.37109375,,97.96875,,60,,9,q8,fp16,Float16,fp32_accumulate,20260802,random,1,4,1,one_or_more_tile_stripes,4,dense,compressed_tlr,2147483648,205455360,2352939008,410910720,4294967296,0.6435089111328125,13.499509,13.499509,30.3778705,29.592726,92.13336849999999,91.721222,3.0329107005706666,3.0994516017213147,6.485132181504e12,6.73236123648e12,3.672248803827751,221620.578587956,763770.4484631321,false,29.592726;30.340755;30.436889;30.414986,,NVIDIA H100 80GB HBM3,1.12.6
workspace_tuning__20260803T201151.391Z__pid12447,20260803T201151.391Z,workspace_tuning,compressed,dense_compressed__N32768__q16__uniform__r64-128__fp16__q8__w8,dense__N32768__fp16,dense_compressed,32768,16,2048,16,uniform,b32_b16,64,128,,94.37109375,,97.96875,,60,,9,q8,fp16,Float16,fp32_accumulate,20260802,random,1,4,1,one_or_more_tile_stripes,8,dense,compressed_tlr,2147483648,205455360,2352939008,821821440,4294967296,0.7391815185546875,6.609845,6.609845,33.1069225,32.035731,92.13336849999999,91.721222,2.782903439605417,2.86309127767367,6.485132181504e12,6.73236123648e12,3.672248803827751,203352.0704462941,763770.4484631321,false,32.035731;33.156516;33.137618;33.076227,,NVIDIA H100 80GB HBM3,1.12.6
workspace_tuning__20260803T201151.391Z__pid12447,20260803T201151.391Z,workspace_tuning,compressed,dense_compressed__N32768__q16__uniform__r64-128__fp16__q8__w16,dense__N32768__fp16,dense_compressed,32768,16,2048,16,uniform,b32_b16,64,128,,94.37109375,,97.96875,,60,,9,q8,fp16,Float16,fp32_accumulate,20260802,random,1,4,1,one_or_more_tile_stripes,16,dense,compressed_tlr,2147483648,205455360,2352939008,1643642880,4294967296,0.9305267333984375,3.246015,3.246015,30.774364499999997,30.08917,92.13336849999999,91.721222,2.993834966112785,3.048313462950291,6.485132181504e12,6.73236123648e12,3.672248803827751,218765.2400256714,763770.4484631321,false,30.08917;31.057577;30.748496;30.800233,,NVIDIA H100 80GB HBM3,1.12.6
workspace_tuning__20260803T201151.391Z__pid12447,20260803T201151.391Z,workspace_tuning,compressed,compressed_compressed__N32768__q16__uniform__r64-128__fp16__q8__w1,dense__N32768__fp16,compressed_compressed,32768,16,2048,16,uniform,b32_b16,64,128,94.37109375,94.8046875,97.96875,98.28125,60,63,9,9,q8,fp16,Float16,fp32_accumulate,20260802,random,1,4,1,tlr_tlr_runs,1,compressed_tlr,compressed_tlr,205455360,206110720,411566080,1722512256,4294967296,0.49687883257865906,43.075952,43.075952,13.8913195,13.873999,92.13336849999999,91.721222,6.632441828150306,6.6110154685754265,3.542761668608e12,3.689229582336e12,3.970149063893641,265578.0527066561,763770.4484631321,false,13.873999;13.875831;13.915892;13.906808,,NVIDIA H100 80GB HBM3,1.12.6
workspace_tuning__20260803T201151.391Z__pid12447,20260803T201151.391Z,workspace_tuning,compressed,compressed_compressed__N32768__q16__uniform__r64-128__fp16__q8__w2,dense__N32768__fp16,compressed_compressed,32768,16,2048,16,uniform,b32_b16,64,128,94.37109375,94.8046875,97.96875,98.28125,60,63,9,9,q8,fp16,Float16,fp32_accumulate,20260802,random,1,4,1,tlr_tlr_runs,2,compressed_tlr,compressed_tlr,205455360,206110720,411566080,864138880,4294967296,0.297023206949234,44.053383,44.053383,13.7920765,13.759287,92.13336849999999,91.721222,6.680166579702482,6.6661319005846735,3.540077314048e12,3.684397744128e12,3.917069765608513,267138.72592919564,763770.4484631321,false,13.759287;13.777815;13.806338;13.970974,,NVIDIA H100 80GB HBM3,1.12.6
workspace_tuning__20260803T201151.391Z__pid12447,20260803T201151.391Z,workspace_tuning,compressed,compressed_compressed__N32768__q16__uniform__r64-128__fp16__q8__w4,dense__N32768__fp16,compressed_compressed,32768,16,2048,16,uniform,b32_b16,64,128,94.37109375,94.8046875,97.96875,98.28125,60,63,9,9,q8,fp16,Float16,fp32_accumulate,20260802,random,1,4,1,tlr_tlr_runs,4,compressed_tlr,compressed_tlr,205455360,206110720,411566080,432588928,4294967296,0.19654515385627747,46.989284,46.989284,13.717976,13.6742,92.13336849999999,91.721222,6.716250888615054,6.707611560456918,3.517327409152e12,3.663728214016e12,3.995951563872217,267074.9835118534,763770.4484631321,false,13.684356;13.751596;13.6742;13.836693,,NVIDIA H100 80GB HBM3,1.12.6
workspace_tuning__20260803T201151.391Z__pid12447,20260803T201151.391Z,workspace_tuning,compressed,compressed_compressed__N32768__q16__uniform__r64-128__fp16__q8__w8,dense__N32768__fp16,compressed_compressed,32768,16,2048,16,uniform,b32_b16,64,128,94.37109375,94.8046875,97.96875,98.28125,60,63,9,9,q8,fp16,Float16,fp32_accumulate,20260802,random,1,4,1,tlr_tlr_runs,8,compressed_tlr,compressed_tlr,205455360,206110720,411566080,216485760,4294967296,0.14622971415519714,51.31303,51.31303,13.518016,13.443836,92.13336849999999,91.721222,6.815598420655812,6.822548415496887,3.495248592896e12,3.642521812992e12,4.0431664560171425,269456.8354551437,763770.4484631321,false,13.493209;13.443836;13.563505;13.542823,,NVIDIA H100 80GB HBM3,1.12.6
workspace_tuning__20260803T201151.391Z__pid12447,20260803T201151.391Z,workspace_tuning,compressed,compressed_compressed__N32768__q16__uniform__r64-128__fp16__q8__w16,dense__N32768__fp16,compressed_compressed,32768,16,2048,16,uniform,b32_b16,64,128,94.37109375,94.8046875,97.96875,98.28125,60,63,9,9,q8,fp16,Float16,fp32_accumulate,20260802,random,1,4,1,tlr_tlr_runs,16,compressed_tlr,compressed_tlr,205455360,206110720,411566080,108443008,4294967296,0.12107405066490173,57.540233,57.540233,13.670339,13.655973,92.13336849999999,91.721222,6.739654993193657,6.716564392738621,3.469092913152e12,3.614000545792e12,4.009618449248015,264368.0267030686,763770.4484631321,false,13.68102;13.655973;13.659658;13.782412,,NVIDIA H100 80GB HBM3,1.12.6
workspace_tuning__20260803T201151.391Z__pid12447,20260803T201151.391Z,workspace_tuning,compressed,compressed_compressed__N32768__q16__uniform__r64-128__fp16__q8__w32,dense__N32768__fp16,compressed_compressed,32768,16,2048,16,uniform,b32_b16,64,128,94.37109375,94.8046875,97.96875,98.28125,60,63,9,9,q8,fp16,Float16,fp32_accumulate,20260802,random,1,4,1,tlr_tlr_runs,32,compressed_tlr,compressed_tlr,205455360,206110720,411566080,55379840,4294967296,0.10871931910514832,67.759607,67.759607,14.0207535,14.005917,92.13336849999999,91.721222,6.571213772498032,6.548748075545499,3.465318039552e12,3.609906905088e12,4.005335022136126,257468.8232760101,763770.4484631321,false,14.015661;14.046977;14.005917;14.025846,,NVIDIA H100 80GB HBM3,1.12.6
workspace_tuning__20260803T201151.391Z__pid12447,20260803T201151.391Z,workspace_tuning,compressed,compressed_compressed__N32768__q16__uniform__r64-128__fp16__q8__w64,dense__N32768__fp16,compressed_compressed,32768,16,2048,16,uniform,b32_b16,64,128,94.37109375,94.8046875,97.96875,98.28125,60,63,9,9,q8,fp16,Float16,fp32_accumulate,20260802,random,1,4,1,tlr_tlr_runs,64,compressed_tlr,compressed_tlr,205455360,206110720,411566080,27831680,4294967296,0.10230526328086853,91.455665,91.455665,15.5129405,15.502635,92.13336849999999,91.721222,5.93912988320944,5.916492389842114,3.463111835648e12,3.607826530304e12,4.011132282565874,232568.83698509642,763770.4484631321,false,15.502635;15.588943;15.514593;15.511288,,NVIDIA H100 80GB HBM3,1.12.6
workspace_tuning__20260803T201151.391Z__pid12447,20260803T201151.391Z,workspace_tuning,compressed,compressed_dense__N32768__q8__uniform__r128-256__fp16__q8__w1,dense__N32768__fp16,compressed_dense,32768,8,4096,8,uniform,b32_b16,128,256,190.40625,,194.25,,53,,17,,q8,fp16,Float16,fp32_accumulate,20260802,random,1,4,1,one_or_more_tile_stripes,1,compressed_tlr,dense,203685888,2147483648,2351169536,101842944,4294967296,0.571136474609375,9.052128,9.052128,26.8467805,26.548484,92.13336849999999,91.721222,3.4318218715275743,3.4548572340326476,6.542308933632e12,6.674379177984e12,1.9787644787644787,248610.04014928345,763770.4484631321,false,26.548484;27.010105;26.956234;26.737327,,NVIDIA H100 80GB HBM3,1.12.6
workspace_tuning__20260803T201151.391Z__pid12447,20260803T201151.391Z,workspace_tuning,compressed,compressed_dense__N32768__q8__uniform__r128-256__fp16__q8__w2,dense__N32768__fp16,compressed_dense,32768,8,4096,8,uniform,b32_b16,128,256,190.40625,,194.25,,53,,17,,q8,fp16,Float16,fp32_accumulate,20260802,random,1,4,1,one_or_more_tile_stripes,2,compressed_tlr,dense,203685888,2147483648,2351169536,203685888,4294967296,0.5948486328125,4.343255,4.343255,26.478279,26.141616,92.13336849999999,91.721222,3.4795829630770183,3.5086286172974157,6.542308933632e12,6.674379177984e12,1.9787644787644787,252069.97697939508,763770.4484631321,false,26.141616;26.414083;26.542475;26.851637,,NVIDIA H100 80GB HBM3,1.12.6
workspace_tuning__20260803T201151.391Z__pid12447,20260803T201151.391Z,workspace_tuning,compressed,compressed_dense__N32768__q8__uniform__r128-256__fp16__q8__w4,dense__N32768__fp16,compressed_dense,32768,8,4096,8,uniform,b32_b16,128,256,190.40625,,194.25,,53,,17,,q8,fp16,Float16,fp32_accumulate,20260802,random,1,4,1,one_or_more_tile_stripes,4,compressed_tlr,dense,203685888,2147483648,2351169536,407371776,4294967296,0.64227294921875,2.024548,2.024548,26.5325555,26.415715,92.13336849999999,91.721222,3.4724649308657805,3.472221819473749,6.542308933632e12,6.674379177984e12,1.9787644787644787,251554.3283414219,763770.4484631321,false,26.450858;26.415715;27.022002;26.614253,,NVIDIA H100 80GB HBM3,1.12.6
workspace_tuning__20260803T201151.391Z__pid12447,20260803T201151.391Z,workspace_tuning,compressed,compressed_dense__N32768__q8__uniform__r128-256__fp16__q8__w8,dense__N32768__fp16,compressed_dense,32768,8,4096,8,uniform,b32_b16,128,256,190.40625,,194.25,,53,,17,,q8,fp16,Float16,fp32_accumulate,20260802,random,1,4,1,one_or_more_tile_stripes,8,compressed_tlr,dense,203685888,2147483648,2351169536,814743552,4294967296,0.73712158203125,1.144522,1.144522,27.4129065,26.8468,92.13336849999999,91.721222,3.360948555382115,3.416467586453506,6.542308933632e12,6.674379177984e12,1.9787644787644787,243475.7940747363,763770.4484631321,false,26.8468;27.275231;27.550582;27.574488,,NVIDIA H100 80GB HBM3,1.12.6
workspace_tuning__20260803T201151.391Z__pid12447,20260803T201151.391Z,workspace_tuning,compressed,dense_compressed__N32768__q8__uniform__r128-256__fp16__q8__w1,dense__N32768__fp16,dense_compressed,32768,8,4096,8,uniform,b32_b16,128,256,,190.40625,,194.25,,53,,17,q8,fp16,Float16,fp32_accumulate,20260802,random,1,4,1,one_or_more_tile_stripes,1,dense,compressed_tlr,2147483648,203685888,2351169536,101842944,4294967296,0.571136474609375,9.842559,9.842559,22.6068645,22.113922,92.13336849999999,91.721222,4.07545984539342,4.147668694861093,6.542308933632e12,6.674379177984e12,1.9787644787644787,295236.83737671806,763770.4484631321,false,22.113922;22.291768;22.921961;23.666214,,NVIDIA H100 80GB HBM3,1.12.6
workspace_tuning__20260803T201151.391Z__pid12447,20260803T201151.391Z,workspace_tuning,compressed,dense_compressed__N32768__q8__uniform__r128-256__fp16__q8__w2,dense__N32768__fp16,dense_compressed,32768,8,4096,8,uniform,b32_b16,128,256,,190.40625,,194.25,,53,,17,q8,fp16,Float16,fp32_accumulate,20260802,random,1,4,1,one_or_more_tile_stripes,2,dense,compressed_tlr,2147483648,203685888,2351169536,203685888,4294967296,0.5948486328125,4.149005,4.149005,23.804350499999998,23.692783,92.13336849999999,91.721222,3.870442442863543,3.8712726149562084,6.542308933632e12,6.674379177984e12,1.9787644787644787,280384.84721454594,763770.4484631321,false,23.692783;23.870029;23.738672;26.112722,,NVIDIA H100 80GB HBM3,1.12.6
workspace_tuning__20260803T201151.391Z__pid12447,20260803T201151.391Z,workspace_tuning,compressed,dense_compressed__N32768__q8__uniform__r128-256__fp16__q8__w4,dense__N32768__fp16,dense_compressed,32768,8,4096,8,uniform,b32_b16,128,256,,190.40625,,194.25,,53,,17,q8,fp16,Float16,fp32_accumulate,20260802,random,1,4,1,one_or_more_tile_stripes,4,dense,compressed_tlr,2147483648,203685888,2351169536,407371776,4294967296,0.64227294921875,2.084337,2.084337,25.010299,24.211759,92.13336849999999,91.721222,3.6838171546849554,3.7882923747919346,6.542308933632e12,6.674379177984e12,1.9787644787644787,266865.22931948956,763770.4484631321,false,24.211759;24.283857;25.736741;26.345701,,NVIDIA H100 80GB HBM3,1.12.6
workspace_tuning__20260803T201151.391Z__pid12447,20260803T201151.391Z,workspace_tuning,compressed,dense_compressed__N32768__q8__uniform__r128-256__fp16__q8__w8,dense__N32768__fp16,dense_compressed,32768,8,4096,8,uniform,b32_b16,128,256,,190.40625,,194.25,,53,,17,q8,fp16,Float16,fp32_accumulate,20260802,random,1,4,1,one_or_more_tile_stripes,8,dense,compressed_tlr,2147483648,203685888,2351169536,814743552,4294967296,0.73712158203125,1.138312,1.138312,28.338896499999997,28.069458,92.13336849999999,91.721222,3.2511275977171517,3.2676520508518547,6.542308933632e12,6.674379177984e12,1.9787644787644787,235520.08025379537,763770.4484631321,false,28.321626;28.356167;28.709366;28.069458,,NVIDIA H100 80GB HBM3,1.12.6
workspace_tuning__20260803T201151.391Z__pid12447,20260803T201151.391Z,workspace_tuning,compressed,compressed_compressed__N32768__q8__uniform__r128-256__fp16__q8__w1,dense__N32768__fp16,compressed_compressed,32768,8,4096,8,uniform,b32_b16,128,256,190.40625,192.4375,194.25,195.75,53,50,17,16,q8,fp16,Float16,fp32_accumulate,20260802,random,1,4,1,tlr_tlr_runs,1,compressed_tlr,compressed_tlr,203685888,205258752,408944640,853678208,4294967296,0.293977290391922,6.534563,6.534563,12.8499475,12.799652,92.13336849999999,91.721222,7.169941239059535,7.165915292072003,3.578462322688e12,3.656142290944e12,2.124642917985103,284525.85436197306,763770.4484631321,false,12.876677;12.845591;12.854304;12.799652,,NVIDIA H100 80GB HBM3,1.12.6
workspace_tuning__20260803T201151.391Z__pid12447,20260803T201151.391Z,workspace_tuning,compressed,compressed_compressed__N32768__q8__uniform__r128-256__fp16__q8__w2,dense__N32768__fp16,compressed_compressed,32768,8,4096,8,uniform,b32_b16,128,256,190.40625,192.4375,194.25,195.75,53,50,17,16,q8,fp16,Float16,fp32_accumulate,20260802,random,1,4,1,tlr_tlr_runs,2,compressed_tlr,compressed_tlr,203685888,205258752,408944640,430879360,4294967296,0.1955367624759674,7.279907,7.279907,12.152344,12.134708,92.13336849999999,91.721222,7.581530649560282,7.558585010863055,3.52262774784e12,3.593865265152e12,1.9821977747122654,295734.3262461958,763770.4484631321,false,12.134708;12.162419;12.142269;12.257181,,NVIDIA H100 80GB HBM3,1.12.6
workspace_tuning__20260803T201151.391Z__pid12447,20260803T201151.391Z,workspace_tuning,compressed,compressed_compressed__N32768__q8__uniform__r128-256__fp16__q8__w4,dense__N32768__fp16,compressed_compressed,32768,8,4096,8,uniform,b32_b16,128,256,190.40625,192.4375,194.25,195.75,53,50,17,16,q8,fp16,Float16,fp32_accumulate,20260802,random,1,4,1,tlr_tlr_runs,4,compressed_tlr,compressed_tlr,203685888,205258752,408944640,216519552,4294967296,0.1456272304058075,8.313202,8.313202,12.360405499999999,12.335698,92.13336849999999,91.721222,7.453911483729235,7.435430244806576,3.45954541568e12,3.532661981184e12,2.06973001927273,285804.6996260762,763770.4484631321,false,12.366244;12.37717;12.354567;12.335698,,NVIDIA H100 80GB HBM3,1.12.6
workspace_tuning__20260803T201151.391Z__pid12447,20260803T201151.391Z,workspace_tuning,compressed,compressed_compressed__N32768__q8__uniform__r128-256__fp16__q8__w8,dense__N32768__fp16,compressed_compressed,32768,8,4096,8,uniform,b32_b16,128,256,190.40625,192.4375,194.25,195.75,53,50,17,16,q8,fp16,Float16,fp32_accumulate,20260802,random,1,4,1,tlr_tlr_runs,8,compressed_tlr,compressed_tlr,203685888,205258752,408944640,108411648,4294967296,0.12045639753341675,17.136788,17.136788,12.601070499999999,12.539934,92.13336849999999,91.721222,7.311550911488036,7.314330521994773,3.45954541568e12,3.532661981184e12,2.06973001927273,280346.1802061976,763770.4484631321,false,12.539934;12.653384;12.62408;12.578061,,NVIDIA H100 80GB HBM3,1.12.6
workspace_tuning__20260803T201151.391Z__pid12447,20260803T201151.391Z,workspace_tuning,compressed,compressed_compressed__N32768__q8__uniform__r128-256__fp16__q8__w16,dense__N32768__fp16,compressed_compressed,32768,8,4096,8,uniform,b32_b16,128,256,190.40625,192.4375,194.25,195.75,53,50,17,16,q8,fp16,Float16,fp32_accumulate,20260802,random,1,4,1,tlr_tlr_runs,16,compressed_tlr,compressed_tlr,203685888,205258752,408944640,57174016,4294967296,0.10852670669555664,18.427589,18.427589,12.484511000000001,12.39066,92.13336849999999,91.721222,7.379813955068002,7.402448457144333,3.437969915904e12,3.509039661056e12,2.02533319702099,281071.4541447398,763770.4484631321,false,12.51097;12.39066;12.472333;12.496689,,NVIDIA H100 80GB HBM3,1.12.6
workspace_tuning__20260803T201151.391Z__pid12447,20260803T201151.391Z,workspace_tuning,compressed,compressed_compressed__N32768__q8__uniform__r128-256__fp16__q8__w32,dense__N32768__fp16,compressed_compressed,32768,8,4096,8,uniform,b32_b16,128,256,190.40625,192.4375,194.25,195.75,53,50,17,16,q8,fp16,Float16,fp32_accumulate,20260802,random,1,4,1,tlr_tlr_runs,32,compressed_tlr,compressed_tlr,203685888,205258752,408944640,29766912,4294967296,0.1021454930305481,26.255456,26.255456,13.5403345,13.522653,92.13336849999999,91.721222,6.804364286569138,6.782783082580023,3.436459966464e12,3.50742904832e12,2.0233932284387337,259035.62783622518,763770.4484631321,false,13.522653;13.571116;13.545257;13.535412,,NVIDIA H100 80GB HBM3,1.12.6
workspace_tuning__20260803T201151.391Z__pid12447,20260803T201151.391Z,workspace_tuning,compressed,compressed_compressed__N32768__q8__uniform__r128-256__fp16__q8__w64,dense__N32768__fp16,compressed_compressed,32768,8,4096,8,uniform,b32_b16,128,256,190.40625,192.4375,194.25,195.75,53,50,17,16,q8,fp16,Float16,fp32_accumulate,20260802,random,1,4,1,tlr_tlr_runs,64,compressed_tlr,compressed_tlr,203685888,205258752,408944640,15437952,4294967296,0.09880927205085754,233.068241,233.068241,14.9799635,14.852682,92.13336849999999,91.721222,6.150440119563708,6.175397951696535,3.41944786944e12,3.489712308224e12,2.013473678572641,232958.66563519998,763770.4484631321,false,14.901356;15.058571;14.852682;15.0651,,NVIDIA H100 80GB HBM3,1.12.6
workspace_tuning__20260803T201151.391Z__pid12447,20260803T201151.391Z,workspace_tuning,baseline,dense__N32768__fp32,dense__N32768__fp32,dense_dense,32768,,,,,,,,,,,,,,,,,fp32,Float32,fp32,20260802,random,1,4,0,none,0,dense,dense,4294967296,4294967296,8589934592,0,8589934592,1.0,,,1315.5549154999999,1314.920086,1315.5549154999999,1314.920086,1.0,1.0,7.0368744177664e13,7.0368744177664e13,0.0,53489.78088909281,53489.78088909281,false,1315.80391;1314.92009;1315.30592;1317.09947,1315.80391;1314.92009;1315.30592;1317.09947,NVIDIA H100 80GB HBM3,1.12.6
workspace_tuning__20260803T201151.391Z__pid12447,20260803T201151.391Z,workspace_tuning,compressed,compressed_dense__N32768__q16__uniform__r64-128__fp32__q8__w1,dense__N32768__fp32,compressed_dense,32768,16,2048,16,uniform,b32_b16,64,128,94.37109375,,97.96875,,60,,9,,q8,fp32,Float32,fp32,20260802,random,1,4,1,one_or_more_tile_stripes,1,compressed_tlr,dense,410910720,4294967296,4705878016,205455360,8589934592,0.5717544555664062,55.465941,55.465941,187.5585195,187.389897,1315.5549154999999,1314.920086,7.014103752828993,7.017027636233773,6.485132181504e12,6.73236123648e12,3.672248803827751,35894.72370771193,53489.78088909281,false,187.389897;187.617478;187.570247;187.546792,,NVIDIA H100 80GB HBM3,1.12.6
workspace_tuning__20260803T201151.391Z__pid12447,20260803T201151.391Z,workspace_tuning,compressed,compressed_dense__N32768__q16__uniform__r64-128__fp32__q8__w2,dense__N32768__fp32,compressed_dense,32768,16,2048,16,uniform,b32_b16,64,128,94.37109375,,97.96875,,60,,9,,q8,fp32,Float32,fp32,20260802,random,1,4,1,one_or_more_tile_stripes,2,compressed_tlr,dense,410910720,4294967296,4705878016,410910720,8589934592,0.595672607421875,27.81625,27.81625,184.77781099999999,184.712573,1315.5549154999999,1314.920086,7.119658515166629,7.118736232427449,6.485132181504e12,6.73236123648e12,3.672248803827751,36434.90092260049,53489.78088909281,false,184.779293;184.712573;184.776329;184.911161,,NVIDIA H100 80GB HBM3,1.12.6
workspace_tuning__20260803T201151.391Z__pid12447,20260803T201151.391Z,workspace_tuning,compressed,compressed_dense__N32768__q16__uniform__r64-128__fp32__q8__w4,dense__N32768__fp32,compressed_dense,32768,16,2048,16,uniform,b32_b16,64,128,94.37109375,,97.96875,,60,,9,,q8,fp32,Float32,fp32,20260802,random,1,4,1,one_or_more_tile_stripes,4,compressed_tlr,dense,410910720,4294967296,4705878016,821821440,8589934592,0.6435089111328125,14.15595,14.15595,183.4380425,183.390206,1315.5549154999999,1314.920086,7.171658057242952,7.170067119069597,6.485132181504e12,6.73236123648e12,3.672248803827751,36701.00893319334,53489.78088909281,false,183.404107;183.390206;183.498057;183.471978,,NVIDIA H100 80GB HBM3,1.12.6
workspace_tuning__20260803T201151.391Z__pid12447,20260803T201151.391Z,workspace_tuning,compressed,compressed_dense__N32768__q16__uniform__r64-128__fp32__q8__w8,dense__N32768__fp32,compressed_dense,32768,16,2048,16,uniform,b32_b16,64,128,94.37109375,,97.96875,,60,,9,,q8,fp32,Float32,fp32,20260802,random,1,4,1,one_or_more_tile_stripes,8,compressed_tlr,dense,410910720,4294967296,4705878016,1643642880,8589934592,0.7391815185546875,6.911025,6.911025,182.6204295,182.427446,1315.5549154999999,1314.920086,7.203766408292233,7.207907115029172,6.485132181504e12,6.73236123648e12,3.672248803827751,36865.323638284404,53489.78088909281,false,182.701346;182.580355;182.427446;182.660504,,NVIDIA H100 80GB HBM3,1.12.6
workspace_tuning__20260803T201151.391Z__pid12447,20260803T201151.391Z,workspace_tuning,compressed,compressed_dense__N32768__q16__uniform__r64-128__fp32__q8__w16,dense__N32768__fp32,compressed_dense,32768,16,2048,16,uniform,b32_b16,64,128,94.37109375,,97.96875,,60,,9,,q8,fp32,Float32,fp32,20260802,random,1,4,1,one_or_more_tile_stripes,16,compressed_tlr,dense,410910720,4294967296,4705878016,3287285760,8589934592,0.9305267333984375,6.469585,6.469585,182.02342199999998,181.867148,1315.5549154999999,1314.920086,7.227393601577274,7.230113302266115,6.485132181504e12,6.73236123648e12,3.672248803827751,36986.235960776525,53489.78088909281,false,181.916923;182.453365;181.867148;182.129921,,NVIDIA H100 80GB HBM3,1.12.6
workspace_tuning__20260803T201151.391Z__pid12447,20260803T201151.391Z,workspace_tuning,compressed,dense_compressed__N32768__q16__uniform__r64-128__fp32__q8__w1,dense__N32768__fp32,dense_compressed,32768,16,2048,16,uniform,b32_b16,64,128,,94.37109375,,97.96875,,60,,9,q8,fp32,Float32,fp32,20260802,random,1,4,1,one_or_more_tile_stripes,1,dense,compressed_tlr,4294967296,410910720,4705878016,205455360,8589934592,0.5717544555664062,53.42637,53.42637,154.800093,154.705808,1315.5549154999999,1314.920086,8.498411661160953,8.499487530552184,6.485132181504e12,6.73236123648e12,3.672248803827751,43490.67953389408,53489.78088909281,false,154.705808;154.828911;154.900618;154.771275,,NVIDIA H100 80GB HBM3,1.12.6
workspace_tuning__20260803T201151.391Z__pid12447,20260803T201151.391Z,workspace_tuning,compressed,dense_compressed__N32768__q16__uniform__r64-128__fp32__q8__w2,dense__N32768__fp32,dense_compressed,32768,16,2048,16,uniform,b32_b16,64,128,,94.37109375,,97.96875,,60,,9,q8,fp32,Float32,fp32,20260802,random,1,4,1,one_or_more_tile_stripes,2,dense,compressed_tlr,4294967296,410910720,4705878016,410910720,8589934592,0.595672607421875,26.512099,26.512099,151.958674,151.933462,1315.5549154999999,1314.920086,8.65732031525887,8.654578581247627,6.485132181504e12,6.73236123648e12,3.672248803827751,44303.89565310368,53489.78088909281,false,151.939731;151.933462;152.02011;151.977617,,NVIDIA H100 80GB HBM3,1.12.6
workspace_tuning__20260803T201151.391Z__pid12447,20260803T201151.391Z,workspace_tuning,compressed,dense_compressed__N32768__q16__uniform__r64-128__fp32__q8__w4,dense__N32768__fp32,dense_compressed,32768,16,2048,16,uniform,b32_b16,64,128,,94.37109375,,97.96875,,60,,9,q8,fp32,Float32,fp32,20260802,random,1,4,1,one_or_more_tile_stripes,4,dense,compressed_tlr,4294967296,410910720,4705878016,821821440,8589934592,0.6435089111328125,13.626188,13.626188,150.574634,150.490514,1315.5549154999999,1314.920086,8.73689598674369,8.737561265821713,6.485132181504e12,6.73236123648e12,3.672248803827751,44711.124693685124,53489.78088909281,false,150.490514;150.631714;150.517554;150.663592,,NVIDIA H100 80GB HBM3,1.12.6
workspace_tuning__20260803T201151.391Z__pid12447,20260803T201151.391Z,workspace_tuning,compressed,dense_compressed__N32768__q16__uniform__r64-128__fp32__q8__w8,dense__N32768__fp32,dense_compressed,32768,16,2048,16,uniform,b32_b16,64,128,,94.37109375,,97.96875,,60,,9,q8,fp32,Float32,fp32,20260802,random,1,4,1,one_or_more_tile_stripes,8,dense,compressed_tlr,4294967296,410910720,4705878016,1643642880,8589934592,0.7391815185546875,6.686109,6.686109,149.8682775,149.858699,1315.5549154999999,1314.920086,8.778074569516553,8.77439944944404,6.485132181504e12,6.73236123648e12,3.672248803827751,44921.85637137252,53489.78088909281,false,149.858699;149.867411;149.869144;149.928823,,NVIDIA H100 80GB HBM3,1.12.6
workspace_tuning__20260803T201151.391Z__pid12447,20260803T201151.391Z,workspace_tuning,compressed,dense_compressed__N32768__q16__uniform__r64-128__fp32__q8__w16,dense__N32768__fp32,dense_compressed,32768,16,2048,16,uniform,b32_b16,64,128,,94.37109375,,97.96875,,60,,9,q8,fp32,Float32,fp32,20260802,random,1,4,1,one_or_more_tile_stripes,16,dense,compressed_tlr,4294967296,410910720,4705878016,3287285760,8589934592,0.9305267333984375,3.295519,3.295519,149.760101,149.684047,1315.5549154999999,1314.920086,8.784415252898366,8.784637457056464,6.485132181504e12,6.73236123648e12,3.672248803827751,44954.30486174685,53489.78088909281,false,149.684047;149.802604;149.776716;149.743486,,NVIDIA H100 80GB HBM3,1.12.6
workspace_tuning__20260803T201151.391Z__pid12447,20260803T201151.391Z,workspace_tuning,compressed,compressed_compressed__N32768__q16__uniform__r64-128__fp32__q8__w1,dense__N32768__fp32,compressed_compressed,32768,16,2048,16,uniform,b32_b16,64,128,94.37109375,94.8046875,97.96875,98.28125,60,63,9,9,q8,fp32,Float32,fp32,20260802,random,1,4,1,tlr_tlr_runs,1,compressed_tlr,compressed_tlr,410910720,412221440,823132160,3445024512,8589934592,0.49687883257865906,43.310242,43.310242,82.793981,82.707701,1315.5549154999999,1314.920086,15.889499449241363,15.89839966655584,3.542761668608e12,3.689229582336e12,3.970149063893641,44559.151979127564,53489.78088909281,false,82.881291;82.73323;82.707701;82.854732,,NVIDIA H100 80GB HBM3,1.12.6
workspace_tuning__20260803T201151.391Z__pid12447,20260803T201151.391Z,workspace_tuning,compressed,compressed_compressed__N32768__q16__uniform__r64-128__fp32__q8__w2,dense__N32768__fp32,compressed_compressed,32768,16,2048,16,uniform,b32_b16,64,128,94.37109375,94.8046875,97.96875,98.28125,60,63,9,9,q8,fp32,Float32,fp32,20260802,random,1,4,1,tlr_tlr_runs,2,compressed_tlr,compressed_tlr,410910720,412221440,823132160,1728277760,8589934592,0.297023206949234,44.462736,44.462736,79.00800899999999,78.99568,1315.5549154999999,1314.920086,16.650905802473773,16.64546828383527,3.540077314048e12,3.684397744128e12,3.917069765608513,46633.218464320504,53489.78088909281,false,79.0157;78.99568;79.083783;79.000318,,NVIDIA H100 80GB HBM3,1.12.6
workspace_tuning__20260803T201151.391Z__pid12447,20260803T201151.391Z,workspace_tuning,compressed,compressed_compressed__N32768__q16__uniform__r64-128__fp32__q8__w4,dense__N32768__fp32,compressed_compressed,32768,16,2048,16,uniform,b32_b16,64,128,94.37109375,94.8046875,97.96875,98.28125,60,63,9,9,q8,fp32,Float32,fp32,20260802,random,1,4,1,tlr_tlr_runs,4,compressed_tlr,compressed_tlr,410910720,412221440,823132160,865177856,8589934592,0.19654515385627747,47.452507,47.452507,81.59527299999999,81.558383,1315.5549154999999,1314.920086,16.122930497456636,16.122439381859742,3.517327409152e12,3.663728214016e12,3.995951563872217,44901.23115362333,53489.78088909281,false,81.558383;81.599254;81.591292;81.622909,,NVIDIA H100 80GB HBM3,1.12.6
workspace_tuning__20260803T201151.391Z__pid12447,20260803T201151.391Z,workspace_tuning,compressed,compressed_compressed__N32768__q16__uniform__r64-128__fp32__q8__w8,dense__N32768__fp32,compressed_compressed,32768,16,2048,16,uniform,b32_b16,64,128,94.37109375,94.8046875,97.96875,98.28125,60,63,9,9,q8,fp32,Float32,fp32,20260802,random,1,4,1,tlr_tlr_runs,8,compressed_tlr,compressed_tlr,410910720,412221440,823132160,432971520,8589934592,0.14622971415519714,51.450756,51.450756,81.37701150000001,81.36886,1315.5549154999999,1314.920086,16.166173852427594,16.15999150043395,3.495248592896e12,3.642521812992e12,4.0431664560171425,44761.06637305057,53489.78088909281,false,81.375179;81.378844;81.36886;81.397062,,NVIDIA H100 80GB HBM3,1.12.6
workspace_tuning__20260803T201151.391Z__pid12447,20260803T201151.391Z,workspace_tuning,compressed,compressed_compressed__N32768__q16__uniform__r64-128__fp32__q8__w16,dense__N32768__fp32,compressed_compressed,32768,16,2048,16,uniform,b32_b16,64,128,94.37109375,94.8046875,97.96875,98.28125,60,63,9,9,q8,fp32,Float32,fp32,20260802,random,1,4,1,tlr_tlr_runs,16,compressed_tlr,compressed_tlr,410910720,412221440,823132160,216886016,8589934592,0.12107405066490173,187.643166,187.643166,83.0340295,83.009684,1315.5549154999999,1314.920086,15.843563457317218,15.840562481842483,3.469092913152e12,3.614000545792e12,4.009618449248015,43524.33053718054,53489.78088909281,false,83.009684;83.025447;83.060991;83.042612,,NVIDIA H100 80GB HBM3,1.12.6
workspace_tuning__20260803T201151.391Z__pid12447,20260803T201151.391Z,workspace_tuning,compressed,compressed_compressed__N32768__q16__uniform__r64-128__fp32__q8__w32,dense__N32768__fp32,compressed_compressed,32768,16,2048,16,uniform,b32_b16,64,128,94.37109375,94.8046875,97.96875,98.28125,60,63,9,9,q8,fp32,Float32,fp32,20260802,random,1,4,1,tlr_tlr_runs,32,compressed_tlr,compressed_tlr,410910720,412221440,823132160,110759680,8589934592,0.10871931910514832,69.362904,69.362904,89.6042405,89.50708,1315.5549154999999,1314.920086,14.68183769159898,14.69068241305604,3.465318039552e12,3.609906905088e12,4.005335022136126,40287.23289148352,53489.78088909281,false,89.637705;89.638107;89.50708;89.570776,,NVIDIA H100 80GB HBM3,1.12.6
workspace_tuning__20260803T201151.391Z__pid12447,20260803T201151.391Z,workspace_tuning,compressed,compressed_compressed__N32768__q16__uniform__r64-128__fp32__q8__w64,dense__N32768__fp32,compressed_compressed,32768,16,2048,16,uniform,b32_b16,64,128,94.37109375,94.8046875,97.96875,98.28125,60,63,9,9,q8,fp32,Float32,fp32,20260802,random,1,4,1,tlr_tlr_runs,64,compressed_tlr,compressed_tlr,410910720,412221440,823132160,55663360,8589934592,0.10230526328086853,93.384058,93.384058,92.7738105,92.728648,1315.5549154999999,1314.920086,14.180240182114757,14.180300418054191,3.463111835648e12,3.607826530304e12,4.011132282565874,38888.41593182162,53489.78088909281,false,92.728648;92.72998;92.817641;93.013775,,NVIDIA H100 80GB HBM3,1.12.6
workspace_tuning__20260803T201151.391Z__pid12447,20260803T201151.391Z,workspace_tuning,compressed,compressed_dense__N32768__q8__uniform__r128-256__fp32__q8__w1,dense__N32768__fp32,compressed_dense,32768,8,4096,8,uniform,b32_b16,128,256,190.40625,,194.25,,53,,17,,q8,fp32,Float32,fp32,20260802,random,1,4,1,one_or_more_tile_stripes,1,compressed_tlr,dense,407371776,4294967296,4702339072,203685888,8589934592,0.571136474609375,10.388787,10.388787,181.16253849999998,181.083415,1315.5549154999999,1314.920086,7.261738140747018,7.2614053915428975,6.542308933632e12,6.674379177984e12,1.9787644787644787,36841.93891986119,53489.78088909281,false,181.083415;181.164156;181.162694;181.162383,,NVIDIA H100 80GB HBM3,1.12.6
workspace_tuning__20260803T201151.391Z__pid12447,20260803T201151.391Z,workspace_tuning,compressed,compressed_dense__N32768__q8__uniform__r128-256__fp32__q8__w2,dense__N32768__fp32,compressed_dense,32768,8,4096,8,uniform,b32_b16,128,256,190.40625,,194.25,,53,,17,,q8,fp32,Float32,fp32,20260802,random,1,4,1,one_or_more_tile_stripes,2,compressed_tlr,dense,407371776,4294967296,4702339072,407371776,8589934592,0.5948486328125,9.363974,9.363974,177.39587,177.365655,1315.5549154999999,1314.920086,7.415927526948625,7.413611648771574,6.542308933632e12,6.674379177984e12,1.9787644787644787,37624.20837635059,53489.78088909281,false,177.365655;177.562449;177.415129;177.376611,,NVIDIA H100 80GB HBM3,1.12.6
workspace_tuning__20260803T201151.391Z__pid12447,20260803T201151.391Z,workspace_tuning,compressed,compressed_dense__N32768__q8__uniform__r128-256__fp32__q8__w4,dense__N32768__fp32,compressed_dense,32768,8,4096,8,uniform,b32_b16,128,256,190.40625,,194.25,,53,,17,,q8,fp32,Float32,fp32,20260802,random,1,4,1,one_or_more_tile_stripes,4,compressed_tlr,dense,407371776,4294967296,4702339072,814743552,8589934592,0.64227294921875,2.483714,2.483714,175.802838,175.755047,1315.5549154999999,1314.920086,7.483126725747168,7.481549511349169,6.542308933632e12,6.674379177984e12,1.9787644787644787,37965.138981339995,53489.78088909281,false,175.861646;175.828837;175.755047;175.776839,,NVIDIA H100 80GB HBM3,1.12.6
workspace_tuning__20260803T201151.391Z__pid12447,20260803T201151.391Z,workspace_tuning,compressed,compressed_dense__N32768__q8__uniform__r128-256__fp32__q8__w8,dense__N32768__fp32,compressed_dense,32768,8,4096,8,uniform,b32_b16,128,256,190.40625,,194.25,,53,,17,,q8,fp32,Float32,fp32,20260802,random,1,4,1,one_or_more_tile_stripes,8,compressed_tlr,dense,407371776,4294967296,4702339072,1629487104,8589934592,0.73712158203125,1.079724,1.079724,175.0718155,174.965346,1315.5549154999999,1314.920086,7.514372954566178,7.51531726745478,6.542308933632e12,6.674379177984e12,1.9787644787644787,38123.66461684405,53489.78088909281,false,174.96794;175.175691;175.75742;174.965346,,NVIDIA H100 80GB HBM3,1.12.6
workspace_tuning__20260803T201151.391Z__pid12447,20260803T201151.391Z,workspace_tuning,compressed,dense_compressed__N32768__q8__uniform__r128-256__fp32__q8__w1,dense__N32768__fp32,dense_compressed,32768,8,4096,8,uniform,b32_b16,128,256,,190.40625,,194.25,,53,,17,q8,fp32,Float32,fp32,20260802,random,1,4,1,one_or_more_tile_stripes,1,dense,compressed_tlr,4294967296,407371776,4702339072,203685888,8589934592,0.571136474609375,8.335475,8.335475,152.72677199999998,152.66826,1315.5549154999999,1314.920086,8.613780663811843,8.61292377341564,6.542308933632e12,6.674379177984e12,1.9787644787644787,43701.43551507788,53489.78088909281,false,152.740107;152.66826;152.713437;152.772135,,NVIDIA H100 80GB HBM3,1.12.6
workspace_tuning__20260803T201151.391Z__pid12447,20260803T201151.391Z,workspace_tuning,compressed,dense_compressed__N32768__q8__uniform__r128-256__fp32__q8__w2,dense__N32768__fp32,dense_compressed,32768,8,4096,8,uniform,b32_b16,128,256,,190.40625,,194.25,,53,,17,q8,fp32,Float32,fp32,20260802,random,1,4,1,one_or_more_tile_stripes,2,dense,compressed_tlr,4294967296,407371776,4702339072,407371776,8589934592,0.5948486328125,4.858456,4.858456,149.55429800000002,149.523036,1315.5549154999999,1314.920086,8.796503564879156,8.79409702462168,6.542308933632e12,6.674379177984e12,1.9787644787644787,44628.467835702046,53489.78088909281,false,149.523036;149.57928;149.552941;149.555655,,NVIDIA H100 80GB HBM3,1.12.6
workspace_tuning__20260803T201151.391Z__pid12447,20260803T201151.391Z,workspace_tuning,compressed,dense_compressed__N32768__q8__uniform__r128-256__fp32__q8__w4,dense__N32768__fp32,dense_compressed,32768,8,4096,8,uniform,b32_b16,128,256,,190.40625,,194.25,,53,,17,q8,fp32,Float32,fp32,20260802,random,1,4,1,one_or_more_tile_stripes,4,dense,compressed_tlr,4294967296,407371776,4702339072,814743552,8589934592,0.64227294921875,2.382493,2.382493,148.5684385,148.532885,1315.5549154999999,1314.920086,8.854874755246215,8.852720298269304,6.542308933632e12,6.674379177984e12,1.9787644787644787,44924.61013503888,53489.78088909281,false,148.532885;148.578894;148.594767;148.557983,,NVIDIA H100 80GB HBM3,1.12.6
workspace_tuning__20260803T201151.391Z__pid12447,20260803T201151.391Z,workspace_tuning,compressed,dense_compressed__N32768__q8__uniform__r128-256__fp32__q8__w8,dense__N32768__fp32,dense_compressed,32768,8,4096,8,uniform,b32_b16,128,256,,190.40625,,194.25,,53,,17,q8,fp32,Float32,fp32,20260802,random,1,4,1,one_or_more_tile_stripes,8,dense,compressed_tlr,4294967296,407371776,4702339072,1629487104,8589934592,0.73712158203125,1.06354,1.06354,148.0807385,148.045146,1315.5549154999999,1314.920086,8.884038051309421,8.881885840417896,6.542308933632e12,6.674379177984e12,1.9787644787644787,45072.568151623585,53489.78088909281,false,148.243823;148.045146;148.091775;148.069702,,NVIDIA H100 80GB HBM3,1.12.6
workspace_tuning__20260803T201151.391Z__pid12447,20260803T201151.391Z,workspace_tuning,compressed,compressed_compressed__N32768__q8__uniform__r128-256__fp32__q8__w1,dense__N32768__fp32,compressed_compressed,32768,8,4096,8,uniform,b32_b16,128,256,190.40625,192.4375,194.25,195.75,53,50,17,16,q8,fp32,Float32,fp32,20260802,random,1,4,1,tlr_tlr_runs,1,compressed_tlr,compressed_tlr,407371776,410517504,817889280,1707356416,8589934592,0.293977290391922,6.324719,6.324719,81.1726565,81.156101,1315.5549154999999,1314.920086,16.206872760164007,16.202356567129808,3.578462322688e12,3.656142290944e12,2.124642917985103,45041.55030264409,53489.78088909281,false,81.156101;81.165546;81.22208;81.179767,,NVIDIA H100 80GB HBM3,1.12.6
workspace_tuning__20260803T201151.391Z__pid12447,20260803T201151.391Z,workspace_tuning,compressed,compressed_compressed__N32768__q8__uniform__r128-256__fp32__q8__w2,dense__N32768__fp32,compressed_compressed,32768,8,4096,8,uniform,b32_b16,128,256,190.40625,192.4375,194.25,195.75,53,50,17,16,q8,fp32,Float32,fp32,20260802,random,1,4,1,tlr_tlr_runs,2,compressed_tlr,compressed_tlr,407371776,410517504,817889280,861758720,8589934592,0.1955367624759674,7.22122,7.22122,77.1987635,77.153836,1315.5549154999999,1314.920086,17.0411397262859,17.042834863065007,3.52262774784e12,3.593865265152e12,1.9821977747122654,46553.40451342851,53489.78088909281,false,77.153836;77.191653;77.205874;77.238282,,NVIDIA H100 80GB HBM3,1.12.6
workspace_tuning__20260803T201151.391Z__pid12447,20260803T201151.391Z,workspace_tuning,compressed,compressed_compressed__N32768__q8__uniform__r128-256__fp32__q8__w4,dense__N32768__fp32,compressed_compressed,32768,8,4096,8,uniform,b32_b16,128,256,190.40625,192.4375,194.25,195.75,53,50,17,16,q8,fp32,Float32,fp32,20260802,random,1,4,1,tlr_tlr_runs,4,compressed_tlr,compressed_tlr,407371776,410517504,817889280,433039104,8589934592,0.1456272304058075,8.301926,8.301926,79.84114,79.391271,1315.5549154999999,1314.920086,16.477155956190003,16.562527207808525,3.45954541568e12,3.532661981184e12,2.06973001927273,44246.13653041527,53489.78088909281,false,79.845582;79.391271;79.982506;79.836698,,NVIDIA H100 80GB HBM3,1.12.6
workspace_tuning__20260803T201151.391Z__pid12447,20260803T201151.391Z,workspace_tuning,compressed,compressed_compressed__N32768__q8__uniform__r128-256__fp32__q8__w8,dense__N32768__fp32,compressed_compressed,32768,8,4096,8,uniform,b32_b16,128,256,190.40625,192.4375,194.25,195.75,53,50,17,16,q8,fp32,Float32,fp32,20260802,random,1,4,1,tlr_tlr_runs,8,compressed_tlr,compressed_tlr,407371776,410517504,817889280,216823296,8589934592,0.12045639753341675,10.371661,10.371661,81.101384,81.087909,1315.5549154999999,1314.920086,16.22111548059402,16.215982163259383,3.45954541568e12,3.532661981184e12,2.06973001927273,43558.59058069835,53489.78088909281,false,81.087909;81.097293;81.139296;81.105475,,NVIDIA H100 80GB HBM3,1.12.6
workspace_tuning__20260803T201151.391Z__pid12447,20260803T201151.391Z,workspace_tuning,compressed,compressed_compressed__N32768__q8__uniform__r128-256__fp32__q8__w16,dense__N32768__fp32,compressed_compressed,32768,8,4096,8,uniform,b32_b16,128,256,190.40625,192.4375,194.25,195.75,53,50,17,16,q8,fp32,Float32,fp32,20260802,random,1,4,1,tlr_tlr_runs,16,compressed_tlr,compressed_tlr,407371776,410517504,817889280,114348032,8589934592,0.10852670669555664,15.203397,15.203397,86.97878399999999,86.592041,1315.5549154999999,1314.920086,15.12500928387318,15.185230314642892,3.437969915904e12,3.509039661056e12,2.02533319702099,40343.627488009035,53489.78088909281,false,86.990016;87.036065;86.592041;86.967552,,NVIDIA H100 80GB HBM3,1.12.6
workspace_tuning__20260803T201151.391Z__pid12447,20260803T201151.391Z,workspace_tuning,compressed,compressed_compressed__N32768__q8__uniform__r128-256__fp32__q8__w32,dense__N32768__fp32,compressed_compressed,32768,8,4096,8,uniform,b32_b16,128,256,190.40625,192.4375,194.25,195.75,53,50,17,16,q8,fp32,Float32,fp32,20260802,random,1,4,1,tlr_tlr_runs,32,compressed_tlr,compressed_tlr,407371776,410517504,817889280,59533824,8589934592,0.1021454930305481,25.607867,25.607867,88.988405,88.929967,1315.5549154999999,1314.920086,14.783441904594198,14.786017923519527,3.436459966464e12,3.50742904832e12,2.0233932284387337,39414.450099650625,53489.78088909281,false,89.071389;88.982246;88.929967;88.994564,,NVIDIA H100 80GB HBM3,1.12.6
workspace_tuning__20260803T201151.391Z__pid12447,20260803T201151.391Z,workspace_tuning,compressed,compressed_compressed__N32768__q8__uniform__r128-256__fp32__q8__w64,dense__N32768__fp32,compressed_compressed,32768,8,4096,8,uniform,b32_b16,128,256,190.40625,192.4375,194.25,195.75,53,50,17,16,q8,fp32,Float32,fp32,20260802,random,1,4,1,tlr_tlr_runs,64,compressed_tlr,compressed_tlr,407371776,410517504,817889280,30875904,8589934592,0.09880927205085754,222.584652,222.584652,104.305171,104.279683,1315.5549154999999,1314.920086,12.612557008319365,12.609552006405696,3.41944786944e12,3.489712308224e12,2.013473678572641,33456.75266880105,53489.78088909281,false,104.309177;104.328086;104.301165;104.279683,,NVIDIA H100 80GB HBM3,1.12.6
workspace_tuning__20260803T201151.391Z__pid12447,20260803T201151.391Z,workspace_tuning,baseline,dense__N32768__tf32,dense__N32768__tf32,dense_dense,32768,,,,,,,,,,,,,,,,,tf32,Float32,tf32,20260802,random,1,4,0,none,0,dense,dense,4294967296,4294967296,8589934592,0,8589934592,1.0,,,188.641884,187.794411,188.641884,187.794411,1.0,1.0,7.0368744177664e13,7.0368744177664e13,0.0,373028.20924786775,373028.20924786775,false,188.651203;187.794411;188.632565;221.64759,188.651203;187.794411;188.632565;221.64759,NVIDIA H100 80GB HBM3,1.12.6
workspace_tuning__20260803T201151.391Z__pid12447,20260803T201151.391Z,workspace_tuning,compressed,compressed_dense__N32768__q16__uniform__r64-128__tf32__q8__w1,dense__N32768__tf32,compressed_dense,32768,16,2048,16,uniform,b32_b16,64,128,94.37109375,,97.96875,,60,,9,,q8,tf32,Float32,tf32,20260802,random,1,4,1,one_or_more_tile_stripes,1,compressed_tlr,dense,410910720,4294967296,4705878016,205455360,8589934592,0.5717544555664062,55.202056,55.202056,45.4137225,42.731997,188.641884,187.794411,4.153852043289339,4.394702428721035,6.485132181504e12,6.73236123648e12,3.672248803827751,148245.08685629108,373028.20924786775,false,42.731997;45.416261;45.411184;45.776691,,NVIDIA H100 80GB HBM3,1.12.6
workspace_tuning__20260803T201151.391Z__pid12447,20260803T201151.391Z,workspace_tuning,compressed,compressed_dense__N32768__q16__uniform__r64-128__tf32__q8__w2,dense__N32768__tf32,compressed_dense,32768,16,2048,16,uniform,b32_b16,64,128,94.37109375,,97.96875,,60,,9,,q8,tf32,Float32,tf32,20260802,random,1,4,1,one_or_more_tile_stripes,2,compressed_tlr,dense,410910720,4294967296,4705878016,410910720,8589934592,0.595672607421875,27.499025,27.499025,45.709880999999996,45.379897,188.641884,187.794411,4.126938855955456,4.1382731873543035,6.485132181504e12,6.73236123648e12,3.672248803827751,147284.59337883643,373028.20924786775,false,45.379897;45.417524;46.002238;46.68578,,NVIDIA H100 80GB HBM3,1.12.6
workspace_tuning__20260803T201151.391Z__pid12447,20260803T201151.391Z,workspace_tuning,compressed,compressed_dense__N32768__q16__uniform__r64-128__tf32__q8__w4,dense__N32768__tf32,compressed_dense,32768,16,2048,16,uniform,b32_b16,64,128,94.37109375,,97.96875,,60,,9,,q8,tf32,Float32,tf32,20260802,random,1,4,1,one_or_more_tile_stripes,4,compressed_tlr,dense,410910720,4294967296,4705878016,821821440,8589934592,0.6435089111328125,13.497255,13.497255,46.028036,45.72975,188.641884,187.794411,4.098412628338085,4.106613550259951,6.485132181504e12,6.73236123648e12,3.672248803827751,146266.53278188972,373028.20924786775,false,46.166713;46.227184;45.72975;45.889359,,NVIDIA H100 80GB HBM3,1.12.6
workspace_tuning__20260803T201151.391Z__pid12447,20260803T201151.391Z,workspace_tuning,compressed,compressed_dense__N32768__q16__uniform__r64-128__tf32__q8__w8,dense__N32768__tf32,compressed_dense,32768,16,2048,16,uniform,b32_b16,64,128,94.37109375,,97.96875,,60,,9,,q8,tf32,Float32,tf32,20260802,random,1,4,1,one_or_more_tile_stripes,8,compressed_tlr,dense,410910720,4294967296,4705878016,1643642880,8589934592,0.7391815185546875,6.80037,6.80037,46.614568,46.355055,188.641884,187.794411,4.046843982336166,4.051217520937037,6.485132181504e12,6.73236123648e12,3.672248803827751,144426.1209602972,373028.20924786775,false,46.748123;46.355055;46.840221;46.481013,,NVIDIA H100 80GB HBM3,1.12.6
workspace_tuning__20260803T201151.391Z__pid12447,20260803T201151.391Z,workspace_tuning,compressed,compressed_dense__N32768__q16__uniform__r64-128__tf32__q8__w16,dense__N32768__tf32,compressed_dense,32768,16,2048,16,uniform,b32_b16,64,128,94.37109375,,97.96875,,60,,9,,q8,tf32,Float32,tf32,20260802,random,1,4,1,one_or_more_tile_stripes,16,compressed_tlr,dense,410910720,4294967296,4705878016,3287285760,8589934592,0.9305267333984375,3.358152,3.358152,47.6337175,46.594694,188.641884,187.794411,3.9602595367451636,4.030381892839558,6.485132181504e12,6.73236123648e12,3.672248803827751,141336.04492406035,373028.20924786775,false,46.594694;48.035399;47.232036;48.220726,,NVIDIA H100 80GB HBM3,1.12.6
workspace_tuning__20260803T201151.391Z__pid12447,20260803T201151.391Z,workspace_tuning,compressed,dense_compressed__N32768__q16__uniform__r64-128__tf32__q8__w1,dense__N32768__tf32,dense_compressed,32768,16,2048,16,uniform,b32_b16,64,128,,94.37109375,,97.96875,,60,,9,q8,tf32,Float32,tf32,20260802,random,1,4,1,one_or_more_tile_stripes,1,dense,compressed_tlr,4294967296,410910720,4705878016,205455360,8589934592,0.5717544555664062,121.409762,121.409762,45.2095725,43.917279,188.641884,187.794411,4.172609329583906,4.276093949263113,6.485132181504e12,6.73236123648e12,3.672248803827751,148914.5077954453,373028.20924786775,false,43.917279;44.74655;45.978052;45.672595,,NVIDIA H100 80GB HBM3,1.12.6
workspace_tuning__20260803T201151.391Z__pid12447,20260803T201151.391Z,workspace_tuning,compressed,dense_compressed__N32768__q16__uniform__r64-128__tf32__q8__w2,dense__N32768__tf32,dense_compressed,32768,16,2048,16,uniform,b32_b16,64,128,,94.37109375,,97.96875,,60,,9,q8,tf32,Float32,tf32,20260802,random,1,4,1,one_or_more_tile_stripes,2,dense,compressed_tlr,4294967296,410910720,4705878016,410910720,8589934592,0.595672607421875,26.43241,26.43241,45.836023999999995,44.983264,188.641884,187.794411,4.115581316564456,4.174761773623186,6.485132181504e12,6.73236123648e12,3.672248803827751,146879.25890954243,373028.20924786775,false,44.983264;45.907636;46.321916;45.764412,,NVIDIA H100 80GB HBM3,1.12.6
workspace_tuning__20260803T201151.391Z__pid12447,20260803T201151.391Z,workspace_tuning,compressed,dense_compressed__N32768__q16__uniform__r64-128__tf32__q8__w4,dense__N32768__tf32,dense_compressed,32768,16,2048,16,uniform,b32_b16,64,128,,94.37109375,,97.96875,,60,,9,q8,tf32,Float32,tf32,20260802,random,1,4,1,one_or_more_tile_stripes,4,dense,compressed_tlr,4294967296,410910720,4705878016,821821440,8589934592,0.6435089111328125,13.348493,13.348493,46.8130045,45.306307,188.641884,187.794411,4.029689741447807,4.14499489000505,6.485132181504e12,6.73236123648e12,3.672248803827751,143813.91043764344,373028.20924786775,false,45.306307;47.221962;47.171085;46.454924,,NVIDIA H100 80GB HBM3,1.12.6
workspace_tuning__20260803T201151.391Z__pid12447,20260803T201151.391Z,workspace_tuning,compressed,dense_compressed__N32768__q16__uniform__r64-128__tf32__q8__w8,dense__N32768__tf32,dense_compressed,32768,16,2048,16,uniform,b32_b16,64,128,,94.37109375,,97.96875,,60,,9,q8,tf32,Float32,tf32,20260802,random,1,4,1,one_or_more_tile_stripes,8,dense,compressed_tlr,4294967296,410910720,4705878016,1643642880,8589934592,0.7391815185546875,6.616776,6.616776,46.821573,46.504469,188.641884,187.794411,4.028952295131136,4.038201382323062,6.485132181504e12,6.73236123648e12,3.672248803827751,143787.59202472758,373028.20924786775,false,46.71242;47.183494;46.504469;46.930726,,NVIDIA H100 80GB HBM3,1.12.6
workspace_tuning__20260803T201151.391Z__pid12447,20260803T201151.391Z,workspace_tuning,compressed,dense_compressed__N32768__q16__uniform__r64-128__tf32__q8__w16,dense__N32768__tf32,dense_compressed,32768,16,2048,16,uniform,b32_b16,64,128,,94.37109375,,97.96875,,60,,9,q8,tf32,Float32,tf32,20260802,random,1,4,1,one_or_more_tile_stripes,16,dense,compressed_tlr,4294967296,410910720,4705878016,3287285760,8589934592,0.9305267333984375,3.308979,3.308979,46.843445,46.657477,188.641884,187.794411,4.027071108881937,4.024958550587723,6.485132181504e12,6.73236123648e12,3.672248803827751,143720.45515610563,373028.20924786775,false,46.657477;47.583082;46.801572;46.885318,,NVIDIA H100 80GB HBM3,1.12.6
workspace_tuning__20260803T201151.391Z__pid12447,20260803T201151.391Z,workspace_tuning,compressed,compressed_compressed__N32768__q16__uniform__r64-128__tf32__q8__w1,dense__N32768__tf32,compressed_compressed,32768,16,2048,16,uniform,b32_b16,64,128,94.37109375,94.8046875,97.96875,98.28125,60,63,9,9,q8,tf32,Float32,tf32,20260802,random,1,4,1,tlr_tlr_runs,1,compressed_tlr,compressed_tlr,410910720,412221440,823132160,3445024512,8589934592,0.49687883257865906,42.994199,42.994199,21.7997615,21.046846,188.641884,187.794411,8.653392102477818,8.922686610620898,3.542761668608e12,3.689229582336e12,3.970149063893641,169232.56625243355,373028.20924786775,false,21.046846;22.156425;22.626999;21.443098,,NVIDIA H100 80GB HBM3,1.12.6
workspace_tuning__20260803T201151.391Z__pid12447,20260803T201151.391Z,workspace_tuning,compressed,compressed_compressed__N32768__q16__uniform__r64-128__tf32__q8__w2,dense__N32768__tf32,compressed_compressed,32768,16,2048,16,uniform,b32_b16,64,128,94.37109375,94.8046875,97.96875,98.28125,60,63,9,9,q8,tf32,Float32,tf32,20260802,random,1,4,1,tlr_tlr_runs,2,compressed_tlr,compressed_tlr,410910720,412221440,823132160,1728277760,8589934592,0.297023206949234,44.236226,44.236226,22.899907,21.319925,188.641884,187.794411,8.23767031018947,8.808399232173658,3.540077314048e12,3.684397744128e12,3.917069765608513,160891.38458632168,373028.20924786775,false,21.319925;22.791525;23.008289;23.031624,,NVIDIA H100 80GB HBM3,1.12.6
workspace_tuning__20260803T201151.391Z__pid12447,20260803T201151.391Z,workspace_tuning,compressed,compressed_compressed__N32768__q16__uniform__r64-128__tf32__q8__w4,dense__N32768__tf32,compressed_compressed,32768,16,2048,16,uniform,b32_b16,64,128,94.37109375,94.8046875,97.96875,98.28125,60,63,9,9,q8,tf32,Float32,tf32,20260802,random,1,4,1,tlr_tlr_runs,4,compressed_tlr,compressed_tlr,410910720,412221440,823132160,865177856,8589934592,0.19654515385627747,220.629517,220.629517,21.761675,20.774509,188.641884,187.794411,8.668536957747968,9.039655810878612,3.517327409152e12,3.663728214016e12,3.995951563872217,168356.9033181499,373028.20924786775,false,20.774509;21.72456;21.79879;21.912761,,NVIDIA H100 80GB HBM3,1.12.6
workspace_tuning__20260803T201151.391Z__pid12447,20260803T201151.391Z,workspace_tuning,compressed,compressed_compressed__N32768__q16__uniform__r64-128__tf32__q8__w8,dense__N32768__tf32,compressed_compressed,32768,16,2048,16,uniform,b32_b16,64,128,94.37109375,94.8046875,97.96875,98.28125,60,63,9,9,q8,tf32,Float32,tf32,20260802,random,1,4,1,tlr_tlr_runs,8,compressed_tlr,compressed_tlr,410910720,412221440,823132160,432971520,8589934592,0.14622971415519714,51.193802,51.193802,21.6818805,21.553774,188.641884,187.794411,8.700439244649468,8.712831961585938,3.495248592896e12,3.642521812992e12,4.0431664560171425,167998.42675048413,373028.20924786775,false,21.553774;21.71802;21.937728;21.645741,,NVIDIA H100 80GB HBM3,1.12.6
workspace_tuning__20260803T201151.391Z__pid12447,20260803T201151.391Z,workspace_tuning,compressed,compressed_compressed__N32768__q16__uniform__r64-128__tf32__q8__w16,dense__N32768__tf32,compressed_compressed,32768,16,2048,16,uniform,b32_b16,64,128,94.37109375,94.8046875,97.96875,98.28125,60,63,9,9,q8,tf32,Float32,tf32,20260802,random,1,4,1,tlr_tlr_runs,16,compressed_tlr,compressed_tlr,410910720,412221440,823132160,216886016,8589934592,0.12107405066490173,58.206029,58.206029,22.208173000000002,21.738531,188.641884,187.794411,8.494254975409278,8.638781111750376,3.469092913152e12,3.614000545792e12,4.009618449248015,162732.90674527793,373028.20924786775,false,21.738531;22.229334;22.268443;22.187012,,NVIDIA H100 80GB HBM3,1.12.6
workspace_tuning__20260803T201151.391Z__pid12447,20260803T201151.391Z,workspace_tuning,compressed,compressed_compressed__N32768__q16__uniform__r64-128__tf32__q8__w32,dense__N32768__tf32,compressed_compressed,32768,16,2048,16,uniform,b32_b16,64,128,94.37109375,94.8046875,97.96875,98.28125,60,63,9,9,q8,tf32,Float32,tf32,20260802,random,1,4,1,tlr_tlr_runs,32,compressed_tlr,compressed_tlr,410910720,412221440,823132160,110759680,8589934592,0.10871931910514832,68.722987,68.722987,23.1208125,23.110933,188.641884,187.794411,8.158964309753388,8.125782329947475,3.465318039552e12,3.609906905088e12,4.005335022136126,156132.35499781853,373028.20924786775,false,23.326645;23.110933;23.118344;23.123281,,NVIDIA H100 80GB HBM3,1.12.6
workspace_tuning__20260803T201151.391Z__pid12447,20260803T201151.391Z,workspace_tuning,compressed,compressed_compressed__N32768__q16__uniform__r64-128__tf32__q8__w64,dense__N32768__tf32,compressed_compressed,32768,16,2048,16,uniform,b32_b16,64,128,94.37109375,94.8046875,97.96875,98.28125,60,63,9,9,q8,tf32,Float32,tf32,20260802,random,1,4,1,tlr_tlr_runs,64,compressed_tlr,compressed_tlr,410910720,412221440,823132160,55663360,8589934592,0.10230526328086853,91.732048,91.732048,24.1919295,23.852492,188.641884,187.794411,7.797719648612567,7.873156859249758,3.463111835648e12,3.607826530304e12,4.011132282565874,149133.4757032919,373028.20924786775,false,24.285349;24.306861;24.09851;23.852492,,NVIDIA H100 80GB HBM3,1.12.6
workspace_tuning__20260803T201151.391Z__pid12447,20260803T201151.391Z,workspace_tuning,compressed,compressed_dense__N32768__q8__uniform__r128-256__tf32__q8__w1,dense__N32768__tf32,compressed_dense,32768,8,4096,8,uniform,b32_b16,128,256,190.40625,,194.25,,53,,17,,q8,tf32,Float32,tf32,20260802,random,1,4,1,one_or_more_tile_stripes,1,compressed_tlr,dense,407371776,4294967296,4702339072,203685888,8589934592,0.571136474609375,8.517869,8.517869,45.2453255,44.458338,188.641884,187.794411,4.169312120431093,4.224053787165863,6.542308933632e12,6.674379177984e12,1.9787644787644787,147515.33123535602,373028.20924786775,false,44.458338;45.120439;45.370212;45.66235,,NVIDIA H100 80GB HBM3,1.12.6
workspace_tuning__20260803T201151.391Z__pid12447,20260803T201151.391Z,workspace_tuning,compressed,compressed_dense__N32768__q8__uniform__r128-256__tf32__q8__w2,dense__N32768__tf32,compressed_dense,32768,8,4096,8,uniform,b32_b16,128,256,190.40625,,194.25,,53,,17,,q8,tf32,Float32,tf32,20260802,random,1,4,1,one_or_more_tile_stripes,2,compressed_tlr,dense,407371776,4294967296,4702339072,407371776,8589934592,0.5948486328125,5.080929,5.080929,44.839999000000006,44.363547,188.641884,187.794411,4.2070001830285495,4.233079266633031,6.542308933632e12,6.674379177984e12,1.9787644787644787,148848.78070545895,373028.20924786775,false,44.363547;45.331765;44.950695;44.729303,,NVIDIA H100 80GB HBM3,1.12.6
workspace_tuning__20260803T201151.391Z__pid12447,20260803T201151.391Z,workspace_tuning,compressed,compressed_dense__N32768__q8__uniform__r128-256__tf32__q8__w4,dense__N32768__tf32,compressed_dense,32768,8,4096,8,uniform,b32_b16,128,256,190.40625,,194.25,,53,,17,,q8,tf32,Float32,tf32,20260802,random,1,4,1,one_or_more_tile_stripes,4,compressed_tlr,dense,407371776,4294967296,4702339072,814743552,8589934592,0.64227294921875,2.283666,2.283666,46.199027,45.278285,188.641884,187.794411,4.083243657923791,4.147560160461024,6.542308933632e12,6.674379177984e12,1.9787644787644787,144470.12440292304,373028.20924786775,false,45.278285;46.943725;46.089769;46.308285,,NVIDIA H100 80GB HBM3,1.12.6
workspace_tuning__20260803T201151.391Z__pid12447,20260803T201151.391Z,workspace_tuning,compressed,compressed_dense__N32768__q8__uniform__r128-256__tf32__q8__w8,dense__N32768__tf32,compressed_dense,32768,8,4096,8,uniform,b32_b16,128,256,190.40625,,194.25,,53,,17,,q8,tf32,Float32,tf32,20260802,random,1,4,1,one_or_more_tile_stripes,8,compressed_tlr,dense,407371776,4294967296,4702339072,1629487104,8589934592,0.73712158203125,1.137591,1.137591,47.742034000000004,46.73293,188.641884,187.794411,3.951274551896972,4.018460023799064,6.542308933632e12,6.674379177984e12,1.9787644787644787,139800.8970037598,373028.20924786775,false,48.228186;47.795859;47.688209;46.73293,,NVIDIA H100 80GB HBM3,1.12.6
workspace_tuning__20260803T201151.391Z__pid12447,20260803T201151.391Z,workspace_tuning,compressed,dense_compressed__N32768__q8__uniform__r128-256__tf32__q8__w1,dense__N32768__tf32,dense_compressed,32768,8,4096,8,uniform,b32_b16,128,256,,190.40625,,194.25,,53,,17,q8,tf32,Float32,tf32,20260802,random,1,4,1,one_or_more_tile_stripes,1,dense,compressed_tlr,4294967296,407371776,4702339072,203685888,8589934592,0.571136474609375,9.076664,9.076664,43.268018999999995,42.733529,188.641884,187.794411,4.359845640263772,4.394544878331954,6.542308933632e12,6.674379177984e12,1.9787644787644787,154256.63878866285,373028.20924786775,false,42.733529;43.177093;43.358945;43.584852,,NVIDIA H100 80GB HBM3,1.12.6
workspace_tuning__20260803T201151.391Z__pid12447,20260803T201151.391Z,workspace_tuning,compressed,dense_compressed__N32768__q8__uniform__r128-256__tf32__q8__w2,dense__N32768__tf32,dense_compressed,32768,8,4096,8,uniform,b32_b16,128,256,,190.40625,,194.25,,53,,17,q8,tf32,Float32,tf32,20260802,random,1,4,1,one_or_more_tile_stripes,2,dense,compressed_tlr,4294967296,407371776,4702339072,407371776,8589934592,0.5948486328125,4.216485,4.216485,42.818034999999995,42.103547,188.641884,187.794411,4.4056642020120735,4.4602990574642085,6.542308933632e12,6.674379177984e12,1.9787644787644787,155877.75520254494,373028.20924786775,false,42.871074;42.103547;42.764996;43.888035,,NVIDIA H100 80GB HBM3,1.12.6
workspace_tuning__20260803T201151.391Z__pid12447,20260803T201151.391Z,workspace_tuning,compressed,dense_compressed__N32768__q8__uniform__r128-256__tf32__q8__w4,dense__N32768__tf32,dense_compressed,32768,8,4096,8,uniform,b32_b16,128,256,,190.40625,,194.25,,53,,17,q8,tf32,Float32,tf32,20260802,random,1,4,1,one_or_more_tile_stripes,4,dense,compressed_tlr,4294967296,407371776,4702339072,814743552,8589934592,0.64227294921875,2.077326,2.077326,45.312396,45.23513,188.641884,187.794411,4.16314078822934,4.151516995750869,6.542308933632e12,6.674379177984e12,1.9787644787644787,147296.98199989248,373028.20924786775,false,45.270053;46.019614;45.23513;45.354739,,NVIDIA H100 80GB HBM3,1.12.6
workspace_tuning__20260803T201151.391Z__pid12447,20260803T201151.391Z,workspace_tuning,compressed,dense_compressed__N32768__q8__uniform__r128-256__tf32__q8__w8,dense__N32768__tf32,dense_compressed,32768,8,4096,8,uniform,b32_b16,128,256,,190.40625,,194.25,,53,,17,q8,tf32,Float32,tf32,20260802,random,1,4,1,one_or_more_tile_stripes,8,dense,compressed_tlr,4294967296,407371776,4702339072,1629487104,8589934592,0.73712158203125,1.130921,1.130921,46.9518725,46.031571,188.641884,187.794411,4.017771261412418,4.07968719990026,6.542308933632e12,6.674379177984e12,1.9787644787644787,142153.63142298532,373028.20924786775,false,47.545445;47.203654;46.031571;46.700091,,NVIDIA H100 80GB HBM3,1.12.6
workspace_tuning__20260803T201151.391Z__pid12447,20260803T201151.391Z,workspace_tuning,compressed,compressed_compressed__N32768__q8__uniform__r128-256__tf32__q8__w1,dense__N32768__tf32,compressed_compressed,32768,8,4096,8,uniform,b32_b16,128,256,190.40625,192.4375,194.25,195.75,53,50,17,16,q8,tf32,Float32,tf32,20260802,random,1,4,1,tlr_tlr_runs,1,compressed_tlr,compressed_tlr,407371776,410517504,817889280,1707356416,8589934592,0.293977290391922,6.344688,6.344688,20.518355,19.733372,188.641884,187.794411,9.193811297250681,9.516590018168207,3.578462322688e12,3.656142290944e12,2.124642917985103,178188.86021535352,373028.20924786775,false,19.733372;20.010806;21.025904;21.26351,,NVIDIA H100 80GB HBM3,1.12.6
workspace_tuning__20260803T201151.391Z__pid12447,20260803T201151.391Z,workspace_tuning,compressed,compressed_compressed__N32768__q8__uniform__r128-256__tf32__q8__w2,dense__N32768__tf32,compressed_compressed,32768,8,4096,8,uniform,b32_b16,128,256,190.40625,192.4375,194.25,195.75,53,50,17,16,q8,tf32,Float32,tf32,20260802,random,1,4,1,tlr_tlr_runs,2,compressed_tlr,compressed_tlr,407371776,410517504,817889280,861758720,8589934592,0.1955367624759674,7.186368,7.186368,21.7590765,20.164536,188.641884,187.794411,8.669572166815076,9.313103510043574,3.52262774784e12,3.593865265152e12,1.9821977747122654,165166.25901618574,373028.20924786775,false,20.164536;21.535147;21.983006;22.05901,,NVIDIA H100 80GB HBM3,1.12.6
workspace_tuning__20260803T201151.391Z__pid12447,20260803T201151.391Z,workspace_tuning,compressed,compressed_compressed__N32768__q8__uniform__r128-256__tf32__q8__w4,dense__N32768__tf32,compressed_compressed,32768,8,4096,8,uniform,b32_b16,128,256,190.40625,192.4375,194.25,195.75,53,50,17,16,q8,tf32,Float32,tf32,20260802,random,1,4,1,tlr_tlr_runs,4,compressed_tlr,compressed_tlr,407371776,410517504,817889280,433039104,8589934592,0.1456272304058075,8.158391,8.158391,20.4698885,19.403829,188.641884,187.794411,9.215579459555924,9.678214078262593,3.45954541568e12,3.532661981184e12,2.06973001927273,172578.4672048409,373028.20924786775,false,19.403829;20.074973;20.904303;20.864804,,NVIDIA H100 80GB HBM3,1.12.6
workspace_tuning__20260803T201151.391Z__pid12447,20260803T201151.391Z,workspace_tuning,compressed,compressed_compressed__N32768__q8__uniform__r128-256__tf32__q8__w8,dense__N32768__tf32,compressed_compressed,32768,8,4096,8,uniform,b32_b16,128,256,190.40625,192.4375,194.25,195.75,53,50,17,16,q8,tf32,Float32,tf32,20260802,random,1,4,1,tlr_tlr_runs,8,compressed_tlr,compressed_tlr,407371776,410517504,817889280,216823296,8589934592,0.12045639753341675,22.762422,22.762422,20.0308065,19.696557,188.641884,187.794411,9.417588053681213,9.534377556442987,3.45954541568e12,3.532661981184e12,2.06973001927273,176361.4451162513,373028.20924786775,false,19.696557;20.671635;20.046651;20.014962,,NVIDIA H100 80GB HBM3,1.12.6
workspace_tuning__20260803T201151.391Z__pid12447,20260803T201151.391Z,workspace_tuning,compressed,compressed_compressed__N32768__q8__uniform__r128-256__tf32__q8__w16,dense__N32768__tf32,compressed_compressed,32768,8,4096,8,uniform,b32_b16,128,256,190.40625,192.4375,194.25,195.75,53,50,17,16,q8,tf32,Float32,tf32,20260802,random,1,4,1,tlr_tlr_runs,16,compressed_tlr,compressed_tlr,407371776,410517504,817889280,114348032,8589934592,0.10852670669555664,15.230037,15.230037,21.446399,21.420434,188.641884,187.794411,8.795970083369241,8.767068445018435,3.437969915904e12,3.509039661056e12,2.02533319702099,163619.0607596175,373028.20924786775,false,21.42333;21.420434;21.469468;21.688897,,NVIDIA H100 80GB HBM3,1.12.6
workspace_tuning__20260803T201151.391Z__pid12447,20260803T201151.391Z,workspace_tuning,compressed,compressed_compressed__N32768__q8__uniform__r128-256__tf32__q8__w32,dense__N32768__tf32,compressed_compressed,32768,8,4096,8,uniform,b32_b16,128,256,190.40625,192.4375,194.25,195.75,53,50,17,16,q8,tf32,Float32,tf32,20260802,random,1,4,1,tlr_tlr_runs,32,compressed_tlr,compressed_tlr,407371776,410517504,817889280,59533824,8589934592,0.1021454930305481,25.664802,25.664802,22.1299555,22.071449,188.641884,187.794411,8.52427760191384,8.508476765616974,3.436459966464e12,3.50742904832e12,2.0233932284387337,158492.3678820773,373028.20924786775,false,22.071449;22.12618;22.133731;22.425888,,NVIDIA H100 80GB HBM3,1.12.6
workspace_tuning__20260803T201151.391Z__pid12447,20260803T201151.391Z,workspace_tuning,compressed,compressed_compressed__N32768__q8__uniform__r128-256__tf32__q8__w64,dense__N32768__tf32,compressed_compressed,32768,8,4096,8,uniform,b32_b16,128,256,190.40625,192.4375,194.25,195.75,53,50,17,16,q8,tf32,Float32,tf32,20260802,random,1,4,1,tlr_tlr_runs,64,compressed_tlr,compressed_tlr,407371776,410517504,817889280,30875904,8589934592,0.09880927205085754,42.265639,42.265639,25.897876,25.855948,188.641884,187.794411,7.284067774515563,7.2631029038270025,3.41944786944e12,3.489712308224e12,2.013473678572641,134748.9774151363,373028.20924786775,false,25.855948;25.928507;25.867245;25.956829,,NVIDIA H100 80GB HBM3,1.12.6
workspace_tuning__20260803T201151.391Z__pid12447,20260803T201151.391Z,workspace_tuning,baseline,dense__N65536__bf16,dense__N65536__bf16,dense_dense,65536,,,,,,,,,,,,,,,,,bf16,Core.BFloat16,fp32_accumulate,20260802,random,1,4,0,none,0,dense,dense,8589934592,8589934592,17179869184,0,17179869184,1.0,,,766.319915,732.759941,766.319915,732.759941,1.0,1.0,5.62949953421312e14,5.62949953421312e14,0.0,734614.8030373346,734614.8030373346,false,767.210482;779.287213;765.429348;732.759941,767.210482;779.287213;765.429348;732.759941,NVIDIA H100 80GB HBM3,1.12.6
workspace_tuning__20260803T201151.391Z__pid12447,20260803T201151.391Z,workspace_tuning,compressed,compressed_dense__N65536__q16__uniform__r128-256__bf16__q8__w1,dense__N65536__bf16,compressed_dense,65536,16,4096,16,uniform,b32_b16,128,256,188.82421875,,192.4375,,105,,17,,q8,bf16,Core.BFloat16,fp32_accumulate,20260802,random,1,4,1,one_or_more_tile_stripes,1,compressed_tlr,dense,807141376,8589934592,9397075968,403570688,17179869184,0.5704727172851562,54.471754,54.471754,221.27696500000002,213.739313,766.319915,732.759941,3.4631707597761023,3.4282880894260197,5.1903606030336e13,5.2896817217536e13,1.877638843780448,239052.5250449634,734614.8030373346,false,213.739313;214.279841;228.274089;240.077652,,NVIDIA H100 80GB HBM3,1.12.6
workspace_tuning__20260803T201151.391Z__pid12447,20260803T201151.391Z,workspace_tuning,compressed,compressed_dense__N65536__q16__uniform__r128-256__bf16__q8__w2,dense__N65536__bf16,compressed_dense,65536,16,4096,16,uniform,b32_b16,128,256,188.82421875,,192.4375,,105,,17,,q8,bf16,Core.BFloat16,fp32_accumulate,20260802,random,1,4,1,one_or_more_tile_stripes,2,compressed_tlr,dense,807141376,8589934592,9397075968,807141376,17179869184,0.593963623046875,77.407064,77.407064,224.09248100000002,215.52333,766.319915,732.759941,3.4196592031126647,3.399910074700498,5.1903606030336e13,5.2896817217536e13,1.877638843780448,236049.04984534485,734614.8030373346,false,216.070018;215.52333;232.114944;238.774984,,NVIDIA H100 80GB HBM3,1.12.6
workspace_tuning__20260803T201151.391Z__pid12447,20260803T201151.391Z,workspace_tuning,compressed,compressed_dense__N65536__q16__uniform__r128-256__bf16__q8__w4,dense__N65536__bf16,compressed_dense,65536,16,4096,16,uniform,b32_b16,128,256,188.82421875,,192.4375,,105,,17,,q8,bf16,Core.BFloat16,fp32_accumulate,20260802,random,1,4,1,one_or_more_tile_stripes,4,compressed_tlr,dense,807141376,8589934592,9397075968,1614282752,17179869184,0.6409454345703125,19.537439,19.537439,227.139007,218.500682,766.319915,732.759941,3.373792661689324,3.353581939849506,5.1903606030336e13,5.2896817217536e13,1.877638843780448,232883.01695153577,734614.8030373346,false,218.500682;219.345697;237.339807;234.932317,,NVIDIA H100 80GB HBM3,1.12.6
workspace_tuning__20260803T201151.391Z__pid12447,20260803T201151.391Z,workspace_tuning,compressed,compressed_dense__N65536__q16__uniform__r128-256__bf16__q8__w8,dense__N65536__bf16,compressed_dense,65536,16,4096,16,uniform,b32_b16,128,256,188.82421875,,192.4375,,105,,17,,q8,bf16,Core.BFloat16,fp32_accumulate,20260802,random,1,4,1,one_or_more_tile_stripes,8,compressed_tlr,dense,807141376,8589934592,9397075968,3228565504,17179869184,0.7349090576171875,7.005186,7.005186,228.7441475,220.010461,766.319915,732.759941,3.3501181270659615,3.3305686360068125,5.1903606030336e13,5.2896817217536e13,1.877638843780448,231248.83322986876,734614.8030373346,false,220.010461;223.137268;234.351027;239.618225,,NVIDIA H100 80GB HBM3,1.12.6
workspace_tuning__20260803T201151.391Z__pid12447,20260803T201151.391Z,workspace_tuning,compressed,compressed_dense__N65536__q16__uniform__r128-256__bf16__q8__w16,dense__N65536__bf16,compressed_dense,65536,16,4096,16,uniform,b32_b16,128,256,188.82421875,,192.4375,,105,,17,,q8,bf16,Core.BFloat16,fp32_accumulate,20260802,random,1,4,1,one_or_more_tile_stripes,16,compressed_tlr,dense,807141376,8589934592,9397075968,6457131008,17179869184,0.9228363037109375,3.4704,3.4704,229.690192,222.437621,766.319915,732.759941,3.336319711030587,3.2942266587179514,5.1903606030336e13,5.2896817217536e13,1.877638843780448,230296.36902186924,734614.8030373346,false,225.584927;222.437621;252.025991;233.795457,,NVIDIA H100 80GB HBM3,1.12.6
workspace_tuning__20260803T201151.391Z__pid12447,20260803T201151.391Z,workspace_tuning,compressed,dense_compressed__N65536__q16__uniform__r128-256__bf16__q8__w1,dense__N65536__bf16,dense_compressed,65536,16,4096,16,uniform,b32_b16,128,256,,188.82421875,,192.4375,,105,,17,q8,bf16,Core.BFloat16,fp32_accumulate,20260802,random,1,4,1,one_or_more_tile_stripes,1,dense,compressed_tlr,8589934592,807141376,9397075968,403570688,17179869184,0.5704727172851562,53.266281,53.266281,210.7047435,206.862007,766.319915,732.759941,3.636937176974376,3.5422644864892954,5.1903606030336e13,5.2896817217536e13,1.877638843780448,251047.1114170052,734614.8030373346,false,207.223728;206.862007;214.185759;220.520995,,NVIDIA H100 80GB HBM3,1.12.6
workspace_tuning__20260803T201151.391Z__pid12447,20260803T201151.391Z,workspace_tuning,compressed,dense_compressed__N65536__q16__uniform__r128-256__bf16__q8__w2,dense__N65536__bf16,dense_compressed,65536,16,4096,16,uniform,b32_b16,128,256,,188.82421875,,192.4375,,105,,17,q8,bf16,Core.BFloat16,fp32_accumulate,20260802,random,1,4,1,one_or_more_tile_stripes,2,dense,compressed_tlr,8589934592,807141376,9397075968,807141376,17179869184,0.593963623046875,26.738818,26.738818,232.221888,230.238788,766.319915,732.759941,3.299946967100707,3.1826085750590383,5.1903606030336e13,5.2896817217536e13,1.877638843780448,227785.6651373707,734614.8030373346,false,230.238788;230.776181;245.130829;233.667595,,NVIDIA H100 80GB HBM3,1.12.6
workspace_tuning__20260803T201151.391Z__pid12447,20260803T201151.391Z,workspace_tuning,compressed,dense_compressed__N65536__q16__uniform__r128-256__bf16__q8__w4,dense__N65536__bf16,dense_compressed,65536,16,4096,16,uniform,b32_b16,128,256,,188.82421875,,192.4375,,105,,17,q8,bf16,Core.BFloat16,fp32_accumulate,20260802,random,1,4,1,one_or_more_tile_stripes,4,dense,compressed_tlr,8589934592,807141376,9397075968,1614282752,17179869184,0.6409454345703125,13.30021,13.30021,216.545449,206.956048,766.319915,732.759941,3.5388410079216213,3.5406548785662935,5.1903606030336e13,5.2896817217536e13,1.877638843780448,244275.8204423682,734614.8030373346,false,206.956048;207.010619;226.080279;256.777607,,NVIDIA H100 80GB HBM3,1.12.6
workspace_tuning__20260803T201151.391Z__pid12447,20260803T201151.391Z,workspace_tuning,compressed,dense_compressed__N65536__q16__uniform__r128-256__bf16__q8__w8,dense__N65536__bf16,dense_compressed,65536,16,4096,16,uniform,b32_b16,128,256,,188.82421875,,192.4375,,105,,17,q8,bf16,Core.BFloat16,fp32_accumulate,20260802,random,1,4,1,one_or_more_tile_stripes,8,dense,compressed_tlr,8589934592,807141376,9397075968,3228565504,17179869184,0.7349090576171875,19.171832,19.171832,256.04294849999997,254.487713,766.319915,732.759941,2.992935050503842,2.8793529257736696,5.1903606030336e13,5.2896817217536e13,1.877638843780448,206593.53255938625,734614.8030373346,false,257.029234;254.487713;269.714775;255.056663,,NVIDIA H100 80GB HBM3,1.12.6
workspace_tuning__20260803T201151.391Z__pid12447,20260803T201151.391Z,workspace_tuning,compressed,dense_compressed__N65536__q16__uniform__r128-256__bf16__q8__w16,dense__N65536__bf16,dense_compressed,65536,16,4096,16,uniform,b32_b16,128,256,,188.82421875,,192.4375,,105,,17,q8,bf16,Core.BFloat16,fp32_accumulate,20260802,random,1,4,1,one_or_more_tile_stripes,16,dense,compressed_tlr,8589934592,807141376,9397075968,6457131008,17179869184,0.9228363037109375,3.215269,3.215269,285.27242149999995,282.839163,766.319915,732.759941,2.6862740918683587,2.590730128132928,5.1903606030336e13,5.2896817217536e13,1.877638843780448,185425.6255806207,734614.8030373346,false,286.449642;287.160465;284.095201;282.839163,,NVIDIA H100 80GB HBM3,1.12.6
workspace_tuning__20260803T201151.391Z__pid12447,20260803T201151.391Z,workspace_tuning,compressed,compressed_compressed__N65536__q16__uniform__r128-256__bf16__q8__w1,dense__N65536__bf16,compressed_compressed,65536,16,4096,16,uniform,b32_b16,128,256,188.82421875,189.62890625,192.4375,193.0,105,107,17,17,q8,bf16,Core.BFloat16,fp32_accumulate,20260802,random,1,4,1,tlr_tlr_runs,1,compressed_tlr,compressed_tlr,807141376,809500672,1616642048,6761381632,17179869184,0.48766516149044037,69.060041,69.060041,113.009433,111.822323,766.319915,732.759941,6.781026102484737,6.5528949975399815,2.8354599337984e13,2.8940829720576e13,2.025617054701127,256092.15932068255,734614.8030373346,false,114.758033;113.27853;111.822323;112.740336,,NVIDIA H100 80GB HBM3,1.12.6
workspace_tuning__20260803T201151.391Z__pid12447,20260803T201151.391Z,workspace_tuning,compressed,compressed_compressed__N65536__q16__uniform__r128-256__bf16__q8__w2,dense__N65536__bf16,compressed_compressed,65536,16,4096,16,uniform,b32_b16,128,256,188.82421875,189.62890625,192.4375,193.0,105,107,17,17,q8,bf16,Core.BFloat16,fp32_accumulate,20260802,random,1,4,1,tlr_tlr_runs,2,compressed_tlr,compressed_tlr,807141376,809500672,1616642048,3391297152,17179869184,0.29150042682886124,44.433582,44.433582,112.192116,111.92782,766.319915,732.759941,6.8304257226060345,6.546718599540311,2.8331782324224e13,2.8884995145728e13,1.9152255997031677,257460.1155194185,734614.8030373346,false,111.92782;112.146388;112.514088;112.237844,,NVIDIA H100 80GB HBM3,1.12.6
workspace_tuning__20260803T201151.391Z__pid12447,20260803T201151.391Z,workspace_tuning,compressed,compressed_compressed__N65536__q16__uniform__r128-256__bf16__q8__w4,dense__N65536__bf16,compressed_compressed,65536,16,4096,16,uniform,b32_b16,128,256,188.82421875,189.62890625,192.4375,193.0,105,107,17,17,q8,bf16,Core.BFloat16,fp32_accumulate,20260802,random,1,4,1,tlr_tlr_runs,4,compressed_tlr,compressed_tlr,807141376,809500672,1616642048,1697765120,17179869184,0.1929238885641098,47.492305,47.492305,106.1223635,105.287379,766.319915,732.759941,7.221097323185796,6.959618027911969,2.8135824441344e13,2.8704606519296e13,1.9815010443346421,270485.93314919906,734614.8030373346,false,107.173911;106.890828;105.287379;105.353899,,NVIDIA H100 80GB HBM3,1.12.6
workspace_tuning__20260803T201151.391Z__pid12447,20260803T201151.391Z,workspace_tuning,compressed,compressed_compressed__N65536__q16__uniform__r128-256__bf16__q8__w8,dense__N65536__bf16,compressed_compressed,65536,16,4096,16,uniform,b32_b16,128,256,188.82421875,189.62890625,192.4375,193.0,105,107,17,17,q8,bf16,Core.BFloat16,fp32_accumulate,20260802,random,1,4,1,tlr_tlr_runs,8,compressed_tlr,compressed_tlr,807141376,809500672,1616642048,849456128,17179869184,0.14354580640792847,51.984373,51.984373,99.229835,98.912356,766.319915,732.759941,7.722676501477606,7.408173969690905,2.7970468200448e13,2.8532807827456e13,1.9708527475059172,287542.63097843505,734614.8030373346,false,99.453735;99.005935;98.912356;100.460791,,NVIDIA H100 80GB HBM3,1.12.6
workspace_tuning__20260803T201151.391Z__pid12447,20260803T201151.391Z,workspace_tuning,compressed,compressed_compressed__N65536__q16__uniform__r128-256__bf16__q8__w16,dense__N65536__bf16,compressed_compressed,65536,16,4096,16,uniform,b32_b16,128,256,188.82421875,189.62890625,192.4375,193.0,105,107,17,17,q8,bf16,Core.BFloat16,fp32_accumulate,20260802,random,1,4,1,tlr_tlr_runs,16,compressed_tlr,compressed_tlr,807141376,809500672,1616642048,425545856,17179869184,0.11887098103761673,58.631955,58.631955,96.951693,96.352488,766.319915,732.759941,7.904141653307694,7.6049924211609365,2.7763202473984e13,2.833523933184e13,2.0188178090072046,292261.4185998794,734614.8030373346,false,97.637169;97.395957;96.352488;96.507429,,NVIDIA H100 80GB HBM3,1.12.6
workspace_tuning__20260803T201151.391Z__pid12447,20260803T201151.391Z,workspace_tuning,compressed,compressed_compressed__N65536__q16__uniform__r128-256__bf16__q8__w32,dense__N65536__bf16,compressed_compressed,65536,16,4096,16,uniform,b32_b16,128,256,188.82421875,189.62890625,192.4375,193.0,105,107,17,17,q8,bf16,Core.BFloat16,fp32_accumulate,20260802,random,1,4,1,tlr_tlr_runs,32,compressed_tlr,compressed_tlr,807141376,809500672,1616642048,217239936,17179869184,0.10674598067998886,70.294597,70.294597,98.211122,97.824959,766.319915,732.759941,7.802781389667863,7.490521319819822,2.7721393651712e13,2.8297658368e13,2.036439583777224,288130.89385130943,734614.8030373346,false,97.824959;98.549743;98.189655;98.232589,,NVIDIA H100 80GB HBM3,1.12.6
workspace_tuning__20260803T201151.391Z__pid12447,20260803T201151.391Z,workspace_tuning,compressed,compressed_compressed__N65536__q16__uniform__r128-256__bf16__q8__w64,dense__N65536__bf16,compressed_compressed,65536,16,4096,16,uniform,b32_b16,128,256,188.82421875,189.62890625,192.4375,193.0,105,107,17,17,q8,bf16,Core.BFloat16,fp32_accumulate,20260802,random,1,4,1,tlr_tlr_runs,64,compressed_tlr,compressed_tlr,807141376,809500672,1616642048,109377536,17179869184,0.10046756267547607,92.18814,92.18814,98.5757075,97.986111,766.319915,732.759941,7.773922545775288,7.478202099479181,2.7710689787904e13,2.8283699724288e13,2.02593699540637,286923.6289710424,734614.8030373346,false,97.986111;98.731866;98.788971;98.419549,,NVIDIA H100 80GB HBM3,1.12.6
workspace_tuning__20260803T201151.391Z__pid12447,20260803T201151.391Z,workspace_tuning,compressed,compressed_dense__N65536__q8__uniform__r256-512__bf16__q8__w1,dense__N65536__bf16,compressed_dense,65536,8,8192,8,uniform,b32_b16,256,512,380.6875,,384.0,,56,,30,,q8,bf16,Core.BFloat16,fp32_accumulate,20260802,random,1,4,1,one_or_more_tile_stripes,1,compressed_tlr,dense,805306368,8589934592,9395240960,402653184,17179869184,0.5703125,9.037386,9.037386,187.653295,185.354121,766.319915,732.759941,4.083700821773473,3.9532972725219313,5.2321291599872e13,5.2776558133248e13,0.8626302083333334,281245.0382672364,734614.8030373346,false,187.223117;185.354121;188.083473;217.172977,,NVIDIA H100 80GB HBM3,1.12.6
workspace_tuning__20260803T201151.391Z__pid12447,20260803T201151.391Z,workspace_tuning,compressed,compressed_dense__N65536__q8__uniform__r256-512__bf16__q8__w2,dense__N65536__bf16,compressed_dense,65536,8,8192,8,uniform,b32_b16,256,512,380.6875,,384.0,,56,,30,,q8,bf16,Core.BFloat16,fp32_accumulate,20260802,random,1,4,1,one_or_more_tile_stripes,2,compressed_tlr,dense,805306368,8589934592,9395240960,805306368,17179869184,0.59375,4.593449,4.593449,191.4075435,189.17192,766.319915,732.759941,4.003603520464177,3.8735132624334523,5.2321291599872e13,5.2776558133248e13,0.8626302083333334,275728.7260898785,734614.8030373346,false,189.17192;191.998828;190.816259;230.443153,,NVIDIA H100 80GB HBM3,1.12.6
workspace_tuning__20260803T201151.391Z__pid12447,20260803T201151.391Z,workspace_tuning,compressed,compressed_dense__N65536__q8__uniform__r256-512__bf16__q8__w4,dense__N65536__bf16,compressed_dense,65536,8,8192,8,uniform,b32_b16,256,512,380.6875,,384.0,,56,,30,,q8,bf16,Core.BFloat16,fp32_accumulate,20260802,random,1,4,1,one_or_more_tile_stripes,4,compressed_tlr,dense,805306368,8589934592,9395240960,1610612736,17179869184,0.640625,2.099209,2.099209,194.229409,192.535501,766.319915,732.759941,3.945437093926389,3.8058432714702315,5.2321291599872e13,5.2776558133248e13,0.8626302083333334,271722.7962797745,734614.8030373346,false,194.096796;194.362022;192.535501;228.203112,,NVIDIA H100 80GB HBM3,1.12.6
workspace_tuning__20260803T201151.391Z__pid12447,20260803T201151.391Z,workspace_tuning,compressed,compressed_dense__N65536__q8__uniform__r256-512__bf16__q8__w8,dense__N65536__bf16,compressed_dense,65536,8,8192,8,uniform,b32_b16,256,512,380.6875,,384.0,,56,,30,,q8,bf16,Core.BFloat16,fp32_accumulate,20260802,random,1,4,1,one_or_more_tile_stripes,8,compressed_tlr,dense,805306368,8589934592,9395240960,3221225472,17179869184,0.734375,1.094086,1.094086,196.7985565,195.745111,766.319915,732.759941,3.893930568540527,3.7434392984660545,5.2321291599872e13,5.2776558133248e13,0.8626302083333334,268175.5347796365,734614.8030373346,false,196.615413;195.745111;196.9817;226.950689,,NVIDIA H100 80GB HBM3,1.12.6
workspace_tuning__20260803T201151.391Z__pid12447,20260803T201151.391Z,workspace_tuning,compressed,dense_compressed__N65536__q8__uniform__r256-512__bf16__q8__w1,dense__N65536__bf16,dense_compressed,65536,8,8192,8,uniform,b32_b16,256,512,,380.6875,,384.0,,56,,30,q8,bf16,Core.BFloat16,fp32_accumulate,20260802,random,1,4,1,one_or_more_tile_stripes,1,dense,compressed_tlr,8589934592,805306368,9395240960,402653184,17179869184,0.5703125,10.767794,10.767794,196.093497,195.184923,766.319915,732.759941,3.907931301770808,3.75418310870251,5.2321291599872e13,5.2776558133248e13,0.8626302083333334,269139.7672062934,734614.8030373346,false,195.972491;195.184923;196.214503;233.349699,,NVIDIA H100 80GB HBM3,1.12.6
workspace_tuning__20260803T201151.391Z__pid12447,20260803T201151.391Z,workspace_tuning,compressed,dense_compressed__N65536__q8__uniform__r256-512__bf16__q8__w2,dense__N65536__bf16,dense_compressed,65536,8,8192,8,uniform,b32_b16,256,512,,380.6875,,384.0,,56,,30,q8,bf16,Core.BFloat16,fp32_accumulate,20260802,random,1,4,1,one_or_more_tile_stripes,2,dense,compressed_tlr,8589934592,805306368,9395240960,805306368,17179869184,0.59375,47.566837,47.566837,211.834698,205.278528,766.319915,732.759941,3.61753726955534,3.569588832008772,5.2321291599872e13,5.2776558133248e13,0.8626302083333334,249140.29019574498,734614.8030373346,false,211.251781;205.278528;212.417615;246.954896,,NVIDIA H100 80GB HBM3,1.12.6
workspace_tuning__20260803T201151.391Z__pid12447,20260803T201151.391Z,workspace_tuning,compressed,dense_compressed__N65536__q8__uniform__r256-512__bf16__q8__w4,dense__N65536__bf16,dense_compressed,65536,8,8192,8,uniform,b32_b16,256,512,,380.6875,,384.0,,56,,30,q8,bf16,Core.BFloat16,fp32_accumulate,20260802,random,1,4,1,one_or_more_tile_stripes,4,dense,compressed_tlr,8589934592,805306368,9395240960,1610612736,17179869184,0.640625,2.077507,2.077507,244.777895,239.491214,766.319915,732.759941,3.1306745039211976,3.059652706090504,5.2321291599872e13,5.2776558133248e13,0.8626302083333334,215609.9844442571,734614.8030373346,false,247.115616;239.491214;258.483358;242.440174,,NVIDIA H100 80GB HBM3,1.12.6
workspace_tuning__20260803T201151.391Z__pid12447,20260803T201151.391Z,workspace_tuning,compressed,dense_compressed__N65536__q8__uniform__r256-512__bf16__q8__w8,dense__N65536__bf16,dense_compressed,65536,8,8192,8,uniform,b32_b16,256,512,,380.6875,,384.0,,56,,30,q8,bf16,Core.BFloat16,fp32_accumulate,20260802,random,1,4,1,one_or_more_tile_stripes,8,dense,compressed_tlr,8589934592,805306368,9395240960,3221225472,17179869184,0.734375,1.106745,1.106745,263.344577,260.974062,766.319915,732.759941,2.9099513790253595,2.807788388564071,5.2321291599872e13,5.2776558133248e13,0.8626302083333334,200408.75242040012,734614.8030373346,false,260.974062;260.980792;272.837133;265.708362,,NVIDIA H100 80GB HBM3,1.12.6
workspace_tuning__20260803T201151.391Z__pid12447,20260803T201151.391Z,workspace_tuning,compressed,compressed_compressed__N65536__q8__uniform__r256-512__bf16__q8__w1,dense__N65536__bf16,compressed_compressed,65536,8,8192,8,uniform,b32_b16,256,512,380.6875,384.765625,384.0,387.875,56,57,30,28,q8,bf16,Core.BFloat16,fp32_accumulate,20260802,random,1,4,1,tlr_tlr_runs,1,compressed_tlr,compressed_tlr,805306368,813432832,1618739200,3373712896,17179869184,0.29059895873069763,6.396036,6.396036,102.6741065,100.158169,766.319915,732.759941,7.463614158648657,7.316027722112213,2.861762166784e13,2.888663302144e13,0.9312658675046572,281342.92087986175,734614.8030373346,false,102.129447;100.158169;104.548084;103.218766,,NVIDIA H100 80GB HBM3,1.12.6
workspace_tuning__20260803T201151.391Z__pid12447,20260803T201151.391Z,workspace_tuning,compressed,compressed_compressed__N65536__q8__uniform__r256-512__bf16__q8__w2,dense__N65536__bf16,compressed_compressed,65536,8,8192,8,uniform,b32_b16,256,512,380.6875,384.765625,384.0,387.875,56,57,30,28,q8,bf16,Core.BFloat16,fp32_accumulate,20260802,random,1,4,1,tlr_tlr_runs,2,compressed_tlr,compressed_tlr,805306368,813432832,1618739200,1706659200,17179869184,0.19356366246938705,7.151425,7.151425,105.1015665,104.565159,766.319915,732.759941,7.291232095955487,7.007687340675301,2.816933445632e13,2.8418481586176e13,0.8767080996234371,270390.65670040227,734614.8030373346,false,105.947016;105.612626;104.590507;104.565159,,NVIDIA H100 80GB HBM3,1.12.6
workspace_tuning__20260803T201151.391Z__pid12447,20260803T201151.391Z,workspace_tuning,compressed,compressed_compressed__N65536__q8__uniform__r256-512__bf16__q8__w4,dense__N65536__bf16,compressed_compressed,65536,8,8192,8,uniform,b32_b16,256,512,380.6875,384.765625,384.0,387.875,56,57,30,28,q8,bf16,Core.BFloat16,fp32_accumulate,20260802,random,1,4,1,tlr_tlr_runs,4,compressed_tlr,compressed_tlr,805306368,813432832,1618739200,857553408,17179869184,0.14413920044898987,8.35179,8.35179,98.0881275,96.531385,766.319915,732.759941,7.812565440195604,7.590898452353088,2.7667628589056e13,2.7922412863488e13,0.9124722697770932,284666.59090304276,734614.8030373346,false,99.158093;99.864369;96.531385;97.018162,,NVIDIA H100 80GB HBM3,1.12.6
workspace_tuning__20260803T201151.391Z__pid12447,20260803T201151.391Z,workspace_tuning,compressed,compressed_compressed__N65536__q8__uniform__r256-512__bf16__q8__w8,dense__N65536__bf16,compressed_compressed,65536,8,8192,8,uniform,b32_b16,256,512,380.6875,384.765625,384.0,387.875,56,57,30,28,q8,bf16,Core.BFloat16,fp32_accumulate,20260802,random,1,4,1,tlr_tlr_runs,8,compressed_tlr,compressed_tlr,805306368,813432832,1618739200,429337088,17179869184,0.11921373009681702,10.41121,10.41121,95.47330199999999,93.877666,766.319915,732.759941,8.026536203807009,7.80547676803128,2.7667628589056e13,2.7922412863488e13,0.9124722697770932,292463.04755949473,734614.8030373346,false,98.379229;93.877666;95.903425;95.043179,,NVIDIA H100 80GB HBM3,1.12.6
workspace_tuning__20260803T201151.391Z__pid12447,20260803T201151.391Z,workspace_tuning,compressed,compressed_compressed__N65536__q8__uniform__r256-512__bf16__q8__w16,dense__N65536__bf16,compressed_compressed,65536,8,8192,8,uniform,b32_b16,256,512,380.6875,384.765625,384.0,387.875,56,57,30,28,q8,bf16,Core.BFloat16,fp32_accumulate,20260802,random,1,4,1,tlr_tlr_runs,16,compressed_tlr,compressed_tlr,805306368,813432832,1618739200,226600960,17179869184,0.10741293430328369,15.601963,15.601963,93.8296895,93.516727,766.319915,732.759941,8.16713685277622,7.835602939782099,2.749824581632e13,2.7749540429824e13,0.9055811721981509,295743.70945588604,734614.8030373346,false,93.929404;93.729975;93.516727;94.057245,,NVIDIA H100 80GB HBM3,1.12.6
workspace_tuning__20260803T201151.391Z__pid12447,20260803T201151.391Z,workspace_tuning,compressed,compressed_compressed__N65536__q8__uniform__r256-512__bf16__q8__w32,dense__N65536__bf16,compressed_compressed,65536,8,8192,8,uniform,b32_b16,256,512,380.6875,384.765625,384.0,387.875,56,57,30,28,q8,bf16,Core.BFloat16,fp32_accumulate,20260802,random,1,4,1,tlr_tlr_runs,32,compressed_tlr,compressed_tlr,805306368,813432832,1618739200,118295168,17179869184,0.10110870748758316,26.21119,26.21119,97.11697000000001,96.508019,766.319915,732.759941,7.8906901131697165,7.5927363196627216,2.7486703091712e13,2.773772926976e13,0.9049990199510373,285611.559645652,734614.8030373346,false,97.162648;96.508019;97.804699;97.071292,,NVIDIA H100 80GB HBM3,1.12.6
workspace_tuning__20260803T201151.391Z__pid12447,20260803T201151.391Z,workspace_tuning,compressed,compressed_compressed__N65536__q8__uniform__r256-512__bf16__q8__w64,dense__N65536__bf16,compressed_compressed,65536,8,8192,8,uniform,b32_b16,256,512,380.6875,384.765625,384.0,387.875,56,57,30,28,q8,bf16,Core.BFloat16,fp32_accumulate,20260802,random,1,4,1,tlr_tlr_runs,64,compressed_tlr,compressed_tlr,805306368,813432832,1618739200,61293696,17179869184,0.09779078513383865,276.161696,276.161696,97.0742865,95.846661,766.319915,732.759941,7.8941596444285995,7.645127470846377,2.7350472097792e13,2.759277412352e13,0.8781357925206312,284243.90349261026,734614.8030373346,false,95.846661;98.830003;95.939259;98.209314,,NVIDIA H100 80GB HBM3,1.12.6
workspace_tuning__20260803T201151.391Z__pid12447,20260803T201151.391Z,workspace_tuning,baseline,dense__N65536__fp16,dense__N65536__fp16,dense_dense,65536,,,,,,,,,,,,,,,,,fp16,Float16,fp32_accumulate,20260802,random,1,4,0,none,0,dense,dense,8589934592,8589934592,17179869184,0,17179869184,1.0,,,791.400945,780.449497,791.400945,780.449497,1.0,1.0,5.62949953421312e14,5.62949953421312e14,0.0,711333.4359504866,711333.4359504866,false,798.451389;960.523211;780.449497;784.350501,798.451389;960.523211;780.449497;784.350501,NVIDIA H100 80GB HBM3,1.12.6
workspace_tuning__20260803T201151.391Z__pid12447,20260803T201151.391Z,workspace_tuning,compressed,compressed_dense__N65536__q16__uniform__r128-256__fp16__q8__w1,dense__N65536__fp16,compressed_dense,65536,16,4096,16,uniform,b32_b16,128,256,188.82421875,,192.4375,,105,,17,,q8,fp16,Float16,fp32_accumulate,20260802,random,1,4,1,one_or_more_tile_stripes,1,compressed_tlr,dense,807141376,8589934592,9397075968,403570688,17179869184,0.5704727172851562,55.479871,55.479871,225.9494165,216.532068,791.400945,780.449497,3.5025580382501227,3.6043136899242096,5.1903606030336e13,5.2896817217536e13,1.877638843780448,234109.11183979976,711333.4359504866,false,216.552859;216.532068;235.345974;240.258931,,NVIDIA H100 80GB HBM3,1.12.6
workspace_tuning__20260803T201151.391Z__pid12447,20260803T201151.391Z,workspace_tuning,compressed,compressed_dense__N65536__q16__uniform__r128-256__fp16__q8__w2,dense__N65536__fp16,compressed_dense,65536,16,4096,16,uniform,b32_b16,128,256,188.82421875,,192.4375,,105,,17,,q8,fp16,Float16,fp32_accumulate,20260802,random,1,4,1,one_or_more_tile_stripes,2,compressed_tlr,dense,807141376,8589934592,9397075968,807141376,17179869184,0.593963623046875,27.442501,27.442501,228.3425005,216.979016,791.400945,780.449497,3.4658503925772677,3.596889281680584,5.1903606030336e13,5.2896817217536e13,1.877638843780448,231655.59237421068,711333.4359504866,false,218.548533;216.979016;238.136468;243.617675,,NVIDIA H100 80GB HBM3,1.12.6
workspace_tuning__20260803T201151.391Z__pid12447,20260803T201151.391Z,workspace_tuning,compressed,compressed_dense__N65536__q16__uniform__r128-256__fp16__q8__w4,dense__N65536__fp16,compressed_dense,65536,16,4096,16,uniform,b32_b16,128,256,188.82421875,,192.4375,,105,,17,,q8,fp16,Float16,fp32_accumulate,20260802,random,1,4,1,one_or_more_tile_stripes,4,compressed_tlr,dense,807141376,8589934592,9397075968,1614282752,17179869184,0.6409454345703125,13.891685,13.891685,228.88170200000002,219.636801,791.400945,780.449497,3.457685512142862,3.5533639783799256,5.1903606030336e13,5.2896817217536e13,1.877638843780448,231109.85611919293,711333.4359504866,false,220.700702;219.636801;237.062702;247.043178,,NVIDIA H100 80GB HBM3,1.12.6
workspace_tuning__20260803T201151.391Z__pid12447,20260803T201151.391Z,workspace_tuning,compressed,compressed_dense__N65536__q16__uniform__r128-256__fp16__q8__w8,dense__N65536__fp16,compressed_dense,65536,16,4096,16,uniform,b32_b16,128,256,188.82421875,,192.4375,,105,,17,,q8,fp16,Float16,fp32_accumulate,20260802,random,1,4,1,one_or_more_tile_stripes,8,compressed_tlr,dense,807141376,8589934592,9397075968,3228565504,17179869184,0.7349090576171875,7.04771,7.04771,233.661365,220.412942,791.400945,780.449497,3.386956782521578,3.5408515031753445,5.1903606030336e13,5.2896817217536e13,1.877638843780448,226382.3855412982,711333.4359504866,false,220.412942;222.871709;250.507719;244.451021,,NVIDIA H100 80GB HBM3,1.12.6
workspace_tuning__20260803T201151.391Z__pid12447,20260803T201151.391Z,workspace_tuning,compressed,compressed_dense__N65536__q16__uniform__r128-256__fp16__q8__w16,dense__N65536__fp16,compressed_dense,65536,16,4096,16,uniform,b32_b16,128,256,188.82421875,,192.4375,,105,,17,,q8,fp16,Float16,fp32_accumulate,20260802,random,1,4,1,one_or_more_tile_stripes,16,compressed_tlr,dense,807141376,8589934592,9397075968,6457131008,17179869184,0.9228363037109375,3.546033,3.546033,232.61582099999998,222.649206,791.400945,780.449497,3.4021802197194493,3.5052875822966105,5.1903606030336e13,5.2896817217536e13,1.877638843780448,227399.91196701967,711333.4359504866,false,222.649206;227.495624;258.164369;237.736018,,NVIDIA H100 80GB HBM3,1.12.6
workspace_tuning__20260803T201151.391Z__pid12447,20260803T201151.391Z,workspace_tuning,compressed,dense_compressed__N65536__q16__uniform__r128-256__fp16__q8__w1,dense__N65536__fp16,dense_compressed,65536,16,4096,16,uniform,b32_b16,128,256,,188.82421875,,192.4375,,105,,17,q8,fp16,Float16,fp32_accumulate,20260802,random,1,4,1,one_or_more_tile_stripes,1,dense,compressed_tlr,8589934592,807141376,9397075968,403570688,17179869184,0.5704727172851562,53.263286,53.263286,211.24037850000002,203.425016,791.400945,780.449497,3.7464472967700155,3.8365463223067904,5.1903606030336e13,5.2896817217536e13,1.877638843780448,250410.53984636746,711333.4359504866,false,207.029826;203.425016;215.450931;233.720193,,NVIDIA H100 80GB HBM3,1.12.6
workspace_tuning__20260803T201151.391Z__pid12447,20260803T201151.391Z,workspace_tuning,compressed,dense_compressed__N65536__q16__uniform__r128-256__fp16__q8__w2,dense__N65536__fp16,dense_compressed,65536,16,4096,16,uniform,b32_b16,128,256,,188.82421875,,192.4375,,105,,17,q8,fp16,Float16,fp32_accumulate,20260802,random,1,4,1,one_or_more_tile_stripes,2,dense,compressed_tlr,8589934592,807141376,9397075968,807141376,17179869184,0.593963623046875,26.856455,26.856455,233.463058,229.603917,791.400945,780.449497,3.389833714077368,3.3991122938900036,5.1903606030336e13,5.2896817217536e13,1.877638843780448,226574.67811261173,711333.4359504866,false,230.555249;229.603917;253.169659;236.370867,,NVIDIA H100 80GB HBM3,1.12.6
workspace_tuning__20260803T201151.391Z__pid12447,20260803T201151.391Z,workspace_tuning,compressed,dense_compressed__N65536__q16__uniform__r128-256__fp16__q8__w4,dense__N65536__fp16,dense_compressed,65536,16,4096,16,uniform,b32_b16,128,256,,188.82421875,,192.4375,,105,,17,q8,fp16,Float16,fp32_accumulate,20260802,random,1,4,1,one_or_more_tile_stripes,4,dense,compressed_tlr,8589934592,807141376,9397075968,1614282752,17179869184,0.6409454345703125,13.330486,13.330486,230.65955,214.234681,791.400945,780.449497,3.431034808660643,3.642965244268737,5.1903606030336e13,5.2896817217536e13,1.877638843780448,229328.53730762936,711333.4359504866,false,214.234681;217.913423;243.405677;264.206786,,NVIDIA H100 80GB HBM3,1.12.6
workspace_tuning__20260803T201151.391Z__pid12447,20260803T201151.391Z,workspace_tuning,compressed,dense_compressed__N65536__q16__uniform__r128-256__fp16__q8__w8,dense__N65536__fp16,dense_compressed,65536,16,4096,16,uniform,b32_b16,128,256,,188.82421875,,192.4375,,105,,17,q8,fp16,Float16,fp32_accumulate,20260802,random,1,4,1,one_or_more_tile_stripes,8,dense,compressed_tlr,8589934592,807141376,9397075968,3228565504,17179869184,0.7349090576171875,22.499398,22.499398,261.289022,257.381829,791.400945,780.449497,3.028833507593748,3.0322633887258608,5.1903606030336e13,5.2896817217536e13,1.877638843780448,202445.61678345597,711333.4359504866,false,263.045779;259.532265;268.652665;257.381829,,NVIDIA H100 80GB HBM3,1.12.6
workspace_tuning__20260803T201151.391Z__pid12447,20260803T201151.391Z,workspace_tuning,compressed,dense_compressed__N65536__q16__uniform__r128-256__fp16__q8__w16,dense__N65536__fp16,dense_compressed,65536,16,4096,16,uniform,b32_b16,128,256,,188.82421875,,192.4375,,105,,17,q8,fp16,Float16,fp32_accumulate,20260802,random,1,4,1,one_or_more_tile_stripes,16,dense,compressed_tlr,8589934592,807141376,9397075968,6457131008,17179869184,0.9228363037109375,3.322669,3.322669,289.7375525,287.539461,791.400945,780.449497,2.731440706154236,2.714234402073947,5.1903606030336e13,5.2896817217536e13,1.877638843780448,182568.04049428835,711333.4359504866,false,287.539461;293.621646;288.379917;291.095188,,NVIDIA H100 80GB HBM3,1.12.6
workspace_tuning__20260803T201151.391Z__pid12447,20260803T201151.391Z,workspace_tuning,compressed,compressed_compressed__N65536__q16__uniform__r128-256__fp16__q8__w1,dense__N65536__fp16,compressed_compressed,65536,16,4096,16,uniform,b32_b16,128,256,188.82421875,189.62890625,192.4375,193.0,105,107,17,17,q8,fp16,Float16,fp32_accumulate,20260802,random,1,4,1,tlr_tlr_runs,1,compressed_tlr,compressed_tlr,807141376,809500672,1616642048,6761381632,17179869184,0.48766516149044037,45.075532,45.075532,109.99156500000001,109.05275,791.400945,780.449497,7.195105779247708,7.156623716504169,2.8354599337984e13,2.8940829720576e13,2.025617054701127,263118.6284200611,711333.4359504866,false,109.05275;109.349425;112.30258;110.633705,,NVIDIA H100 80GB HBM3,1.12.6
workspace_tuning__20260803T201151.391Z__pid12447,20260803T201151.391Z,workspace_tuning,compressed,compressed_compressed__N65536__q16__uniform__r128-256__fp16__q8__w2,dense__N65536__fp16,compressed_compressed,65536,16,4096,16,uniform,b32_b16,128,256,188.82421875,189.62890625,192.4375,193.0,105,107,17,17,q8,fp16,Float16,fp32_accumulate,20260802,random,1,4,1,tlr_tlr_runs,2,compressed_tlr,compressed_tlr,807141376,809500672,1616642048,3391297152,17179869184,0.29150042682886124,44.465259,44.465259,109.0841275,107.657524,791.400945,780.449497,7.254959664044616,7.249372528760739,2.8331782324224e13,2.8884995145728e13,1.9152255997031677,264795.5830762638,711333.4359504866,false,109.739477;108.982315;107.657524;109.18594,,NVIDIA H100 80GB HBM3,1.12.6
workspace_tuning__20260803T201151.391Z__pid12447,20260803T201151.391Z,workspace_tuning,compressed,compressed_compressed__N65536__q16__uniform__r128-256__fp16__q8__w4,dense__N65536__fp16,compressed_compressed,65536,16,4096,16,uniform,b32_b16,128,256,188.82421875,189.62890625,192.4375,193.0,105,107,17,17,q8,fp16,Float16,fp32_accumulate,20260802,random,1,4,1,tlr_tlr_runs,4,compressed_tlr,compressed_tlr,807141376,809500672,1616642048,1697765120,17179869184,0.1929238885641098,47.646196,47.646196,101.426435,99.531901,791.400945,780.449497,7.802708879593372,7.841199546665947,2.8135824441344e13,2.8704606519296e13,1.9815010443346421,283009.1239951005,711333.4359504866,false,101.324542;102.64661;99.531901;101.528328,,NVIDIA H100 80GB HBM3,1.12.6
workspace_tuning__20260803T201151.391Z__pid12447,20260803T201151.391Z,workspace_tuning,compressed,compressed_compressed__N65536__q16__uniform__r128-256__fp16__q8__w8,dense__N65536__fp16,compressed_compressed,65536,16,4096,16,uniform,b32_b16,128,256,188.82421875,189.62890625,192.4375,193.0,105,107,17,17,q8,fp16,Float16,fp32_accumulate,20260802,random,1,4,1,tlr_tlr_runs,8,compressed_tlr,compressed_tlr,807141376,809500672,1616642048,849456128,17179869184,0.14354580640792847,51.592408,51.592408,96.6096015,95.890346,791.400945,780.449497,8.19174215308196,8.138978839433952,2.7970468200448e13,2.8532807827456e13,1.9708527475059172,295341.3261667993,711333.4359504866,false,96.486748;96.914197;95.890346;96.732455,,NVIDIA H100 80GB HBM3,1.12.6
workspace_tuning__20260803T201151.391Z__pid12447,20260803T201151.391Z,workspace_tuning,compressed,compressed_compressed__N65536__q16__uniform__r128-256__fp16__q8__w16,dense__N65536__fp16,compressed_compressed,65536,16,4096,16,uniform,b32_b16,128,256,188.82421875,189.62890625,192.4375,193.0,105,107,17,17,q8,fp16,Float16,fp32_accumulate,20260802,random,1,4,1,tlr_tlr_runs,16,compressed_tlr,compressed_tlr,807141376,809500672,1616642048,425545856,17179869184,0.11887098103761673,58.003255,58.003255,93.92754500000001,93.732518,791.400945,780.449497,8.425653465125698,8.326347287501655,2.7763202473984e13,2.833523933184e13,2.0188178090072046,301671.24384907534,711333.4359504866,false,93.921651;93.732518;94.176252;93.933439,,NVIDIA H100 80GB HBM3,1.12.6
workspace_tuning__20260803T201151.391Z__pid12447,20260803T201151.391Z,workspace_tuning,compressed,compressed_compressed__N65536__q16__uniform__r128-256__fp16__q8__w32,dense__N65536__fp16,compressed_compressed,65536,16,4096,16,uniform,b32_b16,128,256,188.82421875,189.62890625,192.4375,193.0,105,107,17,17,q8,fp16,Float16,fp32_accumulate,20260802,random,1,4,1,tlr_tlr_runs,32,compressed_tlr,compressed_tlr,807141376,809500672,1616642048,217239936,17179869184,0.10674598067998886,70.091864,70.091864,94.949088,94.617693,791.400945,780.449497,8.335003122936788,8.24845197821511,2.7721393651712e13,2.8297658368e13,2.036439583777224,298029.8069634961,711333.4359504866,false,94.699775;95.235997;94.617693;95.198401,,NVIDIA H100 80GB HBM3,1.12.6
workspace_tuning__20260803T201151.391Z__pid12447,20260803T201151.391Z,workspace_tuning,compressed,compressed_compressed__N65536__q16__uniform__r128-256__fp16__q8__w64,dense__N65536__fp16,compressed_compressed,65536,16,4096,16,uniform,b32_b16,128,256,188.82421875,189.62890625,192.4375,193.0,105,107,17,17,q8,fp16,Float16,fp32_accumulate,20260802,random,1,4,1,tlr_tlr_runs,64,compressed_tlr,compressed_tlr,807141376,809500672,1616642048,109377536,17179869184,0.10046756267547607,92.637932,92.637932,96.121386,95.633882,791.400945,780.449497,8.233349288159452,8.160805361848638,2.7710689787904e13,2.8283699724288e13,2.02593699540637,294249.8116318048,711333.4359504866,false,95.633882;96.139769;96.154741;96.103003,,NVIDIA H100 80GB HBM3,1.12.6
workspace_tuning__20260803T201151.391Z__pid12447,20260803T201151.391Z,workspace_tuning,compressed,compressed_dense__N65536__q8__uniform__r256-512__fp16__q8__w1,dense__N65536__fp16,compressed_dense,65536,8,8192,8,uniform,b32_b16,256,512,380.6875,,384.0,,56,,30,,q8,fp16,Float16,fp32_accumulate,20260802,random,1,4,1,one_or_more_tile_stripes,1,compressed_tlr,dense,805306368,8589934592,9395240960,402653184,17179869184,0.5703125,8.830056,8.830056,189.422915,189.012942,791.400945,780.449497,4.177957798822809,4.129079674343146,5.2321291599872e13,5.2776558133248e13,0.8626302083333334,278617.60090244625,711333.4359504866,false,189.165811;189.012942;189.680019;227.750405,,NVIDIA H100 80GB HBM3,1.12.6
workspace_tuning__20260803T201151.391Z__pid12447,20260803T201151.391Z,workspace_tuning,compressed,compressed_dense__N65536__q8__uniform__r256-512__fp16__q8__w2,dense__N65536__fp16,compressed_dense,65536,8,8192,8,uniform,b32_b16,256,512,380.6875,,384.0,,56,,30,,q8,fp16,Float16,fp32_accumulate,20260802,random,1,4,1,one_or_more_tile_stripes,2,compressed_tlr,dense,805306368,8589934592,9395240960,805306368,17179869184,0.59375,4.375414,4.375414,194.554059,193.386883,791.400945,780.449497,4.067768871375744,4.035689933530807,5.2321291599872e13,5.2776558133248e13,0.8626302083333334,271269.3757432632,711333.4359504866,false,193.535566;193.386883;195.572552;230.544543,,NVIDIA H100 80GB HBM3,1.12.6
workspace_tuning__20260803T201151.391Z__pid12447,20260803T201151.391Z,workspace_tuning,compressed,compressed_dense__N65536__q8__uniform__r256-512__fp16__q8__w4,dense__N65536__fp16,compressed_dense,65536,8,8192,8,uniform,b32_b16,256,512,380.6875,,384.0,,56,,30,,q8,fp16,Float16,fp32_accumulate,20260802,random,1,4,1,one_or_more_tile_stripes,4,compressed_tlr,dense,805306368,8589934592,9395240960,1610612736,17179869184,0.640625,3.574796,3.574796,196.154086,195.060065,791.400945,780.449497,4.034588119668331,4.001072679843514,5.2321291599872e13,5.2776558133248e13,0.8626302083333334,269056.6340445643,711333.4359504866,false,196.303154;195.060065;196.005018;235.680664,,NVIDIA H100 80GB HBM3,1.12.6
workspace_tuning__20260803T201151.391Z__pid12447,20260803T201151.391Z,workspace_tuning,compressed,compressed_dense__N65536__q8__uniform__r256-512__fp16__q8__w8,dense__N65536__fp16,compressed_dense,65536,8,8192,8,uniform,b32_b16,256,512,380.6875,,384.0,,56,,30,,q8,fp16,Float16,fp32_accumulate,20260802,random,1,4,1,one_or_more_tile_stripes,8,compressed_tlr,dense,805306368,8589934592,9395240960,3221225472,17179869184,0.734375,3.245273,3.245273,201.521278,197.034228,791.400945,780.449497,3.9271334166509204,3.960984367650071,5.2321291599872e13,5.2776558133248e13,0.8626302083333334,261890.7475033381,711333.4359504866,false,200.211559;197.034228;202.830997;233.26445,,NVIDIA H100 80GB HBM3,1.12.6
workspace_tuning__20260803T201151.391Z__pid12447,20260803T201151.391Z,workspace_tuning,compressed,dense_compressed__N65536__q8__uniform__r256-512__fp16__q8__w1,dense__N65536__fp16,dense_compressed,65536,8,8192,8,uniform,b32_b16,256,512,,380.6875,,384.0,,56,,30,q8,fp16,Float16,fp32_accumulate,20260802,random,1,4,1,one_or_more_tile_stripes,1,dense,compressed_tlr,8589934592,805306368,9395240960,402653184,17179869184,0.5703125,8.539801,8.539801,199.290537,195.7785,791.400945,780.449497,3.9710914372216277,3.9863902164946605,5.2321291599872e13,5.2776558133248e13,0.8626302083333334,264822.19842303905,711333.4359504866,false,199.322249;195.7785;199.258825;237.943468,,NVIDIA H100 80GB HBM3,1.12.6
workspace_tuning__20260803T201151.391Z__pid12447,20260803T201151.391Z,workspace_tuning,compressed,dense_compressed__N65536__q8__uniform__r256-512__fp16__q8__w2,dense__N65536__fp16,dense_compressed,65536,8,8192,8,uniform,b32_b16,256,512,,380.6875,,384.0,,56,,30,q8,fp16,Float16,fp32_accumulate,20260802,random,1,4,1,one_or_more_tile_stripes,2,dense,compressed_tlr,8589934592,805306368,9395240960,805306368,17179869184,0.59375,4.109175,4.109175,226.9092015,212.484473,791.400945,780.449497,3.487742849423407,3.672971892868614,5.2321291599872e13,5.2776558133248e13,0.8626302083333334,232588.88482425865,711333.4359504866,false,212.939394;212.484473;240.879009;246.914945,,NVIDIA H100 80GB HBM3,1.12.6
workspace_tuning__20260803T201151.391Z__pid12447,20260803T201151.391Z,workspace_tuning,compressed,dense_compressed__N65536__q8__uniform__r256-512__fp16__q8__w4,dense__N65536__fp16,dense_compressed,65536,8,8192,8,uniform,b32_b16,256,512,,380.6875,,384.0,,56,,30,q8,fp16,Float16,fp32_accumulate,20260802,random,1,4,1,one_or_more_tile_stripes,4,dense,compressed_tlr,8589934592,805306368,9395240960,1610612736,17179869184,0.640625,2.064076,2.064076,240.989288,237.388858,791.400945,780.449497,3.28396731476297,3.287641650814125,5.2321291599872e13,5.2776558133248e13,0.8626302083333334,218999.60189619716,711333.4359504866,false,242.438921;237.388858;271.941553;239.539655,,NVIDIA H100 80GB HBM3,1.12.6
workspace_tuning__20260803T201151.391Z__pid12447,20260803T201151.391Z,workspace_tuning,compressed,dense_compressed__N65536__q8__uniform__r256-512__fp16__q8__w8,dense__N65536__fp16,dense_compressed,65536,8,8192,8,uniform,b32_b16,256,512,,380.6875,,384.0,,56,,30,q8,fp16,Float16,fp32_accumulate,20260802,random,1,4,1,one_or_more_tile_stripes,8,dense,compressed_tlr,8589934592,805306368,9395240960,3221225472,17179869184,0.734375,1.074977,1.074977,266.7349365,265.259119,791.400945,780.449497,2.966993958063682,2.9422155209676313,5.2321291599872e13,5.2776558133248e13,0.8626302083333334,197861.4381219162,711333.4359504866,false,265.259119;265.465919;283.363815;268.003954,,NVIDIA H100 80GB HBM3,1.12.6
workspace_tuning__20260803T201151.391Z__pid12447,20260803T201151.391Z,workspace_tuning,compressed,compressed_compressed__N65536__q8__uniform__r256-512__fp16__q8__w1,dense__N65536__fp16,compressed_compressed,65536,8,8192,8,uniform,b32_b16,256,512,380.6875,384.765625,384.0,387.875,56,57,30,28,q8,fp16,Float16,fp32_accumulate,20260802,random,1,4,1,tlr_tlr_runs,1,compressed_tlr,compressed_tlr,805306368,813432832,1618739200,3373712896,17179869184,0.29059895873069763,6.34594,6.34594,104.44197449999999,101.14276,791.400945,780.449497,7.577422284370927,7.71631599730915,2.861762166784e13,2.888663302144e13,0.9312658675046572,276580.6866418444,711333.4359504866,false,107.605656;102.668883;101.14276;106.215066,,NVIDIA H100 80GB HBM3,1.12.6
workspace_tuning__20260803T201151.391Z__pid12447,20260803T201151.391Z,workspace_tuning,compressed,compressed_compressed__N65536__q8__uniform__r256-512__fp16__q8__w2,dense__N65536__fp16,compressed_compressed,65536,8,8192,8,uniform,b32_b16,256,512,380.6875,384.765625,384.0,387.875,56,57,30,28,q8,fp16,Float16,fp32_accumulate,20260802,random,1,4,1,tlr_tlr_runs,2,compressed_tlr,compressed_tlr,805306368,813432832,1618739200,1706659200,17179869184,0.19356366246938705,7.264454,7.264454,103.317643,101.726063,791.400945,780.449497,7.659881913876026,7.672070204859889,2.816933445632e13,2.8418481586176e13,0.8767080996234371,275059.32927811757,711333.4359504866,false,103.494458;104.136218;103.140828;101.726063,,NVIDIA H100 80GB HBM3,1.12.6
workspace_tuning__20260803T201151.391Z__pid12447,20260803T201151.391Z,workspace_tuning,compressed,compressed_compressed__N65536__q8__uniform__r256-512__fp16__q8__w4,dense__N65536__fp16,compressed_compressed,65536,8,8192,8,uniform,b32_b16,256,512,380.6875,384.765625,384.0,387.875,56,57,30,28,q8,fp16,Float16,fp32_accumulate,20260802,random,1,4,1,tlr_tlr_runs,4,compressed_tlr,compressed_tlr,805306368,813432832,1618739200,857553408,17179869184,0.14413920044898987,10.404359,10.404359,94.44489899999999,93.638568,791.400945,780.449497,8.379499087610862,8.334701327341955,2.7667628589056e13,2.7922412863488e13,0.9124722697770932,295647.6544433385,711333.4359504866,false,94.558864;94.49571;94.394088;93.638568,,NVIDIA H100 80GB HBM3,1.12.6
workspace_tuning__20260803T201151.391Z__pid12447,20260803T201151.391Z,workspace_tuning,compressed,compressed_compressed__N65536__q8__uniform__r256-512__fp16__q8__w8,dense__N65536__fp16,compressed_compressed,65536,8,8192,8,uniform,b32_b16,256,512,380.6875,384.765625,384.0,387.875,56,57,30,28,q8,fp16,Float16,fp32_accumulate,20260802,random,1,4,1,tlr_tlr_runs,8,compressed_tlr,compressed_tlr,805306368,813432832,1618739200,429337088,17179869184,0.11921373009681702,10.253154,10.253154,92.041995,91.667209,791.400945,780.449497,8.5982593597629,8.513944141137754,2.7667628589056e13,2.7922412863488e13,0.9124722697770932,303366.01095497765,711333.4359504866,false,91.801741;91.667209;92.282249;92.688457,,NVIDIA H100 80GB HBM3,1.12.6
workspace_tuning__20260803T201151.391Z__pid12447,20260803T201151.391Z,workspace_tuning,compressed,compressed_compressed__N65536__q8__uniform__r256-512__fp16__q8__w16,dense__N65536__fp16,compressed_compressed,65536,8,8192,8,uniform,b32_b16,256,512,380.6875,384.765625,384.0,387.875,56,57,30,28,q8,fp16,Float16,fp32_accumulate,20260802,random,1,4,1,tlr_tlr_runs,16,compressed_tlr,compressed_tlr,805306368,813432832,1618739200,226600960,17179869184,0.10741293430328369,15.547681,15.547681,90.47744,90.117823,791.400945,780.449497,8.746942276439297,8.660323463428538,2.749824581632e13,2.7749540429824e13,0.9055811721981509,306701.2111508018,711333.4359504866,false,91.611967;90.706252;90.248628;90.117823,,NVIDIA H100 80GB HBM3,1.12.6
workspace_tuning__20260803T201151.391Z__pid12447,20260803T201151.391Z,workspace_tuning,compressed,compressed_compressed__N65536__q8__uniform__r256-512__fp16__q8__w32,dense__N65536__fp16,compressed_compressed,65536,8,8192,8,uniform,b32_b16,256,512,380.6875,384.765625,384.0,387.875,56,57,30,28,q8,fp16,Float16,fp32_accumulate,20260802,random,1,4,1,tlr_tlr_runs,32,compressed_tlr,compressed_tlr,805306368,813432832,1618739200,118295168,17179869184,0.10110870748758316,26.293232,26.293232,92.047263,91.173161,791.400945,780.449497,8.597767268756268,8.560079396611027,2.7486703091712e13,2.773772926976e13,0.9049990199510373,301342.24925036606,711333.4359504866,false,91.173161;93.323577;91.985176;92.10935,,NVIDIA H100 80GB HBM3,1.12.6
workspace_tuning__20260803T201151.391Z__pid12447,20260803T201151.391Z,workspace_tuning,compressed,compressed_compressed__N65536__q8__uniform__r256-512__fp16__q8__w64,dense__N65536__fp16,compressed_compressed,65536,8,8192,8,uniform,b32_b16,256,512,380.6875,384.765625,384.0,387.875,56,57,30,28,q8,fp16,Float16,fp32_accumulate,20260802,random,1,4,1,tlr_tlr_runs,64,compressed_tlr,compressed_tlr,805306368,813432832,1618739200,61293696,17179869184,0.09779078513383865,267.254233,267.254233,92.1349845,92.026236,791.400945,780.449497,8.589581354952092,8.480728224068622,2.7350472097792e13,2.759277412352e13,0.8781357925206312,299482.05096317135,711333.4359504866,false,92.153146;92.325864;92.026236;92.116823,,NVIDIA H100 80GB HBM3,1.12.6
workspace_tuning__20260803T201151.391Z__pid12447,20260803T201151.391Z,workspace_tuning,baseline,dense__N65536__fp32,dense__N65536__fp32,dense_dense,65536,,,,,,,,,,,,,,,,,fp32,Float32,fp32,20260802,random,1,4,0,none,0,dense,dense,17179869184,17179869184,34359738368,0,34359738368,1.0,,,10649.2850165,10643.237338,10649.2850165,10643.237338,1.0,1.0,5.62949953421312e14,5.62949953421312e14,0.0,52862.69947222536,52862.69947222536,false,10643.2373;10647.0896;10651.4804;10656.0728,10643.2373;10647.0896;10651.4804;10656.0728,NVIDIA H100 80GB HBM3,1.12.6
workspace_tuning__20260803T201151.391Z__pid12447,20260803T201151.391Z,workspace_tuning,compressed,compressed_dense__N65536__q16__uniform__r128-256__fp32__q8__w1,dense__N65536__fp32,compressed_dense,65536,16,4096,16,uniform,b32_b16,128,256,188.82421875,,192.4375,,105,,17,,q8,fp32,Float32,fp32,20260802,random,1,4,1,one_or_more_tile_stripes,1,compressed_tlr,dense,1614282752,17179869184,18794151936,807141376,34359738368,0.5704727172851562,55.380432,55.380432,1421.5405015000001,1421.343892,10649.2850165,10643.237338,7.491369401900927,7.488150755003913,5.1903606030336e13,5.2896817217536e13,1.877638843780448,37210.91109378849,52862.69947222536,false,1421.70631;1421.45974;1421.62127;1421.34389,,NVIDIA H100 80GB HBM3,1.12.6
workspace_tuning__20260803T201151.391Z__pid12447,20260803T201151.391Z,workspace_tuning,compressed,compressed_dense__N65536__q16__uniform__r128-256__fp32__q8__w2,dense__N65536__fp32,compressed_dense,65536,16,4096,16,uniform,b32_b16,128,256,188.82421875,,192.4375,,105,,17,,q8,fp32,Float32,fp32,20260802,random,1,4,1,one_or_more_tile_stripes,2,compressed_tlr,dense,1614282752,17179869184,18794151936,1614282752,34359738368,0.593963623046875,27.799103,27.799103,1415.4719845,1415.250509,10649.2850165,10643.237338,7.523486959200922,7.520391104130669,5.1903606030336e13,5.2896817217536e13,1.877638843780448,37370.44448549875,52862.69947222536,false,1415.66056;1415.25051;1416.19909;1415.28341,,NVIDIA H100 80GB HBM3,1.12.6
workspace_tuning__20260803T201151.391Z__pid12447,20260803T201151.391Z,workspace_tuning,compressed,compressed_dense__N65536__q16__uniform__r128-256__fp32__q8__w4,dense__N65536__fp32,compressed_dense,65536,16,4096,16,uniform,b32_b16,128,256,188.82421875,,192.4375,,105,,17,,q8,fp32,Float32,fp32,20260802,random,1,4,1,one_or_more_tile_stripes,4,compressed_tlr,dense,1614282752,17179869184,18794151936,3228565504,34359738368,0.6409454345703125,13.900298,13.900298,1408.788184,1408.289117,10649.2850165,10643.237338,7.559181101493396,7.557565566275693,5.1903606030336e13,5.2896817217536e13,1.877638843780448,37547.74338562737,52862.69947222536,false,1408.66972;1408.90665;1408.28912;1410.01696,,NVIDIA H100 80GB HBM3,1.12.6
workspace_tuning__20260803T201151.391Z__pid12447,20260803T201151.391Z,workspace_tuning,compressed,compressed_dense__N65536__q16__uniform__r128-256__fp32__q8__w8,dense__N65536__fp32,compressed_dense,65536,16,4096,16,uniform,b32_b16,128,256,188.82421875,,192.4375,,105,,17,,q8,fp32,Float32,fp32,20260802,random,1,4,1,one_or_more_tile_stripes,8,compressed_tlr,dense,1614282752,17179869184,18794151936,6457131008,34359738368,0.7349090576171875,6.881802,6.881802,1407.0588925,1406.579991,10649.2850165,10643.237338,7.568471421675053,7.566748713973424,5.1903606030336e13,5.2896817217536e13,1.877638843780448,37593.889992444645,52862.69947222536,false,1407.35621;1406.76157;1406.57999;1407.69361,,NVIDIA H100 80GB HBM3,1.12.6
workspace_tuning__20260803T201151.391Z__pid12447,20260803T201151.391Z,workspace_tuning,compressed,compressed_dense__N65536__q16__uniform__r128-256__fp32__q8__w16,dense__N65536__fp32,compressed_dense,65536,16,4096,16,uniform,b32_b16,128,256,188.82421875,,192.4375,,105,,17,,q8,fp32,Float32,fp32,20260802,random,1,4,1,one_or_more_tile_stripes,16,compressed_tlr,dense,1614282752,17179869184,18794151936,12914262016,34359738368,0.9228363037109375,3.46378,3.46378,1404.117301,1404.076907,10649.2850165,10643.237338,7.584327184712896,7.580238151441944,5.1903606030336e13,5.2896817217536e13,1.877638843780448,37672.64827508596,52862.69947222536,false,1405.03249;1404.07691;1404.15417;1404.08043,,NVIDIA H100 80GB HBM3,1.12.6
workspace_tuning__20260803T201151.391Z__pid12447,20260803T201151.391Z,workspace_tuning,compressed,dense_compressed__N65536__q16__uniform__r128-256__fp32__q8__w1,dense__N65536__fp32,dense_compressed,65536,16,4096,16,uniform,b32_b16,128,256,,188.82421875,,192.4375,,105,,17,q8,fp32,Float32,fp32,20260802,random,1,4,1,one_or_more_tile_stripes,1,dense,compressed_tlr,17179869184,1614282752,18794151936,807141376,34359738368,0.5704727172851562,53.555262,53.555262,1182.3326155,1182.178585,10649.2850165,10643.237338,9.007012812546403,9.003070663811762,5.1903606030336e13,5.2896817217536e13,1.877638843780448,44739.37073550688,52862.69947222536,false,1182.25478;1182.17859;1182.80356;1182.41045,,NVIDIA H100 80GB HBM3,1.12.6
workspace_tuning__20260803T201151.391Z__pid12447,20260803T201151.391Z,workspace_tuning,compressed,dense_compressed__N65536__q16__uniform__r128-256__fp32__q8__w2,dense__N65536__fp32,dense_compressed,65536,16,4096,16,uniform,b32_b16,128,256,,188.82421875,,192.4375,,105,,17,q8,fp32,Float32,fp32,20260802,random,1,4,1,one_or_more_tile_stripes,2,dense,compressed_tlr,17179869184,1614282752,18794151936,1614282752,34359738368,0.593963623046875,26.53289,26.53289,1180.602993,1180.180437,10649.2850165,10643.237338,9.020208384733445,9.018313644526206,5.1903606030336e13,5.2896817217536e13,1.877638843780448,44804.91539592091,52862.69947222536,false,1182.12392;1180.18995;1180.18044;1181.01604,,NVIDIA H100 80GB HBM3,1.12.6
workspace_tuning__20260803T201151.391Z__pid12447,20260803T201151.391Z,workspace_tuning,compressed,dense_compressed__N65536__q16__uniform__r128-256__fp32__q8__w4,dense__N65536__fp32,dense_compressed,65536,16,4096,16,uniform,b32_b16,128,256,,188.82421875,,192.4375,,105,,17,q8,fp32,Float32,fp32,20260802,random,1,4,1,one_or_more_tile_stripes,4,dense,compressed_tlr,17179869184,1614282752,18794151936,3228565504,34359738368,0.6409454345703125,13.345328,13.345328,1184.1547085000002,1183.80732,10649.2850165,10643.237338,8.993153462177023,8.990683836960901,5.1903606030336e13,5.2896817217536e13,1.877638843780448,44670.52897551012,52862.69947222536,false,1183.80732;1184.27947;1184.69775;1184.02995,,NVIDIA H100 80GB HBM3,1.12.6
workspace_tuning__20260803T201151.391Z__pid12447,20260803T201151.391Z,workspace_tuning,compressed,dense_compressed__N65536__q16__uniform__r128-256__fp32__q8__w8,dense__N65536__fp32,dense_compressed,65536,16,4096,16,uniform,b32_b16,128,256,,188.82421875,,192.4375,,105,,17,q8,fp32,Float32,fp32,20260802,random,1,4,1,one_or_more_tile_stripes,8,dense,compressed_tlr,17179869184,1614282752,18794151936,6457131008,34359738368,0.7349090576171875,6.688983,6.688983,1188.2220360000001,1187.508705,10649.2850165,10643.237338,8.962369568863979,8.962660478349926,5.1903606030336e13,5.2896817217536e13,1.877638843780448,44517.620120568106,52862.69947222536,false,1187.5087;1188.74972;1188.40605;1188.03803,,NVIDIA H100 80GB HBM3,1.12.6
workspace_tuning__20260803T201151.391Z__pid12447,20260803T201151.391Z,workspace_tuning,compressed,dense_compressed__N65536__q16__uniform__r128-256__fp32__q8__w16,dense__N65536__fp32,dense_compressed,65536,16,4096,16,uniform,b32_b16,128,256,,188.82421875,,192.4375,,105,,17,q8,fp32,Float32,fp32,20260802,random,1,4,1,one_or_more_tile_stripes,16,dense,compressed_tlr,17179869184,1614282752,18794151936,12914262016,34359738368,0.9228363037109375,3.193296,3.193296,1190.360183,1189.687693,10649.2850165,10643.237338,8.946271194707796,8.94624480073528,5.1903606030336e13,5.2896817217536e13,1.877638843780448,44437.65674707216,52862.69947222536,false,1189.68769;1189.98248;1190.73788;1191.90482,,NVIDIA H100 80GB HBM3,1.12.6
workspace_tuning__20260803T201151.391Z__pid12447,20260803T201151.391Z,workspace_tuning,compressed,compressed_compressed__N65536__q16__uniform__r128-256__fp32__q8__w1,dense__N65536__fp32,compressed_compressed,65536,16,4096,16,uniform,b32_b16,128,256,188.82421875,189.62890625,192.4375,193.0,105,107,17,17,q8,fp32,Float32,fp32,20260802,random,1,4,1,tlr_tlr_runs,1,compressed_tlr,compressed_tlr,1614282752,1619001344,3233284096,13522763264,34359738368,0.48766516149044037,93.438698,93.438698,633.4622744999999,632.193268,10649.2850165,10643.237338,16.81123793031814,16.835417073754734,2.8354599337984e13,2.8940829720576e13,2.025617054701127,45686.74550259426,52862.69947222536,false,634.547387;632.377162;636.921819;632.193268,,NVIDIA H100 80GB HBM3,1.12.6
workspace_tuning__20260803T201151.391Z__pid12447,20260803T201151.391Z,workspace_tuning,compressed,compressed_compressed__N65536__q16__uniform__r128-256__fp32__q8__w2,dense__N65536__fp32,compressed_compressed,65536,16,4096,16,uniform,b32_b16,128,256,188.82421875,189.62890625,192.4375,193.0,105,107,17,17,q8,fp32,Float32,fp32,20260802,random,1,4,1,tlr_tlr_runs,2,compressed_tlr,compressed_tlr,1614282752,1619001344,3233284096,6782594304,34359738368,0.29150042682886124,44.698116,44.698116,602.924841,602.286722,10649.2850165,10643.237338,17.66270734315291,17.67137967554264,2.8331782324224e13,2.8884995145728e13,1.9152255997031677,47908.119190809724,52862.69947222536,false,602.615654;602.286722;603.234028;603.304303,,NVIDIA H100 80GB HBM3,1.12.6
workspace_tuning__20260803T201151.391Z__pid12447,20260803T201151.391Z,workspace_tuning,compressed,compressed_compressed__N65536__q16__uniform__r128-256__fp32__q8__w4,dense__N65536__fp32,compressed_compressed,65536,16,4096,16,uniform,b32_b16,128,256,188.82421875,189.62890625,192.4375,193.0,105,107,17,17,q8,fp32,Float32,fp32,20260802,random,1,4,1,tlr_tlr_runs,4,compressed_tlr,compressed_tlr,1614282752,1619001344,3233284096,3395530240,34359738368,0.1929238885641098,47.539416,47.539416,598.045599,597.820132,10649.2850165,10643.237338,17.8068111099,17.803410705479557,2.8135824441344e13,2.8704606519296e13,1.9815010443346421,47997.354327652196,52862.69947222536,false,597.820132;598.029755;598.061443;598.31395,,NVIDIA H100 80GB HBM3,1.12.6
workspace_tuning__20260803T201151.391Z__pid12447,20260803T201151.391Z,workspace_tuning,compressed,compressed_compressed__N65536__q16__uniform__r128-256__fp32__q8__w8,dense__N65536__fp32,compressed_compressed,65536,16,4096,16,uniform,b32_b16,128,256,188.82421875,189.62890625,192.4375,193.0,105,107,17,17,q8,fp32,Float32,fp32,20260802,random,1,4,1,tlr_tlr_runs,8,compressed_tlr,compressed_tlr,1614282752,1619001344,3233284096,1698912256,34359738368,0.14354580640792847,51.866257,51.866257,601.2822140000001,601.022741,10649.2850165,10643.237338,17.71095962685502,17.70854347423104,2.7970468200448e13,2.8532807827456e13,1.9708527475059172,47453.27096513118,52862.69947222536,false,601.686124;601.427176;601.137252;601.022741,,NVIDIA H100 80GB HBM3,1.12.6
workspace_tuning__20260803T201151.391Z__pid12447,20260803T201151.391Z,workspace_tuning,compressed,compressed_compressed__N65536__q16__uniform__r128-256__fp32__q8__w16,dense__N65536__fp32,compressed_compressed,65536,16,4096,16,uniform,b32_b16,128,256,188.82421875,189.62890625,192.4375,193.0,105,107,17,17,q8,fp32,Float32,fp32,20260802,random,1,4,1,tlr_tlr_runs,16,compressed_tlr,compressed_tlr,1614282752,1619001344,3233284096,851091712,34359738368,0.11887098103761673,58.499345,58.499345,607.8446085,607.611044,10649.2850165,10643.237338,17.51974907333574,17.516530423696512,2.7763202473984e13,2.833523933184e13,2.0188178090072046,46615.92606992746,52862.69947222536,false,608.163891;607.931854;607.757363;607.611044,,NVIDIA H100 80GB HBM3,1.12.6
workspace_tuning__20260803T201151.391Z__pid12447,20260803T201151.391Z,workspace_tuning,compressed,compressed_compressed__N65536__q16__uniform__r128-256__fp32__q8__w32,dense__N65536__fp32,compressed_compressed,65536,16,4096,16,uniform,b32_b16,128,256,188.82421875,189.62890625,192.4375,193.0,105,107,17,17,q8,fp32,Float32,fp32,20260802,random,1,4,1,tlr_tlr_runs,32,compressed_tlr,compressed_tlr,1614282752,1619001344,3233284096,434479872,34359738368,0.10674598067998886,70.067957,70.067957,627.5885499999999,627.465796,10649.2850165,10643.237338,16.968577607892943,16.962258988217425,2.7721393651712e13,2.8297658368e13,2.036439583777224,45089.50707912055,52862.69947222536,false,627.923722;627.689291;627.487809;627.465796,,NVIDIA H100 80GB HBM3,1.12.6
workspace_tuning__20260803T201151.391Z__pid12447,20260803T201151.391Z,workspace_tuning,compressed,compressed_compressed__N65536__q16__uniform__r128-256__fp32__q8__w64,dense__N65536__fp32,compressed_compressed,65536,16,4096,16,uniform,b32_b16,128,256,188.82421875,189.62890625,192.4375,193.0,105,107,17,17,q8,fp32,Float32,fp32,20260802,random,1,4,1,tlr_tlr_runs,64,compressed_tlr,compressed_tlr,1614282752,1619001344,3233284096,218755072,34359738368,0.10046756267547607,93.296355,93.296355,640.038359,639.815265,10649.2850165,10643.237338,16.638510593550222,16.634859966962498,2.7710689787904e13,2.8283699724288e13,2.02593699540637,44190.63221222964,52862.69947222536,false,639.815265;639.939261;640.137457;640.262934,,NVIDIA H100 80GB HBM3,1.12.6
workspace_tuning__20260803T201151.391Z__pid12447,20260803T201151.391Z,workspace_tuning,compressed,compressed_dense__N65536__q8__uniform__r256-512__fp32__q8__w1,dense__N65536__fp32,compressed_dense,65536,8,8192,8,uniform,b32_b16,256,512,380.6875,,384.0,,56,,30,,q8,fp32,Float32,fp32,20260802,random,1,4,1,one_or_more_tile_stripes,1,compressed_tlr,dense,1610612736,17179869184,18790481920,805306368,34359738368,0.5703125,8.604108,8.604108,1311.2832210000001,1310.839873,10649.2850165,10643.237338,8.121269948363047,8.119403107293182,5.2321291599872e13,5.2776558133248e13,0.8626302083333334,40248.02368248102,52862.69947222536,false,1311.83105;1311.01628;1310.83987;1311.55017,,NVIDIA H100 80GB HBM3,1.12.6
workspace_tuning__20260803T201151.391Z__pid12447,20260803T201151.391Z,workspace_tuning,compressed,compressed_dense__N65536__q8__uniform__r256-512__fp32__q8__w2,dense__N65536__fp32,compressed_dense,65536,8,8192,8,uniform,b32_b16,256,512,380.6875,,384.0,,56,,30,,q8,fp32,Float32,fp32,20260802,random,1,4,1,one_or_more_tile_stripes,2,compressed_tlr,dense,1610612736,17179869184,18790481920,1610612736,34359738368,0.59375,4.544997,4.544997,1306.928593,1306.219563,10649.2850165,10643.237338,8.148329658971658,8.148122750171979,5.2321291599872e13,5.2776558133248e13,0.8626302083333334,40382.12830901619,52862.69947222536,false,1306.92125;1306.21956;1306.93593;1307.32445,,NVIDIA H100 80GB HBM3,1.12.6
workspace_tuning__20260803T201151.391Z__pid12447,20260803T201151.391Z,workspace_tuning,compressed,compressed_dense__N65536__q8__uniform__r256-512__fp32__q8__w4,dense__N65536__fp32,compressed_dense,65536,8,8192,8,uniform,b32_b16,256,512,380.6875,,384.0,,56,,30,,q8,fp32,Float32,fp32,20260802,random,1,4,1,one_or_more_tile_stripes,4,compressed_tlr,dense,1610612736,17179869184,18790481920,3221225472,34359738368,0.640625,2.050506,2.050506,1306.0384960000001,1305.526676,10649.2850165,10643.237338,8.15388294381485,8.152447233487246,5.2321291599872e13,5.2776558133248e13,0.8626302083333334,40409.64971161768,52862.69947222536,false,1305.52668;1306.98066;1306.27397;1305.80302,,NVIDIA H100 80GB HBM3,1.12.6
workspace_tuning__20260803T201151.391Z__pid12447,20260803T201151.391Z,workspace_tuning,compressed,compressed_dense__N65536__q8__uniform__r256-512__fp32__q8__w8,dense__N65536__fp32,compressed_dense,65536,8,8192,8,uniform,b32_b16,256,512,380.6875,,384.0,,56,,30,,q8,fp32,Float32,fp32,20260802,random,1,4,1,one_or_more_tile_stripes,8,compressed_tlr,dense,1610612736,17179869184,18790481920,6442450944,34359738368,0.734375,1.160305,1.160305,1305.5529445000002,1304.132911,10649.2850165,10643.237338,8.156915475058314,8.161159992380563,5.2321291599872e13,5.2776558133248e13,0.8626302083333334,40424.678566720504,52862.69947222536,false,1304.13291;1305.62773;1305.47816;1305.89183,,NVIDIA H100 80GB HBM3,1.12.6
workspace_tuning__20260803T201151.391Z__pid12447,20260803T201151.391Z,workspace_tuning,compressed,dense_compressed__N65536__q8__uniform__r256-512__fp32__q8__w1,dense__N65536__fp32,dense_compressed,65536,8,8192,8,uniform,b32_b16,256,512,,380.6875,,384.0,,56,,30,q8,fp32,Float32,fp32,20260802,random,1,4,1,one_or_more_tile_stripes,1,dense,compressed_tlr,17179869184,1610612736,18790481920,805306368,34359738368,0.5703125,12.6915,12.6915,1102.7019605,1102.103525,10649.2850165,10643.237338,9.657446343589774,9.65720288209767,5.2321291599872e13,5.2776558133248e13,0.8626302083333334,47861.12659971824,52862.69947222536,false,1102.55759;1102.84634;1102.10352;1103.13277,,NVIDIA H100 80GB HBM3,1.12.6
workspace_tuning__20260803T201151.391Z__pid12447,20260803T201151.391Z,workspace_tuning,compressed,dense_compressed__N65536__q8__uniform__r256-512__fp32__q8__w2,dense__N65536__fp32,dense_compressed,65536,8,8192,8,uniform,b32_b16,256,512,,380.6875,,384.0,,56,,30,q8,fp32,Float32,fp32,20260802,random,1,4,1,one_or_more_tile_stripes,2,dense,compressed_tlr,17179869184,1610612736,18790481920,1610612736,34359738368,0.59375,4.167462,4.167462,1101.5832215,1101.197039,10649.2850165,10643.237338,9.667254192560339,9.665152521355447,5.2321291599872e13,5.2776558133248e13,0.8626302083333334,47909.733103399485,52862.69947222536,false,1101.795;1101.52453;1101.19704;1101.64191,,NVIDIA H100 80GB HBM3,1.12.6
workspace_tuning__20260803T201151.391Z__pid12447,20260803T201151.391Z,workspace_tuning,compressed,dense_compressed__N65536__q8__uniform__r256-512__fp32__q8__w4,dense__N65536__fp32,dense_compressed,65536,8,8192,8,uniform,b32_b16,256,512,,380.6875,,384.0,,56,,30,q8,fp32,Float32,fp32,20260802,random,1,4,1,one_or_more_tile_stripes,4,dense,compressed_tlr,17179869184,1610612736,18790481920,3221225472,34359738368,0.640625,2.182344,2.182344,1106.869007,1106.014834,10649.2850165,10643.237338,9.621088809201792,9.623051166056964,5.2321291599872e13,5.2776558133248e13,0.8626302083333334,47680.94309216484,52862.69947222536,false,1106.01483;1106.80267;1107.35074;1106.93534,,NVIDIA H100 80GB HBM3,1.12.6
workspace_tuning__20260803T201151.391Z__pid12447,20260803T201151.391Z,workspace_tuning,compressed,dense_compressed__N65536__q8__uniform__r256-512__fp32__q8__w8,dense__N65536__fp32,dense_compressed,65536,8,8192,8,uniform,b32_b16,256,512,,380.6875,,384.0,,56,,30,q8,fp32,Float32,fp32,20260802,random,1,4,1,one_or_more_tile_stripes,8,dense,compressed_tlr,17179869184,1610612736,18790481920,6442450944,34359738368,0.734375,1.070841,1.070841,1103.2283115,1102.772184,10649.2850165,10643.237338,9.652838769176203,9.651347297675402,5.2321291599872e13,5.2776558133248e13,0.8626302083333334,47838.29202270069,52862.69947222536,false,1102.77218;1103.0406;1103.41603;1103.57284,,NVIDIA H100 80GB HBM3,1.12.6
workspace_tuning__20260803T201151.391Z__pid12447,20260803T201151.391Z,workspace_tuning,compressed,compressed_compressed__N65536__q8__uniform__r256-512__fp32__q8__w1,dense__N65536__fp32,compressed_compressed,65536,8,8192,8,uniform,b32_b16,256,512,380.6875,384.765625,384.0,387.875,56,57,30,28,q8,fp32,Float32,fp32,20260802,random,1,4,1,tlr_tlr_runs,1,compressed_tlr,compressed_tlr,1610612736,1626865664,3237478400,6747425792,34359738368,0.29059895873069763,6.356095,6.356095,622.8355245,622.60169,10649.2850165,10643.237338,17.098069390067362,17.09477746197573,2.861762166784e13,2.888663302144e13,0.9312658675046572,46379.23157101486,52862.69947222536,false,622.60169;622.639276;623.031773;623.271501,,NVIDIA H100 80GB HBM3,1.12.6
workspace_tuning__20260803T201151.391Z__pid12447,20260803T201151.391Z,workspace_tuning,compressed,compressed_compressed__N65536__q8__uniform__r256-512__fp32__q8__w2,dense__N65536__fp32,compressed_compressed,65536,8,8192,8,uniform,b32_b16,256,512,380.6875,384.765625,384.0,387.875,56,57,30,28,q8,fp32,Float32,fp32,20260802,random,1,4,1,tlr_tlr_runs,2,compressed_tlr,compressed_tlr,1610612736,1626865664,3237478400,3413318400,34359738368,0.19356366246938705,7.323743,7.323743,583.664479,583.112063,10649.2850165,10643.237338,18.24555956316814,18.252473260873014,2.816933445632e13,2.8418481586176e13,0.8767080996234371,48689.7568871516,52862.69947222536,false,583.112063;583.567084;583.761874;584.2736,,NVIDIA H100 80GB HBM3,1.12.6
workspace_tuning__20260803T201151.391Z__pid12447,20260803T201151.391Z,workspace_tuning,compressed,compressed_compressed__N65536__q8__uniform__r256-512__fp32__q8__w4,dense__N65536__fp32,compressed_compressed,65536,8,8192,8,uniform,b32_b16,256,512,380.6875,384.765625,384.0,387.875,56,57,30,28,q8,fp32,Float32,fp32,20260802,random,1,4,1,tlr_tlr_runs,4,compressed_tlr,compressed_tlr,1610612736,1626865664,3237478400,1715106816,34359738368,0.14413920044898987,8.130609,8.130609,592.0004205,591.075342,10649.2850165,10643.237338,17.98864434505921,18.00656630673658,2.7667628589056e13,2.7922412863488e13,0.9124722697770932,47166.20444273485,52862.69947222536,false,592.611529;593.650673;591.075342;591.389312,,NVIDIA H100 80GB HBM3,1.12.6
workspace_tuning__20260803T201151.391Z__pid12447,20260803T201151.391Z,workspace_tuning,compressed,compressed_compressed__N65536__q8__uniform__r256-512__fp32__q8__w8,dense__N65536__fp32,compressed_compressed,65536,8,8192,8,uniform,b32_b16,256,512,380.6875,384.765625,384.0,387.875,56,57,30,28,q8,fp32,Float32,fp32,20260802,random,1,4,1,tlr_tlr_runs,8,compressed_tlr,compressed_tlr,1610612736,1626865664,3237478400,858674176,34359738368,0.11921373009681702,10.681755,10.681755,598.5136205,597.211408,10649.2850165,10643.237338,17.792886664139,17.821557316935916,2.7667628589056e13,2.7922412863488e13,0.9124722697770932,46652.92803221677,52862.69947222536,false,597.211408;599.066662;597.960579;599.377157,,NVIDIA H100 80GB HBM3,1.12.6
workspace_tuning__20260803T201151.391Z__pid12447,20260803T201151.391Z,workspace_tuning,compressed,compressed_compressed__N65536__q8__uniform__r256-512__fp32__q8__w16,dense__N65536__fp32,compressed_compressed,65536,8,8192,8,uniform,b32_b16,256,512,380.6875,384.765625,384.0,387.875,56,57,30,28,q8,fp32,Float32,fp32,20260802,random,1,4,1,tlr_tlr_runs,16,compressed_tlr,compressed_tlr,1610612736,1626865664,3237478400,453201920,34359738368,0.10741293430328369,15.498158,15.498158,593.0169305,592.243859,10649.2850165,10643.237338,17.957809412829235,17.97103874740219,2.749824581632e13,2.7749540429824e13,0.9055811721981509,46793.84179879499,52862.69947222536,false,593.536342;593.239819;592.243859;592.794042,,NVIDIA H100 80GB HBM3,1.12.6
workspace_tuning__20260803T201151.391Z__pid12447,20260803T201151.391Z,workspace_tuning,compressed,compressed_compressed__N65536__q8__uniform__r256-512__fp32__q8__w32,dense__N65536__fp32,compressed_compressed,65536,8,8192,8,uniform,b32_b16,256,512,380.6875,384.765625,384.0,387.875,56,57,30,28,q8,fp32,Float32,fp32,20260802,random,1,4,1,tlr_tlr_runs,32,compressed_tlr,compressed_tlr,1610612736,1626865664,3237478400,236590336,34359738368,0.10110870748758316,28.227925,28.227925,605.2453325,605.133736,10649.2850165,10643.237338,17.59498908072951,17.588239929165017,2.7486703091712e13,2.773772926976e13,0.9049990199510373,45828.90239762403,52862.69947222536,false,605.191042;605.971749;605.299623;605.133736,,NVIDIA H100 80GB HBM3,1.12.6
workspace_tuning__20260803T201151.391Z__pid12447,20260803T201151.391Z,workspace_tuning,compressed,compressed_compressed__N65536__q8__uniform__r256-512__fp32__q8__w64,dense__N65536__fp32,compressed_compressed,65536,8,8192,8,uniform,b32_b16,256,512,380.6875,384.765625,384.0,387.875,56,57,30,28,q8,fp32,Float32,fp32,20260802,random,1,4,1,tlr_tlr_runs,64,compressed_tlr,compressed_tlr,1610612736,1626865664,3237478400,122587392,34359738368,0.09779078513383865,192.294195,192.294195,665.0787230000001,656.668976,10649.2850165,10643.237338,16.012066915122166,16.20791864240591,2.7350472097792e13,2.759277412352e13,0.8781357925206312,41487.98205279527,52862.69947222536,false,666.065579;664.907407;656.668976;665.250039,,NVIDIA H100 80GB HBM3,1.12.6
workspace_tuning__20260803T201151.391Z__pid12447,20260803T201151.391Z,workspace_tuning,baseline,dense__N65536__tf32,dense__N65536__tf32,dense_dense,65536,,,,,,,,,,,,,,,,,tf32,Float32,tf32,20260802,random,1,4,0,none,0,dense,dense,17179869184,17179869184,34359738368,0,34359738368,1.0,,,1689.459375,1671.792109,1689.459375,1671.792109,1.0,1.0,5.62949953421312e14,5.62949953421312e14,0.0,333213.0749940714,333213.0749940714,false,1742.68753;1701.23468;1671.79211;1677.68407,1742.68753;1701.23468;1671.79211;1677.68407,NVIDIA H100 80GB HBM3,1.12.6
workspace_tuning__20260803T201151.391Z__pid12447,20260803T201151.391Z,workspace_tuning,compressed,compressed_dense__N65536__q16__uniform__r128-256__tf32__q8__w1,dense__N65536__tf32,compressed_dense,65536,16,4096,16,uniform,b32_b16,128,256,188.82421875,,192.4375,,105,,17,,q8,tf32,Float32,tf32,20260802,random,1,4,1,one_or_more_tile_stripes,1,compressed_tlr,dense,1614282752,17179869184,18794151936,807141376,34359738368,0.5704727172851562,56.105225,56.105225,394.2556125,389.071555,1689.459375,1671.792109,4.285187886830654,4.2968756968110915,5.1903606030336e13,5.2896817217536e13,1.877638843780448,134168.837526786,333213.0749940714,false,390.197288;405.383289;389.071555;398.313937,,NVIDIA H100 80GB HBM3,1.12.6
workspace_tuning__20260803T201151.391Z__pid12447,20260803T201151.391Z,workspace_tuning,compressed,compressed_dense__N65536__q16__uniform__r128-256__tf32__q8__w2,dense__N65536__tf32,compressed_dense,65536,16,4096,16,uniform,b32_b16,128,256,188.82421875,,192.4375,,105,,17,,q8,tf32,Float32,tf32,20260802,random,1,4,1,one_or_more_tile_stripes,2,compressed_tlr,dense,1614282752,17179869184,18794151936,1614282752,34359738368,0.593963623046875,29.253238,29.253238,411.568709,404.045918,1689.459375,1671.792109,4.104926681877557,4.13762900334511,5.1903606030336e13,5.2896817217536e13,1.877638843780448,128524.87582464876,333213.0749940714,false,404.045918;417.699317;407.049781;416.087637,,NVIDIA H100 80GB HBM3,1.12.6
workspace_tuning__20260803T201151.391Z__pid12447,20260803T201151.391Z,workspace_tuning,compressed,compressed_dense__N65536__q16__uniform__r128-256__tf32__q8__w4,dense__N65536__tf32,compressed_dense,65536,16,4096,16,uniform,b32_b16,128,256,188.82421875,,192.4375,,105,,17,,q8,tf32,Float32,tf32,20260802,random,1,4,1,one_or_more_tile_stripes,4,compressed_tlr,dense,1614282752,17179869184,18794151936,3228565504,34359738368,0.6409454345703125,13.937925,13.937925,424.60420350000004,419.13878,1689.459375,1671.792109,3.978904026558936,3.9886361958681085,5.1903606030336e13,5.2896817217536e13,1.877638843780448,124579.11810930999,333213.0749940714,false,438.15579;421.452731;419.13878;427.755676,,NVIDIA H100 80GB HBM3,1.12.6
workspace_tuning__20260803T201151.391Z__pid12447,20260803T201151.391Z,workspace_tuning,compressed,compressed_dense__N65536__q16__uniform__r128-256__tf32__q8__w8,dense__N65536__tf32,compressed_dense,65536,16,4096,16,uniform,b32_b16,128,256,188.82421875,,192.4375,,105,,17,,q8,tf32,Float32,tf32,20260802,random,1,4,1,one_or_more_tile_stripes,8,compressed_tlr,dense,1614282752,17179869184,18794151936,6457131008,34359738368,0.7349090576171875,6.88067,6.88067,459.70074,454.022038,1689.459375,1671.792109,3.675128682629486,3.6821827336055435,5.1903606030336e13,5.2896817217536e13,1.877638843780448,115067.94010715754,333213.0749940714,false,466.727098;463.647943;454.022038;455.753537,,NVIDIA H100 80GB HBM3,1.12.6
workspace_tuning__20260803T201151.391Z__pid12447,20260803T201151.391Z,workspace_tuning,compressed,compressed_dense__N65536__q16__uniform__r128-256__tf32__q8__w16,dense__N65536__tf32,compressed_dense,65536,16,4096,16,uniform,b32_b16,128,256,188.82421875,,192.4375,,105,,17,,q8,tf32,Float32,tf32,20260802,random,1,4,1,one_or_more_tile_stripes,16,compressed_tlr,dense,1614282752,17179869184,18794151936,12914262016,34359738368,0.9228363037109375,3.467896,3.467896,492.5473065,491.385104,1689.459375,1671.792109,3.4300448966113675,3.4022034762372444,5.1903606030336e13,5.2896817217536e13,1.877638843780448,107394.38937026449,333213.0749940714,false,493.158676;491.935937;494.268317;491.385104,,NVIDIA H100 80GB HBM3,1.12.6
workspace_tuning__20260803T201151.391Z__pid12447,20260803T201151.391Z,workspace_tuning,compressed,dense_compressed__N65536__q16__uniform__r128-256__tf32__q8__w1,dense__N65536__tf32,dense_compressed,65536,16,4096,16,uniform,b32_b16,128,256,,188.82421875,,192.4375,,105,,17,q8,tf32,Float32,tf32,20260802,random,1,4,1,one_or_more_tile_stripes,1,dense,compressed_tlr,17179869184,1614282752,18794151936,807141376,34359738368,0.5704727172851562,53.151057,53.151057,349.101074,340.014329,1689.459375,1671.792109,4.8394562515725745,4.916828399311371,5.1903606030336e13,5.2896817217536e13,1.877638843780448,151522.92890836537,333213.0749940714,false,340.014329;387.466304;347.860684;350.341464,,NVIDIA H100 80GB HBM3,1.12.6
workspace_tuning__20260803T201151.391Z__pid12447,20260803T201151.391Z,workspace_tuning,compressed,dense_compressed__N65536__q16__uniform__r128-256__tf32__q8__w2,dense__N65536__tf32,dense_compressed,65536,16,4096,16,uniform,b32_b16,128,256,,188.82421875,,192.4375,,105,,17,q8,tf32,Float32,tf32,20260802,random,1,4,1,one_or_more_tile_stripes,2,dense,compressed_tlr,17179869184,1614282752,18794151936,1614282752,34359738368,0.593963623046875,47.153908,47.153908,374.127681,364.905935,1689.459375,1671.792109,4.5157294175193625,4.581433045203828,5.1903606030336e13,5.2896817217536e13,1.877638843780448,141387.07159050336,333213.0749940714,false,364.905935;401.122137;365.787764;382.467598,,NVIDIA H100 80GB HBM3,1.12.6
workspace_tuning__20260803T201151.391Z__pid12447,20260803T201151.391Z,workspace_tuning,compressed,dense_compressed__N65536__q16__uniform__r128-256__tf32__q8__w4,dense__N65536__tf32,dense_compressed,65536,16,4096,16,uniform,b32_b16,128,256,,188.82421875,,192.4375,,105,,17,q8,tf32,Float32,tf32,20260802,random,1,4,1,one_or_more_tile_stripes,4,dense,compressed_tlr,17179869184,1614282752,18794151936,3228565504,34359738368,0.6409454345703125,13.174883,13.174883,402.1190075,396.836417,1689.459375,1671.792109,4.201391487319833,4.212799121709639,5.1903606030336e13,5.2896817217536e13,1.877638843780448,131545.17998638997,333213.0749940714,false,396.836417;408.394652;397.572318;406.665697,,NVIDIA H100 80GB HBM3,1.12.6
workspace_tuning__20260803T201151.391Z__pid12447,20260803T201151.391Z,workspace_tuning,compressed,dense_compressed__N65536__q16__uniform__r128-256__tf32__q8__w8,dense__N65536__tf32,dense_compressed,65536,16,4096,16,uniform,b32_b16,128,256,,188.82421875,,192.4375,,105,,17,q8,tf32,Float32,tf32,20260802,random,1,4,1,one_or_more_tile_stripes,8,dense,compressed_tlr,17179869184,1614282752,18794151936,6457131008,34359738368,0.7349090576171875,6.751146,6.751146,422.5236515,403.186163,1689.459375,1671.792109,3.9984965788358946,4.146452091908719,5.1903606030336e13,5.2896817217536e13,1.877638843780448,125192.5591141399,333213.0749940714,false,424.778333;403.186163;428.318718;420.26897,,NVIDIA H100 80GB HBM3,1.12.6
workspace_tuning__20260803T201151.391Z__pid12447,20260803T201151.391Z,workspace_tuning,compressed,dense_compressed__N65536__q16__uniform__r128-256__tf32__q8__w16,dense__N65536__tf32,dense_compressed,65536,16,4096,16,uniform,b32_b16,128,256,,188.82421875,,192.4375,,105,,17,q8,tf32,Float32,tf32,20260802,random,1,4,1,one_or_more_tile_stripes,16,dense,compressed_tlr,17179869184,1614282752,18794151936,12914262016,34359738368,0.9228363037109375,3.193556,3.193556,431.344128,393.868508,1689.459375,1671.792109,3.916732059929653,4.2445437374241655,5.1903606030336e13,5.2896817217536e13,1.877638843780448,122632.51956807906,333213.0749940714,false,433.091747;393.868508;430.675363;432.012893,,NVIDIA H100 80GB HBM3,1.12.6
workspace_tuning__20260803T201151.391Z__pid12447,20260803T201151.391Z,workspace_tuning,compressed,compressed_compressed__N65536__q16__uniform__r128-256__tf32__q8__w1,dense__N65536__tf32,compressed_compressed,65536,16,4096,16,uniform,b32_b16,128,256,188.82421875,189.62890625,192.4375,193.0,105,107,17,17,q8,tf32,Float32,tf32,20260802,random,1,4,1,tlr_tlr_runs,1,compressed_tlr,compressed_tlr,1614282752,1619001344,3233284096,13522763264,34359738368,0.48766516149044037,42.977893,42.977893,243.539387,239.053273,1689.459375,1671.792109,6.937109417130954,6.993387239671887,2.8354599337984e13,2.8940829720576e13,2.025617054701127,118834.28827295192,333213.0749940714,false,242.119879;244.958895;247.868275;239.053273,,NVIDIA H100 80GB HBM3,1.12.6
workspace_tuning__20260803T201151.391Z__pid12447,20260803T201151.391Z,workspace_tuning,compressed,compressed_compressed__N65536__q16__uniform__r128-256__tf32__q8__w2,dense__N65536__tf32,compressed_compressed,65536,16,4096,16,uniform,b32_b16,128,256,188.82421875,189.62890625,192.4375,193.0,105,107,17,17,q8,tf32,Float32,tf32,20260802,random,1,4,1,tlr_tlr_runs,2,compressed_tlr,compressed_tlr,1614282752,1619001344,3233284096,6782594304,34359738368,0.29150042682886124,45.208519,45.208519,194.9930965,178.381399,1689.459375,1671.792109,8.664200965699315,9.372009180172425,2.8331782324224e13,2.8884995145728e13,1.9152255997031677,148133.4245375605,333213.0749940714,false,191.647218;198.338975;178.381399;205.454877,,NVIDIA H100 80GB HBM3,1.12.6
workspace_tuning__20260803T201151.391Z__pid12447,20260803T201151.391Z,workspace_tuning,compressed,compressed_compressed__N65536__q16__uniform__r128-256__tf32__q8__w4,dense__N65536__tf32,compressed_compressed,65536,16,4096,16,uniform,b32_b16,128,256,188.82421875,189.62890625,192.4375,193.0,105,107,17,17,q8,tf32,Float32,tf32,20260802,random,1,4,1,tlr_tlr_runs,4,compressed_tlr,compressed_tlr,1614282752,1619001344,3233284096,3395530240,34359738368,0.1929238885641098,48.149657,48.149657,172.1947615,171.512896,1689.459375,1671.792109,9.811328522906313,9.747325991160453,2.8135824441344e13,2.8704606519296e13,1.9815010443346421,166698.48878820857,333213.0749940714,false,171.512896;171.698655;172.690868;189.918201,,NVIDIA H100 80GB HBM3,1.12.6
workspace_tuning__20260803T201151.391Z__pid12447,20260803T201151.391Z,workspace_tuning,compressed,compressed_compressed__N65536__q16__uniform__r128-256__tf32__q8__w8,dense__N65536__tf32,compressed_compressed,65536,16,4096,16,uniform,b32_b16,128,256,188.82421875,189.62890625,192.4375,193.0,105,107,17,17,q8,tf32,Float32,tf32,20260802,random,1,4,1,tlr_tlr_runs,8,compressed_tlr,compressed_tlr,1614282752,1619001344,3233284096,1698912256,34359738368,0.14354580640792847,52.420645,52.420645,166.7866035,165.106827,1689.459375,1671.792109,10.129466872919442,10.125517759480653,2.7970468200448e13,2.8532807827456e13,1.9708527475059172,171073.7387098119,333213.0749940714,false,165.106827;167.096362;166.476845;178.129972,,NVIDIA H100 80GB HBM3,1.12.6
workspace_tuning__20260803T201151.391Z__pid12447,20260803T201151.391Z,workspace_tuning,compressed,compressed_compressed__N65536__q16__uniform__r128-256__tf32__q8__w16,dense__N65536__tf32,compressed_compressed,65536,16,4096,16,uniform,b32_b16,128,256,188.82421875,189.62890625,192.4375,193.0,105,107,17,17,q8,tf32,Float32,tf32,20260802,random,1,4,1,tlr_tlr_runs,16,compressed_tlr,compressed_tlr,1614282752,1619001344,3233284096,851091712,34359738368,0.11887098103761673,58.953625,58.953625,162.516478,160.611003,1689.459375,1671.792109,10.395618929177138,10.408951303292714,2.7763202473984e13,2.833523933184e13,2.0188178090072046,174353.02364748516,333213.0749940714,false,160.611003;162.564775;162.468181;168.729754,,NVIDIA H100 80GB HBM3,1.12.6
workspace_tuning__20260803T201151.391Z__pid12447,20260803T201151.391Z,workspace_tuning,compressed,compressed_compressed__N65536__q16__uniform__r128-256__tf32__q8__w32,dense__N65536__tf32,compressed_compressed,65536,16,4096,16,uniform,b32_b16,128,256,188.82421875,189.62890625,192.4375,193.0,105,107,17,17,q8,tf32,Float32,tf32,20260802,random,1,4,1,tlr_tlr_runs,32,compressed_tlr,compressed_tlr,1614282752,1619001344,3233284096,434479872,34359738368,0.10674598067998886,69.783631,69.783631,168.3335765,167.688798,1689.459375,1671.792109,10.036377828638365,9.969611142421094,2.7721393651712e13,2.8297658368e13,2.036439583777224,168104.6583597064,333213.0749940714,false,168.937204;167.729949;167.688798;170.068507,,NVIDIA H100 80GB HBM3,1.12.6
workspace_tuning__20260803T201151.391Z__pid12447,20260803T201151.391Z,workspace_tuning,compressed,compressed_compressed__N65536__q16__uniform__r128-256__tf32__q8__w64,dense__N65536__tf32,compressed_compressed,65536,16,4096,16,uniform,b32_b16,128,256,188.82421875,189.62890625,192.4375,193.0,105,107,17,17,q8,tf32,Float32,tf32,20260802,random,1,4,1,tlr_tlr_runs,64,compressed_tlr,compressed_tlr,1614282752,1619001344,3233284096,218755072,34359738368,0.10046756267547607,92.186184,92.186184,168.71370000000002,168.34559,1689.459375,1671.792109,10.013765183266088,9.930715197232075,2.7710689787904e13,2.8283699724288e13,2.02593699540637,167643.17138612925,333213.0749940714,false,168.34559;168.530516;168.896884;173.409824,,NVIDIA H100 80GB HBM3,1.12.6
workspace_tuning__20260803T201151.391Z__pid12447,20260803T201151.391Z,workspace_tuning,compressed,compressed_dense__N65536__q8__uniform__r256-512__tf32__q8__w1,dense__N65536__tf32,compressed_dense,65536,8,8192,8,uniform,b32_b16,256,512,380.6875,,384.0,,56,,30,,q8,tf32,Float32,tf32,20260802,random,1,4,1,one_or_more_tile_stripes,1,compressed_tlr,dense,1610612736,17179869184,18790481920,805306368,34359738368,0.5703125,8.535806,8.535806,349.891836,346.330235,1689.459375,1671.792109,4.828518991223333,4.827161882069002,5.2321291599872e13,5.2776558133248e13,0.8626302083333334,150836.78069369987,333213.0749940714,false,346.330235;367.12955;347.353635;352.430037,,NVIDIA H100 80GB HBM3,1.12.6
workspace_tuning__20260803T201151.391Z__pid12447,20260803T201151.391Z,workspace_tuning,compressed,compressed_dense__N65536__q8__uniform__r256-512__tf32__q8__w2,dense__N65536__tf32,compressed_dense,65536,8,8192,8,uniform,b32_b16,256,512,380.6875,,384.0,,56,,30,,q8,tf32,Float32,tf32,20260802,random,1,4,1,one_or_more_tile_stripes,2,compressed_tlr,dense,1610612736,17179869184,18790481920,1610612736,34359738368,0.59375,4.409254,4.409254,371.1870775,361.356507,1689.459375,1671.792109,4.55150374948061,4.626434218327221,5.2321291599872e13,5.2776558133248e13,0.8626302083333334,142183.17751982625,333213.0749940714,false,361.356507;392.114515;363.956905;378.41725,,NVIDIA H100 80GB HBM3,1.12.6
workspace_tuning__20260803T201151.391Z__pid12447,20260803T201151.391Z,workspace_tuning,compressed,compressed_dense__N65536__q8__uniform__r256-512__tf32__q8__w4,dense__N65536__tf32,compressed_dense,65536,8,8192,8,uniform,b32_b16,256,512,380.6875,,384.0,,56,,30,,q8,tf32,Float32,tf32,20260802,random,1,4,1,one_or_more_tile_stripes,4,compressed_tlr,dense,1610612736,17179869184,18790481920,3221225472,34359738368,0.640625,3.602677,3.602677,427.65935149999996,402.646886,1689.459375,1671.792109,3.9504792051764595,4.152005559034673,5.2321291599872e13,5.2776558133248e13,0.8626302083333334,123407.93659284218,333213.0749940714,false,445.945869;416.448025;438.870678;402.646886,,NVIDIA H100 80GB HBM3,1.12.6
workspace_tuning__20260803T201151.391Z__pid12447,20260803T201151.391Z,workspace_tuning,compressed,compressed_dense__N65536__q8__uniform__r256-512__tf32__q8__w8,dense__N65536__tf32,compressed_dense,65536,8,8192,8,uniform,b32_b16,256,512,380.6875,,384.0,,56,,30,,q8,tf32,Float32,tf32,20260802,random,1,4,1,one_or_more_tile_stripes,8,compressed_tlr,dense,1610612736,17179869184,18790481920,6442450944,34359738368,0.734375,1.093676,1.093676,474.872749,461.897364,1689.459375,1671.792109,3.557709678135268,3.6194017097703117,5.2321291599872e13,5.2776558133248e13,0.8626302083333334,111138.31704258945,333213.0749940714,false,489.480054;469.997548;479.74795;461.897364,,NVIDIA H100 80GB HBM3,1.12.6
workspace_tuning__20260803T201151.391Z__pid12447,20260803T201151.391Z,workspace_tuning,compressed,dense_compressed__N65536__q8__uniform__r256-512__tf32__q8__w1,dense__N65536__tf32,dense_compressed,65536,8,8192,8,uniform,b32_b16,256,512,,380.6875,,384.0,,56,,30,q8,tf32,Float32,tf32,20260802,random,1,4,1,one_or_more_tile_stripes,1,dense,compressed_tlr,17179869184,1610612736,18790481920,805306368,34359738368,0.5703125,8.35161,8.35161,335.6355505,332.893981,1689.459375,1671.792109,5.033612716183352,5.021995603459109,5.2321291599872e13,5.2776558133248e13,0.8626302083333334,157243.64732706704,333213.0749940714,false,332.893981;369.508758;336.095258;335.175843,,NVIDIA H100 80GB HBM3,1.12.6
workspace_tuning__20260803T201151.391Z__pid12447,20260803T201151.391Z,workspace_tuning,compressed,dense_compressed__N65536__q8__uniform__r256-512__tf32__q8__w2,dense__N65536__tf32,dense_compressed,65536,8,8192,8,uniform,b32_b16,256,512,,380.6875,,384.0,,56,,30,q8,tf32,Float32,tf32,20260802,random,1,4,1,one_or_more_tile_stripes,2,dense,compressed_tlr,17179869184,1610612736,18790481920,1610612736,34359738368,0.59375,4.230156,4.230156,362.06665799999996,356.991969,1689.459375,1671.792109,4.666155630933573,4.682996409367405,5.2321291599872e13,5.2776558133248e13,0.8626302083333334,145764.756204776,333213.0749940714,false,360.009602;383.024631;356.991969;364.123714,,NVIDIA H100 80GB HBM3,1.12.6
workspace_tuning__20260803T201151.391Z__pid12447,20260803T201151.391Z,workspace_tuning,compressed,dense_compressed__N65536__q8__uniform__r256-512__tf32__q8__w4,dense__N65536__tf32,dense_compressed,65536,8,8192,8,uniform,b32_b16,256,512,,380.6875,,384.0,,56,,30,q8,tf32,Float32,tf32,20260802,random,1,4,1,one_or_more_tile_stripes,4,dense,compressed_tlr,17179869184,1610612736,18790481920,3221225472,34359738368,0.640625,31.844453,31.844453,379.6950415,372.587342,1689.459375,1671.792109,4.449516560252473,4.486980421895278,5.2321291599872e13,5.2776558133248e13,0.8626302083333334,138997.2276823847,333213.0749940714,false,378.446875;390.23946;372.587342;380.943208,,NVIDIA H100 80GB HBM3,1.12.6
workspace_tuning__20260803T201151.391Z__pid12447,20260803T201151.391Z,workspace_tuning,compressed,dense_compressed__N65536__q8__uniform__r256-512__tf32__q8__w8,dense__N65536__tf32,dense_compressed,65536,8,8192,8,uniform,b32_b16,256,512,,380.6875,,384.0,,56,,30,q8,tf32,Float32,tf32,20260802,random,1,4,1,one_or_more_tile_stripes,8,dense,compressed_tlr,17179869184,1610612736,18790481920,6442450944,34359738368,0.734375,1.099374,1.099374,417.2498745,385.802034,1689.459375,1671.792109,4.049035070470704,4.333290033924497,5.2321291599872e13,5.2776558133248e13,0.8626302083333334,126486.69624284812,333213.0749940714,false,418.016852;385.802034;425.413422;416.482897,,NVIDIA H100 80GB HBM3,1.12.6
workspace_tuning__20260803T201151.391Z__pid12447,20260803T201151.391Z,workspace_tuning,compressed,compressed_compressed__N65536__q8__uniform__r256-512__tf32__q8__w1,dense__N65536__tf32,compressed_compressed,65536,8,8192,8,uniform,b32_b16,256,512,380.6875,384.765625,384.0,387.875,56,57,30,28,q8,tf32,Float32,tf32,20260802,random,1,4,1,tlr_tlr_runs,1,compressed_tlr,compressed_tlr,1610612736,1626865664,3237478400,6747425792,34359738368,0.29059895873069763,6.290517,6.290517,234.203655,201.29876,1689.459375,1671.792109,7.213633685605803,8.305029345436605,2.861762166784e13,2.888663302144e13,0.9312658675046572,123339.80450236783,333213.0749940714,false,224.475091;243.932219;245.439914;201.29876,,NVIDIA H100 80GB HBM3,1.12.6
workspace_tuning__20260803T201151.391Z__pid12447,20260803T201151.391Z,workspace_tuning,compressed,compressed_compressed__N65536__q8__uniform__r256-512__tf32__q8__w2,dense__N65536__tf32,compressed_compressed,65536,8,8192,8,uniform,b32_b16,256,512,380.6875,384.765625,384.0,387.875,56,57,30,28,q8,tf32,Float32,tf32,20260802,random,1,4,1,tlr_tlr_runs,2,compressed_tlr,compressed_tlr,1610612736,1626865664,3237478400,3413318400,34359738368,0.19356366246938705,7.141099,7.141099,178.6774255,169.992522,1689.459375,1671.792109,9.455359960959365,9.834503831880323,2.816933445632e13,2.8418481586176e13,0.8767080996234371,159049.0880795459,333213.0749940714,false,183.767423;173.587428;169.992522;193.818935,,NVIDIA H100 80GB HBM3,1.12.6
workspace_tuning__20260803T201151.391Z__pid12447,20260803T201151.391Z,workspace_tuning,compressed,compressed_compressed__N65536__q8__uniform__r256-512__tf32__q8__w4,dense__N65536__tf32,compressed_compressed,65536,8,8192,8,uniform,b32_b16,256,512,380.6875,384.765625,384.0,387.875,56,57,30,28,q8,tf32,Float32,tf32,20260802,random,1,4,1,tlr_tlr_runs,4,compressed_tlr,compressed_tlr,1610612736,1626865664,3237478400,1715106816,34359738368,0.14413920044898987,15.626299,15.626299,163.712846,162.379818,1689.459375,1671.792109,10.319650633891001,10.295565850430993,2.7667628589056e13,2.7922412863488e13,0.9124722697770932,170557.25036682826,333213.0749940714,false,163.25767;162.379818;164.168022;167.695738,,NVIDIA H100 80GB HBM3,1.12.6
workspace_tuning__20260803T201151.391Z__pid12447,20260803T201151.391Z,workspace_tuning,compressed,compressed_compressed__N65536__q8__uniform__r256-512__tf32__q8__w8,dense__N65536__tf32,compressed_compressed,65536,8,8192,8,uniform,b32_b16,256,512,380.6875,384.765625,384.0,387.875,56,57,30,28,q8,tf32,Float32,tf32,20260802,random,1,4,1,tlr_tlr_runs,8,compressed_tlr,compressed_tlr,1610612736,1626865664,3237478400,858674176,34359738368,0.11921373009681702,10.361545,10.361545,160.42936550000002,157.183927,1689.459375,1671.792109,10.530861165813185,10.635897326830369,2.7667628589056e13,2.7922412863488e13,0.9124722697770932,174048.01656145672,333213.0749940714,false,161.474343;157.183927;159.384388;167.146176,,NVIDIA H100 80GB HBM3,1.12.6
workspace_tuning__20260803T201151.391Z__pid12447,20260803T201151.391Z,workspace_tuning,compressed,compressed_compressed__N65536__q8__uniform__r256-512__tf32__q8__w16,dense__N65536__tf32,compressed_compressed,65536,8,8192,8,uniform,b32_b16,256,512,380.6875,384.765625,384.0,387.875,56,57,30,28,q8,tf32,Float32,tf32,20260802,random,1,4,1,tlr_tlr_runs,16,compressed_tlr,compressed_tlr,1610612736,1626865664,3237478400,453201920,34359738368,0.10741293430328369,15.426831,15.426831,161.185086,159.634602,1689.459375,1671.792109,10.481486947247712,10.472617390307397,2.749824581632e13,2.7749540429824e13,0.9055811721981509,172159.47900926764,333213.0749940714,false,161.54565;163.341857;160.824522;159.634602,,NVIDIA H100 80GB HBM3,1.12.6
workspace_tuning__20260803T201151.391Z__pid12447,20260803T201151.391Z,workspace_tuning,compressed,compressed_compressed__N65536__q8__uniform__r256-512__tf32__q8__w32,dense__N65536__tf32,compressed_compressed,65536,8,8192,8,uniform,b32_b16,256,512,380.6875,384.765625,384.0,387.875,56,57,30,28,q8,tf32,Float32,tf32,20260802,random,1,4,1,tlr_tlr_runs,32,compressed_tlr,compressed_tlr,1610612736,1626865664,3237478400,236590336,34359738368,0.10110870748758316,25.903067,25.903067,164.06755149999998,162.290454,1689.459375,1671.792109,10.297340086775172,10.301235025197476,2.7486703091712e13,2.773772926976e13,0.9049990199510373,169062.8586589226,333213.0749940714,false,164.522762;162.290454;163.612341;167.625553,,NVIDIA H100 80GB HBM3,1.12.6
workspace_tuning__20260803T201151.391Z__pid12447,20260803T201151.391Z,workspace_tuning,compressed,compressed_compressed__N65536__q8__uniform__r256-512__tf32__q8__w64,dense__N65536__tf32,compressed_compressed,65536,8,8192,8,uniform,b32_b16,256,512,380.6875,384.765625,384.0,387.875,56,57,30,28,q8,tf32,Float32,tf32,20260802,random,1,4,1,tlr_tlr_runs,64,compressed_tlr,compressed_tlr,1610612736,1626865664,3237478400,122587392,34359738368,0.09779078513383865,43.141127,43.141127,170.9619975,170.71309,1689.459375,1671.792109,9.882075547227974,9.792993079792534,2.7350472097792e13,2.759277412352e13,0.8781357925206312,161397.120570728,333213.0749940714,false,171.10719;170.71309;170.816805;178.909307,,NVIDIA H100 80GB HBM3,1.12.6
