run_id,timestamp_utc,experiment,record_kind,case_id,baseline_case_id,operand_layout,N,tile_divisor,tile_size,tile_grid,distribution,rank_band,min_rank,max_rank,mean_rank_A,mean_rank_B,mean_execution_rank_A,mean_execution_rank_B,exact_rank_count_A,exact_rank_count_B,execution_rank_count_A,execution_rank_count_B,execution_rank_policy,precision,storage_type,compute_mode,seed,factor_fill,warmup,repetitions,analysis_repetitions,workspace_policy,workspace_parameter,A_storage_kind,B_storage_kind,A_storage_bytes,B_storage_bytes,operand_storage_bytes,workspace_bytes,dense_reference_bytes,memory_ratio,analysis_median_ms,analysis_min_ms,numeric_median_ms,numeric_min_ms,dense_median_ms,dense_min_ms,speedup_median,speedup_best,exact_flops,executed_flops,padding_waste_pct,executed_gflops_median,dense_gflops_median,has_fallback,numeric_samples_ms,dense_samples_ms,gpu_name,julia_version
precision_sweep__20260802T113334.483Z__pid2705,20260802T113334.483Z,precision_sweep,baseline,dense__N4096__bf16,dense__N4096__bf16,dense_dense,4096,,,,,,,,,,,,,,,,,bf16,Core.BFloat16,fp32_accumulate,20260802,random,1,3,0,none,0,dense,dense,33554432,33554432,67108864,0,67108864,1.0,,,0.208301,0.202644,0.208301,0.202644,1.0,1.0,1.37438953472e11,1.37438953472e11,0.0,659809.3790812334,659809.3790812334,false,0.287911;0.208301;0.202644,0.287911;0.208301;0.202644,NVIDIA H100 80GB HBM3,1.12.6
precision_sweep__20260802T113334.483Z__pid2705,20260802T113334.483Z,precision_sweep,compressed,compressed_dense__N4096__q16__uniform__r16-32__bf16__q8__w1,dense__N4096__bf16,compressed_dense,4096,16,256,16,uniform,b16_b8,16,32,23.58984375,,26.96875,,17,,3,,q8,bf16,Core.BFloat16,fp32_accumulate,20260802,random,1,3,3,one_or_more_tile_stripes,1,compressed_tlr,dense,7069696,33554432,40624128,3534848,67108864,0.65802001953125,65.647115,64.001873,1.278473,0.885355,0.208301,0.202644,0.1629295260830694,0.228884458776423,2.5329401856e10,2.8957474816e10,12.528968713789109,22650.047999449343,659809.3790812334,false,146.318725;0.885355;1.278473,,NVIDIA H100 80GB HBM3,1.12.6
precision_sweep__20260802T113334.483Z__pid2705,20260802T113334.483Z,precision_sweep,compressed,dense_compressed__N4096__q16__uniform__r16-32__bf16__q8__w1,dense__N4096__bf16,dense_compressed,4096,16,256,16,uniform,b16_b8,16,32,,23.58984375,,26.96875,,17,,3,q8,bf16,Core.BFloat16,fp32_accumulate,20260802,random,1,3,3,one_or_more_tile_stripes,1,dense,compressed_tlr,33554432,7069696,40624128,3534848,67108864,0.65802001953125,58.147382,57.031882,0.492967,0.491626,0.208301,0.202644,0.4225455253597097,0.41219138125322907,2.5329401856e10,2.8957474816e10,12.528968713789109,58741.20339901048,659809.3790812334,false,0.498175;0.492967;0.491626,,NVIDIA H100 80GB HBM3,1.12.6
precision_sweep__20260802T113334.483Z__pid2705,20260802T113334.483Z,precision_sweep,compressed,compressed_compressed__N4096__q16__uniform__r16-32__bf16__q8__w4,dense__N4096__bf16,compressed_compressed,4096,16,256,16,uniform,b16_b8,16,32,23.58984375,23.69140625,26.96875,26.8125,17,17,3,3,q8,bf16,Core.BFloat16,fp32_accumulate,20260802,random,1,3,3,tlr_tlr_rows,4,compressed_tlr,compressed_tlr,7069696,7028736,14098432,15566720,67108864,0.4420452117919922,52.412448,52.331517,0.390644,0.389052,0.208301,0.202644,0.5332246239542908,0.520866105302119,1.4900814848e10,1.7378312192e10,14.256259852095997,44486.315397139086,659809.3790812334,false,0.401561;0.390644;0.389052,,NVIDIA H100 80GB HBM3,1.12.6
precision_sweep__20260802T113334.483Z__pid2705,20260802T113334.483Z,precision_sweep,compressed,compressed_dense__N4096__q16__skewed__r16-32__bf16__q8__w1,dense__N4096__bf16,compressed_dense,4096,16,256,16,skewed,b16_b8,16,32,21.046875,,23.96875,,17,,3,,q8,bf16,Core.BFloat16,fp32_accumulate,20260802,random,1,3,3,one_or_more_tile_stripes,1,compressed_tlr,dense,6283264,33554432,39837696,3141632,67108864,0.64044189453125,116.643654,60.146954,1.14286,0.823963,0.208301,0.202644,0.18226291934270164,0.24593822780877295,2.2598909952e10,2.5736249344e10,12.190352020860496,22519.161878095303,659809.3790812334,false,1.413706;1.14286;0.823963,,NVIDIA H100 80GB HBM3,1.12.6
precision_sweep__20260802T113334.483Z__pid2705,20260802T113334.483Z,precision_sweep,compressed,dense_compressed__N4096__q16__skewed__r16-32__bf16__q8__w1,dense__N4096__bf16,dense_compressed,4096,16,256,16,skewed,b16_b8,16,32,,21.046875,,23.96875,,17,,3,q8,bf16,Core.BFloat16,fp32_accumulate,20260802,random,1,3,3,one_or_more_tile_stripes,1,dense,compressed_tlr,33554432,6283264,39837696,3141632,67108864,0.64044189453125,55.531576,55.264326,0.479578,0.478226,0.208301,0.202644,0.4343422759175775,0.4237410763948426,2.2598909952e10,2.5736249344e10,12.190352020860496,53664.366055156825,659809.3790812334,false,0.483364;0.478226;0.479578,,NVIDIA H100 80GB HBM3,1.12.6
precision_sweep__20260802T113334.483Z__pid2705,20260802T113334.483Z,precision_sweep,compressed,compressed_compressed__N4096__q16__skewed__r16-32__bf16__q8__w4,dense__N4096__bf16,compressed_compressed,4096,16,256,16,skewed,b16_b8,16,32,21.046875,21.0390625,23.96875,24.0,17,17,3,3,q8,bf16,Core.BFloat16,fp32_accumulate,20260802,random,1,3,3,tlr_tlr_rows,4,compressed_tlr,compressed_tlr,6283264,6291456,12574720,13816832,67108864,0.3932647705078125,49.657636,49.528462,0.378046,0.377655,0.208301,0.202644,0.5509937944059717,0.5365849783532589,1.3001616384e10,1.5113715712e10,13.974719177250593,39978.509789813936,659809.3790812334,false,0.377655;0.379918;0.378046,,NVIDIA H100 80GB HBM3,1.12.6
precision_sweep__20260802T113334.483Z__pid2705,20260802T113334.483Z,precision_sweep,compressed,compressed_dense__N4096__q8__uniform__r32-64__bf16__q8__w1,dense__N4096__bf16,compressed_dense,4096,8,512,8,uniform,b16_b8,32,64,47.625,,51.125,,29,,5,,q8,bf16,Core.BFloat16,fp32_accumulate,20260802,random,1,3,3,one_or_more_tile_stripes,1,compressed_tlr,dense,6701056,33554432,40255488,3350528,67108864,0.6497802734375,8.79313,8.775383,0.302603,0.302062,0.208301,0.202644,0.6883639620228483,0.6708688944653747,2.5568477184e10,2.7447525376e10,6.845965770171149,90704.73648972416,659809.3790812334,false,0.305507;0.302062;0.302603,,NVIDIA H100 80GB HBM3,1.12.6
precision_sweep__20260802T113334.483Z__pid2705,20260802T113334.483Z,precision_sweep,compressed,dense_compressed__N4096__q8__uniform__r32-64__bf16__q8__w1,dense__N4096__bf16,dense_compressed,4096,8,512,8,uniform,b16_b8,32,64,,47.625,,51.125,,29,,5,q8,bf16,Core.BFloat16,fp32_accumulate,20260802,random,1,3,3,one_or_more_tile_stripes,1,dense,compressed_tlr,33554432,6701056,40255488,3350528,67108864,0.6497802734375,8.809735,8.689375,0.24011,0.237566,0.208301,0.202644,0.8675232185248427,0.8530008502900246,2.5568477184e10,2.7447525376e10,6.845965770171149,114312.29593103161,659809.3790812334,false,0.24011;0.240319;0.237566,,NVIDIA H100 80GB HBM3,1.12.6
precision_sweep__20260802T113334.483Z__pid2705,20260802T113334.483Z,precision_sweep,compressed,compressed_compressed__N4096__q8__uniform__r32-64__bf16__q8__w4,dense__N4096__bf16,compressed_compressed,4096,8,512,8,uniform,b16_b8,32,64,47.625,48.109375,51.125,51.875,29,30,5,5,q8,bf16,Core.BFloat16,fp32_accumulate,20260802,random,1,3,3,tlr_tlr_rows,4,compressed_tlr,compressed_tlr,6701056,6799360,13500416,15020928,67108864,0.4250011444091797,7.575687,7.506564,0.197366,0.196785,0.208301,0.202644,1.0554046796307366,1.0297736107935056,1.49578752e10,1.628700672e10,8.160686262675036,82521.84631598147,659809.3790812334,false,0.199178;0.197366;0.196785,,NVIDIA H100 80GB HBM3,1.12.6
precision_sweep__20260802T113334.483Z__pid2705,20260802T113334.483Z,precision_sweep,compressed,compressed_dense__N4096__q8__skewed__r32-64__bf16__q8__w1,dense__N4096__bf16,compressed_dense,4096,8,512,8,skewed,b16_b8,32,64,42.6875,,45.5,,26,,5,,q8,bf16,Core.BFloat16,fp32_accumulate,20260802,random,1,3,3,one_or_more_tile_stripes,1,compressed_tlr,dense,5963776,33554432,39518208,2981888,67108864,0.63330078125,8.797817,8.767531,0.296574,0.295372,0.208301,0.202644,0.7023575903484459,0.6860636756361469,2.2917677056e10,2.4427626496e10,6.181318681318682,82366.04185127489,659809.3790812334,false,0.296574;0.295372;0.299468,,NVIDIA H100 80GB HBM3,1.12.6
precision_sweep__20260802T113334.483Z__pid2705,20260802T113334.483Z,precision_sweep,compressed,dense_compressed__N4096__q8__skewed__r32-64__bf16__q8__w1,dense__N4096__bf16,dense_compressed,4096,8,512,8,skewed,b16_b8,32,64,,42.6875,,45.5,,26,,5,q8,bf16,Core.BFloat16,fp32_accumulate,20260802,random,1,3,3,one_or_more_tile_stripes,1,dense,compressed_tlr,33554432,5963776,39518208,2981888,67108864,0.63330078125,8.742083,8.734352,0.235151,0.232808,0.208301,0.202644,0.8858180488281997,0.8704340057042713,2.2917677056e10,2.4427626496e10,6.181318681318682,103880.59798172239,659809.3790812334,false,0.236113;0.232808;0.235151,,NVIDIA H100 80GB HBM3,1.12.6
precision_sweep__20260802T113334.483Z__pid2705,20260802T113334.483Z,precision_sweep,compressed,compressed_compressed__N4096__q8__skewed__r32-64__bf16__q8__w4,dense__N4096__bf16,compressed_compressed,4096,8,512,8,skewed,b16_b8,32,64,42.6875,42.875,45.5,45.75,26,29,5,5,q8,bf16,Core.BFloat16,fp32_accumulate,20260802,random,1,3,3,tlr_tlr_rows,4,compressed_tlr,compressed_tlr,5963776,5996544,11960320,13119232,67108864,0.3737144470214844,7.498793,7.397852,0.190355,0.190195,0.208301,0.202644,1.094276483412571,1.0654538762848655,1.3102780416e10,1.4095351808e10,7.04183482271548,74047.7098473904,659809.3790812334,false,0.190195;0.190355;0.191236,,NVIDIA H100 80GB HBM3,1.12.6
precision_sweep__20260802T113334.483Z__pid2705,20260802T113334.483Z,precision_sweep,baseline,dense__N4096__fp16,dense__N4096__fp16,dense_dense,4096,,,,,,,,,,,,,,,,,fp16,Float16,fp32_accumulate,20260802,random,1,3,0,none,0,dense,dense,33554432,33554432,67108864,0,67108864,1.0,,,0.215032,0.208892,0.215032,0.208892,1.0,1.0,1.37438953472e11,1.37438953472e11,0.0,639155.8162134008,639155.8162134008,false,0.290815;0.208892;0.215032,0.290815;0.208892;0.215032,NVIDIA H100 80GB HBM3,1.12.6
precision_sweep__20260802T113334.483Z__pid2705,20260802T113334.483Z,precision_sweep,compressed,compressed_dense__N4096__q16__uniform__r16-32__fp16__q8__w1,dense__N4096__fp16,compressed_dense,4096,16,256,16,uniform,b16_b8,16,32,23.58984375,,26.96875,,17,,3,,q8,fp16,Float16,fp32_accumulate,20260802,random,1,3,3,one_or_more_tile_stripes,1,compressed_tlr,dense,7069696,33554432,40624128,3534848,67108864,0.65802001953125,62.660305,61.020711,0.789161,0.713928,0.215032,0.208892,0.2724817876200167,0.2925953317421365,2.5329401856e10,2.8957474816e10,12.528968713789109,36694.001371076374,639155.8162134008,false,0.851504;0.713928;0.789161,,NVIDIA H100 80GB HBM3,1.12.6
precision_sweep__20260802T113334.483Z__pid2705,20260802T113334.483Z,precision_sweep,compressed,dense_compressed__N4096__q16__uniform__r16-32__fp16__q8__w1,dense__N4096__fp16,dense_compressed,4096,16,256,16,uniform,b16_b8,16,32,,23.58984375,,26.96875,,17,,3,q8,fp16,Float16,fp32_accumulate,20260802,random,1,3,3,one_or_more_tile_stripes,1,dense,compressed_tlr,33554432,7069696,40624128,3534848,67108864,0.65802001953125,53.795097,53.46932,0.478857,0.477234,0.215032,0.208892,0.4490526399321718,0.4377139935545246,2.5329401856e10,2.8957474816e10,12.528968713789109,60472.07165395933,639155.8162134008,false,0.486028;0.477234;0.478857,,NVIDIA H100 80GB HBM3,1.12.6
precision_sweep__20260802T113334.483Z__pid2705,20260802T113334.483Z,precision_sweep,compressed,compressed_compressed__N4096__q16__uniform__r16-32__fp16__q8__w4,dense__N4096__fp16,compressed_compressed,4096,16,256,16,uniform,b16_b8,16,32,23.58984375,23.69140625,26.96875,26.8125,17,17,3,3,q8,fp16,Float16,fp32_accumulate,20260802,random,1,3,3,tlr_tlr_rows,4,compressed_tlr,compressed_tlr,7069696,7028736,14098432,15566720,67108864,0.4420452117919922,51.386152,50.793615,0.340209,0.337756,0.215032,0.208892,0.632058528727929,0.618470138206279,1.4900814848e10,1.7378312192e10,14.256259852095997,51081.282952538,639155.8162134008,false,0.351276;0.340209;0.337756,,NVIDIA H100 80GB HBM3,1.12.6
precision_sweep__20260802T113334.483Z__pid2705,20260802T113334.483Z,precision_sweep,compressed,compressed_dense__N4096__q16__skewed__r16-32__fp16__q8__w1,dense__N4096__fp16,compressed_dense,4096,16,256,16,skewed,b16_b8,16,32,21.046875,,23.96875,,17,,3,,q8,fp16,Float16,fp32_accumulate,20260802,random,1,3,3,one_or_more_tile_stripes,1,compressed_tlr,dense,6283264,33554432,39837696,3141632,67108864,0.64044189453125,55.717715,55.613388,0.777003,0.628801,0.215032,0.208892,0.27674539223143285,0.3322068508160769,2.2598909952e10,2.5736249344e10,12.190352020860496,33122.45814237525,639155.8162134008,false,0.777003;0.628801;0.807779,,NVIDIA H100 80GB HBM3,1.12.6
precision_sweep__20260802T113334.483Z__pid2705,20260802T113334.483Z,precision_sweep,compressed,dense_compressed__N4096__q16__skewed__r16-32__fp16__q8__w1,dense__N4096__fp16,dense_compressed,4096,16,256,16,skewed,b16_b8,16,32,,21.046875,,23.96875,,17,,3,q8,fp16,Float16,fp32_accumulate,20260802,random,1,3,3,one_or_more_tile_stripes,1,dense,compressed_tlr,33554432,6283264,39837696,3141632,67108864,0.64044189453125,53.718192,53.172325,0.468662,0.467029,0.215032,0.208892,0.45882106934208444,0.4472784345297615,2.2598909952e10,2.5736249344e10,12.190352020860496,54914.30784659307,639155.8162134008,false,0.468662;0.470223;0.467029,,NVIDIA H100 80GB HBM3,1.12.6
precision_sweep__20260802T113334.483Z__pid2705,20260802T113334.483Z,precision_sweep,compressed,compressed_compressed__N4096__q16__skewed__r16-32__fp16__q8__w4,dense__N4096__fp16,compressed_compressed,4096,16,256,16,skewed,b16_b8,16,32,21.046875,21.0390625,23.96875,24.0,17,17,3,3,q8,fp16,Float16,fp32_accumulate,20260802,random,1,3,3,tlr_tlr_rows,4,compressed_tlr,compressed_tlr,6283264,6291456,12574720,13816832,67108864,0.3932647705078125,204.097773,101.760931,0.334391,0.334251,0.215032,0.208892,0.6430555846299691,0.6249554975153402,1.3001616384e10,1.5113715712e10,13.974719177250593,45197.73472372163,639155.8162134008,false,0.336364;0.334391;0.334251,,NVIDIA H100 80GB HBM3,1.12.6
precision_sweep__20260802T113334.483Z__pid2705,20260802T113334.483Z,precision_sweep,compressed,compressed_dense__N4096__q8__uniform__r32-64__fp16__q8__w1,dense__N4096__fp16,compressed_dense,4096,8,512,8,uniform,b16_b8,32,64,47.625,,51.125,,29,,5,,q8,fp16,Float16,fp32_accumulate,20260802,random,1,3,3,one_or_more_tile_stripes,1,compressed_tlr,dense,6701056,33554432,40255488,3350528,67108864,0.6497802734375,8.662954,8.568654,0.299729,0.296634,0.215032,0.208892,0.7174214040016147,0.7042078790698301,2.5568477184e10,2.7447525376e10,6.845965770171149,91574.4735277534,639155.8162134008,false,0.301902;0.299729;0.296634,,NVIDIA H100 80GB HBM3,1.12.6
precision_sweep__20260802T113334.483Z__pid2705,20260802T113334.483Z,precision_sweep,compressed,dense_compressed__N4096__q8__uniform__r32-64__fp16__q8__w1,dense__N4096__fp16,dense_compressed,4096,8,512,8,uniform,b16_b8,32,64,,47.625,,51.125,,29,,5,q8,fp16,Float16,fp32_accumulate,20260802,random,1,3,3,one_or_more_tile_stripes,1,dense,compressed_tlr,33554432,6701056,40255488,3350528,67108864,0.6497802734375,8.431528,8.414703,0.23418,0.23354,0.215032,0.208892,0.9182338372192331,0.8944591932859467,2.5568477184e10,2.7447525376e10,6.845965770171149,117206.95779315056,639155.8162134008,false,0.234331;0.23418;0.23354,,NVIDIA H100 80GB HBM3,1.12.6
precision_sweep__20260802T113334.483Z__pid2705,20260802T113334.483Z,precision_sweep,compressed,compressed_compressed__N4096__q8__uniform__r32-64__fp16__q8__w4,dense__N4096__fp16,compressed_compressed,4096,8,512,8,uniform,b16_b8,32,64,47.625,48.109375,51.125,51.875,29,30,5,5,q8,fp16,Float16,fp32_accumulate,20260802,random,1,3,3,tlr_tlr_rows,4,compressed_tlr,compressed_tlr,6701056,6799360,13500416,15020928,67108864,0.4250011444091797,7.192383,7.168558,0.175303,0.174401,0.215032,0.208892,1.226630462684609,1.197768361419946,1.49578752e10,1.628700672e10,8.160686262675036,92907.74670142554,639155.8162134008,false,0.176123;0.174401;0.175303,,NVIDIA H100 80GB HBM3,1.12.6
precision_sweep__20260802T113334.483Z__pid2705,20260802T113334.483Z,precision_sweep,compressed,compressed_dense__N4096__q8__skewed__r32-64__fp16__q8__w1,dense__N4096__fp16,compressed_dense,4096,8,512,8,skewed,b16_b8,32,64,42.6875,,45.5,,26,,5,,q8,fp16,Float16,fp32_accumulate,20260802,random,1,3,3,one_or_more_tile_stripes,1,compressed_tlr,dense,5963776,33554432,39518208,2981888,67108864,0.63330078125,8.667311,8.434783,0.292007,0.291166,0.215032,0.208892,0.7363933056399332,0.7174326672757122,2.2917677056e10,2.4427626496e10,6.181318681318682,83654.2497131918,639155.8162134008,false,0.292007;0.291166;0.29393,,NVIDIA H100 80GB HBM3,1.12.6
precision_sweep__20260802T113334.483Z__pid2705,20260802T113334.483Z,precision_sweep,compressed,dense_compressed__N4096__q8__skewed__r32-64__fp16__q8__w1,dense__N4096__fp16,dense_compressed,4096,8,512,8,skewed,b16_b8,32,64,,42.6875,,45.5,,26,,5,q8,fp16,Float16,fp32_accumulate,20260802,random,1,3,3,one_or_more_tile_stripes,1,dense,compressed_tlr,33554432,5963776,39518208,2981888,67108864,0.63330078125,8.535985,8.427492,0.229244,0.228983,0.215032,0.208892,0.9380049205213659,0.9122598620858317,2.2917677056e10,2.4427626496e10,6.181318681318682,106557.32100294883,639155.8162134008,false,0.231317;0.229244;0.228983,,NVIDIA H100 80GB HBM3,1.12.6
precision_sweep__20260802T113334.483Z__pid2705,20260802T113334.483Z,precision_sweep,compressed,compressed_compressed__N4096__q8__skewed__r32-64__fp16__q8__w4,dense__N4096__fp16,compressed_compressed,4096,8,512,8,skewed,b16_b8,32,64,42.6875,42.875,45.5,45.75,26,29,5,5,q8,fp16,Float16,fp32_accumulate,20260802,random,1,3,3,tlr_tlr_rows,4,compressed_tlr,compressed_tlr,5963776,5996544,11960320,13119232,67108864,0.3737144470214844,7.303299,7.108979,0.170625,0.170355,0.215032,0.208892,1.2602608058608058,1.2262158433858705,1.3102780416e10,1.4095351808e10,7.04183482271548,82610.12048644689,639155.8162134008,false,0.170625;0.170355;0.170775,,NVIDIA H100 80GB HBM3,1.12.6
precision_sweep__20260802T113334.483Z__pid2705,20260802T113334.483Z,precision_sweep,baseline,dense__N4096__fp32,dense__N4096__fp32,dense_dense,4096,,,,,,,,,,,,,,,,,fp32,Float32,fp32,20260802,random,1,3,0,none,0,dense,dense,67108864,67108864,134217728,0,134217728,1.0,,,2.749895,2.745419,2.749895,2.745419,1.0,1.0,1.37438953472e11,1.37438953472e11,0.0,49979.70957872937,49979.70957872937,false,2.860101;2.749895;2.745419,2.860101;2.749895;2.745419,NVIDIA H100 80GB HBM3,1.12.6
precision_sweep__20260802T113334.483Z__pid2705,20260802T113334.483Z,precision_sweep,compressed,compressed_dense__N4096__q16__uniform__r16-32__fp32__q8__w1,dense__N4096__fp32,compressed_dense,4096,16,256,16,uniform,b16_b8,16,32,23.58984375,,26.96875,,17,,3,,q8,fp32,Float32,fp32,20260802,random,1,3,3,one_or_more_tile_stripes,1,compressed_tlr,dense,14139392,67108864,81248256,7069696,134217728,0.65802001953125,61.215843,60.747802,2.837426,2.836085,2.749895,2.745419,0.9691512659713417,0.9680312825602899,2.5329401856e10,2.8957474816e10,12.528968713789109,10205.543621578148,49979.70957872937,false,2.875474;2.836085;2.837426,,NVIDIA H100 80GB HBM3,1.12.6
precision_sweep__20260802T113334.483Z__pid2705,20260802T113334.483Z,precision_sweep,compressed,dense_compressed__N4096__q16__uniform__r16-32__fp32__q8__w1,dense__N4096__fp32,dense_compressed,4096,16,256,16,uniform,b16_b8,16,32,,23.58984375,,26.96875,,17,,3,q8,fp32,Float32,fp32,20260802,random,1,3,3,one_or_more_tile_stripes,1,dense,compressed_tlr,67108864,14139392,81248256,7069696,134217728,0.65802001953125,53.281739,53.102181,2.550196,2.549796,2.749895,2.745419,1.0783073144181858,1.0767210396439557,2.5329401856e10,2.8957474816e10,12.528968713789109,11354.999700415185,49979.70957872937,false,2.550196;2.557618;2.549796,,NVIDIA H100 80GB HBM3,1.12.6
precision_sweep__20260802T113334.483Z__pid2705,20260802T113334.483Z,precision_sweep,compressed,compressed_compressed__N4096__q16__uniform__r16-32__fp32__q8__w4,dense__N4096__fp32,compressed_compressed,4096,16,256,16,uniform,b16_b8,16,32,23.58984375,23.69140625,26.96875,26.8125,17,17,3,3,q8,fp32,Float32,fp32,20260802,random,1,3,3,tlr_tlr_rows,4,compressed_tlr,compressed_tlr,14139392,14057472,28196864,31133440,134217728,0.4420452117919922,193.394455,49.955942,0.99598,0.993687,2.749895,2.745419,2.760994196670616,2.762860941121299,1.4900814848e10,1.7378312192e10,14.256259852095997,17448.454981023715,49979.70957872937,false,0.99598;0.993687;0.997803,,NVIDIA H100 80GB HBM3,1.12.6
precision_sweep__20260802T113334.483Z__pid2705,20260802T113334.483Z,precision_sweep,compressed,compressed_dense__N4096__q16__skewed__r16-32__fp32__q8__w1,dense__N4096__fp32,compressed_dense,4096,16,256,16,skewed,b16_b8,16,32,21.046875,,23.96875,,17,,3,,q8,fp32,Float32,fp32,20260802,random,1,3,3,one_or_more_tile_stripes,1,compressed_tlr,dense,12566528,67108864,79675392,6283264,134217728,0.64044189453125,54.969044,54.728915,2.760521,2.748453,2.749895,2.745419,0.9961507266200837,0.998896106282334,2.2598909952e10,2.5736249344e10,12.190352020860496,9322.968144056864,49979.70957872937,false,2.763767;2.748453;2.760521,,NVIDIA H100 80GB HBM3,1.12.6
precision_sweep__20260802T113334.483Z__pid2705,20260802T113334.483Z,precision_sweep,compressed,dense_compressed__N4096__q16__skewed__r16-32__fp32__q8__w1,dense__N4096__fp32,dense_compressed,4096,16,256,16,skewed,b16_b8,16,32,,21.046875,,23.96875,,17,,3,q8,fp32,Float32,fp32,20260802,random,1,3,3,one_or_more_tile_stripes,1,dense,compressed_tlr,67108864,12566528,79675392,6283264,134217728,0.64044189453125,53.695809,53.164934,2.542154,2.523436,2.749895,2.745419,1.0817184954176655,1.0879685476469387,2.2598909952e10,2.5736249344e10,12.190352020860496,10123.79633334566,49979.70957872937,false,2.523436;2.548945;2.542154,,NVIDIA H100 80GB HBM3,1.12.6
precision_sweep__20260802T113334.483Z__pid2705,20260802T113334.483Z,precision_sweep,compressed,compressed_compressed__N4096__q16__skewed__r16-32__fp32__q8__w4,dense__N4096__fp32,compressed_compressed,4096,16,256,16,skewed,b16_b8,16,32,21.046875,21.0390625,23.96875,24.0,17,17,3,3,q8,fp32,Float32,fp32,20260802,random,1,3,3,tlr_tlr_rows,4,compressed_tlr,compressed_tlr,12566528,12582912,25149440,27633664,134217728,0.3932647705078125,49.47371,49.254141,0.974599,0.971755,2.749895,2.745419,2.821565587487777,2.825217261552552,1.3001616384e10,1.5113715712e10,13.974719177250593,15507.624891878608,49979.70957872937,false,0.971755;0.976912;0.974599,,NVIDIA H100 80GB HBM3,1.12.6
precision_sweep__20260802T113334.483Z__pid2705,20260802T113334.483Z,precision_sweep,compressed,compressed_dense__N4096__q8__uniform__r32-64__fp32__q8__w1,dense__N4096__fp32,compressed_dense,4096,8,512,8,uniform,b16_b8,32,64,47.625,,51.125,,29,,5,,q8,fp32,Float32,fp32,20260802,random,1,3,3,one_or_more_tile_stripes,1,compressed_tlr,dense,13402112,67108864,80510976,6701056,134217728,0.6497802734375,8.432009,8.370997,1.760124,1.755478,2.749895,2.745419,1.5623302676402344,1.5639153552479723,2.5568477184e10,2.7447525376e10,6.845965770171149,15594.08619847238,49979.70957872937,false,1.768497;1.755478;1.760124,,NVIDIA H100 80GB HBM3,1.12.6
precision_sweep__20260802T113334.483Z__pid2705,20260802T113334.483Z,precision_sweep,compressed,dense_compressed__N4096__q8__uniform__r32-64__fp32__q8__w1,dense__N4096__fp32,dense_compressed,4096,8,512,8,uniform,b16_b8,32,64,,47.625,,51.125,,29,,5,q8,fp32,Float32,fp32,20260802,random,1,3,3,one_or_more_tile_stripes,1,dense,compressed_tlr,67108864,13402112,80510976,6701056,134217728,0.6497802734375,8.635013,8.530686,1.577511,1.5703,2.749895,2.745419,1.7431859429189398,1.7483404445010509,2.5568477184e10,2.7447525376e10,6.845965770171149,17399.26084572469,49979.70957872937,false,1.580004;1.5703;1.577511,,NVIDIA H100 80GB HBM3,1.12.6
precision_sweep__20260802T113334.483Z__pid2705,20260802T113334.483Z,precision_sweep,compressed,compressed_compressed__N4096__q8__uniform__r32-64__fp32__q8__w4,dense__N4096__fp32,compressed_compressed,4096,8,512,8,uniform,b16_b8,32,64,47.625,48.109375,51.125,51.875,29,30,5,5,q8,fp32,Float32,fp32,20260802,random,1,3,3,tlr_tlr_rows,4,compressed_tlr,compressed_tlr,13402112,13598720,27000832,30041856,134217728,0.4250011444091797,7.199564,7.077812,0.696503,0.696212,2.749895,2.745419,3.9481452341195946,3.943366388398936,1.49578752e10,1.628700672e10,8.160686262675036,23383.972100622683,49979.70957872937,false,0.696503;0.696212;0.697704,,NVIDIA H100 80GB HBM3,1.12.6
precision_sweep__20260802T113334.483Z__pid2705,20260802T113334.483Z,precision_sweep,compressed,compressed_dense__N4096__q8__skewed__r32-64__fp32__q8__w1,dense__N4096__fp32,compressed_dense,4096,8,512,8,skewed,b16_b8,32,64,42.6875,,45.5,,26,,5,,q8,fp32,Float32,fp32,20260802,random,1,3,3,one_or_more_tile_stripes,1,compressed_tlr,dense,11927552,67108864,79036416,5963776,134217728,0.63330078125,8.624036,8.380342,1.667766,1.667746,2.749895,2.745419,1.648849418923278,1.646185330380046,2.2917677056e10,2.4427626496e10,6.181318681318682,14646.9147926028,49979.70957872937,false,1.667766;1.667746;1.668326,,NVIDIA H100 80GB HBM3,1.12.6
precision_sweep__20260802T113334.483Z__pid2705,20260802T113334.483Z,precision_sweep,compressed,dense_compressed__N4096__q8__skewed__r32-64__fp32__q8__w1,dense__N4096__fp32,dense_compressed,4096,8,512,8,skewed,b16_b8,32,64,,42.6875,,45.5,,26,,5,q8,fp32,Float32,fp32,20260802,random,1,3,3,one_or_more_tile_stripes,1,dense,compressed_tlr,67108864,11927552,79036416,5963776,134217728,0.63330078125,8.691648,8.64633,1.514647,1.50988,2.749895,2.745419,1.8155352369231905,1.818302779028797,2.2917677056e10,2.4427626496e10,6.181318681318682,16127.60365682565,49979.70957872937,false,1.51707;1.50988;1.514647,,NVIDIA H100 80GB HBM3,1.12.6
precision_sweep__20260802T113334.483Z__pid2705,20260802T113334.483Z,precision_sweep,compressed,compressed_compressed__N4096__q8__skewed__r32-64__fp32__q8__w4,dense__N4096__fp32,compressed_compressed,4096,8,512,8,skewed,b16_b8,32,64,42.6875,42.875,45.5,45.75,26,29,5,5,q8,fp32,Float32,fp32,20260802,random,1,3,3,tlr_tlr_rows,4,compressed_tlr,compressed_tlr,11927552,11993088,23920640,26238464,134217728,0.3737144470214844,7.181227,7.131011,0.6548,0.65476,2.749895,2.745419,4.199595296273671,4.193015761500397,1.3102780416e10,1.4095351808e10,7.04183482271548,21526.193964569335,49979.70957872937,false,0.65476;0.656813;0.6548,,NVIDIA H100 80GB HBM3,1.12.6
precision_sweep__20260802T113334.483Z__pid2705,20260802T113334.483Z,precision_sweep,baseline,dense__N4096__tf32,dense__N4096__tf32,dense_dense,4096,,,,,,,,,,,,,,,,,tf32,Float32,tf32,20260802,random,1,3,0,none,0,dense,dense,67108864,67108864,134217728,0,134217728,1.0,,,0.533769,0.506708,0.533769,0.506708,1.0,1.0,1.37438953472e11,1.37438953472e11,0.0,257487.702493026,257487.702493026,false,0.506708;0.533769;0.543403,0.506708;0.533769;0.543403,NVIDIA H100 80GB HBM3,1.12.6
precision_sweep__20260802T113334.483Z__pid2705,20260802T113334.483Z,precision_sweep,compressed,compressed_dense__N4096__q16__uniform__r16-32__tf32__q8__w1,dense__N4096__tf32,compressed_dense,4096,16,256,16,uniform,b16_b8,16,32,23.58984375,,26.96875,,17,,3,,q8,tf32,Float32,tf32,20260802,random,1,3,3,one_or_more_tile_stripes,1,compressed_tlr,dense,14139392,67108864,81248256,7069696,134217728,0.65802001953125,56.046296,55.486839,0.857233,0.853137,0.533769,0.506708,0.6226650163957758,0.5939350889716424,2.5329401856e10,2.8957474816e10,12.528968713789109,33780.1680709912,257487.702493026,false,0.857303;0.857233;0.853137,,NVIDIA H100 80GB HBM3,1.12.6
precision_sweep__20260802T113334.483Z__pid2705,20260802T113334.483Z,precision_sweep,compressed,dense_compressed__N4096__q16__uniform__r16-32__tf32__q8__w1,dense__N4096__tf32,dense_compressed,4096,16,256,16,uniform,b16_b8,16,32,,23.58984375,,26.96875,,17,,3,q8,tf32,Float32,tf32,20260802,random,1,3,3,one_or_more_tile_stripes,1,dense,compressed_tlr,67108864,14139392,81248256,7069696,134217728,0.65802001953125,54.073484,53.689268,0.865815,0.862111,0.533769,0.506708,0.6164931307496405,0.5877526211821913,2.5329401856e10,2.8957474816e10,12.528968713789109,33445.33741734666,257487.702493026,false,0.867779;0.865815;0.862111,,NVIDIA H100 80GB HBM3,1.12.6
precision_sweep__20260802T113334.483Z__pid2705,20260802T113334.483Z,precision_sweep,compressed,compressed_compressed__N4096__q16__uniform__r16-32__tf32__q8__w4,dense__N4096__tf32,compressed_compressed,4096,16,256,16,uniform,b16_b8,16,32,23.58984375,23.69140625,26.96875,26.8125,17,17,3,3,q8,tf32,Float32,tf32,20260802,random,1,3,3,tlr_tlr_rows,4,compressed_tlr,compressed_tlr,14139392,14057472,28196864,31133440,134217728,0.4420452117919922,46.869442,46.829974,0.428531,0.427339,0.533769,0.506708,1.2455784995717931,1.1857284263781214,1.4900814848e10,1.7378312192e10,14.256259852095997,40553.22063514658,257487.702493026,false,0.440749;0.427339;0.428531,,NVIDIA H100 80GB HBM3,1.12.6
precision_sweep__20260802T113334.483Z__pid2705,20260802T113334.483Z,precision_sweep,compressed,compressed_dense__N4096__q16__skewed__r16-32__tf32__q8__w1,dense__N4096__tf32,compressed_dense,4096,16,256,16,skewed,b16_b8,16,32,21.046875,,23.96875,,17,,3,,q8,tf32,Float32,tf32,20260802,random,1,3,3,one_or_more_tile_stripes,1,compressed_tlr,dense,12566528,67108864,79675392,6283264,134217728,0.64044189453125,55.197757,54.788143,0.850512,0.837113,0.533769,0.506708,0.6275855014391332,0.605304182350531,2.2598909952e10,2.5736249344e10,12.190352020860496,30259.713377353877,257487.702493026,false,0.837113;0.850512;0.882922,,NVIDIA H100 80GB HBM3,1.12.6
precision_sweep__20260802T113334.483Z__pid2705,20260802T113334.483Z,precision_sweep,compressed,dense_compressed__N4096__q16__skewed__r16-32__tf32__q8__w1,dense__N4096__tf32,dense_compressed,4096,16,256,16,skewed,b16_b8,16,32,,21.046875,,23.96875,,17,,3,q8,tf32,Float32,tf32,20260802,random,1,3,3,one_or_more_tile_stripes,1,dense,compressed_tlr,67108864,12566528,79675392,6283264,134217728,0.64044189453125,53.591542,53.457452,0.843772,0.839357,0.533769,0.506708,0.6325986166879205,0.6036859167195842,2.2598909952e10,2.5736249344e10,12.190352020860496,30501.426148295985,257487.702493026,false,0.839357;0.843772;0.844494,,NVIDIA H100 80GB HBM3,1.12.6
precision_sweep__20260802T113334.483Z__pid2705,20260802T113334.483Z,precision_sweep,compressed,compressed_compressed__N4096__q16__skewed__r16-32__tf32__q8__w4,dense__N4096__tf32,compressed_compressed,4096,16,256,16,skewed,b16_b8,16,32,21.046875,21.0390625,23.96875,24.0,17,17,3,3,q8,tf32,Float32,tf32,20260802,random,1,3,3,tlr_tlr_rows,4,compressed_tlr,compressed_tlr,12566528,12582912,25149440,27633664,134217728,0.3932647705078125,47.028921,46.892897,0.413599,0.411816,0.533769,0.506708,1.2905471241468187,1.230423295840861,1.3001616384e10,1.5113715712e10,13.974719177250593,36541.95419234573,257487.702493026,false,0.413669;0.411816;0.413599,,NVIDIA H100 80GB HBM3,1.12.6
precision_sweep__20260802T113334.483Z__pid2705,20260802T113334.483Z,precision_sweep,compressed,compressed_dense__N4096__q8__uniform__r32-64__tf32__q8__w1,dense__N4096__tf32,compressed_dense,4096,8,512,8,uniform,b16_b8,32,64,47.625,,51.125,,29,,5,,q8,tf32,Float32,tf32,20260802,random,1,3,3,one_or_more_tile_stripes,1,compressed_tlr,dense,13402112,67108864,80510976,6701056,134217728,0.6497802734375,8.527892,8.524126,0.558575,0.474339,0.533769,0.506708,0.9555905652777156,1.0682402248181153,2.5568477184e10,2.7447525376e10,6.845965770171149,49138.47804860583,257487.702493026,false,0.617144;0.558575;0.474339,,NVIDIA H100 80GB HBM3,1.12.6
precision_sweep__20260802T113334.483Z__pid2705,20260802T113334.483Z,precision_sweep,compressed,dense_compressed__N4096__q8__uniform__r32-64__tf32__q8__w1,dense__N4096__tf32,dense_compressed,4096,8,512,8,uniform,b16_b8,32,64,,47.625,,51.125,,29,,5,q8,tf32,Float32,tf32,20260802,random,1,3,3,one_or_more_tile_stripes,1,dense,compressed_tlr,67108864,13402112,80510976,6701056,134217728,0.6497802734375,8.451979,8.303847,0.652847,0.649271,0.533769,0.506708,0.8176019802495839,0.7804260470589323,2.5568477184e10,2.7447525376e10,6.845965770171149,42042.81458902315,257487.702493026,false,0.652847;0.691645;0.649271,,NVIDIA H100 80GB HBM3,1.12.6
precision_sweep__20260802T113334.483Z__pid2705,20260802T113334.483Z,precision_sweep,compressed,compressed_compressed__N4096__q8__uniform__r32-64__tf32__q8__w4,dense__N4096__tf32,compressed_compressed,4096,8,512,8,uniform,b16_b8,32,64,47.625,48.109375,51.125,51.875,29,30,5,5,q8,tf32,Float32,tf32,20260802,random,1,3,3,tlr_tlr_rows,4,compressed_tlr,compressed_tlr,13402112,13598720,27000832,30041856,134217728,0.4250011444091797,7.210561,7.187026,0.24082,0.239769,0.533769,0.506708,2.2164645793538744,2.1133174013321154,1.49578752e10,1.628700672e10,8.160686262675036,67631.45386595797,257487.702493026,false,0.24082;0.244446;0.239769,,NVIDIA H100 80GB HBM3,1.12.6
precision_sweep__20260802T113334.483Z__pid2705,20260802T113334.483Z,precision_sweep,compressed,compressed_dense__N4096__q8__skewed__r32-64__tf32__q8__w1,dense__N4096__tf32,compressed_dense,4096,8,512,8,skewed,b16_b8,32,64,42.6875,,45.5,,26,,5,,q8,tf32,Float32,tf32,20260802,random,1,3,3,one_or_more_tile_stripes,1,compressed_tlr,dense,11927552,67108864,79036416,5963776,134217728,0.63330078125,8.569105,8.545058,0.459127,0.458045,0.533769,0.506708,1.1625737541028953,1.1062406532109292,2.2917677056e10,2.4427626496e10,6.181318681318682,53204.50876554853,257487.702493026,false,0.46091;0.459127;0.458045,,NVIDIA H100 80GB HBM3,1.12.6
precision_sweep__20260802T113334.483Z__pid2705,20260802T113334.483Z,precision_sweep,compressed,dense_compressed__N4096__q8__skewed__r32-64__tf32__q8__w1,dense__N4096__tf32,dense_compressed,4096,8,512,8,skewed,b16_b8,32,64,,42.6875,,45.5,,26,,5,q8,tf32,Float32,tf32,20260802,random,1,3,3,one_or_more_tile_stripes,1,dense,compressed_tlr,67108864,11927552,79036416,5963776,134217728,0.63330078125,17.640049,8.931347,0.474881,0.47447,0.533769,0.506708,1.1240058035592075,1.0679452863194723,2.2917677056e10,2.4427626496e10,6.181318681318682,51439.46903750624,257487.702493026,false,0.474881;0.474941;0.47447,,NVIDIA H100 80GB HBM3,1.12.6
precision_sweep__20260802T113334.483Z__pid2705,20260802T113334.483Z,precision_sweep,compressed,compressed_compressed__N4096__q8__skewed__r32-64__tf32__q8__w4,dense__N4096__tf32,compressed_compressed,4096,8,512,8,skewed,b16_b8,32,64,42.6875,42.875,45.5,45.75,26,29,5,5,q8,tf32,Float32,tf32,20260802,random,1,3,3,tlr_tlr_rows,4,compressed_tlr,compressed_tlr,11927552,11993088,23920640,26238464,134217728,0.3737144470214844,14.276386,14.093401,0.239819,0.236053,0.533769,0.506708,2.2257160608625672,2.1465857243924034,1.3102780416e10,1.4095351808e10,7.04183482271548,58774.958647980355,257487.702493026,false,0.244165;0.239819;0.236053,,NVIDIA H100 80GB HBM3,1.12.6
precision_sweep__20260802T113334.483Z__pid2705,20260802T113334.483Z,precision_sweep,baseline,dense__N8192__bf16,dense__N8192__bf16,dense_dense,8192,,,,,,,,,,,,,,,,,bf16,Core.BFloat16,fp32_accumulate,20260802,random,1,3,0,none,0,dense,dense,134217728,134217728,268435456,0,268435456,1.0,,,1.398053,1.372274,1.398053,1.372274,1.0,1.0,1.099511627776e12,1.099511627776e12,0.0,786459.1884399232,786459.1884399232,false,1.407526;1.398053;1.372274,1.407526;1.398053;1.372274,NVIDIA H100 80GB HBM3,1.12.6
precision_sweep__20260802T113334.483Z__pid2705,20260802T113334.483Z,precision_sweep,compressed,compressed_dense__N8192__q16__uniform__r32-64__bf16__q8__w1,dense__N8192__bf16,compressed_dense,8192,16,512,16,uniform,b16_b8,32,64,47.20703125,,50.75,,33,,5,,q8,bf16,Core.BFloat16,fp32_accumulate,20260802,random,1,3,3,one_or_more_tile_stripes,1,compressed_tlr,dense,26607616,134217728,160825344,13303808,268435456,0.648681640625,107.476994,58.779296,1.685722,1.672684,1.398053,1.372274,0.8293496792472306,0.8204024191060595,2.0275265536e11,2.17969590272e11,6.98121921182266,129303.40250171737,786459.1884399232,false,1.672684;1.685722;1.687125,,NVIDIA H100 80GB HBM3,1.12.6
precision_sweep__20260802T113334.483Z__pid2705,20260802T113334.483Z,precision_sweep,compressed,dense_compressed__N8192__q16__uniform__r32-64__bf16__q8__w1,dense__N8192__bf16,dense_compressed,8192,16,512,16,uniform,b16_b8,32,64,,47.20703125,,50.75,,33,,5,q8,bf16,Core.BFloat16,fp32_accumulate,20260802,random,1,3,3,one_or_more_tile_stripes,1,dense,compressed_tlr,134217728,26607616,160825344,13303808,268435456,0.648681640625,55.752185,55.328422,1.178043,1.170712,1.398053,1.372274,1.1867588874090336,1.172170439869071,2.0275265536e11,2.17969590272e11,6.98121921182266,185026.85408936685,786459.1884399232,false,1.170712;1.178043;1.178083,,NVIDIA H100 80GB HBM3,1.12.6
precision_sweep__20260802T113334.483Z__pid2705,20260802T113334.483Z,precision_sweep,compressed,compressed_compressed__N8192__q16__uniform__r32-64__bf16__q8__w4,dense__N8192__bf16,compressed_compressed,8192,16,512,16,uniform,b16_b8,32,64,47.20703125,47.38671875,50.75,50.75,33,33,5,5,q8,bf16,Core.BFloat16,fp32_accumulate,20260802,random,1,3,3,tlr_tlr_rows,4,compressed_tlr,compressed_tlr,26607616,26607616,53215232,58652800,268435456,0.41674089431762695,49.668151,49.46065,1.189329,1.183612,1.398053,1.372274,1.1754972761952327,1.1593951396234576,1.19333400576e11,1.297154048e11,8.003678699540242,109066.04043120112,786459.1884399232,false,1.189329;1.183612;1.211393,,NVIDIA H100 80GB HBM3,1.12.6
precision_sweep__20260802T113334.483Z__pid2705,20260802T113334.483Z,precision_sweep,compressed,compressed_dense__N8192__q16__skewed__r32-64__bf16__q8__w1,dense__N8192__bf16,compressed_dense,8192,16,512,16,skewed,b16_b8,32,64,42.1484375,,45.21875,,33,,5,,q8,bf16,Core.BFloat16,fp32_accumulate,20260802,random,1,3,3,one_or_more_tile_stripes,1,compressed_tlr,dense,23707648,134217728,157925376,11853824,268435456,0.632476806640625,57.61214,57.242677,1.620055,1.617261,1.398053,1.372274,0.8629663807710232,0.8485173388834578,1.8102616064e11,1.94213052416e11,6.789910158949551,119880.53023878818,786459.1884399232,false,1.620055;1.617261;1.622147,,NVIDIA H100 80GB HBM3,1.12.6
precision_sweep__20260802T113334.483Z__pid2705,20260802T113334.483Z,precision_sweep,compressed,dense_compressed__N8192__q16__skewed__r32-64__bf16__q8__w1,dense__N8192__bf16,dense_compressed,8192,16,512,16,skewed,b16_b8,32,64,,42.1484375,,45.21875,,33,,5,q8,bf16,Core.BFloat16,fp32_accumulate,20260802,random,1,3,3,one_or_more_tile_stripes,1,dense,compressed_tlr,134217728,23707648,157925376,11853824,268435456,0.632476806640625,55.622852,55.48773,1.143481,1.140137,1.398053,1.372274,1.222628972409686,1.2036044791108438,1.8102616064e11,1.94213052416e11,6.789910158949551,169843.70743020653,786459.1884399232,false,1.148218;1.140137;1.143481,,NVIDIA H100 80GB HBM3,1.12.6
precision_sweep__20260802T113334.483Z__pid2705,20260802T113334.483Z,precision_sweep,compressed,compressed_compressed__N8192__q16__skewed__r32-64__bf16__q8__w4,dense__N8192__bf16,compressed_compressed,8192,16,512,16,skewed,b16_b8,32,64,42.1484375,42.171875,45.21875,45.25,33,32,5,5,q8,bf16,Core.BFloat16,fp32_accumulate,20260802,random,1,3,3,tlr_tlr_rows,4,compressed_tlr,compressed_tlr,23707648,23724032,47431680,51832320,268435456,0.36978721618652344,49.924735,49.883563,1.066075,1.064693,1.398053,1.372274,1.3114021058555916,1.2888917274744929,1.04248549376e11,1.13068998656e11,7.800944011926069,106061.0169603452,786459.1884399232,false,1.06928;1.064693;1.066075,,NVIDIA H100 80GB HBM3,1.12.6
precision_sweep__20260802T113334.483Z__pid2705,20260802T113334.483Z,precision_sweep,compressed,compressed_dense__N8192__q8__uniform__r64-128__bf16__q8__w1,dense__N8192__bf16,compressed_dense,8192,8,1024,8,uniform,b16_b8,64,128,95.140625,,98.875,,42,,9,,q8,bf16,Core.BFloat16,fp32_accumulate,20260802,random,1,3,3,one_or_more_tile_stripes,1,compressed_tlr,dense,25919488,134217728,160137216,12959744,268435456,0.64483642578125,8.906799,8.806599,1.03582,1.028759,1.398053,1.372274,1.3497065127145644,1.3339120240989386,2.04312936448e11,2.12332445696e11,3.776864728192162,204989.71413566064,786459.1884399232,false,1.036931;1.03582;1.028759,,NVIDIA H100 80GB HBM3,1.12.6
precision_sweep__20260802T113334.483Z__pid2705,20260802T113334.483Z,precision_sweep,compressed,dense_compressed__N8192__q8__uniform__r64-128__bf16__q8__w1,dense__N8192__bf16,dense_compressed,8192,8,1024,8,uniform,b16_b8,64,128,,95.140625,,98.875,,42,,9,q8,bf16,Core.BFloat16,fp32_accumulate,20260802,random,1,3,3,one_or_more_tile_stripes,1,dense,compressed_tlr,134217728,25919488,160137216,12959744,268435456,0.64483642578125,9.106178,8.926139,0.976772,0.973406,1.398053,1.372274,1.4312992182413091,1.4097652983441646,2.04312936448e11,2.12332445696e11,3.776864728192162,217381.78991207774,786459.1884399232,false,0.997233;0.973406;0.976772,,NVIDIA H100 80GB HBM3,1.12.6
precision_sweep__20260802T113334.483Z__pid2705,20260802T113334.483Z,precision_sweep,compressed,compressed_compressed__N8192__q8__uniform__r64-128__bf16__q8__w4,dense__N8192__bf16,compressed_compressed,8192,8,1024,8,uniform,b16_b8,64,128,95.140625,96.171875,98.875,99.875,42,46,9,9,q8,bf16,Core.BFloat16,fp32_accumulate,20260802,random,1,3,3,tlr_tlr_rows,4,compressed_tlr,compressed_tlr,25919488,26181632,52101120,57647744,268435456,0.408846378326416,7.623519,7.523599,0.722311,0.716753,1.398053,1.372274,1.9355277712785766,1.9145702912997924,1.1957112832e11,1.25060513792e11,4.389383431712041,173139.42857301078,786459.1884399232,false,0.727549;0.722311;0.716753,,NVIDIA H100 80GB HBM3,1.12.6
precision_sweep__20260802T113334.483Z__pid2705,20260802T113334.483Z,precision_sweep,compressed,compressed_dense__N8192__q8__skewed__r64-128__bf16__q8__w1,dense__N8192__bf16,compressed_dense,8192,8,1024,8,skewed,b16_b8,64,128,85.375,,88.125,,32,,9,,q8,bf16,Core.BFloat16,fp32_accumulate,20260802,random,1,3,3,one_or_more_tile_stripes,1,compressed_tlr,dense,23101440,134217728,157319168,11550720,268435456,0.62908935546875,9.015251,8.845859,0.984984,0.98184,1.398053,1.372274,1.4193662029027883,1.3976554224720932,1.83341416448e11,1.8924699648e11,3.120567375886525,192132.05136327088,786459.1884399232,false,0.98184;0.984984;1.008229,,NVIDIA H100 80GB HBM3,1.12.6
precision_sweep__20260802T113334.483Z__pid2705,20260802T113334.483Z,precision_sweep,compressed,dense_compressed__N8192__q8__skewed__r64-128__bf16__q8__w1,dense__N8192__bf16,dense_compressed,8192,8,1024,8,skewed,b16_b8,64,128,,85.375,,88.125,,32,,9,q8,bf16,Core.BFloat16,fp32_accumulate,20260802,random,1,3,3,one_or_more_tile_stripes,1,dense,compressed_tlr,134217728,23101440,157319168,11550720,268435456,0.62908935546875,12.072447,11.513761,0.936171,0.931544,1.398053,1.372274,1.4933735396631598,1.4731177485980265,1.83341416448e11,1.8924699648e11,3.120567375886525,202150.0307956559,786459.1884399232,false,0.943862;0.931544;0.936171,,NVIDIA H100 80GB HBM3,1.12.6
precision_sweep__20260802T113334.483Z__pid2705,20260802T113334.483Z,precision_sweep,compressed,compressed_compressed__N8192__q8__skewed__r64-128__bf16__q8__w4,dense__N8192__bf16,compressed_compressed,8192,8,1024,8,skewed,b16_b8,64,128,85.375,86.015625,88.125,89.25,32,38,9,9,q8,bf16,Core.BFloat16,fp32_accumulate,20260802,random,1,3,3,tlr_tlr_rows,4,compressed_tlr,compressed_tlr,23101440,23396352,46497792,51036672,268435456,0.3633441925048828,7.522959,7.490941,0.670683,0.670394,1.398053,1.372274,2.0845213014195973,2.0469664107972325,1.04963067904e11,1.0924720128e11,3.9215040072466376,162889.47428218697,786459.1884399232,false,0.670683;0.670394;0.702942,,NVIDIA H100 80GB HBM3,1.12.6
precision_sweep__20260802T113334.483Z__pid2705,20260802T113334.483Z,precision_sweep,baseline,dense__N8192__fp16,dense__N8192__fp16,dense_dense,8192,,,,,,,,,,,,,,,,,fp16,Float16,fp32_accumulate,20260802,random,1,3,0,none,0,dense,dense,134217728,134217728,268435456,0,268435456,1.0,,,1.416139,1.413606,1.416139,1.413606,1.0,1.0,1.099511627776e12,1.099511627776e12,0.0,776415.0466698537,776415.0466698537,false,1.453926;1.413606;1.416139,1.453926;1.413606;1.416139,NVIDIA H100 80GB HBM3,1.12.6
precision_sweep__20260802T113334.483Z__pid2705,20260802T113334.483Z,precision_sweep,compressed,compressed_dense__N8192__q16__uniform__r32-64__fp16__q8__w1,dense__N8192__fp16,compressed_dense,8192,16,512,16,uniform,b16_b8,32,64,47.20703125,,50.75,,33,,5,,q8,fp16,Float16,fp32_accumulate,20260802,random,1,3,3,one_or_more_tile_stripes,1,compressed_tlr,dense,26607616,134217728,160825344,13303808,268435456,0.648681640625,55.802491,55.749732,1.651081,1.647125,1.416139,1.413606,0.8577041344428287,0.8582263034074523,2.0275265536e11,2.17969590272e11,6.98121921182266,132016.29130975404,776415.0466698537,false,1.651081;1.665642;1.647125,,NVIDIA H100 80GB HBM3,1.12.6
precision_sweep__20260802T113334.483Z__pid2705,20260802T113334.483Z,precision_sweep,compressed,dense_compressed__N8192__q16__uniform__r32-64__fp16__q8__w1,dense__N8192__fp16,dense_compressed,8192,16,512,16,uniform,b16_b8,32,64,,47.20703125,,50.75,,33,,5,q8,fp16,Float16,fp32_accumulate,20260802,random,1,3,3,one_or_more_tile_stripes,1,dense,compressed_tlr,134217728,26607616,160825344,13303808,268435456,0.648681640625,54.841914,53.582038,1.157182,1.155098,1.416139,1.413606,1.2237824300758222,1.2237974613409426,2.0275265536e11,2.17969590272e11,6.98121921182266,188362.4099510708,776415.0466698537,false,1.155098;1.157182;1.159986,,NVIDIA H100 80GB HBM3,1.12.6
precision_sweep__20260802T113334.483Z__pid2705,20260802T113334.483Z,precision_sweep,compressed,compressed_compressed__N8192__q16__uniform__r32-64__fp16__q8__w4,dense__N8192__fp16,compressed_compressed,8192,16,512,16,uniform,b16_b8,32,64,47.20703125,47.38671875,50.75,50.75,33,33,5,5,q8,fp16,Float16,fp32_accumulate,20260802,random,1,3,3,tlr_tlr_rows,4,compressed_tlr,compressed_tlr,26607616,26607616,53215232,58652800,268435456,0.41674089431762695,47.88391,47.368489,1.033537,1.032264,1.416139,1.413606,1.3701870373290943,1.3694229383181045,1.19333400576e11,1.297154048e11,8.003678699540242,125506.30001635163,776415.0466698537,false,1.033537;1.032264;1.034438,,NVIDIA H100 80GB HBM3,1.12.6
precision_sweep__20260802T113334.483Z__pid2705,20260802T113334.483Z,precision_sweep,compressed,compressed_dense__N8192__q16__skewed__r32-64__fp16__q8__w1,dense__N8192__fp16,compressed_dense,8192,16,512,16,skewed,b16_b8,32,64,42.1484375,,45.21875,,33,,5,,q8,fp16,Float16,fp32_accumulate,20260802,random,1,3,3,one_or_more_tile_stripes,1,compressed_tlr,dense,23707648,134217728,157925376,11853824,268435456,0.632476806640625,56.060146,55.815852,1.591742,1.59034,1.416139,1.413606,0.8896787293418155,0.8888703044631965,1.8102616064e11,1.94213052416e11,6.789910158949551,122012.89682373148,776415.0466698537,false,1.591742;1.595868;1.59034,,NVIDIA H100 80GB HBM3,1.12.6
precision_sweep__20260802T113334.483Z__pid2705,20260802T113334.483Z,precision_sweep,compressed,dense_compressed__N8192__q16__skewed__r32-64__fp16__q8__w1,dense__N8192__fp16,dense_compressed,8192,16,512,16,skewed,b16_b8,32,64,,42.1484375,,45.21875,,33,,5,q8,fp16,Float16,fp32_accumulate,20260802,random,1,3,3,one_or_more_tile_stripes,1,dense,compressed_tlr,134217728,23707648,157925376,11853824,268435456,0.632476806640625,54.079213,53.920604,1.118444,1.113797,1.416139,1.413606,1.2661688917817968,1.2691774174288493,1.8102616064e11,1.94213052416e11,6.789910158949551,173645.75465199866,776415.0466698537,false,1.126486;1.118444;1.113797,,NVIDIA H100 80GB HBM3,1.12.6
precision_sweep__20260802T113334.483Z__pid2705,20260802T113334.483Z,precision_sweep,compressed,compressed_compressed__N8192__q16__skewed__r32-64__fp16__q8__w4,dense__N8192__fp16,compressed_compressed,8192,16,512,16,skewed,b16_b8,32,64,42.1484375,42.171875,45.21875,45.25,33,32,5,5,q8,fp16,Float16,fp32_accumulate,20260802,random,1,3,3,tlr_tlr_rows,4,compressed_tlr,compressed_tlr,23707648,23724032,47431680,51832320,268435456,0.36978721618652344,48.04363,47.805574,0.938384,0.925626,1.416139,1.413606,1.5091252621528075,1.527189167115012,1.04248549376e11,1.13068998656e11,7.800944011926069,120493.31473682416,776415.0466698537,false,0.939415;0.925626;0.938384,,NVIDIA H100 80GB HBM3,1.12.6
precision_sweep__20260802T113334.483Z__pid2705,20260802T113334.483Z,precision_sweep,compressed,compressed_dense__N8192__q8__uniform__r64-128__fp16__q8__w1,dense__N8192__fp16,compressed_dense,8192,8,1024,8,uniform,b16_b8,64,128,95.140625,,98.875,,42,,9,,q8,fp16,Float16,fp32_accumulate,20260802,random,1,3,3,one_or_more_tile_stripes,1,compressed_tlr,dense,25919488,134217728,160137216,12959744,268435456,0.64483642578125,8.553721,8.538298,1.023152,1.017262,1.416139,1.413606,1.384094445400097,1.3896184070573754,2.04312936448e11,2.12332445696e11,3.776864728192162,207527.76292867528,776415.0466698537,false,1.023152;1.046185;1.017262,,NVIDIA H100 80GB HBM3,1.12.6
precision_sweep__20260802T113334.483Z__pid2705,20260802T113334.483Z,precision_sweep,compressed,dense_compressed__N8192__q8__uniform__r64-128__fp16__q8__w1,dense__N8192__fp16,dense_compressed,8192,8,1024,8,uniform,b16_b8,64,128,,95.140625,,98.875,,42,,9,q8,fp16,Float16,fp32_accumulate,20260802,random,1,3,3,one_or_more_tile_stripes,1,dense,compressed_tlr,134217728,25919488,160137216,12959744,268435456,0.64483642578125,8.758588,8.443757,0.950994,0.941669,1.416139,1.413606,1.489114547515547,1.5011707935590957,2.04312936448e11,2.12332445696e11,3.776864728192162,223274.22223063448,776415.0466698537,false,0.950994;0.941669;0.952746,,NVIDIA H100 80GB HBM3,1.12.6
precision_sweep__20260802T113334.483Z__pid2705,20260802T113334.483Z,precision_sweep,compressed,compressed_compressed__N8192__q8__uniform__r64-128__fp16__q8__w4,dense__N8192__fp16,compressed_compressed,8192,8,1024,8,uniform,b16_b8,64,128,95.140625,96.171875,98.875,99.875,42,46,9,9,q8,fp16,Float16,fp32_accumulate,20260802,random,1,3,3,tlr_tlr_rows,4,compressed_tlr,compressed_tlr,25919488,26181632,52101120,57647744,268435456,0.408846378326416,7.200876,7.170041,0.659147,0.654239,1.416139,1.413606,2.14844184984533,2.1606874551960367,1.1957112832e11,1.25060513792e11,4.389383431712041,189730.83969433222,776415.0466698537,false,0.659147;0.654239;2.043348,,NVIDIA H100 80GB HBM3,1.12.6
precision_sweep__20260802T113334.483Z__pid2705,20260802T113334.483Z,precision_sweep,compressed,compressed_dense__N8192__q8__skewed__r64-128__fp16__q8__w1,dense__N8192__fp16,compressed_dense,8192,8,1024,8,skewed,b16_b8,64,128,85.375,,88.125,,32,,9,,q8,fp16,Float16,fp32_accumulate,20260802,random,1,3,3,one_or_more_tile_stripes,1,compressed_tlr,dense,23101440,134217728,157319168,11550720,268435456,0.62908935546875,8.577116,8.510907,0.96869,0.968209,1.416139,1.413606,1.4619114474186787,1.4600215449350296,1.83341416448e11,1.8924699648e11,3.120567375886525,195363.83825578875,776415.0466698537,false,0.968209;0.973427;0.96869,,NVIDIA H100 80GB HBM3,1.12.6
precision_sweep__20260802T113334.483Z__pid2705,20260802T113334.483Z,precision_sweep,compressed,dense_compressed__N8192__q8__skewed__r64-128__fp16__q8__w1,dense__N8192__fp16,dense_compressed,8192,8,1024,8,skewed,b16_b8,64,128,,85.375,,88.125,,32,,9,q8,fp16,Float16,fp32_accumulate,20260802,random,1,3,3,one_or_more_tile_stripes,1,dense,compressed_tlr,134217728,23101440,157319168,11550720,268435456,0.62908935546875,8.589535,8.342815,0.918514,0.918504,1.416139,1.413606,1.5417718183936227,1.539030858874866,1.83341416448e11,1.8924699648e11,3.120567375886525,206036.05005476237,776415.0466698537,false,0.918504;0.919266;0.918514,,NVIDIA H100 80GB HBM3,1.12.6
precision_sweep__20260802T113334.483Z__pid2705,20260802T113334.483Z,precision_sweep,compressed,compressed_compressed__N8192__q8__skewed__r64-128__fp16__q8__w4,dense__N8192__fp16,compressed_compressed,8192,8,1024,8,skewed,b16_b8,64,128,85.375,86.015625,88.125,89.25,32,38,9,9,q8,fp16,Float16,fp32_accumulate,20260802,random,1,3,3,tlr_tlr_rows,4,compressed_tlr,compressed_tlr,23101440,23396352,46497792,51036672,268435456,0.3633441925048828,7.310571,7.188848,0.612066,0.604094,1.416139,1.413606,2.3137030973783874,2.3400431058742512,1.04963067904e11,1.0924720128e11,3.9215040072466376,178489.24998284498,776415.0466698537,false,0.612066;0.612076;0.604094,,NVIDIA H100 80GB HBM3,1.12.6
precision_sweep__20260802T113334.483Z__pid2705,20260802T113334.483Z,precision_sweep,baseline,dense__N8192__fp32,dense__N8192__fp32,dense_dense,8192,,,,,,,,,,,,,,,,,fp32,Float32,fp32,20260802,random,1,3,0,none,0,dense,dense,268435456,268435456,536870912,0,536870912,1.0,,,21.310832,21.300157,21.310832,21.300157,1.0,1.0,1.099511627776e12,1.099511627776e12,0.0,51594.02635129403,51594.02635129403,false,21.300157;21.359015;21.310832,21.300157;21.359015;21.310832,NVIDIA H100 80GB HBM3,1.12.6
precision_sweep__20260802T113334.483Z__pid2705,20260802T113334.483Z,precision_sweep,compressed,compressed_dense__N8192__q16__uniform__r32-64__fp32__q8__w1,dense__N8192__fp32,compressed_dense,8192,16,512,16,uniform,b16_b8,32,64,47.20703125,,50.75,,33,,5,,q8,fp32,Float32,fp32,20260802,random,1,3,3,one_or_more_tile_stripes,1,compressed_tlr,dense,53215232,268435456,321650688,26607616,536870912,0.648681640625,55.314541,55.09999,9.390533,9.350434,21.310832,21.300157,2.269395358069665,2.277985920225735,2.0275265536e11,2.17969590272e11,6.98121921182266,23211.631360222043,51594.02635129403,false,9.350434;9.390533;9.411915,,NVIDIA H100 80GB HBM3,1.12.6
precision_sweep__20260802T113334.483Z__pid2705,20260802T113334.483Z,precision_sweep,compressed,dense_compressed__N8192__q16__uniform__r32-64__fp32__q8__w1,dense__N8192__fp32,dense_compressed,8192,16,512,16,uniform,b16_b8,32,64,,47.20703125,,50.75,,33,,5,q8,fp32,Float32,fp32,20260802,random,1,3,3,one_or_more_tile_stripes,1,dense,compressed_tlr,268435456,53215232,321650688,26607616,536870912,0.648681640625,53.58317,53.400367,8.509105,8.482965,21.310832,21.300157,2.504473972292033,2.510933028722858,2.0275265536e11,2.17969590272e11,6.98121921182266,25616.04190711009,51594.02635129403,false,8.482965;8.509105;8.521803,,NVIDIA H100 80GB HBM3,1.12.6
precision_sweep__20260802T113334.483Z__pid2705,20260802T113334.483Z,precision_sweep,compressed,compressed_compressed__N8192__q16__uniform__r32-64__fp32__q8__w4,dense__N8192__fp32,compressed_compressed,8192,16,512,16,uniform,b16_b8,32,64,47.20703125,47.38671875,50.75,50.75,33,33,5,5,q8,fp32,Float32,fp32,20260802,random,1,3,3,tlr_tlr_rows,4,compressed_tlr,compressed_tlr,53215232,53215232,106430464,117305600,536870912,0.41674089431762695,47.265825,47.231444,4.057292,4.050792,21.310832,21.300157,5.252476775149533,5.2582697408309285,1.19333400576e11,1.297154048e11,8.003678699540242,31970.93154744593,51594.02635129403,false,4.057292;4.068169;4.050792,,NVIDIA H100 80GB HBM3,1.12.6
precision_sweep__20260802T113334.483Z__pid2705,20260802T113334.483Z,precision_sweep,compressed,compressed_dense__N8192__q16__skewed__r32-64__fp32__q8__w1,dense__N8192__fp32,compressed_dense,8192,16,512,16,skewed,b16_b8,32,64,42.1484375,,45.21875,,33,,5,,q8,fp32,Float32,fp32,20260802,random,1,3,3,one_or_more_tile_stripes,1,compressed_tlr,dense,47415296,268435456,315850752,23707648,536870912,0.632476806640625,193.279792,162.52062,9.816571,9.800016,21.310832,21.300157,2.17090387264555,2.173481859621454,1.8102616064e11,1.94213052416e11,6.789910158949551,19784.204934289173,51594.02635129403,false,9.800016;9.816571;9.853326,,NVIDIA H100 80GB HBM3,1.12.6
precision_sweep__20260802T113334.483Z__pid2705,20260802T113334.483Z,precision_sweep,compressed,dense_compressed__N8192__q16__skewed__r32-64__fp32__q8__w1,dense__N8192__fp32,dense_compressed,8192,16,512,16,skewed,b16_b8,32,64,,42.1484375,,45.21875,,33,,5,q8,fp32,Float32,fp32,20260802,random,1,3,3,one_or_more_tile_stripes,1,dense,compressed_tlr,268435456,47415296,315850752,23707648,536870912,0.632476806640625,55.10083,53.960365,8.331047,8.320943,21.310832,21.300157,2.558001653333609,2.5598248900395064,1.8102616064e11,1.94213052416e11,6.789910158949551,23311.96215985818,51594.02635129403,false,8.331047;8.320943;8.353312,,NVIDIA H100 80GB HBM3,1.12.6
precision_sweep__20260802T113334.483Z__pid2705,20260802T113334.483Z,precision_sweep,compressed,compressed_compressed__N8192__q16__skewed__r32-64__fp32__q8__w4,dense__N8192__fp32,compressed_compressed,8192,16,512,16,skewed,b16_b8,32,64,42.1484375,42.171875,45.21875,45.25,33,32,5,5,q8,fp32,Float32,fp32,20260802,random,1,3,3,tlr_tlr_rows,4,compressed_tlr,compressed_tlr,47415296,47448064,94863360,103664640,536870912,0.36978721618652344,47.274458,46.810954,3.679917,3.663913,21.310832,21.300157,5.791117571401746,5.813499665521533,1.04248549376e11,1.13068998656e11,7.800944011926069,30725.964378000917,51594.02635129403,false,3.679917;3.681309;3.663913,,NVIDIA H100 80GB HBM3,1.12.6
precision_sweep__20260802T113334.483Z__pid2705,20260802T113334.483Z,precision_sweep,compressed,compressed_dense__N8192__q8__uniform__r64-128__fp32__q8__w1,dense__N8192__fp32,compressed_dense,8192,8,1024,8,uniform,b16_b8,64,128,95.140625,,98.875,,42,,9,,q8,fp32,Float32,fp32,20260802,random,1,3,3,one_or_more_tile_stripes,1,compressed_tlr,dense,51838976,268435456,320274432,25919488,536870912,0.64483642578125,8.596194,8.367603,6.173899,6.16096,21.310832,21.300157,3.4517623304171323,3.4572788980938034,2.04312936448e11,2.12332445696e11,3.776864728192162,34391.95323668236,51594.02635129403,false,6.16096;6.179428;6.173899,,NVIDIA H100 80GB HBM3,1.12.6
precision_sweep__20260802T113334.483Z__pid2705,20260802T113334.483Z,precision_sweep,compressed,dense_compressed__N8192__q8__uniform__r64-128__fp32__q8__w1,dense__N8192__fp32,dense_compressed,8192,8,1024,8,uniform,b16_b8,64,128,,95.140625,,98.875,,42,,9,q8,fp32,Float32,fp32,20260802,random,1,3,3,one_or_more_tile_stripes,1,dense,compressed_tlr,268435456,51838976,320274432,25919488,536870912,0.64483642578125,8.616615,8.336026,5.293662,5.278519,21.310832,21.300157,4.02572585858334,4.035252501696025,2.04312936448e11,2.12332445696e11,3.776864728192162,40110.69193613042,51594.02635129403,false,5.293662;5.327322;5.278519,,NVIDIA H100 80GB HBM3,1.12.6
precision_sweep__20260802T113334.483Z__pid2705,20260802T113334.483Z,precision_sweep,compressed,compressed_compressed__N8192__q8__uniform__r64-128__fp32__q8__w4,dense__N8192__fp32,compressed_compressed,8192,8,1024,8,uniform,b16_b8,64,128,95.140625,96.171875,98.875,99.875,42,46,9,9,q8,fp32,Float32,fp32,20260802,random,1,3,3,tlr_tlr_rows,4,compressed_tlr,compressed_tlr,51838976,52363264,104202240,115295488,536870912,0.408846378326416,7.24309,7.206265,3.23399,3.232077,21.310832,21.300157,6.5896406606081035,6.590238103857056,1.1957112832e11,1.25060513792e11,4.389383431712041,38670.655689102314,51594.02635129403,false,3.241971;3.232077;3.23399,,NVIDIA H100 80GB HBM3,1.12.6
precision_sweep__20260802T113334.483Z__pid2705,20260802T113334.483Z,precision_sweep,compressed,compressed_dense__N8192__q8__skewed__r64-128__fp32__q8__w1,dense__N8192__fp32,compressed_dense,8192,8,1024,8,skewed,b16_b8,64,128,85.375,,88.125,,32,,9,,q8,fp32,Float32,fp32,20260802,random,1,3,3,one_or_more_tile_stripes,1,compressed_tlr,dense,46202880,268435456,314638336,23101440,536870912,0.62908935546875,8.571167,8.426841,5.793841,5.792449,21.310832,21.300157,3.6781872336503545,3.6772282328251826,1.83341416448e11,1.8924699648e11,3.120567375886525,32663.47773092151,51594.02635129403,false,5.792449;5.797427;5.793841,,NVIDIA H100 80GB HBM3,1.12.6
precision_sweep__20260802T113334.483Z__pid2705,20260802T113334.483Z,precision_sweep,compressed,dense_compressed__N8192__q8__skewed__r64-128__fp32__q8__w1,dense__N8192__fp32,dense_compressed,8192,8,1024,8,skewed,b16_b8,64,128,,85.375,,88.125,,32,,9,q8,fp32,Float32,fp32,20260802,random,1,3,3,one_or_more_tile_stripes,1,dense,compressed_tlr,268435456,46202880,314638336,23101440,536870912,0.62908935546875,8.542945,8.374523,5.095726,5.081655,21.310832,21.300157,4.182099272998587,4.191578727796358,1.83341416448e11,1.8924699648e11,3.120567375886525,37138.37762862446,51594.02635129403,false,5.095726;5.103698;5.081655,,NVIDIA H100 80GB HBM3,1.12.6
precision_sweep__20260802T113334.483Z__pid2705,20260802T113334.483Z,precision_sweep,compressed,compressed_compressed__N8192__q8__skewed__r64-128__fp32__q8__w4,dense__N8192__fp32,compressed_compressed,8192,8,1024,8,skewed,b16_b8,64,128,85.375,86.015625,88.125,89.25,32,38,9,9,q8,fp32,Float32,fp32,20260802,random,1,3,3,tlr_tlr_rows,4,compressed_tlr,compressed_tlr,46202880,46792704,92995584,102073344,536870912,0.3633441925048828,7.258753,7.22972,2.963294,2.959939,21.310832,21.300157,7.191602318230997,7.196147285467707,1.04963067904e11,1.0924720128e11,3.9215040072466376,36866.811487486564,51594.02635129403,false,2.959939;2.965949;2.963294,,NVIDIA H100 80GB HBM3,1.12.6
precision_sweep__20260802T113334.483Z__pid2705,20260802T113334.483Z,precision_sweep,baseline,dense__N8192__tf32,dense__N8192__tf32,dense_dense,8192,,,,,,,,,,,,,,,,,tf32,Float32,tf32,20260802,random,1,3,0,none,0,dense,dense,268435456,268435456,536870912,0,536870912,1.0,,,2.63932,2.629496,2.63932,2.629496,1.0,1.0,1.099511627776e12,1.099511627776e12,0.0,416588.9804101056,416588.9804101056,false,2.63932;2.629496;2.64634,2.63932;2.629496;2.64634,NVIDIA H100 80GB HBM3,1.12.6
precision_sweep__20260802T113334.483Z__pid2705,20260802T113334.483Z,precision_sweep,compressed,compressed_dense__N8192__q16__uniform__r32-64__tf32__q8__w1,dense__N8192__tf32,compressed_dense,8192,16,512,16,uniform,b16_b8,32,64,47.20703125,,50.75,,33,,5,,q8,tf32,Float32,tf32,20260802,random,1,3,3,one_or_more_tile_stripes,1,compressed_tlr,dense,53215232,268435456,321650688,26607616,536870912,0.648681640625,55.103925,54.767532,2.391669,2.388385,2.63932,2.629496,1.103547355424183,1.1009514797656157,2.0275265536e11,2.17969590272e11,6.98121921182266,91137.02200095415,416588.9804101056,false,2.391669;2.388385;2.392711,,NVIDIA H100 80GB HBM3,1.12.6
precision_sweep__20260802T113334.483Z__pid2705,20260802T113334.483Z,precision_sweep,compressed,dense_compressed__N8192__q16__uniform__r32-64__tf32__q8__w1,dense__N8192__tf32,dense_compressed,8192,16,512,16,uniform,b16_b8,32,64,,47.20703125,,50.75,,33,,5,q8,tf32,Float32,tf32,20260802,random,1,3,3,one_or_more_tile_stripes,1,dense,compressed_tlr,268435456,53215232,321650688,26607616,536870912,0.648681640625,53.808537,53.272745,2.369386,2.369005,2.63932,2.629496,1.1139257174643558,1.1099579781385012,2.0275265536e11,2.17969590272e11,6.98121921182266,91994.1243309448,416588.9804101056,false,2.369005;2.369386;2.372952,,NVIDIA H100 80GB HBM3,1.12.6
precision_sweep__20260802T113334.483Z__pid2705,20260802T113334.483Z,precision_sweep,compressed,compressed_compressed__N8192__q16__uniform__r32-64__tf32__q8__w4,dense__N8192__tf32,compressed_compressed,8192,16,512,16,uniform,b16_b8,32,64,47.20703125,47.38671875,50.75,50.75,33,33,5,5,q8,tf32,Float32,tf32,20260802,random,1,3,3,tlr_tlr_rows,4,compressed_tlr,compressed_tlr,53215232,53215232,106430464,117305600,536870912,0.41674089431762695,47.137413,47.025245,1.433485,1.394016,2.63932,2.629496,1.8411912227892167,1.8862739021646813,1.19333400576e11,1.297154048e11,8.003678699540242,90489.54457144652,416588.9804101056,false,1.433485;1.394016;1.433876,,NVIDIA H100 80GB HBM3,1.12.6
precision_sweep__20260802T113334.483Z__pid2705,20260802T113334.483Z,precision_sweep,compressed,compressed_dense__N8192__q16__skewed__r32-64__tf32__q8__w1,dense__N8192__tf32,compressed_dense,8192,16,512,16,skewed,b16_b8,32,64,42.1484375,,45.21875,,33,,5,,q8,tf32,Float32,tf32,20260802,random,1,3,3,one_or_more_tile_stripes,1,compressed_tlr,dense,47415296,268435456,315850752,23707648,536870912,0.632476806640625,55.456984,55.079139,2.324729,2.321223,2.63932,2.629496,1.1353237302068326,1.132806283584128,1.8102616064e11,1.94213052416e11,6.789910158949551,83542.23327364179,416588.9804101056,false,2.326232;2.321223;2.324729,,NVIDIA H100 80GB HBM3,1.12.6
precision_sweep__20260802T113334.483Z__pid2705,20260802T113334.483Z,precision_sweep,compressed,dense_compressed__N8192__q16__skewed__r32-64__tf32__q8__w1,dense__N8192__tf32,dense_compressed,8192,16,512,16,skewed,b16_b8,32,64,,42.1484375,,45.21875,,33,,5,q8,tf32,Float32,tf32,20260802,random,1,3,3,one_or_more_tile_stripes,1,dense,compressed_tlr,268435456,47415296,315850752,23707648,536870912,0.632476806640625,53.896699,53.739834,2.320903,2.317008,2.63932,2.629496,1.1371953071713898,1.134867035418091,1.8102616064e11,1.94213052416e11,6.789910158949551,83679.95233579344,416588.9804101056,false,2.317008;2.320903;2.323497,,NVIDIA H100 80GB HBM3,1.12.6
precision_sweep__20260802T113334.483Z__pid2705,20260802T113334.483Z,precision_sweep,compressed,compressed_compressed__N8192__q16__skewed__r32-64__tf32__q8__w4,dense__N8192__tf32,compressed_compressed,8192,16,512,16,skewed,b16_b8,32,64,42.1484375,42.171875,45.21875,45.25,33,32,5,5,q8,tf32,Float32,tf32,20260802,random,1,3,3,tlr_tlr_rows,4,compressed_tlr,compressed_tlr,47415296,47448064,94863360,103664640,536870912,0.36978721618652344,47.190012,47.063072,1.298573,1.294878,2.63932,2.629496,2.0324771884214443,2.0306901499600736,1.04248549376e11,1.13068998656e11,7.800944011926069,87071.7307814039,416588.9804101056,false,1.304312;1.298573;1.294878,,NVIDIA H100 80GB HBM3,1.12.6
precision_sweep__20260802T113334.483Z__pid2705,20260802T113334.483Z,precision_sweep,compressed,compressed_dense__N8192__q8__uniform__r64-128__tf32__q8__w1,dense__N8192__tf32,compressed_dense,8192,8,1024,8,uniform,b16_b8,64,128,95.140625,,98.875,,42,,9,,q8,tf32,Float32,tf32,20260802,random,1,3,3,one_or_more_tile_stripes,1,compressed_tlr,dense,51838976,268435456,320274432,25919488,536870912,0.64483642578125,8.532559,8.497547,1.479565,1.475037,2.63932,2.629496,1.7838486311855175,1.7826644348582443,2.04312936448e11,2.12332445696e11,3.776864728192162,143510.049031979,416588.9804101056,false,1.545553;1.479565;1.475037,,NVIDIA H100 80GB HBM3,1.12.6
precision_sweep__20260802T113334.483Z__pid2705,20260802T113334.483Z,precision_sweep,compressed,dense_compressed__N8192__q8__uniform__r64-128__tf32__q8__w1,dense__N8192__tf32,dense_compressed,8192,8,1024,8,uniform,b16_b8,64,128,,95.140625,,98.875,,42,,9,q8,tf32,Float32,tf32,20260802,random,1,3,3,one_or_more_tile_stripes,1,dense,compressed_tlr,268435456,51838976,320274432,25919488,536870912,0.64483642578125,8.595754,8.496195,1.487085,1.484071,2.63932,2.629496,1.774827935188641,1.771812804104386,2.04312936448e11,2.12332445696e11,3.776864728192162,142784.33693837273,416588.9804101056,false,1.484071;1.495518;1.487085,,NVIDIA H100 80GB HBM3,1.12.6
precision_sweep__20260802T113334.483Z__pid2705,20260802T113334.483Z,precision_sweep,compressed,compressed_compressed__N8192__q8__uniform__r64-128__tf32__q8__w4,dense__N8192__tf32,compressed_compressed,8192,8,1024,8,uniform,b16_b8,64,128,95.140625,96.171875,98.875,99.875,42,46,9,9,q8,tf32,Float32,tf32,20260802,random,1,3,3,tlr_tlr_rows,4,compressed_tlr,compressed_tlr,51838976,52363264,104202240,115295488,536870912,0.408846378326416,7.153666,7.121278,0.996561,0.994238,2.63932,2.629496,2.648427943698379,2.6447349628559764,1.1957112832e11,1.25060513792e11,4.389383431712041,125492.08105876108,416588.9804101056,false,1.018024;0.994238;0.996561,,NVIDIA H100 80GB HBM3,1.12.6
precision_sweep__20260802T113334.483Z__pid2705,20260802T113334.483Z,precision_sweep,compressed,compressed_dense__N8192__q8__skewed__r64-128__tf32__q8__w1,dense__N8192__tf32,compressed_dense,8192,8,1024,8,skewed,b16_b8,64,128,85.375,,88.125,,32,,9,,q8,tf32,Float32,tf32,20260802,random,1,3,3,one_or_more_tile_stripes,1,compressed_tlr,dense,46202880,268435456,314638336,23101440,536870912,0.62908935546875,8.456095,8.374763,1.407196,1.402529,2.63932,2.629496,1.8755880488574443,1.8748246916819546,1.83341416448e11,1.8924699648e11,3.120567375886525,134485.1722716665,416588.9804101056,false,1.402529;1.41037;1.407196,,NVIDIA H100 80GB HBM3,1.12.6
precision_sweep__20260802T113334.483Z__pid2705,20260802T113334.483Z,precision_sweep,compressed,dense_compressed__N8192__q8__skewed__r64-128__tf32__q8__w1,dense__N8192__tf32,dense_compressed,8192,8,1024,8,skewed,b16_b8,64,128,,85.375,,88.125,,32,,9,q8,tf32,Float32,tf32,20260802,random,1,3,3,one_or_more_tile_stripes,1,dense,compressed_tlr,268435456,46202880,314638336,23101440,536870912,0.62908935546875,8.586661,8.429505,1.422429,1.419214,2.63932,2.629496,1.855502102389645,1.8527833011793853,1.83341416448e11,1.8924699648e11,3.120567375886525,133044.9509114339,416588.9804101056,false,1.422429;1.434066;1.419214,,NVIDIA H100 80GB HBM3,1.12.6
precision_sweep__20260802T113334.483Z__pid2705,20260802T113334.483Z,precision_sweep,compressed,compressed_compressed__N8192__q8__skewed__r64-128__tf32__q8__w4,dense__N8192__tf32,compressed_compressed,8192,8,1024,8,skewed,b16_b8,64,128,85.375,86.015625,88.125,89.25,32,38,9,9,q8,tf32,Float32,tf32,20260802,random,1,3,3,tlr_tlr_rows,4,compressed_tlr,compressed_tlr,46202880,46792704,92995584,102073344,536870912,0.3633441925048828,7.093235,7.074538,0.946206,0.91494,2.63932,2.629496,2.789371447655162,2.8739545762563665,1.04963067904e11,1.0924720128e11,3.9215040072466376,115458.15739912873,416588.9804101056,false,0.946206;0.94892;0.91494,,NVIDIA H100 80GB HBM3,1.12.6
precision_sweep__20260802T113334.483Z__pid2705,20260802T113334.483Z,precision_sweep,baseline,dense__N16384__bf16,dense__N16384__bf16,dense_dense,16384,,,,,,,,,,,,,,,,,bf16,Core.BFloat16,fp32_accumulate,20260802,random,1,3,0,none,0,dense,dense,536870912,536870912,1073741824,0,1073741824,1.0,,,10.479173,10.476408,10.479173,10.476408,1.0,1.0,8.796093022208e12,8.796093022208e12,0.0,839388.091236589,839388.091236589,false,10.479173;10.476408;10.545001,10.479173;10.476408;10.545001,NVIDIA H100 80GB HBM3,1.12.6
precision_sweep__20260802T113334.483Z__pid2705,20260802T113334.483Z,precision_sweep,compressed,compressed_dense__N16384__q16__uniform__r64-128__bf16__q8__w1,dense__N16384__bf16,compressed_dense,16384,16,1024,16,uniform,b16_b8,64,128,94.37109375,,97.96875,,60,,9,,q8,bf16,Core.BFloat16,fp32_accumulate,20260802,random,1,3,3,one_or_more_tile_stripes,1,compressed_tlr,dense,102727680,536870912,639598592,51363840,1073741824,0.6435089111328125,60.202906,57.272661,7.003821,6.956181,10.479173,10.476408,1.4962079984625534,1.5060574185749336,1.621283045376e12,1.68309030912e12,3.672248803827751,240310.2976389602,839388.091236589,false,7.003821;7.032475;6.956181,,NVIDIA H100 80GB HBM3,1.12.6
precision_sweep__20260802T113334.483Z__pid2705,20260802T113334.483Z,precision_sweep,compressed,dense_compressed__N16384__q16__uniform__r64-128__bf16__q8__w1,dense__N16384__bf16,dense_compressed,16384,16,1024,16,uniform,b16_b8,64,128,,94.37109375,,97.96875,,60,,9,q8,bf16,Core.BFloat16,fp32_accumulate,20260802,random,1,3,3,one_or_more_tile_stripes,1,dense,compressed_tlr,536870912,102727680,639598592,51363840,1073741824,0.6435089111328125,55.904453,55.758414,6.255972,6.248511,10.479173,10.476408,1.675067119865626,1.6766247190730719,1.621283045376e12,1.68309030912e12,3.672248803827751,269037.37886294886,839388.091236589,false,6.255972;6.248511;6.28112,,NVIDIA H100 80GB HBM3,1.12.6
precision_sweep__20260802T113334.483Z__pid2705,20260802T113334.483Z,precision_sweep,compressed,compressed_compressed__N16384__q16__uniform__r64-128__bf16__q8__w4,dense__N16384__bf16,compressed_compressed,16384,16,1024,16,uniform,b16_b8,64,128,94.37109375,94.8046875,97.96875,98.28125,60,63,9,9,q8,bf16,Core.BFloat16,fp32_accumulate,20260802,random,1,3,3,tlr_tlr_rows,4,compressed_tlr,compressed_tlr,102727680,103055360,205783040,226478208,1073741824,0.40257465839385986,49.798846,49.618716,4.947735,4.934956,10.479173,10.476408,2.1179737799215195,2.12289795491591,9.54380746752e11,9.96694294528e11,4.245388782529174,201444.55887956813,839388.091236589,false,4.971199;4.934956;4.947735,,NVIDIA H100 80GB HBM3,1.12.6
precision_sweep__20260802T113334.483Z__pid2705,20260802T113334.483Z,precision_sweep,compressed,compressed_dense__N16384__q16__skewed__r64-128__bf16__q8__w1,dense__N16384__bf16,compressed_dense,16384,16,1024,16,skewed,b16_b8,64,128,84.40625,,87.625,,59,,9,,q8,bf16,Core.BFloat16,fp32_accumulate,20260802,random,1,3,3,one_or_more_tile_stripes,1,compressed_tlr,dense,91881472,536870912,628752384,45940736,1073741824,0.62835693359375,57.853981,57.745839,6.508761,6.487459,10.479173,10.476408,1.6100104151926917,1.614870783769115,1.450088333312e12,1.505386037248e12,3.6733238231098433,231286.113785404,839388.091236589,false,6.522842;6.487459;6.508761,,NVIDIA H100 80GB HBM3,1.12.6
precision_sweep__20260802T113334.483Z__pid2705,20260802T113334.483Z,precision_sweep,compressed,dense_compressed__N16384__q16__skewed__r64-128__bf16__q8__w1,dense__N16384__bf16,dense_compressed,16384,16,1024,16,skewed,b16_b8,64,128,,84.40625,,87.625,,59,,9,q8,bf16,Core.BFloat16,fp32_accumulate,20260802,random,1,3,3,one_or_more_tile_stripes,1,dense,compressed_tlr,536870912,91881472,628752384,45940736,1073741824,0.62835693359375,56.120677,55.82887,5.772508,5.768212,10.479173,10.476408,1.8153587660684054,1.816231442256283,1.450088333312e12,1.505386037248e12,3.6733238231098433,260785.4397513178,839388.091236589,false,5.952158;5.768212;5.772508,,NVIDIA H100 80GB HBM3,1.12.6
precision_sweep__20260802T113334.483Z__pid2705,20260802T113334.483Z,precision_sweep,compressed,compressed_compressed__N16384__q16__skewed__r64-128__bf16__q8__w4,dense__N16384__bf16,compressed_compressed,16384,16,1024,16,skewed,b16_b8,64,128,84.40625,84.5234375,87.625,88.03125,59,61,9,9,q8,bf16,Core.BFloat16,fp32_accumulate,20260802,random,1,3,3,tlr_tlr_rows,4,compressed_tlr,compressed_tlr,91881472,92307456,184188928,201009664,1073741824,0.35874414443969727,49.998335,49.992576,4.313014,4.31031,10.479173,10.476408,2.4296635716925565,2.4305462948140617,8.35740250112e11,8.75244552192e11,4.513515906047485,202931.0714484117,839388.091236589,false,4.330982;4.31031;4.313014,,NVIDIA H100 80GB HBM3,1.12.6
precision_sweep__20260802T113334.483Z__pid2705,20260802T113334.483Z,precision_sweep,compressed,compressed_dense__N16384__q8__uniform__r128-256__bf16__q8__w1,dense__N16384__bf16,compressed_dense,16384,8,2048,8,uniform,b16_b8,128,256,190.40625,,194.25,,53,,17,,q8,bf16,Core.BFloat16,fp32_accumulate,20260802,random,1,3,3,one_or_more_tile_stripes,1,compressed_tlr,dense,101842944,536870912,638713856,50921472,1073741824,0.64227294921875,59.91827,9.413307,6.781229,6.749401,10.479173,10.476408,1.5453206196103981,1.552198187661394,1.635577233408e12,1.668594794496e12,1.9787644787644787,246060.82385597064,839388.091236589,false,6.781379;6.781229;6.749401,,NVIDIA H100 80GB HBM3,1.12.6
precision_sweep__20260802T113334.483Z__pid2705,20260802T113334.483Z,precision_sweep,compressed,dense_compressed__N16384__q8__uniform__r128-256__bf16__q8__w1,dense__N16384__bf16,dense_compressed,16384,8,2048,8,uniform,b16_b8,128,256,,190.40625,,194.25,,53,,17,q8,bf16,Core.BFloat16,fp32_accumulate,20260802,random,1,3,3,one_or_more_tile_stripes,1,dense,compressed_tlr,536870912,101842944,638713856,50921472,1073741824,0.64227294921875,10.124141,8.963654,5.458659,5.448233,10.479173,10.476408,1.9197339493087953,1.922900140284015,1.635577233408e12,1.668594794496e12,1.9787644787644787,305678.51820309716,839388.091236589,false,5.468815;5.458659;5.448233,,NVIDIA H100 80GB HBM3,1.12.6
precision_sweep__20260802T113334.483Z__pid2705,20260802T113334.483Z,precision_sweep,compressed,compressed_compressed__N16384__q8__uniform__r128-256__bf16__q8__w4,dense__N16384__bf16,compressed_compressed,16384,8,2048,8,uniform,b16_b8,128,256,190.40625,192.4375,194.25,195.75,53,50,17,16,q8,bf16,Core.BFloat16,fp32_accumulate,20260802,random,1,3,3,tlr_tlr_rows,4,compressed_tlr,compressed_tlr,101842944,102629376,204472320,225620608,1073741824,0.40055525302886963,7.513945,7.475317,3.891484,3.877703,10.479173,10.476408,2.6928475101015446,2.701704591610033,9.57483900928e11,9.78204491776e11,2.118226916989544,251370.55472308252,839388.091236589,false,3.905645;3.891484;3.877703,,NVIDIA H100 80GB HBM3,1.12.6
precision_sweep__20260802T113334.483Z__pid2705,20260802T113334.483Z,precision_sweep,compressed,compressed_dense__N16384__q8__skewed__r128-256__bf16__q8__w1,dense__N16384__bf16,compressed_dense,16384,8,2048,8,skewed,b16_b8,128,256,170.84375,,174.25,,43,,17,,q8,bf16,Core.BFloat16,fp32_accumulate,20260802,random,1,3,3,one_or_more_tile_stripes,1,compressed_tlr,dense,91357184,536870912,628228096,45678592,1073741824,0.62762451171875,9.118456,8.95436,6.292306,6.282191,10.479173,10.476408,1.665394689959452,1.6676360206176475,1.467536637952e12,1.496796102656e12,1.95480631276901,237877.1952057004,839388.091236589,false,6.292306;6.313479;6.282191,,NVIDIA H100 80GB HBM3,1.12.6
precision_sweep__20260802T113334.483Z__pid2705,20260802T113334.483Z,precision_sweep,compressed,dense_compressed__N16384__q8__skewed__r128-256__bf16__q8__w1,dense__N16384__bf16,dense_compressed,16384,8,2048,8,skewed,b16_b8,128,256,,170.84375,,174.25,,43,,17,q8,bf16,Core.BFloat16,fp32_accumulate,20260802,random,1,3,3,one_or_more_tile_stripes,1,dense,compressed_tlr,536870912,91357184,628228096,45678592,1073741824,0.62762451171875,8.923774,8.90697,4.921886,4.899352,10.479173,10.476408,2.129097057510068,2.1383252315816454,1.467536637952e12,1.496796102656e12,1.95480631276901,304110.27452809754,839388.091236589,false,4.928455;4.921886;4.899352,,NVIDIA H100 80GB HBM3,1.12.6
precision_sweep__20260802T113334.483Z__pid2705,20260802T113334.483Z,precision_sweep,compressed,compressed_compressed__N16384__q8__skewed__r128-256__bf16__q8__w4,dense__N16384__bf16,compressed_compressed,16384,8,2048,8,skewed,b16_b8,128,256,170.84375,172.03125,174.25,175.875,43,44,17,15,q8,bf16,Core.BFloat16,fp32_accumulate,20260802,random,1,3,3,tlr_tlr_rows,4,compressed_tlr,compressed_tlr,91357184,92209152,183566336,200921728,1073741824,0.3580824136734009,7.641026,7.608647,3.461861,3.456954,10.479173,10.476408,3.0270345920878974,3.030531502588695,8.40428847104e11,8.61761175552e11,2.4754339198833835,248930.03374543347,839388.091236589,false,3.461861;3.462331;3.456954,,NVIDIA H100 80GB HBM3,1.12.6
precision_sweep__20260802T113334.483Z__pid2705,20260802T113334.483Z,precision_sweep,baseline,dense__N16384__fp16,dense__N16384__fp16,dense_dense,16384,,,,,,,,,,,,,,,,,fp16,Float16,fp32_accumulate,20260802,random,1,3,0,none,0,dense,dense,536870912,536870912,1073741824,0,1073741824,1.0,,,10.754765,10.741906,10.754765,10.741906,1.0,1.0,8.796093022208e12,8.796093022208e12,0.0,817878.6818873308,817878.6818873308,false,10.741906;10.754765;10.795947,10.741906;10.754765;10.795947,NVIDIA H100 80GB HBM3,1.12.6
precision_sweep__20260802T113334.483Z__pid2705,20260802T113334.483Z,precision_sweep,compressed,compressed_dense__N16384__q16__uniform__r64-128__fp16__q8__w1,dense__N16384__fp16,compressed_dense,16384,16,1024,16,uniform,b16_b8,64,128,94.37109375,,97.96875,,60,,9,,q8,fp16,Float16,fp32_accumulate,20260802,random,1,3,3,one_or_more_tile_stripes,1,compressed_tlr,dense,102727680,536870912,639598592,51363840,1073741824,0.6435089111328125,55.725345,55.330054,6.944232,6.939766,10.754765,10.741906,1.5487335388564207,1.5478772627203858,1.621283045376e12,1.68309030912e12,3.672248803827751,242372.41917032725,817878.6818873308,false,6.939766;6.963852;6.944232,,NVIDIA H100 80GB HBM3,1.12.6
precision_sweep__20260802T113334.483Z__pid2705,20260802T113334.483Z,precision_sweep,compressed,dense_compressed__N16384__q16__uniform__r64-128__fp16__q8__w1,dense__N16384__fp16,dense_compressed,16384,16,1024,16,uniform,b16_b8,64,128,,94.37109375,,97.96875,,60,,9,q8,fp16,Float16,fp32_accumulate,20260802,random,1,3,3,one_or_more_tile_stripes,1,dense,compressed_tlr,536870912,102727680,639598592,51363840,1073741824,0.6435089111328125,53.83751,53.721066,6.249082,6.189213,10.754765,10.741906,1.7210151827100366,1.7355851220502512,1.621283045376e12,1.68309030912e12,3.672248803827751,269334.0092384769,817878.6818873308,false,6.249082;6.263173;6.189213,,NVIDIA H100 80GB HBM3,1.12.6
precision_sweep__20260802T113334.483Z__pid2705,20260802T113334.483Z,precision_sweep,compressed,compressed_compressed__N16384__q16__uniform__r64-128__fp16__q8__w4,dense__N16384__fp16,compressed_compressed,16384,16,1024,16,uniform,b16_b8,64,128,94.37109375,94.8046875,97.96875,98.28125,60,63,9,9,q8,fp16,Float16,fp32_accumulate,20260802,random,1,3,3,tlr_tlr_rows,4,compressed_tlr,compressed_tlr,102727680,103055360,205783040,226478208,1073741824,0.40257465839385986,48.008377,47.908507,4.46358,4.460766,10.754765,10.741906,2.409448245578661,2.4080855171510906,9.54380746752e11,9.96694294528e11,4.245388782529174,223294.8204194839,817878.6818873308,false,4.460766;4.475448;4.46358,,NVIDIA H100 80GB HBM3,1.12.6
precision_sweep__20260802T113334.483Z__pid2705,20260802T113334.483Z,precision_sweep,compressed,compressed_dense__N16384__q16__skewed__r64-128__fp16__q8__w1,dense__N16384__fp16,compressed_dense,16384,16,1024,16,skewed,b16_b8,64,128,84.40625,,87.625,,59,,9,,q8,fp16,Float16,fp32_accumulate,20260802,random,1,3,3,one_or_more_tile_stripes,1,compressed_tlr,dense,91881472,536870912,628752384,45940736,1073741824,0.62835693359375,56.163832,55.84164,6.412778,6.3809,10.754765,10.741906,1.6770836289670406,1.6834468491905532,1.450088333312e12,1.505386037248e12,3.6733238231098433,234747.87950682215,817878.6818873308,false,6.412778;6.3809;6.435621,,NVIDIA H100 80GB HBM3,1.12.6
precision_sweep__20260802T113334.483Z__pid2705,20260802T113334.483Z,precision_sweep,compressed,dense_compressed__N16384__q16__skewed__r64-128__fp16__q8__w1,dense__N16384__fp16,dense_compressed,16384,16,1024,16,skewed,b16_b8,64,128,,84.40625,,87.625,,59,,9,q8,fp16,Float16,fp32_accumulate,20260802,random,1,3,3,one_or_more_tile_stripes,1,dense,compressed_tlr,536870912,91881472,628752384,45940736,1073741824,0.62835693359375,53.767245,53.561327,5.679359,5.664627,10.754765,10.741906,1.8936582455872222,1.8963130317318333,1.450088333312e12,1.505386037248e12,3.6733238231098433,265062.6659184602,817878.6818873308,false,5.664627;5.725949;5.679359,,NVIDIA H100 80GB HBM3,1.12.6
precision_sweep__20260802T113334.483Z__pid2705,20260802T113334.483Z,precision_sweep,compressed,compressed_compressed__N16384__q16__skewed__r64-128__fp16__q8__w4,dense__N16384__fp16,compressed_compressed,16384,16,1024,16,skewed,b16_b8,64,128,84.40625,84.5234375,87.625,88.03125,59,61,9,9,q8,fp16,Float16,fp32_accumulate,20260802,random,1,3,3,tlr_tlr_rows,4,compressed_tlr,compressed_tlr,91881472,92307456,184188928,201009664,1073741824,0.35874414443969727,174.966194,146.897108,3.878575,3.866246,10.754765,10.741906,2.77286503419426,2.778381406666829,8.35740250112e11,8.75244552192e11,4.513515906047485,225661.37104271544,817878.6818873308,false,3.866246;3.879566;3.878575,,NVIDIA H100 80GB HBM3,1.12.6
precision_sweep__20260802T113334.483Z__pid2705,20260802T113334.483Z,precision_sweep,compressed,compressed_dense__N16384__q8__uniform__r128-256__fp16__q8__w1,dense__N16384__fp16,compressed_dense,16384,8,2048,8,uniform,b16_b8,128,256,190.40625,,194.25,,53,,17,,q8,fp16,Float16,fp32_accumulate,20260802,random,1,3,3,one_or_more_tile_stripes,1,compressed_tlr,dense,101842944,536870912,638713856,50921472,1073741824,0.64227294921875,8.812598,8.754001,6.72887,6.7219,10.754765,10.741906,1.598301795100812,1.598046088159598,1.635577233408e12,1.668594794496e12,1.9787644787644787,247975.48392166887,817878.6818873308,false,6.766537;6.7219;6.72887,,NVIDIA H100 80GB HBM3,1.12.6
precision_sweep__20260802T113334.483Z__pid2705,20260802T113334.483Z,precision_sweep,compressed,dense_compressed__N16384__q8__uniform__r128-256__fp16__q8__w1,dense__N16384__fp16,dense_compressed,16384,8,2048,8,uniform,b16_b8,128,256,,190.40625,,194.25,,53,,17,q8,fp16,Float16,fp32_accumulate,20260802,random,1,3,3,one_or_more_tile_stripes,1,dense,compressed_tlr,536870912,101842944,638713856,50921472,1073741824,0.64227294921875,8.951626,8.590266,5.437858,5.419941,10.754765,10.741906,1.977757602350043,1.9819230504538705,1.635577233408e12,1.668594794496e12,1.9787644787644787,306847.80560581025,817878.6818873308,false,5.437858;5.438539;5.419941,,NVIDIA H100 80GB HBM3,1.12.6
precision_sweep__20260802T113334.483Z__pid2705,20260802T113334.483Z,precision_sweep,compressed,compressed_compressed__N16384__q8__uniform__r128-256__fp16__q8__w4,dense__N16384__fp16,compressed_compressed,16384,8,2048,8,uniform,b16_b8,128,256,190.40625,192.4375,194.25,195.75,53,50,17,16,q8,fp16,Float16,fp32_accumulate,20260802,random,1,3,3,tlr_tlr_rows,4,compressed_tlr,compressed_tlr,101842944,102629376,204472320,225620608,1073741824,0.40055525302886963,7.274426,7.25054,3.656101,3.64164,10.754765,10.741906,2.941594064277765,2.9497440713524674,9.57483900928e11,9.78204491776e11,2.118226916989544,267554.01225950813,817878.6818873308,false,3.656101;3.660117;3.64164,,NVIDIA H100 80GB HBM3,1.12.6
precision_sweep__20260802T113334.483Z__pid2705,20260802T113334.483Z,precision_sweep,compressed,compressed_dense__N16384__q8__skewed__r128-256__fp16__q8__w1,dense__N16384__fp16,compressed_dense,16384,8,2048,8,skewed,b16_b8,128,256,170.84375,,174.25,,43,,17,,q8,fp16,Float16,fp32_accumulate,20260802,random,1,3,3,one_or_more_tile_stripes,1,compressed_tlr,dense,91357184,536870912,628228096,45678592,1073741824,0.62762451171875,8.759619,8.666509,6.254881,6.252487,10.754765,10.741906,1.7194196020675694,1.718021324954374,1.467536637952e12,1.496796102656e12,1.95480631276901,239300.49231248364,817878.6818873308,false,6.254881;6.252487;6.264936,,NVIDIA H100 80GB HBM3,1.12.6
precision_sweep__20260802T113334.483Z__pid2705,20260802T113334.483Z,precision_sweep,compressed,dense_compressed__N16384__q8__skewed__r128-256__fp16__q8__w1,dense__N16384__fp16,dense_compressed,16384,8,2048,8,skewed,b16_b8,128,256,,170.84375,,174.25,,43,,17,q8,fp16,Float16,fp32_accumulate,20260802,random,1,3,3,one_or_more_tile_stripes,1,dense,compressed_tlr,536870912,91357184,628228096,45678592,1073741824,0.62762451171875,9.125056,8.669404,4.886683,4.885862,10.754765,10.741906,2.2008313205501566,2.198569259631156,1.467536637952e12,1.496796102656e12,1.95480631276901,306301.0436027874,817878.6818873308,false,4.886683;4.894195;4.885862,,NVIDIA H100 80GB HBM3,1.12.6
precision_sweep__20260802T113334.483Z__pid2705,20260802T113334.483Z,precision_sweep,compressed,compressed_compressed__N16384__q8__skewed__r128-256__fp16__q8__w4,dense__N16384__fp16,compressed_compressed,16384,8,2048,8,skewed,b16_b8,128,256,170.84375,172.03125,174.25,175.875,43,44,17,15,q8,fp16,Float16,fp32_accumulate,20260802,random,1,3,3,tlr_tlr_rows,4,compressed_tlr,compressed_tlr,91357184,92209152,183566336,200921728,1073741824,0.3580824136734009,7.311792,7.230711,3.242663,3.242582,10.754765,10.741906,3.3166459172599807,3.3127631005168103,8.40428847104e11,8.61761175552e11,2.4754339198833835,265757.241980434,817878.6818873308,false,3.242663;3.246489;3.242582,,NVIDIA H100 80GB HBM3,1.12.6
precision_sweep__20260802T113334.483Z__pid2705,20260802T113334.483Z,precision_sweep,baseline,dense__N16384__fp32,dense__N16384__fp32,dense_dense,16384,,,,,,,,,,,,,,,,,fp32,Float32,fp32,20260802,random,1,3,0,none,0,dense,dense,1073741824,1073741824,2147483648,0,2147483648,1.0,,,167.966309,167.136537,167.966309,167.136537,1.0,1.0,8.796093022208e12,8.796093022208e12,0.0,52368.19856658278,52368.19856658278,false,167.136537;167.966309;167.995392,167.136537;167.966309;167.995392,NVIDIA H100 80GB HBM3,1.12.6
precision_sweep__20260802T113334.483Z__pid2705,20260802T113334.483Z,precision_sweep,compressed,compressed_dense__N16384__q16__uniform__r64-128__fp32__q8__w1,dense__N16384__fp32,compressed_dense,16384,16,1024,16,uniform,b16_b8,64,128,94.37109375,,97.96875,,60,,9,,q8,fp32,Float32,fp32,20260802,random,1,3,3,one_or_more_tile_stripes,1,compressed_tlr,dense,205455360,1073741824,1279197184,102727680,2147483648,0.6435089111328125,55.24713,55.23415,47.437212,47.435509,167.966309,167.136537,3.540813254370851,3.523447740383686,1.621283045376e12,1.68309030912e12,3.672248803827751,35480.3800257064,52368.19856658278,false,47.45611;47.437212;47.435509,,NVIDIA H100 80GB HBM3,1.12.6
precision_sweep__20260802T113334.483Z__pid2705,20260802T113334.483Z,precision_sweep,compressed,dense_compressed__N16384__q16__uniform__r64-128__fp32__q8__w1,dense__N16384__fp32,dense_compressed,16384,16,1024,16,uniform,b16_b8,64,128,,94.37109375,,97.96875,,60,,9,q8,fp32,Float32,fp32,20260802,random,1,3,3,one_or_more_tile_stripes,1,dense,compressed_tlr,1073741824,205455360,1279197184,102727680,2147483648,0.6435089111328125,53.784911,53.693754,39.722106,39.522897,167.966309,167.136537,4.228534836496333,4.228853390984978,1.621283045376e12,1.68309030912e12,3.672248803827751,42371.628259589255,52368.19856658278,false,39.722106;39.815295;39.522897,,NVIDIA H100 80GB HBM3,1.12.6
precision_sweep__20260802T113334.483Z__pid2705,20260802T113334.483Z,precision_sweep,compressed,compressed_compressed__N16384__q16__uniform__r64-128__fp32__q8__w4,dense__N16384__fp32,compressed_compressed,16384,16,1024,16,uniform,b16_b8,64,128,94.37109375,94.8046875,97.96875,98.28125,60,63,9,9,q8,fp32,Float32,fp32,20260802,random,1,3,3,tlr_tlr_rows,4,compressed_tlr,compressed_tlr,205455360,206110720,411566080,452956416,2147483648,0.40257465839385986,47.336912,47.017273,24.018655,24.017303,167.966309,167.136537,6.993160482966261,6.95900522219335,9.54380746752e11,9.96694294528e11,4.245388782529174,41496.67391983439,52368.19856658278,false,24.018655;24.020578;24.017303,,NVIDIA H100 80GB HBM3,1.12.6
precision_sweep__20260802T113334.483Z__pid2705,20260802T113334.483Z,precision_sweep,compressed,compressed_dense__N16384__q16__skewed__r64-128__fp32__q8__w1,dense__N16384__fp32,compressed_dense,16384,16,1024,16,skewed,b16_b8,64,128,84.40625,,87.625,,59,,9,,q8,fp32,Float32,fp32,20260802,random,1,3,3,one_or_more_tile_stripes,1,compressed_tlr,dense,183762944,1073741824,1257504768,91881472,2147483648,0.62835693359375,55.252558,55.048603,46.82166,46.79407,167.966309,167.136537,3.5873633912167997,3.5717460994523456,1.450088333312e12,1.505386037248e12,3.6733238231098433,32151.4879491244,52368.19856658278,false,46.79407;46.82166;46.856022,,NVIDIA H100 80GB HBM3,1.12.6
precision_sweep__20260802T113334.483Z__pid2705,20260802T113334.483Z,precision_sweep,compressed,dense_compressed__N16384__q16__skewed__r64-128__fp32__q8__w1,dense__N16384__fp32,dense_compressed,16384,16,1024,16,skewed,b16_b8,64,128,,84.40625,,87.625,,59,,9,q8,fp32,Float32,fp32,20260802,random,1,3,3,one_or_more_tile_stripes,1,dense,compressed_tlr,1073741824,183762944,1257504768,91881472,2147483648,0.62835693359375,53.788998,53.731641,37.675353,37.658328,167.966309,167.136537,4.45825441900969,4.438235733673572,1.450088333312e12,1.505386037248e12,3.6733238231098433,39956.78652959137,52368.19856658278,false,37.658328;37.675353;37.724306,,NVIDIA H100 80GB HBM3,1.12.6
precision_sweep__20260802T113334.483Z__pid2705,20260802T113334.483Z,precision_sweep,compressed,compressed_compressed__N16384__q16__skewed__r64-128__fp32__q8__w4,dense__N16384__fp32,compressed_compressed,16384,16,1024,16,skewed,b16_b8,64,128,84.40625,84.5234375,87.625,88.03125,59,61,9,9,q8,fp32,Float32,fp32,20260802,random,1,3,3,tlr_tlr_rows,4,compressed_tlr,compressed_tlr,183762944,184614912,368377856,402019328,2147483648,0.35874414443969727,47.342861,47.313587,21.048531,21.030543,167.966309,167.136537,7.979953992988869,7.947323899340116,8.35740250112e11,8.75244552192e11,4.513515906047485,41582.21550910133,52368.19856658278,false,21.067008;21.048531;21.030543,,NVIDIA H100 80GB HBM3,1.12.6
precision_sweep__20260802T113334.483Z__pid2705,20260802T113334.483Z,precision_sweep,compressed,compressed_dense__N16384__q8__uniform__r128-256__fp32__q8__w1,dense__N16384__fp32,compressed_dense,16384,8,2048,8,uniform,b16_b8,128,256,190.40625,,194.25,,53,,17,,q8,fp32,Float32,fp32,20260802,random,1,3,3,one_or_more_tile_stripes,1,compressed_tlr,dense,203685888,1073741824,1277427712,101842944,2147483648,0.64227294921875,8.722694,8.674842,45.71845,45.711208,167.966309,167.136537,3.673928337465509,3.6563579111713698,1.635577233408e12,1.668594794496e12,1.9787644787644787,36497.186464020546,52368.19856658278,false,45.730748;45.711208;45.71845,,NVIDIA H100 80GB HBM3,1.12.6
precision_sweep__20260802T113334.483Z__pid2705,20260802T113334.483Z,precision_sweep,compressed,dense_compressed__N16384__q8__uniform__r128-256__fp32__q8__w1,dense__N16384__fp32,dense_compressed,16384,8,2048,8,uniform,b16_b8,128,256,,190.40625,,194.25,,53,,17,q8,fp32,Float32,fp32,20260802,random,1,3,3,one_or_more_tile_stripes,1,dense,compressed_tlr,1073741824,203685888,1277427712,101842944,2147483648,0.64227294921875,75.936552,14.547111,38.915248,38.873867,167.966309,167.136537,4.316208109479349,4.2994574478530785,1.635577233408e12,1.668594794496e12,1.9787644787644787,42877.66056369473,52368.19856658278,false,38.91643;38.873867;38.915248,,NVIDIA H100 80GB HBM3,1.12.6
precision_sweep__20260802T113334.483Z__pid2705,20260802T113334.483Z,precision_sweep,compressed,compressed_compressed__N16384__q8__uniform__r128-256__fp32__q8__w4,dense__N16384__fp32,compressed_compressed,16384,8,2048,8,uniform,b16_b8,128,256,190.40625,192.4375,194.25,195.75,53,50,17,16,q8,fp32,Float32,fp32,20260802,random,1,3,3,tlr_tlr_rows,4,compressed_tlr,compressed_tlr,203685888,205258752,408944640,451241216,2147483648,0.40055525302886963,7.287245,7.11629,22.236859,22.228726,167.966309,167.136537,7.553508748695128,7.518943595777824,9.57483900928e11,9.78204491776e11,2.118226916989544,43990.22774646365,52368.19856658278,false,22.228726;22.238721;22.236859,,NVIDIA H100 80GB HBM3,1.12.6
precision_sweep__20260802T113334.483Z__pid2705,20260802T113334.483Z,precision_sweep,compressed,compressed_dense__N16384__q8__skewed__r128-256__fp32__q8__w1,dense__N16384__fp32,compressed_dense,16384,8,2048,8,skewed,b16_b8,128,256,170.84375,,174.25,,43,,17,,q8,fp32,Float32,fp32,20260802,random,1,3,3,one_or_more_tile_stripes,1,compressed_tlr,dense,182714368,1073741824,1256456192,91357184,2147483648,0.62762451171875,39.093494,9.999054,42.221276,42.210179,167.966309,167.136537,3.978238578104555,3.9596263498432456,1.467536637952e12,1.496796102656e12,1.95480631276901,35451.228490962705,52368.19856658278,false,42.210179;42.256409;42.221276,,NVIDIA H100 80GB HBM3,1.12.6
precision_sweep__20260802T113334.483Z__pid2705,20260802T113334.483Z,precision_sweep,compressed,dense_compressed__N16384__q8__skewed__r128-256__fp32__q8__w1,dense__N16384__fp32,dense_compressed,16384,8,2048,8,skewed,b16_b8,128,256,,170.84375,,174.25,,43,,17,q8,fp32,Float32,fp32,20260802,random,1,3,3,one_or_more_tile_stripes,1,dense,compressed_tlr,1073741824,182714368,1256456192,91357184,2147483648,0.62762451171875,8.794241,8.785068,35.944282,35.939175,167.966309,167.136537,4.672963254628372,4.650539056614405,1.467536637952e12,1.496796102656e12,1.95480631276901,41642.11995265339,52368.19856658278,false,35.939175;35.944282;35.950301,,NVIDIA H100 80GB HBM3,1.12.6
precision_sweep__20260802T113334.483Z__pid2705,20260802T113334.483Z,precision_sweep,compressed,compressed_compressed__N16384__q8__skewed__r128-256__fp32__q8__w4,dense__N16384__fp32,compressed_compressed,16384,8,2048,8,skewed,b16_b8,128,256,170.84375,172.03125,174.25,175.875,43,44,17,15,q8,fp32,Float32,fp32,20260802,random,1,3,3,tlr_tlr_rows,4,compressed_tlr,compressed_tlr,182714368,184418304,367132672,401843456,2147483648,0.3580824136734009,7.31036,7.246925,19.513422,19.498561,167.966309,167.136537,8.607732103574659,8.571737011772305,8.40428847104e11,8.61761175552e11,2.4754339198833835,44162.48342048873,52368.19856658278,false,19.518901;19.513422;19.498561,,NVIDIA H100 80GB HBM3,1.12.6
precision_sweep__20260802T113334.483Z__pid2705,20260802T113334.483Z,precision_sweep,baseline,dense__N16384__tf32,dense__N16384__tf32,dense_dense,16384,,,,,,,,,,,,,,,,,tf32,Float32,tf32,20260802,random,1,3,0,none,0,dense,dense,1073741824,1073741824,2147483648,0,2147483648,1.0,,,22.658719,21.4763,22.658719,21.4763,1.0,1.0,8.796093022208e12,8.796093022208e12,0.0,388199.0425940672,388199.0425940672,false,21.4763;22.658719;23.506779,21.4763;22.658719;23.506779,NVIDIA H100 80GB HBM3,1.12.6
precision_sweep__20260802T113334.483Z__pid2705,20260802T113334.483Z,precision_sweep,compressed,compressed_dense__N16384__q16__uniform__r64-128__tf32__q8__w1,dense__N16384__tf32,compressed_dense,16384,16,1024,16,uniform,b16_b8,64,128,94.37109375,,97.96875,,60,,9,,q8,tf32,Float32,tf32,20260802,random,1,3,3,one_or_more_tile_stripes,1,compressed_tlr,dense,205455360,1073741824,1279197184,102727680,2147483648,0.6435089111328125,55.433358,55.333178,10.64469,10.633714,22.658719,21.4763,2.128640571026493,2.0196424316095016,1.621283045376e12,1.68309030912e12,3.672248803827751,158115.48378769134,388199.0425940672,false,10.633714;10.64469;10.868184,,NVIDIA H100 80GB HBM3,1.12.6
precision_sweep__20260802T113334.483Z__pid2705,20260802T113334.483Z,precision_sweep,compressed,dense_compressed__N16384__q16__uniform__r64-128__tf32__q8__w1,dense__N16384__tf32,dense_compressed,16384,16,1024,16,uniform,b16_b8,64,128,,94.37109375,,97.96875,,60,,9,q8,tf32,Float32,tf32,20260802,random,1,3,3,one_or_more_tile_stripes,1,dense,compressed_tlr,1073741824,205455360,1279197184,102727680,2147483648,0.6435089111328125,53.914645,53.70366,10.730869,10.70471,22.658719,21.4763,2.1115455793934306,2.0062477171263864,1.621283045376e12,1.68309030912e12,3.672248803827751,156845.66730988887,388199.0425940672,false,10.70471;10.730869;10.770689,,NVIDIA H100 80GB HBM3,1.12.6
precision_sweep__20260802T113334.483Z__pid2705,20260802T113334.483Z,precision_sweep,compressed,compressed_compressed__N16384__q16__uniform__r64-128__tf32__q8__w4,dense__N16384__tf32,compressed_compressed,16384,16,1024,16,uniform,b16_b8,64,128,94.37109375,94.8046875,97.96875,98.28125,60,63,9,9,q8,tf32,Float32,tf32,20260802,random,1,3,3,tlr_tlr_rows,4,compressed_tlr,compressed_tlr,205455360,206110720,411566080,452956416,2147483648,0.40257465839385986,47.567317,47.366075,6.905424,6.898794,22.658719,21.4763,3.281292937262071,3.1130513536133995,9.54380746752e11,9.96694294528e11,4.245388782529174,144334.98863038677,388199.0425940672,false,6.898794;6.913136;6.905424,,NVIDIA H100 80GB HBM3,1.12.6
precision_sweep__20260802T113334.483Z__pid2705,20260802T113334.483Z,precision_sweep,compressed,compressed_dense__N16384__q16__skewed__r64-128__tf32__q8__w1,dense__N16384__tf32,compressed_dense,16384,16,1024,16,skewed,b16_b8,64,128,84.40625,,87.625,,59,,9,,q8,tf32,Float32,tf32,20260802,random,1,3,3,one_or_more_tile_stripes,1,compressed_tlr,dense,183762944,1073741824,1257504768,91881472,2147483648,0.62835693359375,55.324465,55.298096,10.068648,10.034076,22.658719,21.4763,2.2504231948519804,2.14033658903919,1.450088333312e12,1.505386037248e12,3.6733238231098433,149512.23215351257,388199.0425940672,false,10.068648;10.034076;10.294456,,NVIDIA H100 80GB HBM3,1.12.6
precision_sweep__20260802T113334.483Z__pid2705,20260802T113334.483Z,precision_sweep,compressed,dense_compressed__N16384__q16__skewed__r64-128__tf32__q8__w1,dense__N16384__tf32,dense_compressed,16384,16,1024,16,skewed,b16_b8,64,128,,84.40625,,87.625,,59,,9,q8,tf32,Float32,tf32,20260802,random,1,3,3,one_or_more_tile_stripes,1,dense,compressed_tlr,1073741824,183762944,1257504768,91881472,2147483648,0.62835693359375,53.517201,53.380866,10.158613,10.129519,22.658719,21.4763,2.2304933754243814,2.120169773115584,1.450088333312e12,1.505386037248e12,3.6733238231098433,148188.14706771486,388199.0425940672,false,10.200396;10.129519;10.158613,,NVIDIA H100 80GB HBM3,1.12.6
precision_sweep__20260802T113334.483Z__pid2705,20260802T113334.483Z,precision_sweep,compressed,compressed_compressed__N16384__q16__skewed__r64-128__tf32__q8__w4,dense__N16384__tf32,compressed_compressed,16384,16,1024,16,skewed,b16_b8,64,128,84.40625,84.5234375,87.625,88.03125,59,61,9,9,q8,tf32,Float32,tf32,20260802,random,1,3,3,tlr_tlr_rows,4,compressed_tlr,compressed_tlr,183762944,184614912,368377856,402019328,2147483648,0.35874414443969727,104.34752,47.059867,6.212347,6.191416,22.658719,21.4763,3.6473685388147183,3.468721856195739,8.35740250112e11,8.75244552192e11,4.513515906047485,140887.90471491692,388199.0425940672,false,6.212347;6.226848;6.191416,,NVIDIA H100 80GB HBM3,1.12.6
precision_sweep__20260802T113334.483Z__pid2705,20260802T113334.483Z,precision_sweep,compressed,compressed_dense__N16384__q8__uniform__r128-256__tf32__q8__w1,dense__N16384__tf32,compressed_dense,16384,8,2048,8,uniform,b16_b8,128,256,190.40625,,194.25,,53,,17,,q8,tf32,Float32,tf32,20260802,random,1,3,3,one_or_more_tile_stripes,1,compressed_tlr,dense,203685888,1073741824,1277427712,101842944,2147483648,0.64227294921875,8.688133,8.622304,9.837051,9.807607,22.658719,21.4763,2.303405664970122,2.189759438770334,1.635577233408e12,1.668594794496e12,1.9787644787644787,169623.47704571218,388199.0425940672,false,9.807607;9.837051;9.886445,,NVIDIA H100 80GB HBM3,1.12.6
precision_sweep__20260802T113334.483Z__pid2705,20260802T113334.483Z,precision_sweep,compressed,dense_compressed__N16384__q8__uniform__r128-256__tf32__q8__w1,dense__N16384__tf32,dense_compressed,16384,8,2048,8,uniform,b16_b8,128,256,,190.40625,,194.25,,53,,17,q8,tf32,Float32,tf32,20260802,random,1,3,3,one_or_more_tile_stripes,1,dense,compressed_tlr,1073741824,203685888,1277427712,101842944,2147483648,0.64227294921875,8.996624,8.642103,10.194857,10.1704,22.658719,21.4763,2.2225636906922777,2.11164752615433,1.635577233408e12,1.668594794496e12,1.9787644787644787,163670.25005804398,388199.0425940672,false,10.1704;10.194857;10.241978,,NVIDIA H100 80GB HBM3,1.12.6
precision_sweep__20260802T113334.483Z__pid2705,20260802T113334.483Z,precision_sweep,compressed,compressed_compressed__N16384__q8__uniform__r128-256__tf32__q8__w4,dense__N16384__tf32,compressed_compressed,16384,8,2048,8,uniform,b16_b8,128,256,190.40625,192.4375,194.25,195.75,53,50,17,16,q8,tf32,Float32,tf32,20260802,random,1,3,3,tlr_tlr_rows,4,compressed_tlr,compressed_tlr,203685888,205258752,408944640,451241216,2147483648,0.40055525302886963,7.244011,7.193826,5.949093,5.938758,22.658719,21.4763,3.8087686643997665,3.616294854917476,9.57483900928e11,9.78204491776e11,2.118226916989544,164429.1813518464,388199.0425940672,false,5.951827;5.949093;5.938758,,NVIDIA H100 80GB HBM3,1.12.6
precision_sweep__20260802T113334.483Z__pid2705,20260802T113334.483Z,precision_sweep,compressed,compressed_dense__N16384__q8__skewed__r128-256__tf32__q8__w1,dense__N16384__tf32,compressed_dense,16384,8,2048,8,skewed,b16_b8,128,256,170.84375,,174.25,,43,,17,,q8,tf32,Float32,tf32,20260802,random,1,3,3,one_or_more_tile_stripes,1,compressed_tlr,dense,182714368,1073741824,1256456192,91357184,2147483648,0.62762451171875,8.884145,8.622685,9.126178,9.094811,22.658719,21.4763,2.482826764939277,2.361379472316687,1.467536637952e12,1.496796102656e12,1.95480631276901,164011.27642436954,388199.0425940672,false,9.094811;9.126178;9.322501,,NVIDIA H100 80GB HBM3,1.12.6
precision_sweep__20260802T113334.483Z__pid2705,20260802T113334.483Z,precision_sweep,compressed,dense_compressed__N16384__q8__skewed__r128-256__tf32__q8__w1,dense__N16384__tf32,dense_compressed,16384,8,2048,8,skewed,b16_b8,128,256,,170.84375,,174.25,,43,,17,q8,tf32,Float32,tf32,20260802,random,1,3,3,one_or_more_tile_stripes,1,dense,compressed_tlr,1073741824,182714368,1256456192,91357184,2147483648,0.62762451171875,9.457484,8.541222,9.431525,9.389892,22.658719,21.4763,2.402444885636204,2.2871722060275026,1.467536637952e12,1.496796102656e12,1.95480631276901,158701.38738496692,388199.0425940672,false,9.389892;9.431525;9.464253,,NVIDIA H100 80GB HBM3,1.12.6
precision_sweep__20260802T113334.483Z__pid2705,20260802T113334.483Z,precision_sweep,compressed,compressed_compressed__N16384__q8__skewed__r128-256__tf32__q8__w4,dense__N16384__tf32,compressed_compressed,16384,8,2048,8,skewed,b16_b8,128,256,170.84375,172.03125,174.25,175.875,43,44,17,15,q8,tf32,Float32,tf32,20260802,random,1,3,3,tlr_tlr_rows,4,compressed_tlr,compressed_tlr,182714368,184418304,367132672,401843456,2147483648,0.3580824136734009,7.732882,7.128899,5.27888,5.275415,22.658719,21.4763,4.2923345482375055,4.071016213890282,8.40428847104e11,8.61761175552e11,2.4754339198833835,163246.97200012123,388199.0425940672,false,5.302305;5.27888;5.275415,,NVIDIA H100 80GB HBM3,1.12.6
precision_sweep__20260802T113334.483Z__pid2705,20260802T113334.483Z,precision_sweep,baseline,dense__N32768__bf16,dense__N32768__bf16,dense_dense,32768,,,,,,,,,,,,,,,,,bf16,Core.BFloat16,fp32_accumulate,20260802,random,1,3,0,none,0,dense,dense,2147483648,2147483648,4294967296,0,4294967296,1.0,,,90.405826,88.806813,90.405826,88.806813,1.0,1.0,7.0368744177664e13,7.0368744177664e13,0.0,778365.1484768692,778365.1484768692,false,95.463085;90.405826;88.806813,95.463085;90.405826;88.806813,NVIDIA H100 80GB HBM3,1.12.6
precision_sweep__20260802T113334.483Z__pid2705,20260802T113334.483Z,precision_sweep,compressed,compressed_dense__N32768__q16__uniform__r128-256__bf16__q8__w1,dense__N32768__bf16,compressed_dense,32768,16,2048,16,uniform,b16_b8,128,256,188.82421875,,192.4375,,105,,17,,q8,bf16,Core.BFloat16,fp32_accumulate,20260802,random,1,3,3,one_or_more_tile_stripes,1,compressed_tlr,dense,403570688,2147483648,2551054336,201785344,4294967296,0.6409454345703125,57.866139,57.573681,53.228509,52.526067,90.405826,88.806813,1.6984474616788534,1.690718876781694,1.2975901507584e13,1.3224204304384e13,1.877638843780448,248442.1328499733,778365.1484768692,false,52.526067;53.228509;53.966263,,NVIDIA H100 80GB HBM3,1.12.6
precision_sweep__20260802T113334.483Z__pid2705,20260802T113334.483Z,precision_sweep,compressed,dense_compressed__N32768__q16__uniform__r128-256__bf16__q8__w1,dense__N32768__bf16,dense_compressed,32768,16,2048,16,uniform,b16_b8,128,256,,188.82421875,,192.4375,,105,,17,q8,bf16,Core.BFloat16,fp32_accumulate,20260802,random,1,3,3,one_or_more_tile_stripes,1,dense,compressed_tlr,2147483648,403570688,2551054336,201785344,4294967296,0.6409454345703125,56.362208,56.278302,44.314768,43.568572,90.405826,88.806813,2.040083477363573,2.0383227845980354,1.2975901507584e13,1.3224204304384e13,1.877638843780448,298415.2891059703,778365.1484768692,false,44.661538;43.568572;44.314768,,NVIDIA H100 80GB HBM3,1.12.6
precision_sweep__20260802T113334.483Z__pid2705,20260802T113334.483Z,precision_sweep,compressed,compressed_compressed__N32768__q16__uniform__r128-256__bf16__q8__w4,dense__N32768__bf16,compressed_compressed,32768,16,2048,16,uniform,b16_b8,128,256,188.82421875,189.62890625,192.4375,193.0,105,107,17,17,q8,bf16,Core.BFloat16,fp32_accumulate,20260802,random,1,3,3,tlr_tlr_rows,4,compressed_tlr,compressed_tlr,403570688,404750336,808321024,888264448,4294967296,0.3950170874595642,50.22941,49.948751,30.821796,30.74424,90.405826,88.806813,2.9331783910321128,2.888567517037338,7.63465519104e12,7.799256907776e12,2.110479481345064,253043.55748042717,778365.1484768692,false,30.74424;30.821796;30.870629,,NVIDIA H100 80GB HBM3,1.12.6
precision_sweep__20260802T113334.483Z__pid2705,20260802T113334.483Z,precision_sweep,compressed,compressed_dense__N32768__q16__skewed__r128-256__bf16__q8__w1,dense__N32768__bf16,compressed_dense,32768,16,2048,16,skewed,b16_b8,128,256,168.8984375,,172.3125,,94,,17,,q8,bf16,Core.BFloat16,fp32_accumulate,20260802,random,1,3,3,one_or_more_tile_stripes,1,compressed_tlr,dense,361365504,2147483648,2508849152,180682752,4294967296,0.6262054443359375,57.894901,57.44605,47.114028,46.806918,90.405826,88.806813,1.9188727824332916,1.8973010143500582,1.1606612246528e13,1.1841224835072e13,1.9813202756619515,251331.1923801548,778365.1484768692,false,47.114028;46.806918;47.632524,,NVIDIA H100 80GB HBM3,1.12.6
precision_sweep__20260802T113334.483Z__pid2705,20260802T113334.483Z,precision_sweep,compressed,dense_compressed__N32768__q16__skewed__r128-256__bf16__q8__w1,dense__N32768__bf16,dense_compressed,32768,16,2048,16,skewed,b16_b8,128,256,,168.8984375,,172.3125,,94,,17,q8,bf16,Core.BFloat16,fp32_accumulate,20260802,random,1,3,3,one_or_more_tile_stripes,1,dense,compressed_tlr,2147483648,361365504,2508849152,180682752,4294967296,0.6262054443359375,56.220325,56.204492,40.810544,40.270035,90.405826,88.806813,2.2152565768297525,2.2052827369035066,1.1606612246528e13,1.1841224835072e13,1.9813202756619515,290151.1147479926,778365.1484768692,false,41.056012;40.810544;40.270035,,NVIDIA H100 80GB HBM3,1.12.6
precision_sweep__20260802T113334.483Z__pid2705,20260802T113334.483Z,precision_sweep,compressed,compressed_compressed__N32768__q16__skewed__r128-256__bf16__q8__w4,dense__N32768__bf16,compressed_compressed,32768,16,2048,16,skewed,b16_b8,128,256,168.8984375,169.11328125,172.3125,172.625,94,97,17,17,q8,bf16,Core.BFloat16,fp32_accumulate,20260802,random,1,3,3,tlr_tlr_rows,4,compressed_tlr,compressed_tlr,361365504,362020864,723386368,787513728,4294967296,0.3517838418483734,198.026954,157.440566,27.183962,26.959856,90.405826,88.806813,3.325704545937785,3.2940388479819775,6.689797210112e12,6.847664750592e12,2.305421574068034,251900.90946242493,778365.1484768692,false,26.959856;27.183962;27.250692,,NVIDIA H100 80GB HBM3,1.12.6
precision_sweep__20260802T113334.483Z__pid2705,20260802T113334.483Z,precision_sweep,compressed,compressed_dense__N32768__q8__uniform__r256-512__bf16__q8__w1,dense__N32768__bf16,compressed_dense,32768,8,4096,8,uniform,b16_b8,256,512,380.6875,,384.0,,56,,30,,q8,bf16,Core.BFloat16,fp32_accumulate,20260802,random,1,3,3,one_or_more_tile_stripes,1,compressed_tlr,dense,402653184,2147483648,2550136832,201326592,4294967296,0.640625,9.16776,9.083274,44.640636,43.592818,90.405826,88.806813,2.0251912629560205,2.0371890846790404,1.3080322899968e13,1.3194139533312e13,0.8626302083333334,295563.430890904,778365.1484768692,false,43.592818;45.205322;44.640636,,NVIDIA H100 80GB HBM3,1.12.6
precision_sweep__20260802T113334.483Z__pid2705,20260802T113334.483Z,precision_sweep,compressed,dense_compressed__N32768__q8__uniform__r256-512__bf16__q8__w1,dense__N32768__bf16,dense_compressed,32768,8,4096,8,uniform,b16_b8,256,512,,380.6875,,384.0,,56,,30,q8,bf16,Core.BFloat16,fp32_accumulate,20260802,random,1,3,3,one_or_more_tile_stripes,1,dense,compressed_tlr,2147483648,402653184,2550136832,201326592,4294967296,0.640625,8.835302,8.80039,43.615602,41.761628,90.405826,88.806813,2.0727863850188286,2.126517026587182,1.3080322899968e13,1.3194139533312e13,0.8626302083333334,302509.6279380026,778365.1484768692,false,41.761628;43.857064;43.615602,,NVIDIA H100 80GB HBM3,1.12.6
precision_sweep__20260802T113334.483Z__pid2705,20260802T113334.483Z,precision_sweep,compressed,compressed_compressed__N32768__q8__uniform__r256-512__bf16__q8__w4,dense__N32768__bf16,compressed_compressed,32768,8,4096,8,uniform,b16_b8,256,512,380.6875,384.765625,384.0,387.875,56,57,30,28,q8,bf16,Core.BFloat16,fp32_accumulate,20260802,random,1,3,3,tlr_tlr_rows,4,compressed_tlr,compressed_tlr,402653184,406716416,809369600,893226368,4294967296,0.3964165151119232,7.676789,7.670879,26.93504,26.538906,90.405826,88.806813,3.3564392701848598,3.346287635217518,7.656577581056e12,7.729208885248e12,0.9396990723154657,286957.3939837476,778365.1484768692,false,26.538906;26.93504;26.992736,,NVIDIA H100 80GB HBM3,1.12.6
precision_sweep__20260802T113334.483Z__pid2705,20260802T113334.483Z,precision_sweep,compressed,compressed_dense__N32768__q8__skewed__r256-512__bf16__q8__w1,dense__N32768__bf16,compressed_dense,32768,8,4096,8,skewed,b16_b8,256,512,341.84375,,345.625,,48,,28,,q8,bf16,Core.BFloat16,fp32_accumulate,20260802,random,1,3,3,one_or_more_tile_stripes,1,compressed_tlr,dense,362414080,2147483648,2509897728,181207040,4294967296,0.6265716552734375,9.052407,8.940179,43.999016,42.30432,90.405826,88.806813,2.054723814732584,2.0992374537635876,1.1745661812736e13,1.187558457344e13,1.0940325497287522,269905.68546896597,778365.1484768692,false,42.30432;43.999016;44.477372,,NVIDIA H100 80GB HBM3,1.12.6
precision_sweep__20260802T113334.483Z__pid2705,20260802T113334.483Z,precision_sweep,compressed,dense_compressed__N32768__q8__skewed__r256-512__bf16__q8__w1,dense__N32768__bf16,dense_compressed,32768,8,4096,8,skewed,b16_b8,256,512,,341.84375,,345.625,,48,,28,q8,bf16,Core.BFloat16,fp32_accumulate,20260802,random,1,3,3,one_or_more_tile_stripes,1,dense,compressed_tlr,2147483648,362414080,2509897728,181207040,4294967296,0.6265716552734375,9.008792,8.975332,38.640377,38.149432,90.405826,88.806813,2.3396724623054275,2.327867240592206,1.1745661812736e13,1.187558457344e13,1.0940325497287522,307336.14667993534,778365.1484768692,false,38.149432;38.653266;38.640377,,NVIDIA H100 80GB HBM3,1.12.6
precision_sweep__20260802T113334.483Z__pid2705,20260802T113334.483Z,precision_sweep,compressed,compressed_compressed__N32768__q8__skewed__r256-512__bf16__q8__w4,dense__N32768__bf16,compressed_compressed,32768,8,4096,8,skewed,b16_b8,256,512,341.84375,344.34375,345.625,347.875,48,53,28,25,q8,bf16,Core.BFloat16,fp32_accumulate,20260802,random,1,3,3,tlr_tlr_rows,4,compressed_tlr,compressed_tlr,362414080,364773376,727187456,794297344,4294967296,0.3542482852935791,7.60413,7.538611,24.019967,23.873908,90.405826,88.806813,3.7637781101031487,3.7198272272809296,6.729015754752e12,6.817208860672e12,1.2936834960240085,283814.2475662852,778365.1484768692,false,23.873908;24.100036;24.019967,,NVIDIA H100 80GB HBM3,1.12.6
precision_sweep__20260802T113334.483Z__pid2705,20260802T113334.483Z,precision_sweep,baseline,dense__N32768__fp16,dense__N32768__fp16,dense_dense,32768,,,,,,,,,,,,,,,,,fp16,Float16,fp32_accumulate,20260802,random,1,3,0,none,0,dense,dense,2147483648,2147483648,4294967296,0,4294967296,1.0,,,92.333591,92.094253,92.333591,92.094253,1.0,1.0,7.0368744177664e13,7.0368744177664e13,0.0,762114.2361685467,762114.2361685467,false,95.537485;92.333591;92.094253,95.537485;92.333591;92.094253,NVIDIA H100 80GB HBM3,1.12.6
precision_sweep__20260802T113334.483Z__pid2705,20260802T113334.483Z,precision_sweep,compressed,compressed_dense__N32768__q16__uniform__r128-256__fp16__q8__w1,dense__N32768__fp16,compressed_dense,32768,16,2048,16,uniform,b16_b8,128,256,188.82421875,,192.4375,,105,,17,,q8,fp16,Float16,fp32_accumulate,20260802,random,1,3,3,one_or_more_tile_stripes,1,compressed_tlr,dense,403570688,2147483648,2551054336,201785344,4294967296,0.6409454345703125,56.24333,55.954899,53.730229,53.472183,92.333591,92.094253,1.718466359039713,1.7222833973320295,1.2975901507584e13,1.3224204304384e13,1.877638843780448,246122.2397616061,762114.2361685467,false,53.472183;54.107394;53.730229,,NVIDIA H100 80GB HBM3,1.12.6
precision_sweep__20260802T113334.483Z__pid2705,20260802T113334.483Z,precision_sweep,compressed,dense_compressed__N32768__q16__uniform__r128-256__fp16__q8__w1,dense__N32768__fp16,dense_compressed,32768,16,2048,16,uniform,b16_b8,128,256,,188.82421875,,192.4375,,105,,17,q8,fp16,Float16,fp32_accumulate,20260802,random,1,3,3,one_or_more_tile_stripes,1,dense,compressed_tlr,2147483648,403570688,2551054336,201785344,4294967296,0.6409454345703125,53.945011,53.930368,46.760189,46.041573,92.333591,92.094253,1.974619713363434,2.0002412384998225,1.2975901507584e13,1.3224204304384e13,1.877638843780448,282809.04305977037,762114.2361685467,false,46.041573;46.760189;47.815979,,NVIDIA H100 80GB HBM3,1.12.6
precision_sweep__20260802T113334.483Z__pid2705,20260802T113334.483Z,precision_sweep,compressed,compressed_compressed__N32768__q16__uniform__r128-256__fp16__q8__w4,dense__N32768__fp16,compressed_compressed,32768,16,2048,16,uniform,b16_b8,128,256,188.82421875,189.62890625,192.4375,193.0,105,107,17,17,q8,fp16,Float16,fp32_accumulate,20260802,random,1,3,3,tlr_tlr_rows,4,compressed_tlr,compressed_tlr,403570688,404750336,808321024,888264448,4294967296,0.3950170874595642,48.891958,48.712791,28.960431,28.929274,92.333591,92.094253,3.188267156659374,3.183427727913255,7.63465519104e12,7.799256907776e12,2.110479481345064,269307.34932004294,762114.2361685467,false,28.960431;29.270825;28.929274,,NVIDIA H100 80GB HBM3,1.12.6
precision_sweep__20260802T113334.483Z__pid2705,20260802T113334.483Z,precision_sweep,compressed,compressed_dense__N32768__q16__skewed__r128-256__fp16__q8__w1,dense__N32768__fp16,compressed_dense,32768,16,2048,16,skewed,b16_b8,128,256,168.8984375,,172.3125,,94,,17,,q8,fp16,Float16,fp32_accumulate,20260802,random,1,3,3,one_or_more_tile_stripes,1,compressed_tlr,dense,361365504,2147483648,2508849152,180682752,4294967296,0.6262054443359375,56.027527,55.744263,48.074925,47.987044,92.333591,92.094253,1.9206185137054295,1.9191482809401637,1.1606612246528e13,1.1841224835072e13,1.9813202756619515,246307.7131180548,762114.2361685467,false,48.074925;47.987044;48.555875,,NVIDIA H100 80GB HBM3,1.12.6
precision_sweep__20260802T113334.483Z__pid2705,20260802T113334.483Z,precision_sweep,compressed,dense_compressed__N32768__q16__skewed__r128-256__fp16__q8__w1,dense__N32768__fp16,dense_compressed,32768,16,2048,16,skewed,b16_b8,128,256,,168.8984375,,172.3125,,94,,17,q8,fp16,Float16,fp32_accumulate,20260802,random,1,3,3,one_or_more_tile_stripes,1,dense,compressed_tlr,2147483648,361365504,2508849152,180682752,4294967296,0.6262054443359375,54.128034,53.874174,41.551463,41.401319,92.333591,92.094253,2.222150180367897,2.2244279946733094,1.1606612246528e13,1.1841224835072e13,1.9813202756619515,284977.3264318515,762114.2361685467,false,41.551463;42.37115;41.401319,,NVIDIA H100 80GB HBM3,1.12.6
precision_sweep__20260802T113334.483Z__pid2705,20260802T113334.483Z,precision_sweep,compressed,compressed_compressed__N32768__q16__skewed__r128-256__fp16__q8__w4,dense__N32768__fp16,compressed_compressed,32768,16,2048,16,skewed,b16_b8,128,256,168.8984375,169.11328125,172.3125,172.625,94,97,17,17,q8,fp16,Float16,fp32_accumulate,20260802,random,1,3,3,tlr_tlr_rows,4,compressed_tlr,compressed_tlr,361365504,362020864,723386368,787513728,4294967296,0.3517838418483734,48.210068,48.155286,25.681513,25.598339,92.333591,92.094253,3.5953329930366644,3.5976651844481,6.689797210112e12,6.847664750592e12,2.305421574068034,266637.90215911344,762114.2361685467,false,25.598339;25.723546;25.681513,,NVIDIA H100 80GB HBM3,1.12.6
precision_sweep__20260802T113334.483Z__pid2705,20260802T113334.483Z,precision_sweep,compressed,compressed_dense__N32768__q8__uniform__r256-512__fp16__q8__w1,dense__N32768__fp16,compressed_dense,32768,8,4096,8,uniform,b16_b8,256,512,380.6875,,384.0,,56,,30,,q8,fp16,Float16,fp32_accumulate,20260802,random,1,3,3,one_or_more_tile_stripes,1,compressed_tlr,dense,402653184,2147483648,2550136832,201326592,4294967296,0.640625,8.695803,8.668793,46.732126,43.839537,92.333591,92.094253,1.9758054876424838,2.100712263452965,1.3080322899968e13,1.3194139533312e13,0.8626302083333334,282335.5293810515,762114.2361685467,false,43.839537;46.732126;46.758075,,NVIDIA H100 80GB HBM3,1.12.6
precision_sweep__20260802T113334.483Z__pid2705,20260802T113334.483Z,precision_sweep,compressed,dense_compressed__N32768__q8__uniform__r256-512__fp16__q8__w1,dense__N32768__fp16,dense_compressed,32768,8,4096,8,uniform,b16_b8,256,512,,380.6875,,384.0,,56,,30,q8,fp16,Float16,fp32_accumulate,20260802,random,1,3,3,one_or_more_tile_stripes,1,dense,compressed_tlr,2147483648,402653184,2550136832,201326592,4294967296,0.640625,9.009633,8.636255,44.471834,43.077607,92.333591,92.094253,2.0762262919042196,2.137868359307888,1.3080322899968e13,1.3194139533312e13,0.8626302083333334,296685.3027314322,762114.2361685467,false,43.077607;45.299943;44.471834,,NVIDIA H100 80GB HBM3,1.12.6
precision_sweep__20260802T113334.483Z__pid2705,20260802T113334.483Z,precision_sweep,compressed,compressed_compressed__N32768__q8__uniform__r256-512__fp16__q8__w4,dense__N32768__fp16,compressed_compressed,32768,8,4096,8,uniform,b16_b8,256,512,380.6875,384.765625,384.0,387.875,56,57,30,28,q8,fp16,Float16,fp32_accumulate,20260802,random,1,3,3,tlr_tlr_rows,4,compressed_tlr,compressed_tlr,402653184,406716416,809369600,893226368,4294967296,0.3964165151119232,7.598752,7.292693,25.517949,25.468365,92.333591,92.094253,3.6183782246762854,3.6160253318185127,7.656577581056e12,7.729208885248e12,0.9396990723154657,302893.02973557945,762114.2361685467,false,25.517949;25.65272;25.468365,,NVIDIA H100 80GB HBM3,1.12.6
precision_sweep__20260802T113334.483Z__pid2705,20260802T113334.483Z,precision_sweep,compressed,compressed_dense__N32768__q8__skewed__r256-512__fp16__q8__w1,dense__N32768__fp16,compressed_dense,32768,8,4096,8,skewed,b16_b8,256,512,341.84375,,345.625,,48,,28,,q8,fp16,Float16,fp32_accumulate,20260802,random,1,3,3,one_or_more_tile_stripes,1,compressed_tlr,dense,362414080,2147483648,2509897728,181207040,4294967296,0.6265716552734375,8.631868,8.538328,44.472945,43.479559,92.333591,92.094253,2.076174424697982,2.118104578751592,1.1745661812736e13,1.187558457344e13,1.0940325497287522,267029.4169509125,762114.2361685467,false,43.479559;44.472945;45.074085,,NVIDIA H100 80GB HBM3,1.12.6
precision_sweep__20260802T113334.483Z__pid2705,20260802T113334.483Z,precision_sweep,compressed,dense_compressed__N32768__q8__skewed__r256-512__fp16__q8__w1,dense__N32768__fp16,dense_compressed,32768,8,4096,8,skewed,b16_b8,256,512,,341.84375,,345.625,,48,,28,q8,fp16,Float16,fp32_accumulate,20260802,random,1,3,3,one_or_more_tile_stripes,1,dense,compressed_tlr,2147483648,362414080,2509897728,181207040,4294967296,0.6265716552734375,8.748122,8.600721,40.07254,39.390369,92.333591,92.094253,2.304161178702423,2.3379890906835628,1.1745661812736e13,1.187558457344e13,1.0940325497287522,296352.1796581899,762114.2361685467,false,39.390369;40.07254;40.602704,,NVIDIA H100 80GB HBM3,1.12.6
precision_sweep__20260802T113334.483Z__pid2705,20260802T113334.483Z,precision_sweep,compressed,compressed_compressed__N32768__q8__skewed__r256-512__fp16__q8__w4,dense__N32768__fp16,compressed_compressed,32768,8,4096,8,skewed,b16_b8,256,512,341.84375,344.34375,345.625,347.875,48,53,28,25,q8,fp16,Float16,fp32_accumulate,20260802,random,1,3,3,tlr_tlr_rows,4,compressed_tlr,compressed_tlr,362414080,364773376,727187456,794297344,4294967296,0.3542482852935791,7.309448,7.283009,23.215733,23.033721,92.333591,92.094253,3.9771990399786215,3.9982360210058983,6.729015754752e12,6.817208860672e12,1.2936834960240085,293646.07443891605,762114.2361685467,false,23.033721;23.215733;23.295753,,NVIDIA H100 80GB HBM3,1.12.6
precision_sweep__20260802T113334.483Z__pid2705,20260802T113334.483Z,precision_sweep,baseline,dense__N32768__fp32,dense__N32768__fp32,dense_dense,32768,,,,,,,,,,,,,,,,,fp32,Float32,fp32,20260802,random,1,3,0,none,0,dense,dense,4294967296,4294967296,8589934592,0,8589934592,1.0,,,1337.832854,1335.339882,1337.832854,1335.339882,1.0,1.0,7.0368744177664e13,7.0368744177664e13,0.0,52599.05523120305,52599.05523120305,false,1338.34535;1337.83285;1335.33988,1338.34535;1337.83285;1335.33988,NVIDIA H100 80GB HBM3,1.12.6
precision_sweep__20260802T113334.483Z__pid2705,20260802T113334.483Z,precision_sweep,compressed,compressed_dense__N32768__q16__uniform__r128-256__fp32__q8__w1,dense__N32768__fp32,compressed_dense,32768,16,2048,16,uniform,b16_b8,128,256,188.82421875,,192.4375,,105,,17,,q8,fp32,Float32,fp32,20260802,random,1,3,3,one_or_more_tile_stripes,1,compressed_tlr,dense,807141376,4294967296,5102108672,403570688,8589934592,0.6409454345703125,55.128352,54.971066,369.279409,369.267491,1337.832854,1335.339882,3.622820069017171,3.6161858667379954,1.2975901507584e13,1.3224204304384e13,1.877638843780448,35810.83586597703,52599.05523120305,false,369.267491;369.279409;369.340581,,NVIDIA H100 80GB HBM3,1.12.6
precision_sweep__20260802T113334.483Z__pid2705,20260802T113334.483Z,precision_sweep,compressed,dense_compressed__N32768__q16__uniform__r128-256__fp32__q8__w1,dense__N32768__fp32,dense_compressed,32768,16,2048,16,uniform,b16_b8,128,256,,188.82421875,,192.4375,,105,,17,q8,fp32,Float32,fp32,20260802,random,1,3,3,one_or_more_tile_stripes,1,dense,compressed_tlr,4294967296,807141376,5102108672,403570688,8589934592,0.6409454345703125,53.571081,53.375067,301.553685,301.552463,1337.832854,1335.339882,4.4364666079275406,4.428217460787247,1.2975901507584e13,1.3224204304384e13,1.877638843780448,43853.56559109533,52599.05523120305,false,301.553685;301.552463;301.745573,,NVIDIA H100 80GB HBM3,1.12.6
precision_sweep__20260802T113334.483Z__pid2705,20260802T113334.483Z,precision_sweep,compressed,compressed_compressed__N32768__q16__uniform__r128-256__fp32__q8__w4,dense__N32768__fp32,compressed_compressed,32768,16,2048,16,uniform,b16_b8,128,256,188.82421875,189.62890625,192.4375,193.0,105,107,17,17,q8,fp32,Float32,fp32,20260802,random,1,3,3,tlr_tlr_rows,4,compressed_tlr,compressed_tlr,807141376,809500672,1616642048,1776528896,8589934592,0.3950170874595642,47.769149,47.758282,170.845747,170.797734,1337.832854,1335.339882,7.830647689462238,7.818252916634129,7.63465519104e12,7.799256907776e12,2.110479481345064,45650.8695400887,52599.05523120305,false,170.845747;170.948831;170.797734,,NVIDIA H100 80GB HBM3,1.12.6
precision_sweep__20260802T113334.483Z__pid2705,20260802T113334.483Z,precision_sweep,compressed,compressed_dense__N32768__q16__skewed__r128-256__fp32__q8__w1,dense__N32768__fp32,compressed_dense,32768,16,2048,16,skewed,b16_b8,128,256,168.8984375,,172.3125,,94,,17,,q8,fp32,Float32,fp32,20260802,random,1,3,3,one_or_more_tile_stripes,1,compressed_tlr,dense,722731008,4294967296,5017698304,361365504,8589934592,0.6262054443359375,55.187039,55.137535,357.568804,357.502705,1337.832854,1335.339882,3.741469722845285,3.735188191093547,1.1606612246528e13,1.1841224835072e13,1.9813202756619515,33115.93378003971,52599.05523120305,false,357.568804;357.763115;357.502705,,NVIDIA H100 80GB HBM3,1.12.6
precision_sweep__20260802T113334.483Z__pid2705,20260802T113334.483Z,precision_sweep,compressed,dense_compressed__N32768__q16__skewed__r128-256__fp32__q8__w1,dense__N32768__fp32,dense_compressed,32768,16,2048,16,skewed,b16_b8,128,256,,168.8984375,,172.3125,,94,,17,q8,fp32,Float32,fp32,20260802,random,1,3,3,one_or_more_tile_stripes,1,dense,compressed_tlr,4294967296,722731008,5017698304,361365504,8589934592,0.6262054443359375,54.080373,53.748446,279.836895,279.769294,1337.832854,1335.339882,4.780759356267157,4.773003723560885,1.1606612246528e13,1.1841224835072e13,1.9813202756619515,42314.737787066995,52599.05523120305,false,280.017896;279.769294;279.836895,,NVIDIA H100 80GB HBM3,1.12.6
precision_sweep__20260802T113334.483Z__pid2705,20260802T113334.483Z,precision_sweep,compressed,compressed_compressed__N32768__q16__skewed__r128-256__fp32__q8__w4,dense__N32768__fp32,compressed_compressed,32768,16,2048,16,skewed,b16_b8,128,256,168.8984375,169.11328125,172.3125,172.625,94,97,17,17,q8,fp32,Float32,fp32,20260802,random,1,3,3,tlr_tlr_rows,4,compressed_tlr,compressed_tlr,722731008,724041728,1446772736,1575027456,8589934592,0.3517838418483734,47.665993,47.620325,151.65713,151.654265,1337.832854,1335.339882,8.821430644243367,8.80515877347729,6.689797210112e12,6.847664750592e12,2.305421574068034,45152.2770514779,52599.05523120305,false,151.80435;151.654265;151.65713,,NVIDIA H100 80GB HBM3,1.12.6
precision_sweep__20260802T113334.483Z__pid2705,20260802T113334.483Z,precision_sweep,compressed,compressed_dense__N32768__q8__uniform__r256-512__fp32__q8__w1,dense__N32768__fp32,compressed_dense,32768,8,4096,8,uniform,b16_b8,256,512,380.6875,,384.0,,56,,30,,q8,fp32,Float32,fp32,20260802,random,1,3,3,one_or_more_tile_stripes,1,compressed_tlr,dense,805306368,4294967296,5100273664,402653184,8589934592,0.640625,20.232339,17.320721,332.746115,332.723521,1337.832854,1335.339882,4.0205814393956185,4.013361838642,1.3080322899968e13,1.3194139533312e13,0.8626302083333334,39652.272223559994,52599.05523120305,false,332.723521;332.746115;332.821778,,NVIDIA H100 80GB HBM3,1.12.6
precision_sweep__20260802T113334.483Z__pid2705,20260802T113334.483Z,precision_sweep,compressed,dense_compressed__N32768__q8__uniform__r256-512__fp32__q8__w1,dense__N32768__fp32,dense_compressed,32768,8,4096,8,uniform,b16_b8,256,512,,380.6875,,384.0,,56,,30,q8,fp32,Float32,fp32,20260802,random,1,3,3,one_or_more_tile_stripes,1,dense,compressed_tlr,4294967296,805306368,5100273664,402653184,8589934592,0.640625,8.642745,8.624477,278.832061,278.805301,1337.832854,1335.339882,4.797987897094804,4.789506789184041,1.3080322899968e13,1.3194139533312e13,0.8626302083333334,47319.3056996125,52599.05523120305,false,278.832061;279.273251;278.805301,,NVIDIA H100 80GB HBM3,1.12.6
precision_sweep__20260802T113334.483Z__pid2705,20260802T113334.483Z,precision_sweep,compressed,compressed_compressed__N32768__q8__uniform__r256-512__fp32__q8__w4,dense__N32768__fp32,compressed_compressed,32768,8,4096,8,uniform,b16_b8,256,512,380.6875,384.765625,384.0,387.875,56,57,30,28,q8,fp32,Float32,fp32,20260802,random,1,3,3,tlr_tlr_rows,4,compressed_tlr,compressed_tlr,805306368,813432832,1618739200,1786452736,8589934592,0.3964165151119232,7.23658,7.229519,163.25738,163.18428,1337.832854,1335.339882,8.194624059261516,8.183017886281693,7.656577581056e12,7.729208885248e12,0.9396990723154657,47343.70284055765,52599.05523120305,false,163.25738;163.18428;163.268075,,NVIDIA H100 80GB HBM3,1.12.6
precision_sweep__20260802T113334.483Z__pid2705,20260802T113334.483Z,precision_sweep,compressed,compressed_dense__N32768__q8__skewed__r256-512__fp32__q8__w1,dense__N32768__fp32,compressed_dense,32768,8,4096,8,skewed,b16_b8,256,512,341.84375,,345.625,,48,,28,,q8,fp32,Float32,fp32,20260802,random,1,3,3,one_or_more_tile_stripes,1,compressed_tlr,dense,724828160,4294967296,5019795456,362414080,8589934592,0.6265716552734375,8.684447,8.623125,294.535883,294.409613,1337.832854,1335.339882,4.5421727239937,4.535653127603547,1.1745661812736e13,1.187558457344e13,1.0940325497287522,40319.65291454828,52599.05523120305,false,295.171143;294.535883;294.409613,,NVIDIA H100 80GB HBM3,1.12.6
precision_sweep__20260802T113334.483Z__pid2705,20260802T113334.483Z,precision_sweep,compressed,dense_compressed__N32768__q8__skewed__r256-512__fp32__q8__w1,dense__N32768__fp32,dense_compressed,32768,8,4096,8,skewed,b16_b8,256,512,,341.84375,,345.625,,48,,28,q8,fp32,Float32,fp32,20260802,random,1,3,3,one_or_more_tile_stripes,1,dense,compressed_tlr,4294967296,724828160,5019795456,362414080,8589934592,0.6265716552734375,9.009624,8.818467,252.472643,252.399494,1337.832854,1335.339882,5.298922045981829,5.29058066178215,1.1745661812736e13,1.187558457344e13,1.0940325497287522,47037.114327828385,52599.05523120305,false,252.670099;252.399494;252.472643,,NVIDIA H100 80GB HBM3,1.12.6
precision_sweep__20260802T113334.483Z__pid2705,20260802T113334.483Z,precision_sweep,compressed,compressed_compressed__N32768__q8__skewed__r256-512__fp32__q8__w4,dense__N32768__fp32,compressed_compressed,32768,8,4096,8,skewed,b16_b8,256,512,341.84375,344.34375,345.625,347.875,48,53,28,25,q8,fp32,Float32,fp32,20260802,random,1,3,3,tlr_tlr_rows,4,compressed_tlr,compressed_tlr,724828160,729546752,1454374912,1588594688,8589934592,0.3542482852935791,7.249559,7.246585,144.408101,144.382022,1337.832854,1335.339882,9.264250722333092,9.248657578711565,6.729015754752e12,6.817208860672e12,1.2936834960240085,47207.939260083476,52599.05523120305,false,144.408101;144.496814;144.382022,,NVIDIA H100 80GB HBM3,1.12.6
precision_sweep__20260802T113334.483Z__pid2705,20260802T113334.483Z,precision_sweep,baseline,dense__N32768__tf32,dense__N32768__tf32,dense_dense,32768,,,,,,,,,,,,,,,,,tf32,Float32,tf32,20260802,random,1,3,0,none,0,dense,dense,4294967296,4294967296,8589934592,0,8589934592,1.0,,,187.417937,186.711379,187.417937,186.711379,1.0,1.0,7.0368744177664e13,7.0368744177664e13,0.0,375464.298156606,375464.298156606,false,186.711379;187.891155;187.417937,186.711379;187.891155;187.417937,NVIDIA H100 80GB HBM3,1.12.6
precision_sweep__20260802T113334.483Z__pid2705,20260802T113334.483Z,precision_sweep,compressed,compressed_dense__N32768__q16__uniform__r128-256__tf32__q8__w1,dense__N32768__tf32,compressed_dense,32768,16,2048,16,uniform,b16_b8,128,256,188.82421875,,192.4375,,105,,17,,q8,tf32,Float32,tf32,20260802,random,1,3,3,one_or_more_tile_stripes,1,compressed_tlr,dense,807141376,4294967296,5102108672,403570688,8589934592,0.6409454345703125,55.212276,55.085808,88.801033,87.754197,187.417937,186.711379,2.1105378019645333,2.127663238716662,1.2975901507584e13,1.3224204304384e13,1.877638843780448,148919.48728100944,375464.298156606,false,89.477276;87.754197;88.801033,,NVIDIA H100 80GB HBM3,1.12.6
precision_sweep__20260802T113334.483Z__pid2705,20260802T113334.483Z,precision_sweep,compressed,dense_compressed__N32768__q16__uniform__r128-256__tf32__q8__w1,dense__N32768__tf32,dense_compressed,32768,16,2048,16,uniform,b16_b8,128,256,,188.82421875,,192.4375,,105,,17,q8,tf32,Float32,tf32,20260802,random,1,3,3,one_or_more_tile_stripes,1,dense,compressed_tlr,4294967296,807141376,5102108672,403570688,8589934592,0.6409454345703125,155.21206,53.291483,83.323116,82.858059,187.417937,186.711379,2.2492910250740024,2.2533882793464906,1.2975901507584e13,1.3224204304384e13,1.877638843780448,158709.91075734614,375464.298156606,false,83.522805;82.858059;83.323116,,NVIDIA H100 80GB HBM3,1.12.6
precision_sweep__20260802T113334.483Z__pid2705,20260802T113334.483Z,precision_sweep,compressed,compressed_compressed__N32768__q16__uniform__r128-256__tf32__q8__w4,dense__N32768__tf32,compressed_compressed,32768,16,2048,16,uniform,b16_b8,128,256,188.82421875,189.62890625,192.4375,193.0,105,107,17,17,q8,tf32,Float32,tf32,20260802,random,1,3,3,tlr_tlr_rows,4,compressed_tlr,compressed_tlr,807141376,809500672,1616642048,1776528896,8589934592,0.3950170874595642,47.648607,47.451032,47.962507,47.780274,187.417937,186.711379,3.9075925910211486,3.9077084195875478,7.63465519104e12,7.799256907776e12,2.110479481345064,162611.5354598958,375464.298156606,false,47.780274;47.962507;48.082226,,NVIDIA H100 80GB HBM3,1.12.6
precision_sweep__20260802T113334.483Z__pid2705,20260802T113334.483Z,precision_sweep,compressed,compressed_dense__N32768__q16__skewed__r128-256__tf32__q8__w1,dense__N32768__tf32,compressed_dense,32768,16,2048,16,skewed,b16_b8,128,256,168.8984375,,172.3125,,94,,17,,q8,tf32,Float32,tf32,20260802,random,1,3,3,one_or_more_tile_stripes,1,compressed_tlr,dense,722731008,4294967296,5017698304,361365504,8589934592,0.6262054443359375,55.043234,54.867171,84.751443,83.407261,187.417937,186.711379,2.2113834333180615,2.2385506580775982,1.1606612246528e13,1.1841224835072e13,1.9813202756619515,139717.08818069327,375464.298156606,false,83.407261;84.754448;84.751443,,NVIDIA H100 80GB HBM3,1.12.6
precision_sweep__20260802T113334.483Z__pid2705,20260802T113334.483Z,precision_sweep,compressed,dense_compressed__N32768__q16__skewed__r128-256__tf32__q8__w1,dense__N32768__tf32,dense_compressed,32768,16,2048,16,skewed,b16_b8,128,256,,168.8984375,,172.3125,,94,,17,q8,tf32,Float32,tf32,20260802,random,1,3,3,one_or_more_tile_stripes,1,dense,compressed_tlr,4294967296,722731008,5017698304,361365504,8589934592,0.6262054443359375,53.547805,53.462549,78.679817,77.567042,187.417937,186.711379,2.3820332093553294,2.4070968053674133,1.1606612246528e13,1.1841224835072e13,1.9813202756619515,150498.8863290315,375464.298156606,false,78.679817;78.953096;77.567042,,NVIDIA H100 80GB HBM3,1.12.6
precision_sweep__20260802T113334.483Z__pid2705,20260802T113334.483Z,precision_sweep,compressed,compressed_compressed__N32768__q16__skewed__r128-256__tf32__q8__w4,dense__N32768__tf32,compressed_compressed,32768,16,2048,16,skewed,b16_b8,128,256,168.8984375,169.11328125,172.3125,172.625,94,97,17,17,q8,tf32,Float32,tf32,20260802,random,1,3,3,tlr_tlr_rows,4,compressed_tlr,compressed_tlr,722731008,724041728,1446772736,1575027456,8589934592,0.3517838418483734,47.685162,47.572373,42.820301,40.83479,187.417937,186.711379,4.376847724634163,4.572360455386204,6.689797210112e12,6.847664750592e12,2.305421574068034,159916.31517471117,375464.298156606,false,40.83479;42.820301;43.705216,,NVIDIA H100 80GB HBM3,1.12.6
precision_sweep__20260802T113334.483Z__pid2705,20260802T113334.483Z,precision_sweep,compressed,compressed_dense__N32768__q8__uniform__r256-512__tf32__q8__w1,dense__N32768__tf32,compressed_dense,32768,8,4096,8,uniform,b16_b8,256,512,380.6875,,384.0,,56,,30,,q8,tf32,Float32,tf32,20260802,random,1,3,3,one_or_more_tile_stripes,1,compressed_tlr,dense,805306368,4294967296,5100273664,402653184,8589934592,0.640625,8.711037,8.558598,76.13649,74.963054,187.417937,186.711379,2.4616046392472257,2.490712011279583,1.3080322899968e13,1.3194139533312e13,0.8626302083333334,173295.8734151259,375464.298156606,false,77.016087;74.963054;76.13649,,NVIDIA H100 80GB HBM3,1.12.6
precision_sweep__20260802T113334.483Z__pid2705,20260802T113334.483Z,precision_sweep,compressed,dense_compressed__N32768__q8__uniform__r256-512__tf32__q8__w1,dense__N32768__tf32,dense_compressed,32768,8,4096,8,uniform,b16_b8,256,512,,380.6875,,384.0,,56,,30,q8,tf32,Float32,tf32,20260802,random,1,3,3,one_or_more_tile_stripes,1,dense,compressed_tlr,4294967296,805306368,5100273664,402653184,8589934592,0.640625,8.659089,8.575514,78.36776,77.068045,187.417937,186.711379,2.3915183616323854,2.422682176510381,1.3080322899968e13,1.3194139533312e13,0.8626302083333334,168361.83059605124,375464.298156606,false,79.6979;78.36776;77.068045,,NVIDIA H100 80GB HBM3,1.12.6
precision_sweep__20260802T113334.483Z__pid2705,20260802T113334.483Z,precision_sweep,compressed,compressed_compressed__N32768__q8__uniform__r256-512__tf32__q8__w4,dense__N32768__tf32,compressed_compressed,32768,8,4096,8,uniform,b16_b8,256,512,380.6875,384.765625,384.0,387.875,56,57,30,28,q8,tf32,Float32,tf32,20260802,random,1,3,3,tlr_tlr_rows,4,compressed_tlr,compressed_tlr,805306368,813432832,1618739200,1786452736,8589934592,0.3964165151119232,7.406905,7.253996,44.864481,44.288058,187.417937,186.711379,4.177423494545719,4.215840283626796,7.656577581056e12,7.729208885248e12,0.9396990723154657,172279.02146573365,375464.298156606,false,44.288058;44.864481;45.829976,,NVIDIA H100 80GB HBM3,1.12.6
precision_sweep__20260802T113334.483Z__pid2705,20260802T113334.483Z,precision_sweep,compressed,compressed_dense__N32768__q8__skewed__r256-512__tf32__q8__w1,dense__N32768__tf32,compressed_dense,32768,8,4096,8,skewed,b16_b8,256,512,341.84375,,345.625,,48,,28,,q8,tf32,Float32,tf32,20260802,random,1,3,3,one_or_more_tile_stripes,1,compressed_tlr,dense,724828160,4294967296,5019795456,362414080,8589934592,0.6265716552734375,8.895402,8.807191,70.360977,70.342169,187.417937,186.711379,2.663663084155298,2.6543307045308766,1.1745661812736e13,1.187558457344e13,1.0940325497287522,168780.83676183177,375464.298156606,false,71.215536;70.342169;70.360977,,NVIDIA H100 80GB HBM3,1.12.6
precision_sweep__20260802T113334.483Z__pid2705,20260802T113334.483Z,precision_sweep,compressed,dense_compressed__N32768__q8__skewed__r256-512__tf32__q8__w1,dense__N32768__tf32,dense_compressed,32768,8,4096,8,skewed,b16_b8,256,512,,341.84375,,345.625,,48,,28,q8,tf32,Float32,tf32,20260802,random,1,3,3,one_or_more_tile_stripes,1,dense,compressed_tlr,4294967296,724828160,5019795456,362414080,8589934592,0.6265716552734375,8.739258,8.630145,72.055313,71.506011,187.417937,186.711379,2.601028698605473,2.6111284406565485,1.1745661812736e13,1.187558457344e13,1.0940325497287522,164812.06005503022,375464.298156606,false,73.605994;72.055313;71.506011,,NVIDIA H100 80GB HBM3,1.12.6
precision_sweep__20260802T113334.483Z__pid2705,20260802T113334.483Z,precision_sweep,compressed,compressed_compressed__N32768__q8__skewed__r256-512__tf32__q8__w4,dense__N32768__tf32,compressed_compressed,32768,8,4096,8,skewed,b16_b8,256,512,341.84375,344.34375,345.625,347.875,48,53,28,25,q8,tf32,Float32,tf32,20260802,random,1,3,3,tlr_tlr_rows,4,compressed_tlr,compressed_tlr,724828160,729546752,1454374912,1588594688,8589934592,0.3542482852935791,7.257621,7.023791,40.878005,39.44471,187.417937,186.711379,4.584811245069322,4.733496050547716,6.729015754752e12,6.817208860672e12,1.2936834960240085,166769.6077798317,375464.298156606,false,39.44471;41.43632;40.878005,,NVIDIA H100 80GB HBM3,1.12.6
precision_sweep__20260802T113334.483Z__pid2705,20260802T113334.483Z,precision_sweep,baseline,dense__N65536__bf16,dense__N65536__bf16,dense_dense,65536,,,,,,,,,,,,,,,,,bf16,Core.BFloat16,fp32_accumulate,20260802,random,1,3,0,none,0,dense,dense,8589934592,8589934592,17179869184,0,17179869184,1.0,,,783.32566,758.239337,783.32566,758.239337,1.0,1.0,5.62949953421312e14,5.62949953421312e14,0.0,718666.5548800125,718666.5548800125,false,758.239337;783.32566;785.688014,758.239337;783.32566;785.688014,NVIDIA H100 80GB HBM3,1.12.6
precision_sweep__20260802T113334.483Z__pid2705,20260802T113334.483Z,precision_sweep,compressed,compressed_dense__N65536__q16__uniform__r256-512__bf16__q8__w1,dense__N65536__bf16,compressed_dense,65536,16,4096,16,uniform,b16_b8,256,512,377.58984375,,381.28125,,163,,33,,q8,bf16,Core.BFloat16,fp32_accumulate,20260802,random,1,3,3,one_or_more_tile_stripes,1,compressed_tlr,dense,1599209472,8589934592,10189144064,799604736,17179869184,0.6396293640136719,58.063364,57.834501,416.26341,411.504558,783.32566,758.239337,1.881802822880829,1.8426025234937982,1.03791105933312e14,1.04805791956992e14,0.96815834767642,251777.57506236737,718666.5548800125,false,416.26341;445.815195;411.504558,,NVIDIA H100 80GB HBM3,1.12.6
precision_sweep__20260802T113334.483Z__pid2705,20260802T113334.483Z,precision_sweep,compressed,dense_compressed__N65536__q16__uniform__r256-512__bf16__q8__w1,dense__N65536__bf16,dense_compressed,65536,16,4096,16,uniform,b16_b8,256,512,,377.58984375,,381.28125,,163,,33,q8,bf16,Core.BFloat16,fp32_accumulate,20260802,random,1,3,3,one_or_more_tile_stripes,1,dense,compressed_tlr,8589934592,1599209472,10189144064,799604736,17179869184,0.6396293640136719,56.876627,56.521496,382.421244,361.251733,783.32566,758.239337,2.048331969758458,2.098922351744123,1.03791105933312e14,1.04805791956992e14,0.96815834767642,274058.4985832848,718666.5548800125,false,382.421244;408.600152;361.251733,,NVIDIA H100 80GB HBM3,1.12.6
precision_sweep__20260802T113334.483Z__pid2705,20260802T113334.483Z,precision_sweep,compressed,compressed_compressed__N65536__q16__uniform__r256-512__bf16__q8__w4,dense__N65536__bf16,compressed_compressed,65536,16,4096,16,uniform,b16_b8,256,512,377.58984375,379.2734375,381.28125,382.71875,163,165,33,33,q8,bf16,Core.BFloat16,fp32_accumulate,20260802,random,1,3,3,tlr_tlr_rows,4,compressed_tlr,compressed_tlr,1599209472,1605238784,3204448256,3519666944,17179869184,0.3913950175046921,50.616659,50.601597,243.683239,238.174535,783.32566,758.239337,3.214524163477653,3.1835449453066005,6.1075782402048e13,6.1759467552768e13,1.1070127023615473,253441.59001747347,718666.5548800125,false,243.683239;238.174535;281.394805,,NVIDIA H100 80GB HBM3,1.12.6
precision_sweep__20260802T113334.483Z__pid2705,20260802T113334.483Z,precision_sweep,compressed,compressed_dense__N65536__q16__skewed__r256-512__bf16__q8__w1,dense__N65536__bf16,compressed_dense,65536,16,4096,16,skewed,b16_b8,256,512,337.99609375,,341.65625,,132,,33,,q8,bf16,Core.BFloat16,fp32_accumulate,20260802,random,1,3,3,one_or_more_tile_stripes,1,compressed_tlr,dense,1433010176,8589934592,10022944768,716505088,17179869184,0.6251182556152344,68.911397,57.981621,370.493083,364.899181,783.32566,758.239337,2.1142787704892183,2.0779420083159903,9.2907658805248e13,9.3913754894336e13,1.0712979054239458,253483.1531371289,718666.5548800125,false,364.899181;418.813546;370.493083,,NVIDIA H100 80GB HBM3,1.12.6
precision_sweep__20260802T113334.483Z__pid2705,20260802T113334.483Z,precision_sweep,compressed,dense_compressed__N65536__q16__skewed__r256-512__bf16__q8__w1,dense__N65536__bf16,dense_compressed,65536,16,4096,16,skewed,b16_b8,256,512,,337.99609375,,341.65625,,132,,33,q8,bf16,Core.BFloat16,fp32_accumulate,20260802,random,1,3,3,one_or_more_tile_stripes,1,dense,compressed_tlr,8589934592,1433010176,10022944768,716505088,17179869184,0.6251182556152344,56.560284,56.064162,333.216197,315.935245,783.32566,758.239337,2.350803073357205,2.399983379505506,9.2907658805248e13,9.3913754894336e13,1.0712979054239458,281840.3059030651,718666.5548800125,false,315.935245;374.788852;333.216197,,NVIDIA H100 80GB HBM3,1.12.6
precision_sweep__20260802T113334.483Z__pid2705,20260802T113334.483Z,precision_sweep,compressed,compressed_compressed__N65536__q16__skewed__r256-512__bf16__q8__w4,dense__N65536__bf16,compressed_compressed,65536,16,4096,16,skewed,b16_b8,256,512,337.99609375,338.43359375,341.65625,341.75,132,137,33,32,q8,bf16,Core.BFloat16,fp32_accumulate,20260802,random,1,3,3,tlr_tlr_rows,4,compressed_tlr,compressed_tlr,1433010176,1433403392,2866413568,3115902720,17179869184,0.34821663796901703,50.265283,50.131593,221.842693,209.315336,783.32566,758.239337,3.530995992732562,3.6224738783593,5.3554727927808e13,5.4195011977216e13,1.1814446127942186,244294.78043352097,718666.5548800125,false,209.315336;227.859257;221.842693,,NVIDIA H100 80GB HBM3,1.12.6
precision_sweep__20260802T113334.483Z__pid2705,20260802T113334.483Z,precision_sweep,compressed,compressed_dense__N65536__q8__uniform__r512-1024__bf16__q8__w1,dense__N65536__bf16,compressed_dense,65536,8,8192,8,uniform,b16_b8,512,1024,761.25,,764.25,,60,,41,,q8,bf16,Core.BFloat16,fp32_accumulate,20260802,random,1,3,3,one_or_more_tile_stripes,1,compressed_tlr,dense,1602748416,8589934592,10192683008,801374208,17179869184,0.6399383544921875,9.031966,8.870685,416.875465,406.306568,783.32566,758.239337,1.8790399670078928,1.8661754367701975,1.0462540333056e14,1.05037720190976e14,0.39254170755642787,251964.2651336557,718666.5548800125,false,416.875465;445.029328;406.306568,,NVIDIA H100 80GB HBM3,1.12.6
precision_sweep__20260802T113334.483Z__pid2705,20260802T113334.483Z,precision_sweep,compressed,dense_compressed__N65536__q8__uniform__r512-1024__bf16__q8__w1,dense__N65536__bf16,dense_compressed,65536,8,8192,8,uniform,b16_b8,512,1024,,761.25,,764.25,,60,,41,q8,bf16,Core.BFloat16,fp32_accumulate,20260802,random,1,3,3,one_or_more_tile_stripes,1,dense,compressed_tlr,8589934592,1602748416,10192683008,801374208,17179869184,0.6399383544921875,8.978166,8.944636,403.030696,401.170612,783.32566,758.239337,1.9435880883871932,1.8900670047087098,1.0462540333056e14,1.05037720190976e14,0.39254170755642787,260619.653126808,718666.5548800125,false,462.820973;401.170612;403.030696,,NVIDIA H100 80GB HBM3,1.12.6
precision_sweep__20260802T113334.483Z__pid2705,20260802T113334.483Z,precision_sweep,compressed,compressed_compressed__N65536__q8__uniform__r512-1024__bf16__q8__w4,dense__N65536__bf16,compressed_compressed,65536,8,8192,8,uniform,b16_b8,512,1024,761.25,769.484375,764.25,772.875,60,61,41,43,q8,bf16,Core.BFloat16,fp32_accumulate,20260802,random,1,3,3,tlr_tlr_rows,4,compressed_tlr,compressed_tlr,1602748416,1620836352,3223584768,3557774592,17179869184,0.39472706615924835,7.772511,7.595087,279.791555,279.438948,783.32566,758.239337,2.7996758515459836,2.7134346962972393,6.1250721251328e13,6.155532238848e13,0.4948412669007574,220004.21845641482,718666.5548800125,false,279.438948;279.791555;285.648721,,NVIDIA H100 80GB HBM3,1.12.6
precision_sweep__20260802T113334.483Z__pid2705,20260802T113334.483Z,precision_sweep,compressed,compressed_dense__N65536__q8__skewed__r512-1024__bf16__q8__w1,dense__N65536__bf16,compressed_dense,65536,8,8192,8,skewed,b16_b8,512,1024,683.796875,,686.75,,53,,36,,q8,bf16,Core.BFloat16,fp32_accumulate,20260802,random,1,3,3,one_or_more_tile_stripes,1,compressed_tlr,dense,1440219136,8589934592,10030153728,720109568,17179869184,0.6257476806640625,8.998496,8.875873,372.02865,368.063156,783.32566,758.239337,2.1055519783220995,2.0600794310419923,9.3980326887424e13,9.4386201296896e13,0.4300145613396432,253706.80805603546,718666.5548800125,false,368.063156;414.093672;372.02865,,NVIDIA H100 80GB HBM3,1.12.6
precision_sweep__20260802T113334.483Z__pid2705,20260802T113334.483Z,precision_sweep,compressed,dense_compressed__N65536__q8__skewed__r512-1024__bf16__q8__w1,dense__N65536__bf16,dense_compressed,65536,8,8192,8,skewed,b16_b8,512,1024,,683.796875,,686.75,,53,,36,q8,bf16,Core.BFloat16,fp32_accumulate,20260802,random,1,3,3,one_or_more_tile_stripes,1,dense,compressed_tlr,8589934592,1440219136,10030153728,720109568,17179869184,0.6257476806640625,8.878156,8.785317,393.151982,385.624236,783.32566,758.239337,1.9924245479194864,1.9662647370535082,9.3980326887424e13,9.4386201296896e13,0.4300145613396432,240075.60846252073,718666.5548800125,false,393.151982;398.019306;385.624236,,NVIDIA H100 80GB HBM3,1.12.6
precision_sweep__20260802T113334.483Z__pid2705,20260802T113334.483Z,precision_sweep,compressed,compressed_compressed__N65536__q8__skewed__r512-1024__bf16__q8__w4,dense__N65536__bf16,compressed_compressed,65536,8,8192,8,skewed,b16_b8,512,1024,683.796875,688.59375,686.75,691.875,53,55,36,39,q8,bf16,Core.BFloat16,fp32_accumulate,20260802,random,1,3,3,tlr_tlr_rows,4,compressed_tlr,compressed_tlr,1440219136,1450967040,2891186176,3158118656,17179869184,0.3521158844232559,7.691731,7.62436,253.024918,246.901925,783.32566,758.239337,3.0958439437178273,3.0710142782402365,5.38355646464e13,5.4136169037824e13,0.5552745913992786,213955.8801786629,718666.5548800125,false,254.532003;246.901925;253.024918,,NVIDIA H100 80GB HBM3,1.12.6
precision_sweep__20260802T113334.483Z__pid2705,20260802T113334.483Z,precision_sweep,baseline,dense__N65536__fp16,dense__N65536__fp16,dense_dense,65536,,,,,,,,,,,,,,,,,fp16,Float16,fp32_accumulate,20260802,random,1,3,0,none,0,dense,dense,8589934592,8589934592,17179869184,0,17179869184,1.0,,,801.873523,798.361477,801.873523,798.361477,1.0,1.0,5.62949953421312e14,5.62949953421312e14,0.0,702043.3238837741,702043.3238837741,false,805.970744;798.361477;801.873523,805.970744;798.361477;801.873523,NVIDIA H100 80GB HBM3,1.12.6
precision_sweep__20260802T113334.483Z__pid2705,20260802T113334.483Z,precision_sweep,compressed,compressed_dense__N65536__q16__uniform__r256-512__fp16__q8__w1,dense__N65536__fp16,compressed_dense,65536,16,4096,16,uniform,b16_b8,256,512,377.58984375,,381.28125,,163,,33,,q8,fp16,Float16,fp32_accumulate,20260802,random,1,3,3,one_or_more_tile_stripes,1,compressed_tlr,dense,1599209472,8589934592,10189144064,799604736,17179869184,0.6396293640136719,55.806315,55.54887,426.635821,414.890694,801.873523,798.361477,1.8795269490510031,1.924269424563184,1.03791105933312e14,1.04805791956992e14,0.96815834767642,245656.3345087519,702043.3238837741,false,426.635821;456.064882;414.890694,,NVIDIA H100 80GB HBM3,1.12.6
precision_sweep__20260802T113334.483Z__pid2705,20260802T113334.483Z,precision_sweep,compressed,dense_compressed__N65536__q16__uniform__r256-512__fp16__q8__w1,dense__N65536__fp16,dense_compressed,65536,16,4096,16,uniform,b16_b8,256,512,,377.58984375,,381.28125,,163,,33,q8,fp16,Float16,fp32_accumulate,20260802,random,1,3,3,one_or_more_tile_stripes,1,dense,compressed_tlr,8589934592,1599209472,10189144064,799604736,17179869184,0.6396293640136719,54.556916,54.311288,362.825487,356.74627,801.873523,798.361477,2.21008047044942,2.23789719511293,1.03791105933312e14,1.04805791956992e14,0.96815834767642,288860.0600348454,702043.3238837741,false,356.74627;422.788173;362.825487,,NVIDIA H100 80GB HBM3,1.12.6
precision_sweep__20260802T113334.483Z__pid2705,20260802T113334.483Z,precision_sweep,compressed,compressed_compressed__N65536__q16__uniform__r256-512__fp16__q8__w4,dense__N65536__fp16,compressed_compressed,65536,16,4096,16,uniform,b16_b8,256,512,377.58984375,379.2734375,381.28125,382.71875,163,165,33,33,q8,fp16,Float16,fp32_accumulate,20260802,random,1,3,3,tlr_tlr_rows,4,compressed_tlr,compressed_tlr,1599209472,1605238784,3204448256,3519666944,17179869184,0.3913950175046921,48.40581,48.302035,229.448435,228.996208,801.873523,798.361477,3.4947875020372225,3.4863523897304014,6.1075782402048e13,6.1759467552768e13,1.1070127023615473,269164.9108557572,702043.3238837741,false,228.996208;229.448435;252.18426,,NVIDIA H100 80GB HBM3,1.12.6
precision_sweep__20260802T113334.483Z__pid2705,20260802T113334.483Z,precision_sweep,compressed,compressed_dense__N65536__q16__skewed__r256-512__fp16__q8__w1,dense__N65536__fp16,compressed_dense,65536,16,4096,16,skewed,b16_b8,256,512,337.99609375,,341.65625,,132,,33,,q8,fp16,Float16,fp32_accumulate,20260802,random,1,3,3,one_or_more_tile_stripes,1,compressed_tlr,dense,1433010176,8589934592,10022944768,716505088,17179869184,0.6251182556152344,56.332493,55.954848,377.206217,375.92457,801.873523,798.361477,2.125822658431953,2.1237278451897943,9.2907658805248e13,9.3913754894336e13,1.0712979054239458,248971.9168502888,702043.3238837741,false,375.92457;427.034427;377.206217,,NVIDIA H100 80GB HBM3,1.12.6
precision_sweep__20260802T113334.483Z__pid2705,20260802T113334.483Z,precision_sweep,compressed,dense_compressed__N65536__q16__skewed__r256-512__fp16__q8__w1,dense__N65536__fp16,dense_compressed,65536,16,4096,16,skewed,b16_b8,256,512,,337.99609375,,341.65625,,132,,33,q8,fp16,Float16,fp32_accumulate,20260802,random,1,3,3,one_or_more_tile_stripes,1,dense,compressed_tlr,8589934592,1433010176,10022944768,716505088,17179869184,0.6251182556152344,54.434282,54.202115,349.124172,332.910718,801.873523,798.361477,2.296814678875916,2.398124884041733,9.2907658805248e13,9.3913754894336e13,1.0712979054239458,268998.1457208755,702043.3238837741,false,332.910718;373.823966;349.124172,,NVIDIA H100 80GB HBM3,1.12.6
precision_sweep__20260802T113334.483Z__pid2705,20260802T113334.483Z,precision_sweep,compressed,compressed_compressed__N65536__q16__skewed__r256-512__fp16__q8__w4,dense__N65536__fp16,compressed_compressed,65536,16,4096,16,skewed,b16_b8,256,512,337.99609375,338.43359375,341.65625,341.75,132,137,33,32,q8,fp16,Float16,fp32_accumulate,20260802,random,1,3,3,tlr_tlr_rows,4,compressed_tlr,compressed_tlr,1433010176,1433403392,2866413568,3115902720,17179869184,0.34821663796901703,48.391469,48.368334,203.523107,203.434254,801.873523,798.361477,3.939963057855637,3.9244201077366254,5.3554727927808e13,5.4195011977216e13,1.1814446127942186,266284.31914227805,702043.3238837741,false,203.523107;203.434254;205.77663,,NVIDIA H100 80GB HBM3,1.12.6
precision_sweep__20260802T113334.483Z__pid2705,20260802T113334.483Z,precision_sweep,compressed,compressed_dense__N65536__q8__uniform__r512-1024__fp16__q8__w1,dense__N65536__fp16,compressed_dense,65536,8,8192,8,uniform,b16_b8,512,1024,761.25,,764.25,,60,,41,,q8,fp16,Float16,fp32_accumulate,20260802,random,1,3,3,one_or_more_tile_stripes,1,compressed_tlr,dense,1602748416,8589934592,10192683008,801374208,17179869184,0.6399383544921875,9.130634,8.60007,416.787552,412.934656,801.873523,798.361477,1.9239382729933354,1.9333845328787322,1.0462540333056e14,1.05037720190976e14,0.39254170755642787,252017.41195710184,702043.3238837741,false,416.787552;458.289961;412.934656,,NVIDIA H100 80GB HBM3,1.12.6
precision_sweep__20260802T113334.483Z__pid2705,20260802T113334.483Z,precision_sweep,compressed,dense_compressed__N65536__q8__uniform__r512-1024__fp16__q8__w1,dense__N65536__fp16,dense_compressed,65536,8,8192,8,uniform,b16_b8,512,1024,,761.25,,764.25,,60,,41,q8,fp16,Float16,fp32_accumulate,20260802,random,1,3,3,one_or_more_tile_stripes,1,dense,compressed_tlr,8589934592,1602748416,10192683008,801374208,17179869184,0.6399383544921875,8.996463,8.752769,400.576902,395.121868,801.873523,798.361477,2.0017967061915116,2.0205449043888404,1.0462540333056e14,1.05037720190976e14,0.39254170755642787,262216.11797021684,702043.3238837741,false,395.121868;452.068269;400.576902,,NVIDIA H100 80GB HBM3,1.12.6
precision_sweep__20260802T113334.483Z__pid2705,20260802T113334.483Z,precision_sweep,compressed,compressed_compressed__N65536__q8__uniform__r512-1024__fp16__q8__w4,dense__N65536__fp16,compressed_compressed,65536,8,8192,8,uniform,b16_b8,512,1024,761.25,769.484375,764.25,772.875,60,61,41,43,q8,fp16,Float16,fp32_accumulate,20260802,random,1,3,3,tlr_tlr_rows,4,compressed_tlr,compressed_tlr,1602748416,1620836352,3223584768,3557774592,17179869184,0.39472706615924835,7.473765,7.293315,281.272941,275.597588,801.873523,798.361477,2.8508733195206286,2.8968376784197405,6.1250721251328e13,6.155532238848e13,0.4948412669007574,218845.51770118548,702043.3238837741,false,281.272941;281.770716;275.597588,,NVIDIA H100 80GB HBM3,1.12.6
precision_sweep__20260802T113334.483Z__pid2705,20260802T113334.483Z,precision_sweep,compressed,compressed_dense__N65536__q8__skewed__r512-1024__fp16__q8__w1,dense__N65536__fp16,compressed_dense,65536,8,8192,8,skewed,b16_b8,512,1024,683.796875,,686.75,,53,,36,,q8,fp16,Float16,fp32_accumulate,20260802,random,1,3,3,one_or_more_tile_stripes,1,compressed_tlr,dense,1440219136,8589934592,10030153728,720109568,17179869184,0.6257476806640625,8.973138,8.842062,375.166103,369.87145,801.873523,798.361477,2.1373826595416054,2.158483648846106,9.3980326887424e13,9.4386201296896e13,0.4300145613396432,251585.09935236874,702043.3238837741,false,369.87145;427.339873;375.166103,,NVIDIA H100 80GB HBM3,1.12.6
precision_sweep__20260802T113334.483Z__pid2705,20260802T113334.483Z,precision_sweep,compressed,dense_compressed__N65536__q8__skewed__r512-1024__fp16__q8__w1,dense__N65536__fp16,dense_compressed,65536,8,8192,8,skewed,b16_b8,512,1024,,683.796875,,686.75,,53,,36,q8,fp16,Float16,fp32_accumulate,20260802,random,1,3,3,one_or_more_tile_stripes,1,dense,compressed_tlr,8589934592,1440219136,10030153728,720109568,17179869184,0.6257476806640625,8.684977,8.484998,380.016543,341.205902,801.873523,798.361477,2.1101016199707914,2.3398231751571523,9.3980326887424e13,9.4386201296896e13,0.4300145613396432,248373.9274921408,702043.3238837741,false,380.016543;416.882834;341.205902,,NVIDIA H100 80GB HBM3,1.12.6
precision_sweep__20260802T113334.483Z__pid2705,20260802T113334.483Z,precision_sweep,compressed,compressed_compressed__N65536__q8__skewed__r512-1024__fp16__q8__w4,dense__N65536__fp16,compressed_compressed,65536,8,8192,8,skewed,b16_b8,512,1024,683.796875,688.59375,686.75,691.875,53,55,36,39,q8,fp16,Float16,fp32_accumulate,20260802,random,1,3,3,tlr_tlr_rows,4,compressed_tlr,compressed_tlr,1440219136,1450967040,2891186176,3158118656,17179869184,0.3521158844232559,7.504391,7.322528,243.282117,242.417252,801.873523,798.361477,3.2960643917777155,3.2933360576168895,5.38355646464e13,5.4136169037824e13,0.5552745913992786,222524.24348076517,702043.3238837741,false,242.417252;245.523791;243.282117,,NVIDIA H100 80GB HBM3,1.12.6
precision_sweep__20260802T113334.483Z__pid2705,20260802T113334.483Z,precision_sweep,baseline,dense__N65536__fp32,dense__N65536__fp32,dense_dense,65536,,,,,,,,,,,,,,,,,fp32,Float32,fp32,20260802,random,1,3,0,none,0,dense,dense,17179869184,17179869184,34359738368,0,34359738368,1.0,,,10648.303633,10638.008538,10648.303633,10638.008538,1.0,1.0,5.62949953421312e14,5.62949953421312e14,0.0,52867.57147651971,52867.57147651971,false,10638.0085;10650.5703;10648.3036,10638.0085;10650.5703;10648.3036,NVIDIA H100 80GB HBM3,1.12.6
precision_sweep__20260802T113334.483Z__pid2705,20260802T113334.483Z,precision_sweep,compressed,compressed_dense__N65536__q16__uniform__r256-512__fp32__q8__w1,dense__N65536__fp32,compressed_dense,65536,16,4096,16,uniform,b16_b8,256,512,377.58984375,,381.28125,,163,,33,,q8,fp32,Float32,fp32,20260802,random,1,3,3,one_or_more_tile_stripes,1,compressed_tlr,dense,3198418944,17179869184,20378288128,1599209472,34359738368,0.6396293640136719,55.337794,55.242582,2650.974929,2650.055361,10648.303633,10638.008538,4.016750032795199,4.014258982871112,1.03791105933312e14,1.04805791956992e14,0.96815834767642,39534.8106881293,52867.57147651971,false,2652.52395;2650.97493;2650.05536,,NVIDIA H100 80GB HBM3,1.12.6
precision_sweep__20260802T113334.483Z__pid2705,20260802T113334.483Z,precision_sweep,compressed,dense_compressed__N65536__q16__uniform__r256-512__fp32__q8__w1,dense__N65536__fp32,dense_compressed,65536,16,4096,16,uniform,b16_b8,256,512,,377.58984375,,381.28125,,163,,33,q8,fp32,Float32,fp32,20260802,random,1,3,3,one_or_more_tile_stripes,1,dense,compressed_tlr,17179869184,3198418944,20378288128,1599209472,34359738368,0.6396293640136719,59.284099,57.690735,2183.348075,2182.279066,10648.303633,10638.008538,4.8770527040220095,4.874724183419354,1.03791105933312e14,1.04805791956992e14,0.96815834767642,48002.328697402954,52867.57147651971,false,2183.84779;2182.27907;2183.34807,,NVIDIA H100 80GB HBM3,1.12.6
precision_sweep__20260802T113334.483Z__pid2705,20260802T113334.483Z,precision_sweep,compressed,compressed_compressed__N65536__q16__uniform__r256-512__fp32__q8__w4,dense__N65536__fp32,compressed_compressed,65536,16,4096,16,uniform,b16_b8,256,512,377.58984375,379.2734375,381.28125,382.71875,163,165,33,33,q8,fp32,Float32,fp32,20260802,random,1,3,3,tlr_tlr_rows,4,compressed_tlr,compressed_tlr,3198418944,3210477568,6408896512,7039333888,34359738368,0.3913950175046921,54.969102,47.859262,1293.403873,1293.135231,10648.303633,10638.008538,8.23277543486991,8.226524405938175,6.1075782402048e13,6.1759467552768e13,1.1070127023615473,47749.561325743765,52867.57147651971,false,1293.40387;1294.85827;1293.13523,,NVIDIA H100 80GB HBM3,1.12.6
precision_sweep__20260802T113334.483Z__pid2705,20260802T113334.483Z,precision_sweep,compressed,compressed_dense__N65536__q16__skewed__r256-512__fp32__q8__w1,dense__N65536__fp32,compressed_dense,65536,16,4096,16,skewed,b16_b8,256,512,337.99609375,,341.65625,,132,,33,,q8,fp32,Float32,fp32,20260802,random,1,3,3,one_or_more_tile_stripes,1,compressed_tlr,dense,2866020352,17179869184,20045889536,1433010176,34359738368,0.6251182556152344,60.656293,55.279116,2490.744853,2488.011483,10648.303633,10638.008538,4.275148303598642,4.275707170439936,9.2907658805248e13,9.3913754894336e13,1.0712979054239458,37705.088412095174,52867.57147651971,false,2491.59662;2488.01148;2490.74485,,NVIDIA H100 80GB HBM3,1.12.6
precision_sweep__20260802T113334.483Z__pid2705,20260802T113334.483Z,precision_sweep,compressed,dense_compressed__N65536__q16__skewed__r256-512__fp32__q8__w1,dense__N65536__fp32,dense_compressed,65536,16,4096,16,skewed,b16_b8,256,512,,337.99609375,,341.65625,,132,,33,q8,fp32,Float32,fp32,20260802,random,1,3,3,one_or_more_tile_stripes,1,dense,compressed_tlr,17179869184,2866020352,20045889536,1433010176,34359738368,0.6251182556152344,54.269245,54.022465,1991.265736,1990.477757,10648.303633,10638.008538,5.347505077042113,5.344449844058217,9.2907658805248e13,9.3913754894336e13,1.0712979054239458,47162.84381158859,52867.57147651971,false,1991.53345;1990.47776;1991.26574,,NVIDIA H100 80GB HBM3,1.12.6
precision_sweep__20260802T113334.483Z__pid2705,20260802T113334.483Z,precision_sweep,compressed,compressed_compressed__N65536__q16__skewed__r256-512__fp32__q8__w4,dense__N65536__fp32,compressed_compressed,65536,16,4096,16,skewed,b16_b8,256,512,337.99609375,338.43359375,341.65625,341.75,132,137,33,32,q8,fp32,Float32,fp32,20260802,random,1,3,3,tlr_tlr_rows,4,compressed_tlr,compressed_tlr,2866020352,2866806784,5732827136,6231805440,34359738368,0.34821663796901703,48.784767,48.671898,1141.23038,1141.169589,10648.303633,10638.008538,9.33054694267778,9.322022458837184,5.3554727927808e13,5.4195011977216e13,1.1814446127942186,47488.23105919771,52867.57147651971,false,1141.16959;1141.23038;1141.28056,,NVIDIA H100 80GB HBM3,1.12.6
precision_sweep__20260802T113334.483Z__pid2705,20260802T113334.483Z,precision_sweep,compressed,compressed_dense__N65536__q8__uniform__r512-1024__fp32__q8__w1,dense__N65536__fp32,compressed_dense,65536,8,8192,8,uniform,b16_b8,512,1024,761.25,,764.25,,60,,41,,q8,fp32,Float32,fp32,20260802,random,1,3,3,one_or_more_tile_stripes,1,compressed_tlr,dense,3205496832,17179869184,20385366016,1602748416,34359738368,0.6399383544921875,8.961131,8.829664,2430.278979,2429.168016,10648.303633,10638.008538,4.38151493100661,4.379280670555313,1.0462540333056e14,1.05037720190976e14,0.39254170755642787,43220.43728255282,52867.57147651971,false,2430.27898;2429.16802;2432.83059,,NVIDIA H100 80GB HBM3,1.12.6
precision_sweep__20260802T113334.483Z__pid2705,20260802T113334.483Z,precision_sweep,compressed,dense_compressed__N65536__q8__uniform__r512-1024__fp32__q8__w1,dense__N65536__fp32,dense_compressed,65536,8,8192,8,uniform,b16_b8,512,1024,,761.25,,764.25,,60,,41,q8,fp32,Float32,fp32,20260802,random,1,3,3,one_or_more_tile_stripes,1,dense,compressed_tlr,17179869184,3205496832,20385366016,1602748416,34359738368,0.6399383544921875,8.820079,8.735473,2112.01384,2109.961149,10648.303633,10638.008538,5.041777393371627,5.041803041274861,1.0462540333056e14,1.05037720190976e14,0.39254170755642787,49733.44312505831,52867.57147651971,false,2109.96115;2113.04206;2112.01384,,NVIDIA H100 80GB HBM3,1.12.6
precision_sweep__20260802T113334.483Z__pid2705,20260802T113334.483Z,precision_sweep,compressed,compressed_compressed__N65536__q8__uniform__r512-1024__fp32__q8__w4,dense__N65536__fp32,compressed_compressed,65536,8,8192,8,uniform,b16_b8,512,1024,761.25,769.484375,764.25,772.875,60,61,41,43,q8,fp32,Float32,fp32,20260802,random,1,3,3,tlr_tlr_rows,4,compressed_tlr,compressed_tlr,3205496832,3241672704,6447169536,7115549184,34359738368,0.39472706615924835,7.333575,7.264492,1271.446536,1271.373065,10648.303633,10638.008538,8.374951939780187,8.367338298141467,6.1250721251328e13,6.155532238848e13,0.4948412669007574,48413.61445061973,52867.57147651971,false,1271.44654;1272.04086;1271.37306,,NVIDIA H100 80GB HBM3,1.12.6
precision_sweep__20260802T113334.483Z__pid2705,20260802T113334.483Z,precision_sweep,compressed,compressed_dense__N65536__q8__skewed__r512-1024__fp32__q8__w1,dense__N65536__fp32,compressed_dense,65536,8,8192,8,skewed,b16_b8,512,1024,683.796875,,686.75,,53,,36,,q8,fp32,Float32,fp32,20260802,random,1,3,3,one_or_more_tile_stripes,1,compressed_tlr,dense,2880438272,17179869184,20060307456,1440219136,34359738368,0.6257476806640625,8.898327,8.861501,2231.814038,2231.52882,10648.303633,10638.008538,4.771142869296711,4.767139210866208,9.3980326887424e13,9.4386201296896e13,0.4300145613396432,42291.248146050064,52867.57147651971,false,2231.81404;2233.07732;2231.52882,,NVIDIA H100 80GB HBM3,1.12.6
precision_sweep__20260802T113334.483Z__pid2705,20260802T113334.483Z,precision_sweep,compressed,dense_compressed__N65536__q8__skewed__r512-1024__fp32__q8__w1,dense__N65536__fp32,dense_compressed,65536,8,8192,8,skewed,b16_b8,512,1024,,683.796875,,686.75,,53,,36,q8,fp32,Float32,fp32,20260802,random,1,3,3,one_or_more_tile_stripes,1,dense,compressed_tlr,17179869184,2880438272,20060307456,1440219136,34359738368,0.6257476806640625,11.092079,9.328049,1903.390369,1902.913315,10648.303633,10638.008538,5.594387681279688,5.590380000047453,9.3980326887424e13,9.4386201296896e13,0.4300145613396432,49588.462164219345,52867.57147651971,false,1903.39037;1905.56946;1902.91332,,NVIDIA H100 80GB HBM3,1.12.6
precision_sweep__20260802T113334.483Z__pid2705,20260802T113334.483Z,precision_sweep,compressed,compressed_compressed__N65536__q8__skewed__r512-1024__fp32__q8__w4,dense__N65536__fp32,compressed_compressed,65536,8,8192,8,skewed,b16_b8,512,1024,683.796875,688.59375,686.75,691.875,53,55,36,39,q8,fp32,Float32,fp32,20260802,random,1,3,3,tlr_tlr_rows,4,compressed_tlr,compressed_tlr,2880438272,2901934080,5782372352,6316237312,34359738368,0.3521158844232559,7.295848,7.224281,1115.689261,1115.007071,10648.303633,10638.008538,9.544148182851425,9.54075432764677,5.38355646464e13,5.4136169037824e13,0.5552745913992786,48522.622678380336,52867.57147651971,false,1115.00707;1115.68926;1115.83996,,NVIDIA H100 80GB HBM3,1.12.6
precision_sweep__20260802T113334.483Z__pid2705,20260802T113334.483Z,precision_sweep,baseline,dense__N65536__tf32,dense__N65536__tf32,dense_dense,65536,,,,,,,,,,,,,,,,,tf32,Float32,tf32,20260802,random,1,3,0,none,0,dense,dense,17179869184,17179869184,34359738368,0,34359738368,1.0,,,1713.638392,1683.758086,1713.638392,1683.758086,1.0,1.0,5.62949953421312e14,5.62949953421312e14,0.0,328511.5203122223,328511.5203122223,false,1721.80938;1683.75809;1713.63839,1721.80938;1683.75809;1713.63839,NVIDIA H100 80GB HBM3,1.12.6
precision_sweep__20260802T113334.483Z__pid2705,20260802T113334.483Z,precision_sweep,compressed,compressed_dense__N65536__q16__uniform__r256-512__tf32__q8__w1,dense__N65536__tf32,compressed_dense,65536,16,4096,16,uniform,b16_b8,256,512,377.58984375,,381.28125,,163,,33,,q8,tf32,Float32,tf32,20260802,random,1,3,3,one_or_more_tile_stripes,1,compressed_tlr,dense,3198418944,17179869184,20378288128,1599209472,34359738368,0.6396293640136719,55.558153,55.180908,771.492349,765.682634,1713.638392,1683.758086,2.2211994638977295,2.1990286983575498,1.03791105933312e14,1.04805791956992e14,0.96815834767642,135848.12875051858,328511.5203122223,false,771.492349;778.740696;765.682634,,NVIDIA H100 80GB HBM3,1.12.6
precision_sweep__20260802T113334.483Z__pid2705,20260802T113334.483Z,precision_sweep,compressed,dense_compressed__N65536__q16__uniform__r256-512__tf32__q8__w1,dense__N65536__tf32,dense_compressed,65536,16,4096,16,uniform,b16_b8,256,512,,377.58984375,,381.28125,,163,,33,q8,tf32,Float32,tf32,20260802,random,1,3,3,one_or_more_tile_stripes,1,dense,compressed_tlr,17179869184,3198418944,20378288128,1599209472,34359738368,0.6396293640136719,53.639932,53.290379,692.211194,683.894578,1713.638392,1683.758086,2.475600520265496,2.4620140883760597,1.03791105933312e14,1.04805791956992e14,0.96815834767642,151407.24805584695,328511.5203122223,false,698.167167;692.211194;683.894578,,NVIDIA H100 80GB HBM3,1.12.6
precision_sweep__20260802T113334.483Z__pid2705,20260802T113334.483Z,precision_sweep,compressed,compressed_compressed__N65536__q16__uniform__r256-512__tf32__q8__w4,dense__N65536__tf32,compressed_compressed,65536,16,4096,16,uniform,b16_b8,256,512,377.58984375,379.2734375,381.28125,382.71875,163,165,33,33,q8,tf32,Float32,tf32,20260802,random,1,3,3,tlr_tlr_rows,4,compressed_tlr,compressed_tlr,3198418944,3210477568,6408896512,7039333888,34359738368,0.3913950175046921,48.829634,48.826469,394.327862,393.048637,1713.638392,1683.758086,4.345719785836488,4.283841559282649,6.1075782402048e13,6.1759467552768e13,1.1070127023615473,156619.58868320595,328511.5203122223,false,394.327862;411.227261;393.048637,,NVIDIA H100 80GB HBM3,1.12.6
precision_sweep__20260802T113334.483Z__pid2705,20260802T113334.483Z,precision_sweep,compressed,compressed_dense__N65536__q16__skewed__r256-512__tf32__q8__w1,dense__N65536__tf32,compressed_dense,65536,16,4096,16,skewed,b16_b8,256,512,337.99609375,,341.65625,,132,,33,,q8,tf32,Float32,tf32,20260802,random,1,3,3,one_or_more_tile_stripes,1,compressed_tlr,dense,2866020352,17179869184,20045889536,1433010176,34359738368,0.6251182556152344,202.979749,177.22739,713.847192,707.481246,1713.638392,1683.758086,2.4005675321056668,2.3799331721084234,9.2907658805248e13,9.3913754894336e13,1.0712979054239458,131560.02565649373,328511.5203122223,false,720.473078;713.847192;707.481246,,NVIDIA H100 80GB HBM3,1.12.6
precision_sweep__20260802T113334.483Z__pid2705,20260802T113334.483Z,precision_sweep,compressed,dense_compressed__N65536__q16__skewed__r256-512__tf32__q8__w1,dense__N65536__tf32,dense_compressed,65536,16,4096,16,skewed,b16_b8,256,512,,337.99609375,,341.65625,,132,,33,q8,tf32,Float32,tf32,20260802,random,1,3,3,one_or_more_tile_stripes,1,dense,compressed_tlr,17179869184,2866020352,20045889536,1433010176,34359738368,0.6251182556152344,54.334141,53.712701,612.548789,606.998483,1713.638392,1683.758086,2.7975541259293877,2.773908227378552,9.2907658805248e13,9.3913754894336e13,1.0712979054239458,153316.36692589396,328511.5203122223,false,639.75933;612.548789;606.998483,,NVIDIA H100 80GB HBM3,1.12.6
precision_sweep__20260802T113334.483Z__pid2705,20260802T113334.483Z,precision_sweep,compressed,compressed_compressed__N65536__q16__skewed__r256-512__tf32__q8__w4,dense__N65536__tf32,compressed_compressed,65536,16,4096,16,skewed,b16_b8,256,512,337.99609375,338.43359375,341.65625,341.75,132,137,33,32,q8,tf32,Float32,tf32,20260802,random,1,3,3,tlr_tlr_rows,4,compressed_tlr,compressed_tlr,2866020352,2866806784,5732827136,6231805440,34359738368,0.34821663796901703,47.696067,47.621004,336.723185,336.188977,1713.638392,1683.758086,5.089160676595525,5.0083679156440635,5.3554727927808e13,5.4195011977216e13,1.1814446127942186,160948.2637116776,328511.5203122223,false,336.723185;371.726528;336.188977,,NVIDIA H100 80GB HBM3,1.12.6
precision_sweep__20260802T113334.483Z__pid2705,20260802T113334.483Z,precision_sweep,compressed,compressed_dense__N65536__q8__uniform__r512-1024__tf32__q8__w1,dense__N65536__tf32,compressed_dense,65536,8,8192,8,uniform,b16_b8,512,1024,761.25,,764.25,,60,,41,,q8,tf32,Float32,tf32,20260802,random,1,3,3,one_or_more_tile_stripes,1,compressed_tlr,dense,3205496832,17179869184,20385366016,1602748416,34359738368,0.6399383544921875,8.77417,8.758817,718.259675,697.012238,1713.638392,1683.758086,2.385820131138505,2.4156793729065056,1.0462540333056e14,1.05037720190976e14,0.39254170755642787,146239.19989797004,328511.5203122223,false,718.259675;719.856734;697.012238,,NVIDIA H100 80GB HBM3,1.12.6
precision_sweep__20260802T113334.483Z__pid2705,20260802T113334.483Z,precision_sweep,compressed,dense_compressed__N65536__q8__uniform__r512-1024__tf32__q8__w1,dense__N65536__tf32,dense_compressed,65536,8,8192,8,uniform,b16_b8,512,1024,,761.25,,764.25,,60,,41,q8,tf32,Float32,tf32,20260802,random,1,3,3,one_or_more_tile_stripes,1,dense,compressed_tlr,17179869184,3205496832,20385366016,1602748416,34359738368,0.6399383544921875,8.796124,8.618578,698.16962,687.79263,1713.638392,1683.758086,2.454472871506497,2.44806066910022,1.0462540333056e14,1.05037720190976e14,0.39254170755642787,150447.27983290938,328511.5203122223,false,709.290192;698.16962;687.79263,,NVIDIA H100 80GB HBM3,1.12.6
precision_sweep__20260802T113334.483Z__pid2705,20260802T113334.483Z,precision_sweep,compressed,compressed_compressed__N65536__q8__uniform__r512-1024__tf32__q8__w4,dense__N65536__tf32,compressed_compressed,65536,8,8192,8,uniform,b16_b8,512,1024,761.25,769.484375,764.25,772.875,60,61,41,43,q8,tf32,Float32,tf32,20260802,random,1,3,3,tlr_tlr_rows,4,compressed_tlr,compressed_tlr,3205496832,3241672704,6447169536,7115549184,34359738368,0.39472706615924835,7.349228,7.30368,428.837695,418.399444,1713.638392,1683.758086,3.996006908860939,4.024283755979369,6.1250721251328e13,6.155532238848e13,0.4948412669007574,143539.90590421396,328511.5203122223,false,428.837695;430.526732;418.399444,,NVIDIA H100 80GB HBM3,1.12.6
precision_sweep__20260802T113334.483Z__pid2705,20260802T113334.483Z,precision_sweep,compressed,compressed_dense__N65536__q8__skewed__r512-1024__tf32__q8__w1,dense__N65536__tf32,compressed_dense,65536,8,8192,8,skewed,b16_b8,512,1024,683.796875,,686.75,,53,,36,,q8,tf32,Float32,tf32,20260802,random,1,3,3,one_or_more_tile_stripes,1,compressed_tlr,dense,2880438272,17179869184,20060307456,1440219136,34359738368,0.6257476806640625,16.208056,10.666332,615.166655,600.820977,1713.638392,1683.758086,2.7856490238405396,2.802428927177754,9.3980326887424e13,9.4386201296896e13,0.4300145613396432,153431.92048810903,328511.5203122223,false,615.166655;629.628567;600.820977,,NVIDIA H100 80GB HBM3,1.12.6
precision_sweep__20260802T113334.483Z__pid2705,20260802T113334.483Z,precision_sweep,compressed,dense_compressed__N65536__q8__skewed__r512-1024__tf32__q8__w1,dense__N65536__tf32,dense_compressed,65536,8,8192,8,skewed,b16_b8,512,1024,,683.796875,,686.75,,53,,36,q8,tf32,Float32,tf32,20260802,random,1,3,3,one_or_more_tile_stripes,1,dense,compressed_tlr,17179869184,2880438272,20060307456,1440219136,34359738368,0.6257476806640625,8.739499,8.696805,602.081152,600.117894,1713.638392,1683.758086,2.8461917240020167,2.805712182279971,9.3980326887424e13,9.4386201296896e13,0.4300145613396432,156766.57703594083,328511.5203122223,false,620.806104;602.081152;600.117894,,NVIDIA H100 80GB HBM3,1.12.6
precision_sweep__20260802T113334.483Z__pid2705,20260802T113334.483Z,precision_sweep,compressed,compressed_compressed__N65536__q8__skewed__r512-1024__tf32__q8__w4,dense__N65536__tf32,compressed_compressed,65536,8,8192,8,skewed,b16_b8,512,1024,683.796875,688.59375,686.75,691.875,53,55,36,39,q8,tf32,Float32,tf32,20260802,random,1,3,3,tlr_tlr_rows,4,compressed_tlr,compressed_tlr,2880438272,2901934080,5782372352,6316237312,34359738368,0.3521158844232559,7.281136,7.121587,382.899517,366.283272,1713.638392,1683.758086,4.475425838680282,4.596874099126208,5.38355646464e13,5.4136169037824e13,0.5552745913992786,141384.79322715887,328511.5203122223,false,382.899517;366.283272;387.287444,,NVIDIA H100 80GB HBM3,1.12.6
