run_id,timestamp_utc,experiment,record_kind,case_id,baseline_case_id,operand_layout,N,tile_divisor,tile_size,tile_grid,distribution,rank_band,min_rank,max_rank,mean_rank_A,mean_rank_B,mean_execution_rank_A,mean_execution_rank_B,exact_rank_count_A,exact_rank_count_B,execution_rank_count_A,execution_rank_count_B,execution_rank_policy,precision,storage_type,compute_mode,seed,factor_fill,warmup,repetitions,analysis_repetitions,workspace_policy,workspace_parameter,A_storage_kind,B_storage_kind,A_storage_bytes,B_storage_bytes,operand_storage_bytes,workspace_bytes,dense_reference_bytes,memory_ratio,analysis_median_ms,analysis_min_ms,numeric_median_ms,numeric_min_ms,dense_median_ms,dense_min_ms,speedup_median,speedup_best,exact_flops,executed_flops,padding_waste_pct,executed_gflops_median,dense_gflops_median,has_fallback,numeric_samples_ms,dense_samples_ms,gpu_name,julia_version
precision_sweep__20260802T114738.119Z__pid5142,20260802T114738.119Z,precision_sweep,baseline,dense__N4096__bf16,dense__N4096__bf16,dense_dense,4096,,,,,,,,,,,,,,,,,bf16,Core.BFloat16,fp32_accumulate,20260802,random,3,10,0,none,0,dense,dense,33554432,33554432,67108864,0,67108864,1.0,,,0.2033085,0.20075,0.2033085,0.20075,1.0,1.0,1.37438953472e11,1.37438953472e11,0.0,676011.8414724421,676011.8414724421,false,0.206108;0.202072;0.20075;0.201221;0.204876;0.202693;0.202823;0.204617;0.203935;0.203794,0.206108;0.202072;0.20075;0.201221;0.204876;0.202693;0.202823;0.204617;0.203935;0.203794,NVIDIA H100 80GB HBM3,1.12.6
precision_sweep__20260802T114738.119Z__pid5142,20260802T114738.119Z,precision_sweep,compressed,compressed_dense__N4096__q8__uniform__r16-32__bf16__q8__w4,dense__N4096__bf16,compressed_dense,4096,8,512,8,uniform,b32_b16,16,32,23.8125,,27.25,,17,,3,,q8,bf16,Core.BFloat16,fp32_accumulate,20260802,random,3,10,3,one_or_more_tile_stripes,4,compressed_tlr,dense,3571712,33554432,37126144,7143424,67108864,0.65966796875,2.416536,2.357778,0.209814,0.208442,0.2033085,0.20075,0.968993966084246,0.9630976482666642,1.2784238592e10,1.4629732352e10,12.614678899082568,69727.15048566826,676011.8414724421,false,0.210225;0.214791;0.210345;0.208572;0.210686;0.209223;0.208522;0.209864;0.208442;0.209764,,NVIDIA H100 80GB HBM3,1.12.6
precision_sweep__20260802T114738.119Z__pid5142,20260802T114738.119Z,precision_sweep,compressed,dense_compressed__N4096__q8__uniform__r16-32__bf16__q8__w4,dense__N4096__bf16,dense_compressed,4096,8,512,8,uniform,b32_b16,16,32,,23.8125,,27.25,,17,,3,q8,bf16,Core.BFloat16,fp32_accumulate,20260802,random,3,10,3,one_or_more_tile_stripes,4,dense,compressed_tlr,33554432,3571712,37126144,7143424,67108864,0.65966796875,2.343006,2.153443,0.15011000000000002,0.148302,0.2033085,0.20075,1.3543967756978215,1.3536567274885034,1.2784238592e10,1.4629732352e10,12.614678899082568,97460.07828925452,676011.8414724421,false,0.150235;0.153039;0.150996;0.149734;0.149804;0.150385;0.149925;0.148302;0.150355;0.149985,,NVIDIA H100 80GB HBM3,1.12.6
precision_sweep__20260802T114738.119Z__pid5142,20260802T114738.119Z,precision_sweep,compressed,compressed_compressed__N4096__q8__uniform__r16-32__bf16__q8__w8,dense__N4096__bf16,compressed_compressed,4096,8,512,8,uniform,b32_b16,16,32,23.8125,24.0,27.25,27.5,17,17,3,3,q8,bf16,Core.BFloat16,fp32_accumulate,20260802,random,3,10,3,tlr_tlr_rows,8,compressed_tlr,compressed_tlr,3571712,3604480,7176192,15053952,67108864,0.3312549591064453,7.144792,7.124272,0.1525735,0.149343,0.2033085,0.20075,1.332528256872917,1.3442210214070964,6.991194112e9,8.100380672e9,13.693017710069416,53091.66186788662,676011.8414724421,false,0.152489;0.15336;0.149343;0.151927;0.15394;0.15318;0.15376;0.149975;0.151237;0.152658,,NVIDIA H100 80GB HBM3,1.12.6
precision_sweep__20260802T114738.119Z__pid5142,20260802T114738.119Z,precision_sweep,compressed,compressed_dense__N4096__q8__skewed__r16-32__bf16__q8__w4,dense__N4096__bf16,compressed_dense,4096,8,512,8,skewed,b32_b16,16,32,21.328125,,24.125,,17,,3,,q8,bf16,Core.BFloat16,fp32_accumulate,20260802,random,3,10,3,one_or_more_tile_stripes,4,compressed_tlr,dense,3162112,33554432,36716544,6324224,67108864,0.641357421875,2.216797,2.120433,0.20385,0.202243,0.2033085,0.20075,0.9973436350257542,0.9926177914686788,1.145044992e10,1.2952010752e10,11.593264248704664,63536.96714250674,676011.8414724421,false,0.203765;0.204676;0.203394;0.202593;0.203935;0.204056;0.203174;0.202243;0.204626;0.204126,,NVIDIA H100 80GB HBM3,1.12.6
precision_sweep__20260802T114738.119Z__pid5142,20260802T114738.119Z,precision_sweep,compressed,dense_compressed__N4096__q8__skewed__r16-32__bf16__q8__w4,dense__N4096__bf16,dense_compressed,4096,8,512,8,skewed,b32_b16,16,32,,21.328125,,24.125,,17,,3,q8,bf16,Core.BFloat16,fp32_accumulate,20260802,random,3,10,3,one_or_more_tile_stripes,4,dense,compressed_tlr,33554432,3162112,36716544,6324224,67108864,0.641357421875,2.262435,2.225781,0.14748050000000001,0.146519,0.2033085,0.20075,1.3785449601811763,1.3701294712631127,1.145044992e10,1.2952010752e10,11.593264248704664,87821.85273307319,676011.8414724421,false,0.150706;0.1474;0.14677;0.148332;0.147711;0.14683;0.14681;0.147561;0.147721;0.146519,,NVIDIA H100 80GB HBM3,1.12.6
precision_sweep__20260802T114738.119Z__pid5142,20260802T114738.119Z,precision_sweep,compressed,compressed_compressed__N4096__q8__skewed__r16-32__bf16__q8__w8,dense__N4096__bf16,compressed_compressed,4096,8,512,8,skewed,b32_b16,16,32,21.328125,21.421875,24.125,24.25,17,16,3,3,q8,bf16,Core.BFloat16,fp32_accumulate,20260802,random,3,10,3,tlr_tlr_rows,8,compressed_tlr,compressed_tlr,3162112,3178496,6340608,13246464,67108864,0.2918701171875,13.146223,6.533347,0.1457525,0.143805,0.2033085,0.20075,1.394888595392875,1.3959876221271863,6.204796928e9,7.08837376e9,12.465155787721894,48632.94804548807,676011.8414724421,false,0.146309;0.14668;0.146369;0.144246;0.146229;0.144877;0.145297;0.144756;0.143805;0.146208,,NVIDIA H100 80GB HBM3,1.12.6
precision_sweep__20260802T114738.119Z__pid5142,20260802T114738.119Z,precision_sweep,baseline,dense__N4096__fp16,dense__N4096__fp16,dense_dense,4096,,,,,,,,,,,,,,,,,fp16,Float16,fp32_accumulate,20260802,random,3,10,0,none,0,dense,dense,33554432,33554432,67108864,0,67108864,1.0,,,0.20377,0.202063,0.20377,0.202063,1.0,1.0,1.37438953472e11,1.37438953472e11,0.0,674480.8042008147,674480.8042008147,false,0.250475;0.205948;0.208502;0.203675;0.202983;0.210415;0.203365;0.202063;0.203865;0.202372,0.250475;0.205948;0.208502;0.203675;0.202983;0.210415;0.203365;0.202063;0.203865;0.202372,NVIDIA H100 80GB HBM3,1.12.6
precision_sweep__20260802T114738.119Z__pid5142,20260802T114738.119Z,precision_sweep,compressed,compressed_dense__N4096__q8__uniform__r16-32__fp16__q8__w4,dense__N4096__fp16,compressed_dense,4096,8,512,8,uniform,b32_b16,16,32,23.8125,,27.25,,17,,3,,q8,fp16,Float16,fp32_accumulate,20260802,random,3,10,3,one_or_more_tile_stripes,4,compressed_tlr,dense,3571712,33554432,37126144,7143424,67108864,0.65966796875,2.370939,2.358019,0.2046565,0.203004,0.20377,0.202063,0.995668351603785,0.9953646233571752,1.2784238592e10,1.4629732352e10,12.614678899082568,71484.32789576681,674480.8042008147,false,0.206709;0.203464;0.206319;0.203004;0.206188;0.203845;0.204897;0.204416;0.206609;0.204076,,NVIDIA H100 80GB HBM3,1.12.6
precision_sweep__20260802T114738.119Z__pid5142,20260802T114738.119Z,precision_sweep,compressed,dense_compressed__N4096__q8__uniform__r16-32__fp16__q8__w4,dense__N4096__fp16,dense_compressed,4096,8,512,8,uniform,b32_b16,16,32,,23.8125,,27.25,,17,,3,q8,fp16,Float16,fp32_accumulate,20260802,random,3,10,3,one_or_more_tile_stripes,4,dense,compressed_tlr,33554432,3571712,37126144,7143424,67108864,0.65966796875,2.197959,2.142947,0.14689950000000002,0.145748,0.20377,0.202063,1.3871388262043096,1.386386091061284,1.2784238592e10,1.4629732352e10,12.614678899082568,99590.07588181033,674480.8042008147,false,0.14664;0.146829;0.148302;0.146949;0.146229;0.149353;0.14707;0.147641;0.14685;0.145748,,NVIDIA H100 80GB HBM3,1.12.6
precision_sweep__20260802T114738.119Z__pid5142,20260802T114738.119Z,precision_sweep,compressed,compressed_compressed__N4096__q8__uniform__r16-32__fp16__q8__w8,dense__N4096__fp16,compressed_compressed,4096,8,512,8,uniform,b32_b16,16,32,23.8125,24.0,27.25,27.5,17,17,3,3,q8,fp16,Float16,fp32_accumulate,20260802,random,3,10,3,tlr_tlr_rows,8,compressed_tlr,compressed_tlr,3571712,3604480,7176192,15053952,67108864,0.3312549591064453,6.924131,6.774067,0.137781,0.13374,0.20377,0.202063,1.478941218310217,1.5108643636907433,6.991194112e9,8.100380672e9,13.693017710069416,58791.71055515637,674480.8042008147,false,0.139018;0.136384;0.140039;0.138417;0.138788;0.138437;0.136734;0.137145;0.135352;0.13374,,NVIDIA H100 80GB HBM3,1.12.6
precision_sweep__20260802T114738.119Z__pid5142,20260802T114738.119Z,precision_sweep,compressed,compressed_dense__N4096__q8__skewed__r16-32__fp16__q8__w4,dense__N4096__fp16,compressed_dense,4096,8,512,8,skewed,b32_b16,16,32,21.328125,,24.125,,17,,3,,q8,fp16,Float16,fp32_accumulate,20260802,random,3,10,3,one_or_more_tile_stripes,4,compressed_tlr,dense,3162112,33554432,36716544,6324224,67108864,0.641357421875,2.169626,2.074634,0.199473,0.197986,0.20377,0.202063,1.0215417625443042,1.0205923651167255,1.145044992e10,1.2952010752e10,11.593264248704664,64931.147333223045,674480.8042008147,false,0.199909;0.199949;0.199508;0.198667;0.199438;0.2004;0.199278;0.197986;0.20062;0.199388,,NVIDIA H100 80GB HBM3,1.12.6
precision_sweep__20260802T114738.119Z__pid5142,20260802T114738.119Z,precision_sweep,compressed,dense_compressed__N4096__q8__skewed__r16-32__fp16__q8__w4,dense__N4096__fp16,dense_compressed,4096,8,512,8,skewed,b32_b16,16,32,,21.328125,,24.125,,17,,3,q8,fp16,Float16,fp32_accumulate,20260802,random,3,10,3,one_or_more_tile_stripes,4,dense,compressed_tlr,33554432,3162112,36716544,6324224,67108864,0.641357421875,2.148986,2.074374,0.144306,0.143255,0.20377,0.202063,1.4120687982481672,1.4105127220690377,1.145044992e10,1.2952010752e10,11.593264248704664,89753.79230246837,674480.8042008147,false,0.144276;0.149864;0.143765;0.144336;0.145537;0.144376;0.143294;0.143965;0.143255;0.147792,,NVIDIA H100 80GB HBM3,1.12.6
precision_sweep__20260802T114738.119Z__pid5142,20260802T114738.119Z,precision_sweep,compressed,compressed_compressed__N4096__q8__skewed__r16-32__fp16__q8__w8,dense__N4096__fp16,compressed_compressed,4096,8,512,8,skewed,b32_b16,16,32,21.328125,21.421875,24.125,24.25,17,16,3,3,q8,fp16,Float16,fp32_accumulate,20260802,random,3,10,3,tlr_tlr_rows,8,compressed_tlr,compressed_tlr,3162112,3178496,6340608,13246464,67108864,0.2918701171875,6.336242,6.197564,0.1298245,0.129053,0.20377,0.202063,1.569580472098872,1.5657365578483258,6.204796928e9,7.08837376e9,12.465155787721894,54599.66154308316,674480.8042008147,false,0.129304;0.142543;0.137366;0.130596;0.129053;0.130345;0.129194;0.129223;0.129073;0.130385,,NVIDIA H100 80GB HBM3,1.12.6
precision_sweep__20260802T114738.119Z__pid5142,20260802T114738.119Z,precision_sweep,baseline,dense__N4096__fp32,dense__N4096__fp32,dense_dense,4096,,,,,,,,,,,,,,,,,fp32,Float32,fp32,20260802,random,3,10,0,none,0,dense,dense,67108864,67108864,134217728,0,134217728,1.0,,,2.8060590000000003,2.705439,2.8060590000000003,2.705439,1.0,1.0,1.37438953472e11,1.37438953472e11,0.0,48979.35270498588,48979.35270498588,false,2.722895;2.72629;2.716075;2.705439;2.781302;2.951046;2.832799;2.831577;2.830816;2.840631,2.722895;2.72629;2.716075;2.705439;2.781302;2.951046;2.832799;2.831577;2.830816;2.840631,NVIDIA H100 80GB HBM3,1.12.6
precision_sweep__20260802T114738.119Z__pid5142,20260802T114738.119Z,precision_sweep,compressed,compressed_dense__N4096__q8__uniform__r16-32__fp32__q8__w4,dense__N4096__fp32,compressed_dense,4096,8,512,8,uniform,b32_b16,16,32,23.8125,,27.25,,17,,3,,q8,fp32,Float32,fp32,20260802,random,3,10,3,one_or_more_tile_stripes,4,compressed_tlr,dense,7143424,67108864,74252288,14286848,134217728,0.65966796875,2.37933,2.334664,1.019095,1.011503,2.8060590000000003,2.705439,2.7534812750528657,2.67467224516388,1.2784238592e10,1.4629732352e10,12.614678899082568,14355.611941968116,48979.35270498588,false,1.025445;1.020948;1.017653;1.0425;1.019175;1.019015;1.018434;1.011503;1.017843;1.023212,,NVIDIA H100 80GB HBM3,1.12.6
precision_sweep__20260802T114738.119Z__pid5142,20260802T114738.119Z,precision_sweep,compressed,dense_compressed__N4096__q8__uniform__r16-32__fp32__q8__w4,dense__N4096__fp32,dense_compressed,4096,8,512,8,uniform,b32_b16,16,32,,23.8125,,27.25,,17,,3,q8,fp32,Float32,fp32,20260802,random,3,10,3,one_or_more_tile_stripes,4,dense,compressed_tlr,67108864,7143424,74252288,14286848,134217728,0.65966796875,2.191169,2.183688,0.968364,0.961299,2.8060590000000003,2.705439,2.8977316381030276,2.814357447578745,1.2784238592e10,1.4629732352e10,12.614678899082568,15107.678881081907,48979.35270498588,false,0.977873;0.969521;0.961299;0.965635;0.97606;0.969681;0.966997;0.964733;0.967207;0.974829,,NVIDIA H100 80GB HBM3,1.12.6
precision_sweep__20260802T114738.119Z__pid5142,20260802T114738.119Z,precision_sweep,compressed,compressed_compressed__N4096__q8__uniform__r16-32__fp32__q8__w8,dense__N4096__fp32,compressed_compressed,4096,8,512,8,uniform,b32_b16,16,32,23.8125,24.0,27.25,27.5,17,17,3,3,q8,fp32,Float32,fp32,20260802,random,3,10,3,tlr_tlr_rows,8,compressed_tlr,compressed_tlr,7143424,7208960,14352384,30107904,134217728,0.3312549591064453,7.101037,6.858714,0.451661,0.431867,2.8060590000000003,2.705439,6.21275469876744,6.264518937543272,6.991194112e9,8.100380672e9,13.693017710069416,17934.647162362922,48979.35270498588,false,0.512567;0.591225;0.431867;0.451296;0.443844;0.453188;0.436073;0.460389;0.442732;0.452026,,NVIDIA H100 80GB HBM3,1.12.6
precision_sweep__20260802T114738.119Z__pid5142,20260802T114738.119Z,precision_sweep,compressed,compressed_dense__N4096__q8__skewed__r16-32__fp32__q8__w4,dense__N4096__fp32,compressed_dense,4096,8,512,8,skewed,b32_b16,16,32,21.328125,,24.125,,17,,3,,q8,fp32,Float32,fp32,20260802,random,3,10,3,one_or_more_tile_stripes,4,compressed_tlr,dense,6324224,67108864,73433088,12648448,134217728,0.641357421875,2.137398,2.133362,1.0614080000000001,1.052986,2.8060590000000003,2.705439,2.6437138216406884,2.5693019660280387,1.145044992e10,1.2952010752e10,11.593264248704664,12202.669239349992,48979.35270498588,false,1.067397;1.053837;1.154277;1.061869;1.061208;1.057382;1.064864;1.061608;1.057903;1.052986,,NVIDIA H100 80GB HBM3,1.12.6
precision_sweep__20260802T114738.119Z__pid5142,20260802T114738.119Z,precision_sweep,compressed,dense_compressed__N4096__q8__skewed__r16-32__fp32__q8__w4,dense__N4096__fp32,dense_compressed,4096,8,512,8,skewed,b32_b16,16,32,,21.328125,,24.125,,17,,3,q8,fp32,Float32,fp32,20260802,random,3,10,3,one_or_more_tile_stripes,4,dense,compressed_tlr,67108864,6324224,73433088,12648448,134217728,0.641357421875,2.237608,2.082646,0.9486794999999999,0.945255,2.8060590000000003,2.705439,2.9578577380453575,2.862126092959043,1.145044992e10,1.2952010752e10,11.593264248704664,13652.672743534567,48979.35270498588,false,0.945625;0.950222;0.946947;0.949641;0.945455;0.955209;0.952756;0.947718;0.945255;0.968179,,NVIDIA H100 80GB HBM3,1.12.6
precision_sweep__20260802T114738.119Z__pid5142,20260802T114738.119Z,precision_sweep,compressed,compressed_compressed__N4096__q8__skewed__r16-32__fp32__q8__w8,dense__N4096__fp32,compressed_compressed,4096,8,512,8,skewed,b32_b16,16,32,21.328125,21.421875,24.125,24.25,17,16,3,3,q8,fp32,Float32,fp32,20260802,random,3,10,3,tlr_tlr_rows,8,compressed_tlr,compressed_tlr,6324224,6356992,12681216,26492928,134217728,0.2918701171875,6.213228,6.169552,0.430249,0.363044,2.8060590000000003,2.705439,6.521941945245661,7.452096715549631,6.204796928e9,7.08837376e9,12.465155787721894,16475.049936199735,48979.35270498588,false,0.445357;0.577915;0.430364;0.363044;0.441361;0.366118;0.429964;0.475692;0.430134;0.387049,,NVIDIA H100 80GB HBM3,1.12.6
precision_sweep__20260802T114738.119Z__pid5142,20260802T114738.119Z,precision_sweep,baseline,dense__N4096__tf32,dense__N4096__tf32,dense_dense,4096,,,,,,,,,,,,,,,,,tf32,Float32,tf32,20260802,random,3,10,0,none,0,dense,dense,67108864,67108864,134217728,0,134217728,1.0,,,0.4281005,0.38073,0.4281005,0.38073,1.0,1.0,1.37438953472e11,1.37438953472e11,0.0,321043.6649151309,321043.6649151309,false,0.439237;0.594399;0.423103;0.38073;0.424615;0.431175;0.431946;0.38085;0.427309;0.428892,0.439237;0.594399;0.423103;0.38073;0.424615;0.431175;0.431946;0.38085;0.427309;0.428892,NVIDIA H100 80GB HBM3,1.12.6
precision_sweep__20260802T114738.119Z__pid5142,20260802T114738.119Z,precision_sweep,compressed,compressed_dense__N4096__q8__uniform__r16-32__tf32__q8__w4,dense__N4096__tf32,compressed_dense,4096,8,512,8,uniform,b32_b16,16,32,23.8125,,27.25,,17,,3,,q8,tf32,Float32,tf32,20260802,random,3,10,3,one_or_more_tile_stripes,4,compressed_tlr,dense,7143424,67108864,74252288,14286848,134217728,0.65966796875,2.239591,2.073844,0.28828149999999997,0.286589,0.4281005,0.38073,1.4850085766863292,1.3284878344946947,1.2784238592e10,1.4629732352e10,12.614678899082568,50748.079054674,321043.6649151309,false,0.28764;0.289864;0.2873;0.28704;0.288412;0.289022;0.289413;0.288391;0.286589;0.288172,,NVIDIA H100 80GB HBM3,1.12.6
precision_sweep__20260802T114738.119Z__pid5142,20260802T114738.119Z,precision_sweep,compressed,dense_compressed__N4096__q8__uniform__r16-32__tf32__q8__w4,dense__N4096__tf32,dense_compressed,4096,8,512,8,uniform,b32_b16,16,32,,23.8125,,27.25,,17,,3,q8,tf32,Float32,tf32,20260802,random,3,10,3,one_or_more_tile_stripes,4,dense,compressed_tlr,67108864,7143424,74252288,14286848,134217728,0.65966796875,18.319224,2.214734,0.279904,0.278768,0.4281005,0.38073,1.5294547416257003,1.3657593411008437,1.2784238592e10,1.4629732352e10,12.614678899082568,52266.96421630273,321043.6649151309,false,0.283053;0.281201;0.278967;0.279077;0.280921;0.279769;0.278768;0.280039;0.279718;0.282983,,NVIDIA H100 80GB HBM3,1.12.6
precision_sweep__20260802T114738.119Z__pid5142,20260802T114738.119Z,precision_sweep,compressed,compressed_compressed__N4096__q8__uniform__r16-32__tf32__q8__w8,dense__N4096__tf32,compressed_compressed,4096,8,512,8,uniform,b32_b16,16,32,23.8125,24.0,27.25,27.5,17,17,3,3,q8,tf32,Float32,tf32,20260802,random,3,10,3,tlr_tlr_rows,8,compressed_tlr,compressed_tlr,7143424,7208960,14352384,30107904,134217728,0.3312549591064453,11.082585,6.160348,0.15686499999999998,0.155072,0.4281005,0.38073,2.729101456666561,2.45518210895584,6.991194112e9,8.100380672e9,13.693017710069416,51639.184470723245,321043.6649151309,false,0.157816;0.156935;0.155793;0.156795;0.157045;0.157155;0.155072;0.156084;0.157486;0.156124,,NVIDIA H100 80GB HBM3,1.12.6
precision_sweep__20260802T114738.119Z__pid5142,20260802T114738.119Z,precision_sweep,compressed,compressed_dense__N4096__q8__skewed__r16-32__tf32__q8__w4,dense__N4096__tf32,compressed_dense,4096,8,512,8,skewed,b32_b16,16,32,21.328125,,24.125,,17,,3,,q8,tf32,Float32,tf32,20260802,random,3,10,3,one_or_more_tile_stripes,4,compressed_tlr,dense,6324224,67108864,73433088,12648448,134217728,0.641357421875,2.188065,2.12504,0.28599300000000005,0.284516,0.4281005,0.38073,1.496891532310231,1.3381672735452488,1.145044992e10,1.2952010752e10,11.593264248704664,45287.85932522823,321043.6649151309,false,0.28738;0.284516;0.286279;0.287089;0.286959;0.285507;0.285938;0.285798;0.286048;0.285918,,NVIDIA H100 80GB HBM3,1.12.6
precision_sweep__20260802T114738.119Z__pid5142,20260802T114738.119Z,precision_sweep,compressed,dense_compressed__N4096__q8__skewed__r16-32__tf32__q8__w4,dense__N4096__tf32,dense_compressed,4096,8,512,8,skewed,b32_b16,16,32,,21.328125,,24.125,,17,,3,q8,tf32,Float32,tf32,20260802,random,3,10,3,one_or_more_tile_stripes,4,dense,compressed_tlr,67108864,6324224,73433088,12648448,134217728,0.641357421875,2.101145,2.053353,0.27479549999999997,0.272748,0.4281005,0.38073,1.5578875927735354,1.3959039113027412,1.145044992e10,1.2952010752e10,11.593264248704664,47133.27093056474,321043.6649151309,false,0.275181;0.273369;0.275312;0.277615;0.27394;0.275131;0.275212;0.274441;0.27446;0.272748,,NVIDIA H100 80GB HBM3,1.12.6
precision_sweep__20260802T114738.119Z__pid5142,20260802T114738.119Z,precision_sweep,compressed,compressed_compressed__N4096__q8__skewed__r16-32__tf32__q8__w8,dense__N4096__tf32,compressed_compressed,4096,8,512,8,skewed,b32_b16,16,32,21.328125,21.421875,24.125,24.25,17,16,3,3,q8,tf32,Float32,tf32,20260802,random,3,10,3,tlr_tlr_rows,8,compressed_tlr,compressed_tlr,6324224,6356992,12681216,26492928,134217728,0.2918701171875,6.312977,6.298215,0.151842,0.150124,0.4281005,0.38073,2.8193813305936435,2.5361034877834325,6.204796928e9,7.08837376e9,12.465155787721894,46682.563190685054,321043.6649151309,false,0.150124;0.151837;0.155944;0.150625;0.15306;0.152028;0.153801;0.150966;0.151847;0.150155,,NVIDIA H100 80GB HBM3,1.12.6
precision_sweep__20260802T114738.119Z__pid5142,20260802T114738.119Z,precision_sweep,baseline,dense__N8192__bf16,dense__N8192__bf16,dense_dense,8192,,,,,,,,,,,,,,,,,bf16,Core.BFloat16,fp32_accumulate,20260802,random,3,10,0,none,0,dense,dense,134217728,134217728,268435456,0,268435456,1.0,,,1.3716975,1.362659,1.3716975,1.362659,1.0,1.0,1.099511627776e12,1.099511627776e12,0.0,801570.0457105156,801570.0457105156,false,1.377301;1.374366;1.362659;1.375298;1.373545;1.3695;1.36985;1.369139;1.375869;1.365213,1.377301;1.374366;1.362659;1.375298;1.373545;1.3695;1.36985;1.369139;1.375869;1.365213,NVIDIA H100 80GB HBM3,1.12.6
precision_sweep__20260802T114738.119Z__pid5142,20260802T114738.119Z,precision_sweep,compressed,compressed_dense__N8192__q8__uniform__r32-64__bf16__q8__w4,dense__N8192__bf16,compressed_dense,8192,8,1024,8,uniform,b32_b16,32,64,47.625,,51.125,,29,,5,,q8,bf16,Core.BFloat16,fp32_accumulate,20260802,random,3,10,3,one_or_more_tile_stripes,4,compressed_tlr,dense,13402112,134217728,147619840,26804224,268435456,0.6497802734375,2.161104,2.158581,0.7831619999999999,0.776142,1.3716975,1.362659,1.7514862825315838,1.75568259416447,1.02273908736e11,1.09790101504e11,6.845965770171149,140188.2388369201,801570.0457105156,false,0.780898;0.779246;0.776142;0.783723;0.779657;0.799486;0.786166;0.790963;0.789792;0.782601,,NVIDIA H100 80GB HBM3,1.12.6
precision_sweep__20260802T114738.119Z__pid5142,20260802T114738.119Z,precision_sweep,compressed,dense_compressed__N8192__q8__uniform__r32-64__bf16__q8__w4,dense__N8192__bf16,dense_compressed,8192,8,1024,8,uniform,b32_b16,32,64,,47.625,,51.125,,29,,5,q8,bf16,Core.BFloat16,fp32_accumulate,20260802,random,3,10,3,one_or_more_tile_stripes,4,dense,compressed_tlr,134217728,13402112,147619840,26804224,268435456,0.6497802734375,2.309626,2.257188,0.5630120000000001,0.559617,1.3716975,1.362659,2.4363557082264675,2.434984998668732,1.02273908736e11,1.09790101504e11,6.845965770171149,195004.90487591736,801570.0457105156,false,0.570894;0.563833;0.569712;0.56133;0.566678;0.559617;0.571566;0.56131;0.562191;0.56132,,NVIDIA H100 80GB HBM3,1.12.6
precision_sweep__20260802T114738.119Z__pid5142,20260802T114738.119Z,precision_sweep,compressed,compressed_compressed__N8192__q8__uniform__r32-64__bf16__q8__w8,dense__N8192__bf16,compressed_compressed,8192,8,1024,8,uniform,b32_b16,32,64,47.625,48.109375,51.125,51.875,29,30,5,5,q8,bf16,Core.BFloat16,fp32_accumulate,20260802,random,3,10,3,tlr_tlr_rows,8,compressed_tlr,compressed_tlr,13402112,13598720,27000832,56324608,268435456,0.3104114532470703,6.54163,6.390002,0.4575595,0.45403,1.3716975,1.362659,2.9978560165399255,3.0012532211527874,5.594140672e10,6.0457746432e10,7.470241579513329,132130.89539611788,801570.0457105156,false,0.472276;0.470655;0.456043;0.45498;0.45403;0.474861;0.45486;0.456232;0.458887;0.479208,,NVIDIA H100 80GB HBM3,1.12.6
precision_sweep__20260802T114738.119Z__pid5142,20260802T114738.119Z,precision_sweep,compressed,compressed_dense__N8192__q8__skewed__r32-64__bf16__q8__w4,dense__N8192__bf16,compressed_dense,8192,8,1024,8,skewed,b32_b16,32,64,42.6875,,45.5,,26,,5,,q8,bf16,Core.BFloat16,fp32_accumulate,20260802,random,3,10,3,one_or_more_tile_stripes,4,compressed_tlr,dense,11927552,134217728,146145280,23855104,268435456,0.63330078125,2.137139,2.124199,0.7821055,0.775481,1.3716975,1.362659,1.7538522616194363,1.7571790927179392,9.1670708224e10,9.7710505984e10,6.181318681318682,124932.6414198596,801570.0457105156,false,0.789201;0.775481;0.781249;0.778725;0.780067;0.782992;0.782962;0.775941;0.791675;0.79499,,NVIDIA H100 80GB HBM3,1.12.6
precision_sweep__20260802T114738.119Z__pid5142,20260802T114738.119Z,precision_sweep,compressed,dense_compressed__N8192__q8__skewed__r32-64__bf16__q8__w4,dense__N8192__bf16,dense_compressed,8192,8,1024,8,skewed,b32_b16,32,64,,42.6875,,45.5,,26,,5,q8,bf16,Core.BFloat16,fp32_accumulate,20260802,random,3,10,3,one_or_more_tile_stripes,4,dense,compressed_tlr,134217728,11927552,146145280,23855104,268435456,0.63330078125,2.615984,2.512129,0.547239,0.543403,1.3716975,1.362659,2.506578478507562,2.5076398179619916,9.1670708224e10,9.7710505984e10,6.181318681318682,178551.7954385561,801570.0457105156,false,0.546498;0.548621;0.544735;0.55509;0.548621;0.564785;0.545296;0.547329;0.547149;0.543403,,NVIDIA H100 80GB HBM3,1.12.6
precision_sweep__20260802T114738.119Z__pid5142,20260802T114738.119Z,precision_sweep,compressed,compressed_compressed__N8192__q8__skewed__r32-64__bf16__q8__w8,dense__N8192__bf16,compressed_compressed,8192,8,1024,8,skewed,b32_b16,32,64,42.6875,42.875,45.5,45.75,26,29,5,5,q8,bf16,Core.BFloat16,fp32_accumulate,20260802,random,3,10,3,tlr_tlr_rows,8,compressed_tlr,compressed_tlr,11927552,11993088,23920640,49842560,268435456,0.27478933334350586,6.591754,6.577062,0.4561725,0.436473,1.3716975,1.362659,3.006971047136774,3.121977762656568,4.9676886016e10,5.3222309888e10,6.661537012318559,116671.45627586056,801570.0457105156,false,0.522782;0.450504;0.460048;0.439327;0.455782;0.440809;0.471866;0.436473;0.456563;0.462703,,NVIDIA H100 80GB HBM3,1.12.6
precision_sweep__20260802T114738.119Z__pid5142,20260802T114738.119Z,precision_sweep,baseline,dense__N8192__fp16,dense__N8192__fp16,dense_dense,8192,,,,,,,,,,,,,,,,,fp16,Float16,fp32_accumulate,20260802,random,3,10,0,none,0,dense,dense,134217728,134217728,268435456,0,268435456,1.0,,,1.407757,1.403881,1.407757,1.403881,1.0,1.0,1.099511627776e12,1.099511627776e12,0.0,781037.9403377145,781037.9403377145,false,1.405183;1.411802;1.405834;1.409028;1.408138;1.416039;1.404402;1.407376;1.403881;1.413615,1.405183;1.411802;1.405834;1.409028;1.408138;1.416039;1.404402;1.407376;1.403881;1.413615,NVIDIA H100 80GB HBM3,1.12.6
precision_sweep__20260802T114738.119Z__pid5142,20260802T114738.119Z,precision_sweep,compressed,compressed_dense__N8192__q8__uniform__r32-64__fp16__q8__w4,dense__N8192__fp16,compressed_dense,8192,8,1024,8,uniform,b32_b16,32,64,47.625,,51.125,,29,,5,,q8,fp16,Float16,fp32_accumulate,20260802,random,3,10,3,one_or_more_tile_stripes,4,compressed_tlr,dense,13402112,134217728,147619840,26804224,268435456,0.6497802734375,2.165451,2.077689,0.7748645000000001,0.769531,1.407757,1.403881,1.8167782883329922,1.8243332627275575,1.02273908736e11,1.09790101504e11,6.845965770171149,141689.41989728523,781037.9403377145,false,0.783682;0.769531;0.772727;0.773718;0.779176;0.774989;0.776862;0.77474;0.782291;0.769632,,NVIDIA H100 80GB HBM3,1.12.6
precision_sweep__20260802T114738.119Z__pid5142,20260802T114738.119Z,precision_sweep,compressed,dense_compressed__N8192__q8__uniform__r32-64__fp16__q8__w4,dense__N8192__fp16,dense_compressed,8192,8,1024,8,uniform,b32_b16,32,64,,47.625,,51.125,,29,,5,q8,fp16,Float16,fp32_accumulate,20260802,random,3,10,3,one_or_more_tile_stripes,4,dense,compressed_tlr,134217728,13402112,147619840,26804224,268435456,0.6497802734375,2.240413,2.183808,0.5582405,0.549212,1.407757,1.403881,2.521775113056111,2.5561732081600543,1.02273908736e11,1.09790101504e11,6.845965770171149,196671.6881057537,781037.9403377145,false,0.558416;0.558065;0.556793;0.573659;0.552577;0.555622;0.549212;0.559006;0.561079;0.558606,,NVIDIA H100 80GB HBM3,1.12.6
precision_sweep__20260802T114738.119Z__pid5142,20260802T114738.119Z,precision_sweep,compressed,compressed_compressed__N8192__q8__uniform__r32-64__fp16__q8__w8,dense__N8192__fp16,compressed_compressed,8192,8,1024,8,uniform,b32_b16,32,64,47.625,48.109375,51.125,51.875,29,30,5,5,q8,fp16,Float16,fp32_accumulate,20260802,random,3,10,3,tlr_tlr_rows,8,compressed_tlr,compressed_tlr,13402112,13598720,27000832,56324608,268435456,0.3104114532470703,6.320559,6.281389,0.4390425,0.432837,1.407757,1.403881,3.206425346065586,3.2434403713176088,5.594140672e10,6.0457746432e10,7.470241579513329,137703.63104255282,781037.9403377145,false,0.56084;0.441561;0.456143;0.435732;0.43415;0.445246;0.459407;0.435782;0.436524;0.432837,,NVIDIA H100 80GB HBM3,1.12.6
precision_sweep__20260802T114738.119Z__pid5142,20260802T114738.119Z,precision_sweep,compressed,compressed_dense__N8192__q8__skewed__r32-64__fp16__q8__w4,dense__N8192__fp16,compressed_dense,8192,8,1024,8,skewed,b32_b16,32,64,42.6875,,45.5,,26,,5,,q8,fp16,Float16,fp32_accumulate,20260802,random,3,10,3,one_or_more_tile_stripes,4,compressed_tlr,dense,11927552,134217728,146145280,23855104,268435456,0.63330078125,2.206202,2.1447,0.7727565,0.760178,1.407757,1.403881,1.821734272050769,1.8467793069517928,9.1670708224e10,9.7710505984e10,6.181318681318682,126444.1075345209,781037.9403377145,false,0.773457;0.774279;0.772596;0.774109;0.770123;0.772917;0.769792;0.767549;0.760178;0.775911,,NVIDIA H100 80GB HBM3,1.12.6
precision_sweep__20260802T114738.119Z__pid5142,20260802T114738.119Z,precision_sweep,compressed,dense_compressed__N8192__q8__skewed__r32-64__fp16__q8__w4,dense__N8192__fp16,dense_compressed,8192,8,1024,8,skewed,b32_b16,32,64,,42.6875,,45.5,,26,,5,q8,fp16,Float16,fp32_accumulate,20260802,random,3,10,3,one_or_more_tile_stripes,4,dense,compressed_tlr,134217728,11927552,146145280,23855104,268435456,0.63330078125,2.133002,2.07099,0.5358065,0.530824,1.407757,1.403881,2.627360810292522,2.6447202839359187,9.1670708224e10,9.7710505984e10,6.181318681318682,182361.55400130458,781037.9403377145,false,0.547028;0.548741;0.536222;0.530824;0.539037;0.53408;0.535391;0.535111;0.548911;0.533358,,NVIDIA H100 80GB HBM3,1.12.6
precision_sweep__20260802T114738.119Z__pid5142,20260802T114738.119Z,precision_sweep,compressed,compressed_compressed__N8192__q8__skewed__r32-64__fp16__q8__w8,dense__N8192__fp16,compressed_compressed,8192,8,1024,8,skewed,b32_b16,32,64,42.6875,42.875,45.5,45.75,26,29,5,5,q8,fp16,Float16,fp32_accumulate,20260802,random,3,10,3,tlr_tlr_rows,8,compressed_tlr,compressed_tlr,11927552,11993088,23920640,49842560,268435456,0.27478933334350586,6.331094,6.327819,0.4332085,0.42784,1.407757,1.403881,3.2496061365370252,3.2813224569932684,4.9676886016e10,5.3222309888e10,6.661537012318559,122856.10713547864,781037.9403377145,false,0.527779;0.439708;0.433709;0.432197;0.450123;0.432708;0.42784;0.431105;0.443194;0.430835,,NVIDIA H100 80GB HBM3,1.12.6
precision_sweep__20260802T114738.119Z__pid5142,20260802T114738.119Z,precision_sweep,baseline,dense__N8192__fp32,dense__N8192__fp32,dense_dense,8192,,,,,,,,,,,,,,,,,fp32,Float32,fp32,20260802,random,3,10,0,none,0,dense,dense,268435456,268435456,536870912,0,536870912,1.0,,,21.358151999999997,21.290971,21.358151999999997,21.290971,1.0,1.0,1.099511627776e12,1.099511627776e12,0.0,51479.71733584442,51479.71733584442,false,21.290971;21.310931;21.301156;21.349209;21.319604;21.377782;21.367586;21.428878;21.367095;21.388707,21.290971;21.310931;21.301156;21.349209;21.319604;21.377782;21.367586;21.428878;21.367095;21.388707,NVIDIA H100 80GB HBM3,1.12.6
precision_sweep__20260802T114738.119Z__pid5142,20260802T114738.119Z,precision_sweep,compressed,compressed_dense__N8192__q8__uniform__r32-64__fp32__q8__w4,dense__N8192__fp32,compressed_dense,8192,8,1024,8,uniform,b32_b16,32,64,47.625,,51.125,,29,,5,,q8,fp32,Float32,fp32,20260802,random,3,10,3,one_or_more_tile_stripes,4,compressed_tlr,dense,26804224,268435456,295239680,53608448,536870912,0.6497802734375,2.195336,2.17197,4.5168645000000005,4.473284,21.358151999999997,21.290971,4.7285350268975295,4.759584010315464,1.02273908736e11,1.09790101504e11,6.845965770171149,24306.706899000397,51479.71733584442,false,4.489419;4.475628;4.480254;4.473284;4.520044;4.531731;4.524581;4.517501;4.526744;4.516228,,NVIDIA H100 80GB HBM3,1.12.6
precision_sweep__20260802T114738.119Z__pid5142,20260802T114738.119Z,precision_sweep,compressed,dense_compressed__N8192__q8__uniform__r32-64__fp32__q8__w4,dense__N8192__fp32,dense_compressed,8192,8,1024,8,uniform,b32_b16,32,64,,47.625,,51.125,,29,,5,q8,fp32,Float32,fp32,20260802,random,3,10,3,one_or_more_tile_stripes,4,dense,compressed_tlr,268435456,26804224,295239680,53608448,536870912,0.6497802734375,2.202967,2.121535,4.0052685,3.986646,21.358151999999997,21.290971,5.332514411955153,5.3405722504581545,1.02273908736e11,1.09790101504e11,6.845965770171149,27411.421107973165,51479.71733584442,false,3.993646;3.992414;3.986646;3.98939;3.987457;4.016891;4.034647;4.024643;4.024933;4.025474,,NVIDIA H100 80GB HBM3,1.12.6
precision_sweep__20260802T114738.119Z__pid5142,20260802T114738.119Z,precision_sweep,compressed,compressed_compressed__N8192__q8__uniform__r32-64__fp32__q8__w8,dense__N8192__fp32,compressed_compressed,8192,8,1024,8,uniform,b32_b16,32,64,47.625,48.109375,51.125,51.875,29,30,5,5,q8,fp32,Float32,fp32,20260802,random,3,10,3,tlr_tlr_rows,8,compressed_tlr,compressed_tlr,26804224,27197440,54001664,112649216,536870912,0.3104114532470703,6.273949,6.246978,1.8178554999999998,1.806643,21.358151999999997,21.290971,11.74909226833486,11.784824672057512,5.594140672e10,6.0457746432e10,7.470241579513329,33257.72946859638,51479.71733584442,false,1.834355;1.816959;1.818722;1.816989;1.826904;1.819383;1.820735;1.816888;1.814185;1.806643,,NVIDIA H100 80GB HBM3,1.12.6
precision_sweep__20260802T114738.119Z__pid5142,20260802T114738.119Z,precision_sweep,compressed,compressed_dense__N8192__q8__skewed__r32-64__fp32__q8__w4,dense__N8192__fp32,compressed_dense,8192,8,1024,8,skewed,b32_b16,32,64,42.6875,,45.5,,26,,5,,q8,fp32,Float32,fp32,20260802,random,3,10,3,one_or_more_tile_stripes,4,compressed_tlr,dense,23855104,268435456,292290560,47710208,536870912,0.63330078125,2.156768,2.142286,4.510485,4.500745,21.358151999999997,21.290971,4.735222930571767,4.730543721095063,9.1670708224e10,9.7710505984e10,6.181318681318682,21662.971051671826,51479.71733584442,false,4.506164;4.501857;4.505172;4.502318;4.514806;4.515597;4.500745;4.543169;4.552082;4.541296,,NVIDIA H100 80GB HBM3,1.12.6
precision_sweep__20260802T114738.119Z__pid5142,20260802T114738.119Z,precision_sweep,compressed,dense_compressed__N8192__q8__skewed__r32-64__fp32__q8__w4,dense__N8192__fp32,dense_compressed,8192,8,1024,8,skewed,b32_b16,32,64,,42.6875,,45.5,,26,,5,q8,fp32,Float32,fp32,20260802,random,3,10,3,one_or_more_tile_stripes,4,dense,compressed_tlr,268435456,23855104,292290560,47710208,536870912,0.63330078125,2.34556,2.185371,3.9216035,3.874047,21.358151999999997,21.290971,5.446280328952175,5.495795740216884,9.1670708224e10,9.7710505984e10,6.181318681318682,24915.95746076828,51479.71733584442,false,3.874689;3.874047;3.912655;3.924793;3.920186;3.914548;3.923021;3.925625;3.933406;3.953847,,NVIDIA H100 80GB HBM3,1.12.6
precision_sweep__20260802T114738.119Z__pid5142,20260802T114738.119Z,precision_sweep,compressed,compressed_compressed__N8192__q8__skewed__r32-64__fp32__q8__w8,dense__N8192__fp32,compressed_compressed,8192,8,1024,8,skewed,b32_b16,32,64,42.6875,42.875,45.5,45.75,26,29,5,5,q8,fp32,Float32,fp32,20260802,random,3,10,3,tlr_tlr_rows,8,compressed_tlr,compressed_tlr,23855104,23986176,47841280,99685120,536870912,0.27478933334350586,6.249483,6.184615,1.653179,1.565192,21.358151999999997,21.290971,12.919443085110565,13.602785472964339,4.9676886016e10,5.3222309888e10,6.661537012318559,32193.918437144435,51479.71733584442,false,1.567105;1.668006;1.660936;1.569388;1.655247;1.660014;1.565192;1.649859;1.651111;1.669678,,NVIDIA H100 80GB HBM3,1.12.6
precision_sweep__20260802T114738.119Z__pid5142,20260802T114738.119Z,precision_sweep,baseline,dense__N8192__tf32,dense__N8192__tf32,dense_dense,8192,,,,,,,,,,,,,,,,,tf32,Float32,tf32,20260802,random,3,10,0,none,0,dense,dense,268435456,268435456,536870912,0,536870912,1.0,,,2.630681,2.620501,2.630681,2.620501,1.0,1.0,1.099511627776e12,1.099511627776e12,0.0,417957.03385397163,417957.03385397163,false,2.627843;2.629494;2.620501;2.624598;2.631868;2.622775;2.631948;2.643206;2.649685;2.641362,2.627843;2.629494;2.620501;2.624598;2.631868;2.622775;2.631948;2.643206;2.649685;2.641362,NVIDIA H100 80GB HBM3,1.12.6
precision_sweep__20260802T114738.119Z__pid5142,20260802T114738.119Z,precision_sweep,compressed,compressed_dense__N8192__q8__uniform__r32-64__tf32__q8__w4,dense__N8192__tf32,compressed_dense,8192,8,1024,8,uniform,b32_b16,32,64,47.625,,51.125,,29,,5,,q8,tf32,Float32,tf32,20260802,random,3,10,3,one_or_more_tile_stripes,4,compressed_tlr,dense,26804224,268435456,295239680,53608448,536870912,0.6497802734375,2.204469,2.155065,1.1709070000000001,1.163251,2.630681,2.620501,2.2467036237719986,2.252739090703554,1.02273908736e11,1.09790101504e11,6.845965770171149,93765.0056785039,417957.03385397163,false,1.171623;1.16945;1.173837;1.172725;1.167117;1.177172;1.170191;1.174618;1.163251;1.165914,,NVIDIA H100 80GB HBM3,1.12.6
precision_sweep__20260802T114738.119Z__pid5142,20260802T114738.119Z,precision_sweep,compressed,dense_compressed__N8192__q8__uniform__r32-64__tf32__q8__w4,dense__N8192__tf32,dense_compressed,8192,8,1024,8,uniform,b32_b16,32,64,,47.625,,51.125,,29,,5,q8,tf32,Float32,tf32,20260802,random,3,10,3,one_or_more_tile_stripes,4,dense,compressed_tlr,268435456,26804224,295239680,53608448,536870912,0.6497802734375,2.227273,2.206532,1.1204770000000002,1.113957,2.630681,2.620501,2.3478224006382993,2.3524256322281736,1.02273908736e11,1.09790101504e11,6.845965770171149,97985.14516942335,417957.03385397163,false,1.130282;1.116601;1.119415;1.121788;1.120327;1.121408;1.12262;1.116921;1.120627;1.113957,,NVIDIA H100 80GB HBM3,1.12.6
precision_sweep__20260802T114738.119Z__pid5142,20260802T114738.119Z,precision_sweep,compressed,compressed_compressed__N8192__q8__uniform__r32-64__tf32__q8__w8,dense__N8192__tf32,compressed_compressed,8192,8,1024,8,uniform,b32_b16,32,64,47.625,48.109375,51.125,51.875,29,30,5,5,q8,tf32,Float32,tf32,20260802,random,3,10,3,tlr_tlr_rows,8,compressed_tlr,compressed_tlr,26804224,27197440,54001664,112649216,536870912,0.3104114532470703,6.284094,6.239558,0.5678145,0.563353,2.630681,2.620501,4.632993697765731,4.651614529433588,5.594140672e10,6.0457746432e10,7.470241579513329,106474.46733396206,417957.03385397163,false,0.567759;0.573358;0.567188;0.563974;0.563353;0.575131;0.56787;0.564735;0.569893;0.573919,,NVIDIA H100 80GB HBM3,1.12.6
precision_sweep__20260802T114738.119Z__pid5142,20260802T114738.119Z,precision_sweep,compressed,compressed_dense__N8192__q8__skewed__r32-64__tf32__q8__w4,dense__N8192__tf32,compressed_dense,8192,8,1024,8,skewed,b32_b16,32,64,42.6875,,45.5,,26,,5,,q8,tf32,Float32,tf32,20260802,random,3,10,3,one_or_more_tile_stripes,4,compressed_tlr,dense,23855104,268435456,292290560,47710208,536870912,0.63330078125,2.215876,2.140994,1.151593,1.145464,2.630681,2.620501,2.2843843267543305,2.2877200854850086,9.1670708224e10,9.7710505984e10,6.181318681318682,84848.12428001907,417957.03385397163,false,1.167567;1.145464;1.149591;1.155109;1.160887;1.153175;1.150011;1.146225;1.157322;1.148669,,NVIDIA H100 80GB HBM3,1.12.6
precision_sweep__20260802T114738.119Z__pid5142,20260802T114738.119Z,precision_sweep,compressed,dense_compressed__N8192__q8__skewed__r32-64__tf32__q8__w4,dense__N8192__tf32,dense_compressed,8192,8,1024,8,skewed,b32_b16,32,64,,42.6875,,45.5,,26,,5,q8,tf32,Float32,tf32,20260802,random,3,10,3,one_or_more_tile_stripes,4,dense,compressed_tlr,268435456,23855104,292290560,47710208,536870912,0.63330078125,2.196077,2.035306,1.0855695,1.074729,2.630681,2.620501,2.423318820213722,2.4382900247411206,9.1670708224e10,9.7710505984e10,6.181318681318682,90008.52177958205,417957.03385397163,false,1.101489;1.08894;1.0824;1.08931;1.074729;1.084083;1.087056;1.089139;1.076381;1.080007,,NVIDIA H100 80GB HBM3,1.12.6
precision_sweep__20260802T114738.119Z__pid5142,20260802T114738.119Z,precision_sweep,compressed,compressed_compressed__N8192__q8__skewed__r32-64__tf32__q8__w8,dense__N8192__tf32,compressed_compressed,8192,8,1024,8,skewed,b32_b16,32,64,42.6875,42.875,45.5,45.75,26,29,5,5,q8,tf32,Float32,tf32,20260802,random,3,10,3,tlr_tlr_rows,8,compressed_tlr,compressed_tlr,23855104,23986176,47841280,99685120,536870912,0.27478933334350586,6.226227,6.20153,0.5287759999999999,0.510684,2.630681,2.620501,4.975038579663223,5.13135520204275,4.9676886016e10,5.3222309888e10,6.661537012318559,100651.90153864777,417957.03385397163,false,0.523083;0.54141;0.538075;0.527018;0.526598;0.537474;0.525907;0.532177;0.510684;0.530534,,NVIDIA H100 80GB HBM3,1.12.6
precision_sweep__20260802T114738.119Z__pid5142,20260802T114738.119Z,precision_sweep,baseline,dense__N16384__bf16,dense__N16384__bf16,dense_dense,16384,,,,,,,,,,,,,,,,,bf16,Core.BFloat16,fp32_accumulate,20260802,random,3,10,0,none,0,dense,dense,536870912,536870912,1073741824,0,1073741824,1.0,,,11.2424485,10.982094,11.2424485,10.982094,1.0,1.0,8.796093022208e12,8.796093022208e12,0.0,782400.117039273,782400.117039273,false,11.08628;11.068714;11.08609;11.075424;10.982094;11.550865;11.515492;11.424477;11.398617;11.399068,11.08628;11.068714;11.08609;11.075424;10.982094;11.550865;11.515492;11.424477;11.398617;11.399068,NVIDIA H100 80GB HBM3,1.12.6
precision_sweep__20260802T114738.119Z__pid5142,20260802T114738.119Z,precision_sweep,compressed,compressed_dense__N16384__q8__uniform__r64-128__bf16__q8__w4,dense__N16384__bf16,compressed_dense,16384,8,2048,8,uniform,b32_b16,64,128,95.140625,,98.875,,42,,9,,q8,bf16,Core.BFloat16,fp32_accumulate,20260802,random,3,10,3,one_or_more_tile_stripes,4,compressed_tlr,dense,51838976,536870912,588709888,103677952,1073741824,0.64483642578125,2.341504,2.260453,3.549862,3.533147,11.2424485,10.982094,3.1670100133469976,3.108303730357101,8.17251745792e11,8.49329782784e11,3.776864728192162,239257.12683591642,782400.117039273,false,3.552767;3.582491;3.533207;3.537874;3.543613;3.550443;3.533147;3.551545;3.549281;3.582561,,NVIDIA H100 80GB HBM3,1.12.6
precision_sweep__20260802T114738.119Z__pid5142,20260802T114738.119Z,precision_sweep,compressed,dense_compressed__N16384__q8__uniform__r64-128__bf16__q8__w4,dense__N16384__bf16,dense_compressed,16384,8,2048,8,uniform,b32_b16,64,128,,95.140625,,98.875,,42,,9,q8,bf16,Core.BFloat16,fp32_accumulate,20260802,random,3,10,3,one_or_more_tile_stripes,4,dense,compressed_tlr,536870912,51838976,588709888,103677952,1073741824,0.64483642578125,2.56579,2.43233,3.4292420000000003,3.386818,11.2424485,10.982094,3.2784062775388843,3.2425993956569266,8.17251745792e11,8.49329782784e11,3.776864728192162,247672.7459840979,782400.117039273,false,3.417134;3.426388;3.433819;3.403123;3.455361;3.432096;3.386818;3.421991;3.46828;3.487359,,NVIDIA H100 80GB HBM3,1.12.6
precision_sweep__20260802T114738.119Z__pid5142,20260802T114738.119Z,precision_sweep,compressed,compressed_compressed__N16384__q8__uniform__r64-128__bf16__q8__w8,dense__N16384__bf16,compressed_compressed,16384,8,2048,8,uniform,b32_b16,64,128,95.140625,96.171875,98.875,99.875,42,46,9,9,q8,bf16,Core.BFloat16,fp32_accumulate,20260802,random,3,10,3,tlr_tlr_rows,8,compressed_tlr,compressed_tlr,51838976,52363264,104202240,217466368,1073741824,0.2995772361755371,6.672575,6.604975,2.0784555,2.073723,11.2424485,10.982094,5.409039789401312,5.295834593144793,4.46995185664e11,4.66077351936e11,4.094205863626751,224242.16055431546,782400.117039273,false,2.083838;2.11153;2.09844;2.078341;2.073723;2.079361;2.076037;2.075636;2.077739;2.07857,,NVIDIA H100 80GB HBM3,1.12.6
precision_sweep__20260802T114738.119Z__pid5142,20260802T114738.119Z,precision_sweep,compressed,compressed_dense__N16384__q8__skewed__r64-128__bf16__q8__w4,dense__N16384__bf16,compressed_dense,16384,8,2048,8,skewed,b32_b16,64,128,85.375,,88.125,,32,,9,,q8,bf16,Core.BFloat16,fp32_accumulate,20260802,random,3,10,3,one_or_more_tile_stripes,4,compressed_tlr,dense,46202880,536870912,583073792,92405760,1073741824,0.62908935546875,2.191851,2.11135,3.3626674999999997,3.355672,11.2424485,10.982094,3.343312563612073,3.2726959011488606,7.33365665792e11,7.5698798592e11,3.120567375886525,225115.32464033394,782400.117039273,false,3.362252;3.355672;3.36087;3.363083;3.363283;3.359808;3.363964;3.358266;3.364424;3.38153,,NVIDIA H100 80GB HBM3,1.12.6
precision_sweep__20260802T114738.119Z__pid5142,20260802T114738.119Z,precision_sweep,compressed,dense_compressed__N16384__q8__skewed__r64-128__bf16__q8__w4,dense__N16384__bf16,dense_compressed,16384,8,2048,8,skewed,b32_b16,64,128,,85.375,,88.125,,32,,9,q8,bf16,Core.BFloat16,fp32_accumulate,20260802,random,3,10,3,one_or_more_tile_stripes,4,dense,compressed_tlr,536870912,46202880,583073792,92405760,1073741824,0.62908935546875,23.820176,11.609443,3.2009505000000003,3.168492,11.2424485,10.982094,3.5122219165838393,3.466031790517382,7.33365665792e11,7.5698798592e11,3.120567375886525,236488.5011249002,782400.117039273,false,3.170565;3.199318;3.205186;3.168492;3.205807;3.213488;3.188762;3.185568;3.21473;3.202583,,NVIDIA H100 80GB HBM3,1.12.6
precision_sweep__20260802T114738.119Z__pid5142,20260802T114738.119Z,precision_sweep,compressed,compressed_compressed__N16384__q8__skewed__r64-128__bf16__q8__w8,dense__N16384__bf16,compressed_compressed,16384,8,2048,8,skewed,b32_b16,64,128,85.375,86.015625,88.125,89.25,32,38,9,9,q8,bf16,Core.BFloat16,fp32_accumulate,20260802,random,3,10,3,tlr_tlr_rows,8,compressed_tlr,compressed_tlr,46202880,46792704,92995584,192869504,1073741824,0.26623260974884033,6.524013,6.512365,1.9126370000000001,1.905122,11.2424485,10.982094,5.877983381059762,5.7645095694658925,3.97512187904e11,4.11499495424e11,3.3991068459483254,215147.72297304714,782400.117039273,false,1.938862;1.923068;1.905822;1.925972;1.905122;1.907755;1.927284;1.909167;1.915937;1.909337,,NVIDIA H100 80GB HBM3,1.12.6
precision_sweep__20260802T114738.119Z__pid5142,20260802T114738.119Z,precision_sweep,baseline,dense__N16384__fp16,dense__N16384__fp16,dense_dense,16384,,,,,,,,,,,,,,,,,fp16,Float16,fp32_accumulate,20260802,random,3,10,0,none,0,dense,dense,536870912,536870912,1073741824,0,1073741824,1.0,,,12.4037015,10.849305,12.4037015,10.849305,1.0,1.0,8.796093022208e12,8.796093022208e12,0.0,709150.6533116747,709150.6533116747,false,10.849305;12.23526;12.301248;12.512224;12.546155;12.513085;12.401118;12.360958;12.425684;12.406285,10.849305;12.23526;12.301248;12.512224;12.546155;12.513085;12.401118;12.360958;12.425684;12.406285,NVIDIA H100 80GB HBM3,1.12.6
precision_sweep__20260802T114738.119Z__pid5142,20260802T114738.119Z,precision_sweep,compressed,compressed_dense__N16384__q8__uniform__r64-128__fp16__q8__w4,dense__N16384__fp16,compressed_dense,16384,8,2048,8,uniform,b32_b16,64,128,95.140625,,98.875,,42,,9,,q8,fp16,Float16,fp32_accumulate,20260802,random,3,10,3,one_or_more_tile_stripes,4,compressed_tlr,dense,51838976,536870912,588709888,103677952,1073741824,0.64483642578125,2.135976,2.073443,3.5343335,3.516903,12.4037015,10.849305,3.509488139701588,3.0849031093550203,8.17251745792e11,8.49329782784e11,3.776864728192162,240308.33049116615,709150.6533116747,false,3.536853;3.5352;3.52177;3.542611;3.516903;3.546887;3.52187;3.575441;3.519256;3.533467,,NVIDIA H100 80GB HBM3,1.12.6
precision_sweep__20260802T114738.119Z__pid5142,20260802T114738.119Z,precision_sweep,compressed,dense_compressed__N16384__q8__uniform__r64-128__fp16__q8__w4,dense__N16384__fp16,dense_compressed,16384,8,2048,8,uniform,b32_b16,64,128,,95.140625,,98.875,,42,,9,q8,fp16,Float16,fp32_accumulate,20260802,random,3,10,3,one_or_more_tile_stripes,4,dense,compressed_tlr,536870912,51838976,588709888,103677952,1073741824,0.64483642578125,2.168355,2.128946,3.379938,3.333459,12.4037015,10.849305,3.6698014874829066,3.254668798986278,8.17251745792e11,8.49329782784e11,3.776864728192162,251285.61020468423,709150.6533116747,false,3.375752;3.391405;3.41424;3.395681;3.35446;3.348401;3.333459;3.384124;3.359257;3.470995,,NVIDIA H100 80GB HBM3,1.12.6
precision_sweep__20260802T114738.119Z__pid5142,20260802T114738.119Z,precision_sweep,compressed,compressed_compressed__N16384__q8__uniform__r64-128__fp16__q8__w8,dense__N16384__fp16,compressed_compressed,16384,8,2048,8,uniform,b32_b16,64,128,95.140625,96.171875,98.875,99.875,42,46,9,9,q8,fp16,Float16,fp32_accumulate,20260802,random,3,10,3,tlr_tlr_rows,8,compressed_tlr,compressed_tlr,51838976,52363264,104202240,217466368,1073741824,0.2995772361755371,6.411074,6.362461,1.955692,1.946883,12.4037015,10.849305,6.342359379697826,5.572653826655222,4.46995185664e11,4.66077351936e11,4.094205863626751,238318.3813892985,709150.6533116747,false,1.975586;1.952833;1.947354;1.953674;1.961816;1.946883;1.950179;1.958852;1.967134;1.95771,,NVIDIA H100 80GB HBM3,1.12.6
precision_sweep__20260802T114738.119Z__pid5142,20260802T114738.119Z,precision_sweep,compressed,compressed_dense__N16384__q8__skewed__r64-128__fp16__q8__w4,dense__N16384__fp16,compressed_dense,16384,8,2048,8,skewed,b32_b16,64,128,85.375,,88.125,,32,,9,,q8,fp16,Float16,fp32_accumulate,20260802,random,3,10,3,one_or_more_tile_stripes,4,compressed_tlr,dense,46202880,536870912,583073792,92405760,1073741824,0.62908935546875,2.23828,2.21165,3.339728,3.329523,12.4037015,10.849305,3.713985540139796,3.258516309993954,7.33365665792e11,7.5698798592e11,3.120567375886525,226661.56822352,709150.6533116747,false,3.372336;3.399467;3.359187;3.329523;3.333759;3.344004;3.335452;3.331516;3.332286;3.377714,,NVIDIA H100 80GB HBM3,1.12.6
precision_sweep__20260802T114738.119Z__pid5142,20260802T114738.119Z,precision_sweep,compressed,dense_compressed__N16384__q8__skewed__r64-128__fp16__q8__w4,dense__N16384__fp16,dense_compressed,16384,8,2048,8,skewed,b32_b16,64,128,,85.375,,88.125,,32,,9,q8,fp16,Float16,fp32_accumulate,20260802,random,3,10,3,one_or_more_tile_stripes,4,dense,compressed_tlr,536870912,46202880,583073792,92405760,1073741824,0.62908935546875,2.134344,2.124529,3.166814,3.115182,12.4037015,10.849305,3.916776135257707,3.4827194687180394,7.33365665792e11,7.5698798592e11,3.120567375886525,239037.71611468183,709150.6533116747,false,3.115182;3.173359;3.191286;3.206579;3.131606;3.149643;3.186559;3.172848;3.149213;3.16078,,NVIDIA H100 80GB HBM3,1.12.6
precision_sweep__20260802T114738.119Z__pid5142,20260802T114738.119Z,precision_sweep,compressed,compressed_compressed__N16384__q8__skewed__r64-128__fp16__q8__w8,dense__N16384__fp16,compressed_compressed,16384,8,2048,8,skewed,b32_b16,64,128,85.375,86.015625,88.125,89.25,32,38,9,9,q8,fp16,Float16,fp32_accumulate,20260802,random,3,10,3,tlr_tlr_rows,8,compressed_tlr,compressed_tlr,46202880,46792704,92995584,192869504,1073741824,0.26623260974884033,6.382101,6.358506,1.798161,1.785653,12.4037015,10.849305,6.897992727013878,6.075819322119135,3.97512187904e11,4.11499495424e11,3.3991068459483254,228844.63372523373,709150.6533116747,false,1.840815;1.793995;1.791211;1.802327;1.813604;1.785653;1.786123;1.805502;1.791901;1.806754,,NVIDIA H100 80GB HBM3,1.12.6
precision_sweep__20260802T114738.119Z__pid5142,20260802T114738.119Z,precision_sweep,baseline,dense__N16384__fp32,dense__N16384__fp32,dense_dense,16384,,,,,,,,,,,,,,,,,fp32,Float32,fp32,20260802,random,3,10,0,none,0,dense,dense,1073741824,1073741824,2147483648,0,2147483648,1.0,,,167.903927,167.805375,167.903927,167.805375,1.0,1.0,8.796093022208e12,8.796093022208e12,0.0,52387.655127375314,52387.655127375314,false,167.897022;167.805375;167.890011;167.885605;167.822441;167.963021;167.910832;167.931193;167.917243;167.967378,167.897022;167.805375;167.890011;167.885605;167.822441;167.963021;167.910832;167.931193;167.917243;167.967378,NVIDIA H100 80GB HBM3,1.12.6
precision_sweep__20260802T114738.119Z__pid5142,20260802T114738.119Z,precision_sweep,compressed,compressed_dense__N16384__q8__uniform__r64-128__fp32__q8__w4,dense__N16384__fp32,compressed_dense,16384,8,2048,8,uniform,b32_b16,64,128,95.140625,,98.875,,42,,9,,q8,fp32,Float32,fp32,20260802,random,3,10,3,one_or_more_tile_stripes,4,compressed_tlr,dense,103677952,1073741824,1177419776,207355904,2147483648,0.64483642578125,2.042937,2.041005,22.947865999999998,22.912918,167.903927,167.805375,7.316755597230698,7.323614347155608,8.17251745792e11,8.49329782784e11,3.776864728192162,37011.27515665292,52387.655127375314,false,22.921291;22.912918;22.952488;22.932888;22.943945;22.942663;22.96767;22.973689;22.951787;22.963084,,NVIDIA H100 80GB HBM3,1.12.6
precision_sweep__20260802T114738.119Z__pid5142,20260802T114738.119Z,precision_sweep,compressed,dense_compressed__N16384__q8__uniform__r64-128__fp32__q8__w4,dense__N16384__fp32,dense_compressed,16384,8,2048,8,uniform,b32_b16,64,128,,95.140625,,98.875,,42,,9,q8,fp32,Float32,fp32,20260802,random,3,10,3,one_or_more_tile_stripes,4,dense,compressed_tlr,1073741824,103677952,1177419776,207355904,2147483648,0.64483642578125,2.152701,2.079662,19.579821,19.537297,167.903927,167.805375,8.575355566325147,8.588975998061555,8.17251745792e11,8.49329782784e11,3.776864728192162,43377.81141022689,52387.655127375314,false,19.537297;19.555394;19.550476;19.570567;19.600151;19.623916;19.578369;19.588924;19.581273;19.594543,,NVIDIA H100 80GB HBM3,1.12.6
precision_sweep__20260802T114738.119Z__pid5142,20260802T114738.119Z,precision_sweep,compressed,compressed_compressed__N16384__q8__uniform__r64-128__fp32__q8__w8,dense__N16384__fp32,compressed_compressed,16384,8,2048,8,uniform,b32_b16,64,128,95.140625,96.171875,98.875,99.875,42,46,9,9,q8,fp32,Float32,fp32,20260802,random,3,10,3,tlr_tlr_rows,8,compressed_tlr,compressed_tlr,103677952,104726528,208404480,434932736,2147483648,0.2995772361755371,6.353237,6.32123,11.206766,11.163636,167.903927,167.805375,14.982371096175294,15.03142658897155,4.46995185664e11,4.66077351936e11,4.094205863626751,41588.92511327532,52387.655127375314,false,11.18642;11.163636;11.204868;11.1995;11.257507;11.208664;11.220481;11.192079;11.236354;11.222855,,NVIDIA H100 80GB HBM3,1.12.6
precision_sweep__20260802T114738.119Z__pid5142,20260802T114738.119Z,precision_sweep,compressed,compressed_dense__N16384__q8__skewed__r64-128__fp32__q8__w4,dense__N16384__fp32,compressed_dense,16384,8,2048,8,skewed,b32_b16,64,128,85.375,,88.125,,32,,9,,q8,fp32,Float32,fp32,20260802,random,3,10,3,one_or_more_tile_stripes,4,compressed_tlr,dense,92405760,1073741824,1166147584,184811520,2147483648,0.62908935546875,2.20515,2.136487,22.360191,22.327272,167.903927,167.805375,7.509056027294221,7.515713294485775,7.33365665792e11,7.5698798592e11,3.120567375886525,33854.271903133566,52387.655127375314,false,22.340141;22.331519;22.361954;22.352199;22.358428;22.327272;22.385018;22.372079;22.370717;22.374002,,NVIDIA H100 80GB HBM3,1.12.6
precision_sweep__20260802T114738.119Z__pid5142,20260802T114738.119Z,precision_sweep,compressed,dense_compressed__N16384__q8__skewed__r64-128__fp32__q8__w4,dense__N16384__fp32,dense_compressed,16384,8,2048,8,skewed,b32_b16,64,128,,85.375,,88.125,,32,,9,q8,fp32,Float32,fp32,20260802,random,3,10,3,one_or_more_tile_stripes,4,dense,compressed_tlr,1073741824,92405760,1166147584,184811520,2147483648,0.62908935546875,2.13855,2.092411,18.660850500000002,18.61043,167.903927,167.805375,8.997656725238755,9.016738194657512,7.33365665792e11,7.5698798592e11,3.120567375886525,40565.567251074644,52387.655127375314,false,18.652343;18.61043;18.632913;18.640345;18.661406;18.661897;18.660295;18.662428;18.665302;18.674286,,NVIDIA H100 80GB HBM3,1.12.6
precision_sweep__20260802T114738.119Z__pid5142,20260802T114738.119Z,precision_sweep,compressed,compressed_compressed__N16384__q8__skewed__r64-128__fp32__q8__w8,dense__N16384__fp32,compressed_compressed,16384,8,2048,8,skewed,b32_b16,64,128,85.375,86.015625,88.125,89.25,32,38,9,9,q8,fp32,Float32,fp32,20260802,random,3,10,3,tlr_tlr_rows,8,compressed_tlr,compressed_tlr,92405760,93585408,185991168,385739008,2147483648,0.26623260974884033,6.348059,6.330994,9.9845315,9.950761,167.903927,167.805375,16.81640515631605,16.863572042379474,3.97512187904e11,4.11499495424e11,3.3991068459483254,41213.70095572336,52387.655127375314,false,9.972424;9.9903;9.968928;10.006073;9.974066;9.983119;9.985944;9.950761;9.9903;9.988007,,NVIDIA H100 80GB HBM3,1.12.6
precision_sweep__20260802T114738.119Z__pid5142,20260802T114738.119Z,precision_sweep,baseline,dense__N16384__tf32,dense__N16384__tf32,dense_dense,16384,,,,,,,,,,,,,,,,,tf32,Float32,tf32,20260802,random,3,10,0,none,0,dense,dense,1073741824,1073741824,2147483648,0,2147483648,1.0,,,22.29236,21.767174,22.29236,21.767174,1.0,1.0,8.796093022208e12,8.796093022208e12,0.0,394578.8163392301,394578.8163392301,false,21.767174;22.299421;22.374853;22.302124;22.180813;22.285299;22.180763;22.182685;22.399921;22.395164,21.767174;22.299421;22.374853;22.302124;22.180813;22.285299;22.180763;22.182685;22.399921;22.395164,NVIDIA H100 80GB HBM3,1.12.6
precision_sweep__20260802T114738.119Z__pid5142,20260802T114738.119Z,precision_sweep,compressed,compressed_dense__N16384__q8__uniform__r64-128__tf32__q8__w4,dense__N16384__tf32,compressed_dense,16384,8,2048,8,uniform,b32_b16,64,128,95.140625,,98.875,,42,,9,,q8,tf32,Float32,tf32,20260802,random,3,10,3,one_or_more_tile_stripes,4,compressed_tlr,dense,103677952,1073741824,1177419776,207355904,2147483648,0.64483642578125,19.570387,4.429619,5.8301645,5.69371,22.29236,21.767174,3.823624530662899,3.8230211935627207,8.17251745792e11,8.49329782784e11,3.776864728192162,145678.52807309295,394578.8163392301,false,5.69371;5.69965;5.760601;5.797686;5.789374;5.948441;5.96098;5.946128;5.894511;5.862643,,NVIDIA H100 80GB HBM3,1.12.6
precision_sweep__20260802T114738.119Z__pid5142,20260802T114738.119Z,precision_sweep,compressed,dense_compressed__N16384__q8__uniform__r64-128__tf32__q8__w4,dense__N16384__tf32,dense_compressed,16384,8,2048,8,uniform,b32_b16,64,128,,95.140625,,98.875,,42,,9,q8,tf32,Float32,tf32,20260802,random,3,10,3,one_or_more_tile_stripes,4,dense,compressed_tlr,1073741824,103677952,1177419776,207355904,2147483648,0.64483642578125,2.142145,2.117909,5.7096540000000005,5.503245,22.29236,21.767174,3.9043276527789597,3.9553343527318887,8.17251745792e11,8.49329782784e11,3.776864728192162,148753.283961515,394578.8163392301,false,5.53326;5.503606;5.503245;5.552028;5.707271;5.712037;5.720079;5.781893;5.877676;5.931006,,NVIDIA H100 80GB HBM3,1.12.6
precision_sweep__20260802T114738.119Z__pid5142,20260802T114738.119Z,precision_sweep,compressed,compressed_compressed__N16384__q8__uniform__r64-128__tf32__q8__w8,dense__N16384__tf32,compressed_compressed,16384,8,2048,8,uniform,b32_b16,64,128,95.140625,96.171875,98.875,99.875,42,46,9,9,q8,tf32,Float32,tf32,20260802,random,3,10,3,tlr_tlr_rows,8,compressed_tlr,compressed_tlr,103677952,104726528,208404480,434932736,2147483648,0.2995772361755371,6.38186,6.295411,2.9359535,2.910355,22.29236,21.767174,7.592885922750479,7.479216109374973,4.46995185664e11,4.66077351936e11,4.094205863626751,158748.20631048823,394578.8163392301,false,2.96699;2.945829;2.94001;2.934752;2.937155;2.932698;2.951136;2.917546;2.917045;2.910355,,NVIDIA H100 80GB HBM3,1.12.6
precision_sweep__20260802T114738.119Z__pid5142,20260802T114738.119Z,precision_sweep,compressed,compressed_dense__N16384__q8__skewed__r64-128__tf32__q8__w4,dense__N16384__tf32,compressed_dense,16384,8,2048,8,skewed,b32_b16,64,128,85.375,,88.125,,32,,9,,q8,tf32,Float32,tf32,20260802,random,3,10,3,one_or_more_tile_stripes,4,compressed_tlr,dense,92405760,1073741824,1166147584,184811520,2147483648,0.62908935546875,2.140483,2.136477,5.4680029999999995,5.438729,22.29236,21.767174,4.076874134853255,4.002253835408971,7.33365665792e11,7.5698798592e11,3.120567375886525,138439.57033673904,394578.8163392301,false,5.443206;5.438729;5.442314;5.4531;5.473932;5.467512;5.468494;5.494112;5.54604;5.544988,,NVIDIA H100 80GB HBM3,1.12.6
precision_sweep__20260802T114738.119Z__pid5142,20260802T114738.119Z,precision_sweep,compressed,dense_compressed__N16384__q8__skewed__r64-128__tf32__q8__w4,dense__N16384__tf32,dense_compressed,16384,8,2048,8,skewed,b32_b16,64,128,,85.375,,88.125,,32,,9,q8,tf32,Float32,tf32,20260802,random,3,10,3,one_or_more_tile_stripes,4,dense,compressed_tlr,1073741824,92405760,1166147584,184811520,2147483648,0.62908935546875,2.206913,2.188105,5.350637000000001,5.295755,22.29236,21.767174,4.166300199396819,4.110306084779224,7.33365665792e11,7.5698798592e11,3.120567375886525,141476.2365527693,394578.8163392301,false,5.321534;5.30562;5.295755;5.387172;5.34564;5.358528;5.357748;5.367042;5.338048;5.355634,,NVIDIA H100 80GB HBM3,1.12.6
precision_sweep__20260802T114738.119Z__pid5142,20260802T114738.119Z,precision_sweep,compressed,compressed_compressed__N16384__q8__skewed__r64-128__tf32__q8__w8,dense__N16384__tf32,compressed_compressed,16384,8,2048,8,skewed,b32_b16,64,128,85.375,86.015625,88.125,89.25,32,38,9,9,q8,tf32,Float32,tf32,20260802,random,3,10,3,tlr_tlr_rows,8,compressed_tlr,compressed_tlr,92405760,93585408,185991168,385739008,2147483648,0.26623260974884033,6.391334,6.389973,2.6733255,2.640361,22.29236,21.767174,8.33881246410136,8.24401436015757,3.97512187904e11,4.11499495424e11,3.3991068459483254,153927.9430896088,394578.8163392301,false,2.705438;2.688684;2.70638;2.676054;2.696375;2.670597;2.663886;2.657507;2.654051;2.640361,,NVIDIA H100 80GB HBM3,1.12.6
precision_sweep__20260802T114738.119Z__pid5142,20260802T114738.119Z,precision_sweep,baseline,dense__N32768__bf16,dense__N32768__bf16,dense_dense,32768,,,,,,,,,,,,,,,,,bf16,Core.BFloat16,fp32_accumulate,20260802,random,3,10,0,none,0,dense,dense,2147483648,2147483648,4294967296,0,4294967296,1.0,,,91.58286,89.252353,91.58286,89.252353,1.0,1.0,7.0368744177664e13,7.0368744177664e13,0.0,768361.5053915547,768361.5053915547,false,90.308804;89.252353;89.444571;90.682493;91.037324;92.128396;107.263106;102.168091;94.827826;94.50976,90.308804;89.252353;89.444571;90.682493;91.037324;92.128396;107.263106;102.168091;94.827826;94.50976,NVIDIA H100 80GB HBM3,1.12.6
precision_sweep__20260802T114738.119Z__pid5142,20260802T114738.119Z,precision_sweep,compressed,compressed_dense__N32768__q8__uniform__r128-256__bf16__q8__w4,dense__N32768__bf16,compressed_dense,32768,8,4096,8,uniform,b32_b16,128,256,190.40625,,194.25,,53,,17,,q8,bf16,Core.BFloat16,fp32_accumulate,20260802,random,3,10,3,one_or_more_tile_stripes,4,compressed_tlr,dense,203685888,2147483648,2351169536,407371776,4294967296,0.64227294921875,3.964964,3.878294,26.5708875,26.214449,91.58286,89.252353,3.4467369597647046,3.404700705324762,6.542308933632e12,6.674379177984e12,1.9787644787644787,251191.42813667777,768361.5053915547,false,26.480908;26.752705;27.370168;26.534368;26.541288;26.922499;26.313067;26.600487;26.214449;27.042408,,NVIDIA H100 80GB HBM3,1.12.6
precision_sweep__20260802T114738.119Z__pid5142,20260802T114738.119Z,precision_sweep,compressed,dense_compressed__N32768__q8__uniform__r128-256__bf16__q8__w4,dense__N32768__bf16,dense_compressed,32768,8,4096,8,uniform,b32_b16,128,256,,190.40625,,194.25,,53,,17,q8,bf16,Core.BFloat16,fp32_accumulate,20260802,random,3,10,3,one_or_more_tile_stripes,4,dense,compressed_tlr,2147483648,203685888,2351169536,407371776,4294967296,0.64227294921875,3.288742,2.449555,24.7980095,24.471381,91.58286,89.252353,3.6931536783224477,3.6472135757274997,6.542308933632e12,6.674379177984e12,1.9787644787644787,269149.7951875533,768361.5053915547,false,24.485852;24.474065;25.528082;25.228033;24.471381;24.849536;24.862696;24.560404;24.746483;24.971139,,NVIDIA H100 80GB HBM3,1.12.6
precision_sweep__20260802T114738.119Z__pid5142,20260802T114738.119Z,precision_sweep,compressed,compressed_compressed__N32768__q8__uniform__r128-256__bf16__q8__w8,dense__N32768__bf16,compressed_compressed,32768,8,4096,8,uniform,b32_b16,128,256,190.40625,192.4375,194.25,195.75,53,50,17,16,q8,bf16,Core.BFloat16,fp32_accumulate,20260802,random,3,10,3,tlr_tlr_rows,8,compressed_tlr,compressed_tlr,203685888,205258752,408944640,853678208,4294967296,0.293977290391922,6.677773,6.645945,13.6868215,13.629846,91.58286,89.252353,6.69131689925232,6.548302379938849,3.578462322688e12,3.656142290944e12,2.124642917985103,267128.66029150743,768361.5053915547,false,13.700282;13.710468;13.652531;13.629846;13.652861;13.673361;13.742024;13.707803;13.661474;13.885379,,NVIDIA H100 80GB HBM3,1.12.6
precision_sweep__20260802T114738.119Z__pid5142,20260802T114738.119Z,precision_sweep,compressed,compressed_dense__N32768__q8__skewed__r128-256__bf16__q8__w4,dense__N32768__bf16,compressed_dense,32768,8,4096,8,skewed,b32_b16,128,256,170.84375,,174.25,,43,,17,,q8,bf16,Core.BFloat16,fp32_accumulate,20260802,random,3,10,3,one_or_more_tile_stripes,4,compressed_tlr,dense,182714368,2147483648,2330198016,365428736,4294967296,0.62762451171875,2.362506,2.221815,24.8756055,24.490059,91.58286,89.252353,3.681633397828246,3.6444319305233197,5.870146551808e12,5.987184410624e12,1.95480631276901,240684.97189441277,768361.5053915547,false,24.895355;24.936096;24.979531;24.736146;24.844429;24.855856;24.490059;24.70477;24.923938;25.070066,,NVIDIA H100 80GB HBM3,1.12.6
precision_sweep__20260802T114738.119Z__pid5142,20260802T114738.119Z,precision_sweep,compressed,dense_compressed__N32768__q8__skewed__r128-256__bf16__q8__w4,dense__N32768__bf16,dense_compressed,32768,8,4096,8,skewed,b32_b16,128,256,,170.84375,,174.25,,43,,17,q8,bf16,Core.BFloat16,fp32_accumulate,20260802,random,3,10,3,one_or_more_tile_stripes,4,dense,compressed_tlr,2147483648,182714368,2330198016,365428736,4294967296,0.62762451171875,2.315846,2.261885,23.018737,22.511748,91.58286,89.252353,3.978622284967242,3.9647011418215947,5.870146551808e12,5.987184410624e12,1.95480631276901,260100.47426251057,768361.5053915547,false,23.339677;23.092607;23.429511;23.354239;23.37522;22.747971;22.511748;22.71388;22.777526;22.944867,,NVIDIA H100 80GB HBM3,1.12.6
precision_sweep__20260802T114738.119Z__pid5142,20260802T114738.119Z,precision_sweep,compressed,compressed_compressed__N32768__q8__skewed__r128-256__bf16__q8__w8,dense__N32768__bf16,compressed_compressed,32768,8,4096,8,skewed,b32_b16,128,256,170.84375,172.03125,174.25,175.875,43,44,17,15,q8,bf16,Core.BFloat16,fp32_accumulate,20260802,random,3,10,3,tlr_tlr_rows,8,compressed_tlr,compressed_tlr,182714368,184418304,367132672,762269568,4294967296,0.26295945048332214,6.649681,6.636231,12.27561,12.2019,91.58286,89.252353,7.460554709704853,7.314627476048812,3.181814546432e12,3.250920095744e12,2.125722788525955,264827.5805230046,768361.5053915547,false,12.212665;12.2019;12.278465;12.329821;12.264904;12.288729;12.298854;12.246266;12.290001;12.272755,,NVIDIA H100 80GB HBM3,1.12.6
precision_sweep__20260802T114738.119Z__pid5142,20260802T114738.119Z,precision_sweep,baseline,dense__N32768__fp16,dense__N32768__fp16,dense_dense,32768,,,,,,,,,,,,,,,,,fp16,Float16,fp32_accumulate,20260802,random,3,10,0,none,0,dense,dense,2147483648,2147483648,4294967296,0,4294967296,1.0,,,95.39790500000001,90.892417,95.39790500000001,90.892417,1.0,1.0,7.0368744177664e13,7.0368744177664e13,0.0,737634.0620652413,737634.0620652413,false,90.892417;91.825263;91.928017;92.064462;92.828976;107.414572;113.13279;105.313218;100.310911;97.966834,90.892417;91.825263;91.928017;92.064462;92.828976;107.414572;113.13279;105.313218;100.310911;97.966834,NVIDIA H100 80GB HBM3,1.12.6
precision_sweep__20260802T114738.119Z__pid5142,20260802T114738.119Z,precision_sweep,compressed,compressed_dense__N32768__q8__uniform__r128-256__fp16__q8__w4,dense__N32768__fp16,compressed_dense,32768,8,4096,8,uniform,b32_b16,128,256,190.40625,,194.25,,53,,17,,q8,fp16,Float16,fp32_accumulate,20260802,random,3,10,3,one_or_more_tile_stripes,4,compressed_tlr,dense,203685888,2147483648,2351169536,407371776,4294967296,0.64227294921875,9.283974,5.952718,27.104585999999998,26.617262,95.39790500000001,90.892417,3.5196222882725463,3.414792137523386,6.542308933632e12,6.674379177984e12,1.9787644787644787,246245.3836403921,737634.0620652413,false,26.840476;26.617262;27.333263;27.335147;27.325311;27.055217;26.825964;26.960165;27.153955;27.17069,,NVIDIA H100 80GB HBM3,1.12.6
precision_sweep__20260802T114738.119Z__pid5142,20260802T114738.119Z,precision_sweep,compressed,dense_compressed__N32768__q8__uniform__r128-256__fp16__q8__w4,dense__N32768__fp16,dense_compressed,32768,8,4096,8,uniform,b32_b16,128,256,,190.40625,,194.25,,53,,17,q8,fp16,Float16,fp32_accumulate,20260802,random,3,10,3,one_or_more_tile_stripes,4,dense,compressed_tlr,2147483648,203685888,2351169536,407371776,4294967296,0.64227294921875,4.55711,4.188488,25.989787999999997,25.362715,95.39790500000001,90.892417,3.6705918878599557,3.5837021785719703,6.542308933632e12,6.674379177984e12,1.9787644787644787,256807.75764634943,737634.0620652413,false,25.490717;26.022091;26.561138;26.230152;26.328049;25.957485;25.362715;25.83414;25.942021;26.058595,,NVIDIA H100 80GB HBM3,1.12.6
precision_sweep__20260802T114738.119Z__pid5142,20260802T114738.119Z,precision_sweep,compressed,compressed_compressed__N32768__q8__uniform__r128-256__fp16__q8__w8,dense__N32768__fp16,compressed_compressed,32768,8,4096,8,uniform,b32_b16,128,256,190.40625,192.4375,194.25,195.75,53,50,17,16,q8,fp16,Float16,fp32_accumulate,20260802,random,3,10,3,tlr_tlr_rows,8,compressed_tlr,compressed_tlr,203685888,205258752,408944640,853678208,4294967296,0.293977290391922,7.603709,7.428056,13.1207645,13.044811,95.39790500000001,90.892417,7.270758117791079,6.967706699621789,3.578462322688e12,3.656142290944e12,2.124642917985103,278653.14486392925,737634.0620652413,false,13.097229;13.0979;13.081606;13.044811;13.073033;13.219242;13.173344;13.254194;13.143629;13.176288,,NVIDIA H100 80GB HBM3,1.12.6
precision_sweep__20260802T114738.119Z__pid5142,20260802T114738.119Z,precision_sweep,compressed,compressed_dense__N32768__q8__skewed__r128-256__fp16__q8__w4,dense__N32768__fp16,compressed_dense,32768,8,4096,8,skewed,b32_b16,128,256,170.84375,,174.25,,43,,17,,q8,fp16,Float16,fp32_accumulate,20260802,random,3,10,3,one_or_more_tile_stripes,4,compressed_tlr,dense,182714368,2147483648,2330198016,365428736,4294967296,0.62762451171875,2.251169,2.159893,25.035539999999997,24.755586,95.39790500000001,90.892417,3.8104991943453195,3.6715922216504993,5.870146551808e12,5.987184410624e12,1.95480631276901,239147.40447475872,737634.0620652413,false,24.989346;25.462965;25.515533;25.788041;24.988254;24.755586;24.902035;25.207512;25.05874;25.01234,,NVIDIA H100 80GB HBM3,1.12.6
precision_sweep__20260802T114738.119Z__pid5142,20260802T114738.119Z,precision_sweep,compressed,dense_compressed__N32768__q8__skewed__r128-256__fp16__q8__w4,dense__N32768__fp16,dense_compressed,32768,8,4096,8,skewed,b32_b16,128,256,,170.84375,,174.25,,43,,17,q8,fp16,Float16,fp32_accumulate,20260802,random,3,10,3,one_or_more_tile_stripes,4,dense,compressed_tlr,2147483648,182714368,2330198016,365428736,4294967296,0.62762451171875,2.223027,2.13839,23.9065255,23.171455,95.39790500000001,90.892417,3.9904546145779323,3.9226029181162767,5.870146551808e12,5.987184410624e12,1.95480631276901,250441.4290827833,737634.0620652413,false,23.853286;24.405662;24.739922;24.330309;24.27732;23.959765;23.171455;23.661518;23.572886;23.829861,,NVIDIA H100 80GB HBM3,1.12.6
precision_sweep__20260802T114738.119Z__pid5142,20260802T114738.119Z,precision_sweep,compressed,compressed_compressed__N32768__q8__skewed__r128-256__fp16__q8__w8,dense__N32768__fp16,compressed_compressed,32768,8,4096,8,skewed,b32_b16,128,256,170.84375,172.03125,174.25,175.875,43,44,17,15,q8,fp16,Float16,fp32_accumulate,20260802,random,3,10,3,tlr_tlr_rows,8,compressed_tlr,compressed_tlr,182714368,184418304,367132672,762269568,4294967296,0.26295945048332214,6.38165,6.35502,11.762903000000001,11.75469,95.39790500000001,90.892417,8.110064751872901,7.732438456479923,3.181814546432e12,3.250920095744e12,2.125722788525955,276370.56054479064,737634.0620652413,false,11.798176;11.762151;11.78807;11.762242;11.787339;11.756694;11.754711;11.763564;11.775692;11.75469,,NVIDIA H100 80GB HBM3,1.12.6
precision_sweep__20260802T114738.119Z__pid5142,20260802T114738.119Z,precision_sweep,baseline,dense__N32768__fp32,dense__N32768__fp32,dense_dense,32768,,,,,,,,,,,,,,,,,fp32,Float32,fp32,20260802,random,3,10,0,none,0,dense,dense,4294967296,4294967296,8589934592,0,8589934592,1.0,,,1345.980657,1342.704399,1345.980657,1342.704399,1.0,1.0,7.0368744177664e13,7.0368744177664e13,0.0,52280.65040288614,52280.65040288614,false,1345.85284;1344.85316;1344.81614;1346.10847;1344.58749;1342.7044;1347.19949;1347.28527;1346.61467;1346.56935,1345.85284;1344.85316;1344.81614;1346.10847;1344.58749;1342.7044;1347.19949;1347.28527;1346.61467;1346.56935,NVIDIA H100 80GB HBM3,1.12.6
precision_sweep__20260802T114738.119Z__pid5142,20260802T114738.119Z,precision_sweep,compressed,compressed_dense__N32768__q8__uniform__r128-256__fp32__q8__w4,dense__N32768__fp32,compressed_dense,32768,8,4096,8,uniform,b32_b16,128,256,190.40625,,194.25,,53,,17,,q8,fp32,Float32,fp32,20260802,random,3,10,3,one_or_more_tile_stripes,4,compressed_tlr,dense,407371776,4294967296,4702339072,814743552,8589934592,0.64227294921875,33.069157,3.950792,175.839092,175.617855,1345.980657,1342.704399,7.654615601631974,7.645602999763321,6.542308933632e12,6.674379177984e12,1.9787644787644787,37957.31143780019,52280.65040288614,false,175.860029;175.824335;175.617855;175.770244;175.937684;175.86144;175.944614;175.811896;175.853849;175.798636,,NVIDIA H100 80GB HBM3,1.12.6
precision_sweep__20260802T114738.119Z__pid5142,20260802T114738.119Z,precision_sweep,compressed,dense_compressed__N32768__q8__uniform__r128-256__fp32__q8__w4,dense__N32768__fp32,dense_compressed,32768,8,4096,8,uniform,b32_b16,128,256,,190.40625,,194.25,,53,,17,q8,fp32,Float32,fp32,20260802,random,3,10,3,one_or_more_tile_stripes,4,dense,compressed_tlr,4294967296,407371776,4702339072,814743552,8589934592,0.64227294921875,2.243127,2.227373,148.60418049999998,148.54374,1345.980657,1342.704399,9.0574885071958,9.03911803351659,6.542308933632e12,6.674379177984e12,1.9787644787644787,44913.80495169853,52280.65040288614,false,148.56409;148.626083;148.649338;148.575267;148.618001;148.54374;148.636809;148.59036;148.620184;148.545823,,NVIDIA H100 80GB HBM3,1.12.6
precision_sweep__20260802T114738.119Z__pid5142,20260802T114738.119Z,precision_sweep,compressed,compressed_compressed__N32768__q8__uniform__r128-256__fp32__q8__w8,dense__N32768__fp32,compressed_compressed,32768,8,4096,8,uniform,b32_b16,128,256,190.40625,192.4375,194.25,195.75,53,50,17,16,q8,fp32,Float32,fp32,20260802,random,3,10,3,tlr_tlr_rows,8,compressed_tlr,compressed_tlr,407371776,410517504,817889280,1707356416,8589934592,0.293977290391922,6.375711,6.321179,81.6031515,81.510838,1345.980657,1342.704399,16.494223963886984,16.472710033971186,3.578462322688e12,3.656142290944e12,2.124642917985103,44803.934942929256,52280.65040288614,false,81.778188;81.543717;81.608605;81.842504;81.597698;81.609015;81.667943;81.581474;81.510838;81.569586,,NVIDIA H100 80GB HBM3,1.12.6
precision_sweep__20260802T114738.119Z__pid5142,20260802T114738.119Z,precision_sweep,compressed,compressed_dense__N32768__q8__skewed__r128-256__fp32__q8__w4,dense__N32768__fp32,compressed_dense,32768,8,4096,8,skewed,b32_b16,128,256,170.84375,,174.25,,43,,17,,q8,fp32,Float32,fp32,20260802,random,3,10,3,one_or_more_tile_stripes,4,compressed_tlr,dense,365428736,4294967296,4660396032,730857472,8589934592,0.62762451171875,2.227965,2.166522,174.904047,174.782465,1345.980657,1342.704399,7.695537525212325,7.6821459120627456,5.870146551808e12,5.987184410624e12,1.95480631276901,34231.25143939065,52280.65040288614,false,174.782465;174.863126;174.97929;175.046;174.956666;174.916756;174.891338;174.873051;174.831359;174.982856,,NVIDIA H100 80GB HBM3,1.12.6
precision_sweep__20260802T114738.119Z__pid5142,20260802T114738.119Z,precision_sweep,compressed,dense_compressed__N32768__q8__skewed__r128-256__fp32__q8__w4,dense__N32768__fp32,dense_compressed,32768,8,4096,8,skewed,b32_b16,128,256,,170.84375,,174.25,,43,,17,q8,fp32,Float32,fp32,20260802,random,3,10,3,one_or_more_tile_stripes,4,dense,compressed_tlr,4294967296,365428736,4660396032,730857472,8589934592,0.62762451171875,2.331739,2.246402,136.604193,136.526006,1345.980657,1342.704399,9.853143065674418,9.834788538382936,5.870146551808e12,5.987184410624e12,1.95480631276901,43828.701587688454,52280.65040288614,false,136.544404;136.613617;136.526006;136.826106;137.606513;137.423139;136.594769;136.628249;136.593918;136.569812,,NVIDIA H100 80GB HBM3,1.12.6
precision_sweep__20260802T114738.119Z__pid5142,20260802T114738.119Z,precision_sweep,compressed,compressed_compressed__N32768__q8__skewed__r128-256__fp32__q8__w8,dense__N32768__fp32,compressed_compressed,32768,8,4096,8,skewed,b32_b16,128,256,170.84375,172.03125,174.25,175.875,43,44,17,15,q8,fp32,Float32,fp32,20260802,random,3,10,3,tlr_tlr_rows,8,compressed_tlr,compressed_tlr,365428736,368836608,734265344,1524539136,8589934592,0.26295945048332214,6.423352,6.346057,72.8834275,72.796568,1345.980657,1342.704399,18.467581769531904,18.444611276179945,3.181814546432e12,3.250920095744e12,2.125722788525955,44604.379997688775,52280.65040288614,false,72.842997;73.020933;72.871951;72.809437;72.931178;73.0659;72.868295;72.894904;72.796568;72.90473,,NVIDIA H100 80GB HBM3,1.12.6
precision_sweep__20260802T114738.119Z__pid5142,20260802T114738.119Z,precision_sweep,baseline,dense__N32768__tf32,dense__N32768__tf32,dense_dense,32768,,,,,,,,,,,,,,,,,tf32,Float32,tf32,20260802,random,3,10,0,none,0,dense,dense,4294967296,4294967296,8589934592,0,8589934592,1.0,,,188.27713,183.184288,188.27713,183.184288,1.0,1.0,7.0368744177664e13,7.0368744177664e13,0.0,373750.88614142354,373750.88614142354,false,185.259955;211.396487;197.702425;185.461997;187.285336;188.567675;200.039172;200.29893;187.986585;183.184288,185.259955;211.396487;197.702425;185.461997;187.285336;188.567675;200.039172;200.29893;187.986585;183.184288,NVIDIA H100 80GB HBM3,1.12.6
precision_sweep__20260802T114738.119Z__pid5142,20260802T114738.119Z,precision_sweep,compressed,compressed_dense__N32768__q8__uniform__r128-256__tf32__q8__w4,dense__N32768__tf32,compressed_dense,32768,8,4096,8,uniform,b32_b16,128,256,190.40625,,194.25,,53,,17,,q8,tf32,Float32,tf32,20260802,random,3,10,3,one_or_more_tile_stripes,4,compressed_tlr,dense,407371776,4294967296,4702339072,814743552,8589934592,0.64227294921875,2.155976,2.152602,46.37943,45.472047,188.27713,183.184288,4.059496418994369,4.028503225289154,6.542308933632e12,6.674379177984e12,1.9787644787644787,143908.1760596023,373750.88614142354,false,46.781657;46.338353;45.969511;45.472047;46.641257;46.178184;46.459805;46.597942;46.153777;46.420507,,NVIDIA H100 80GB HBM3,1.12.6
precision_sweep__20260802T114738.119Z__pid5142,20260802T114738.119Z,precision_sweep,compressed,dense_compressed__N32768__q8__uniform__r128-256__tf32__q8__w4,dense__N32768__tf32,dense_compressed,32768,8,4096,8,uniform,b32_b16,128,256,,190.40625,,194.25,,53,,17,q8,tf32,Float32,tf32,20260802,random,3,10,3,one_or_more_tile_stripes,4,dense,compressed_tlr,4294967296,407371776,4702339072,814743552,8589934592,0.64227294921875,2.224699,2.198,45.386929499999994,44.889155,188.27713,183.184288,4.148267619645872,4.08081390705617,6.542308933632e12,6.674379177984e12,1.9787644787644787,147055.09386758585,373750.88614142354,false,44.889155;45.989933;45.828771;45.322673;45.548271;45.426489;45.292669;45.933968;45.270906;45.34737,,NVIDIA H100 80GB HBM3,1.12.6
precision_sweep__20260802T114738.119Z__pid5142,20260802T114738.119Z,precision_sweep,compressed,compressed_compressed__N32768__q8__uniform__r128-256__tf32__q8__w8,dense__N32768__tf32,compressed_compressed,32768,8,4096,8,uniform,b32_b16,128,256,190.40625,192.4375,194.25,195.75,53,50,17,16,q8,tf32,Float32,tf32,20260802,random,3,10,3,tlr_tlr_rows,8,compressed_tlr,compressed_tlr,407371776,410517504,817889280,1707356416,8589934592,0.293977290391922,6.35512,6.340348,21.4961385,20.843482,188.27713,183.184288,8.758648908035273,8.788564597796087,3.578462322688e12,3.656142290944e12,2.124642917985103,170083.67763093824,373750.88614142354,false,21.699893;21.553424;21.438853;21.977578;21.280826;21.788957;21.585112;21.1161;20.843482;21.294296,,NVIDIA H100 80GB HBM3,1.12.6
precision_sweep__20260802T114738.119Z__pid5142,20260802T114738.119Z,precision_sweep,compressed,compressed_dense__N32768__q8__skewed__r128-256__tf32__q8__w4,dense__N32768__tf32,compressed_dense,32768,8,4096,8,skewed,b32_b16,128,256,170.84375,,174.25,,43,,17,,q8,tf32,Float32,tf32,20260802,random,3,10,3,one_or_more_tile_stripes,4,compressed_tlr,dense,365428736,4294967296,4660396032,730857472,8589934592,0.62762451171875,2.164549,2.150829,42.528958,42.049004,188.27713,183.184288,4.427033693136803,4.3564477294158985,5.870146551808e12,5.987184410624e12,1.95480631276901,140779.0054631482,373750.88614142354,false,42.786018;42.318748;42.438277;43.031565;42.559068;42.605938;42.498848;42.049004;42.905677;42.433059,,NVIDIA H100 80GB HBM3,1.12.6
precision_sweep__20260802T114738.119Z__pid5142,20260802T114738.119Z,precision_sweep,compressed,dense_compressed__N32768__q8__skewed__r128-256__tf32__q8__w4,dense__N32768__tf32,dense_compressed,32768,8,4096,8,skewed,b32_b16,128,256,,170.84375,,174.25,,43,,17,q8,tf32,Float32,tf32,20260802,random,3,10,3,one_or_more_tile_stripes,4,dense,compressed_tlr,4294967296,365428736,4660396032,730857472,8589934592,0.62762451171875,2.228095,2.11888,41.820552500000005,41.450278,188.27713,183.184288,4.502023974934334,4.419374171627993,5.870146551808e12,5.987184410624e12,1.95480631276901,143163.68514318406,373750.88614142354,false,41.908715;42.050366;41.837969;41.532081;41.884308;41.7516;41.803136;42.091739;41.517139;41.450278,,NVIDIA H100 80GB HBM3,1.12.6
precision_sweep__20260802T114738.119Z__pid5142,20260802T114738.119Z,precision_sweep,compressed,compressed_compressed__N32768__q8__skewed__r128-256__tf32__q8__w8,dense__N32768__tf32,compressed_compressed,32768,8,4096,8,skewed,b32_b16,128,256,170.84375,172.03125,174.25,175.875,43,44,17,15,q8,tf32,Float32,tf32,20260802,random,3,10,3,tlr_tlr_rows,8,compressed_tlr,compressed_tlr,365428736,368836608,734265344,1524539136,8589934592,0.26295945048332214,19.683496,11.412679,19.2612235,18.591932,188.27713,183.184288,9.774930964276491,9.852891458510069,3.181814546432e12,3.250920095744e12,2.125722788525955,168780.56037011356,373750.88614142354,false,19.460461;19.415394;19.422345;19.440271;18.603199;18.591932;19.002416;19.101274;19.107053;19.856024,,NVIDIA H100 80GB HBM3,1.12.6
precision_sweep__20260802T114738.119Z__pid5142,20260802T114738.119Z,precision_sweep,baseline,dense__N65536__bf16,dense__N65536__bf16,dense_dense,65536,,,,,,,,,,,,,,,,,bf16,Core.BFloat16,fp32_accumulate,20260802,random,3,10,0,none,0,dense,dense,8589934592,8589934592,17179869184,0,17179869184,1.0,,,757.7937795,727.992394,757.7937795,727.992394,1.0,1.0,5.62949953421312e14,5.62949953421312e14,0.0,742880.1458264174,742880.1458264174,false,769.290414;727.992394;750.236681;747.887246;750.603079;738.460539;765.327714;771.639509;764.98448;786.115042,769.290414;727.992394;750.236681;747.887246;750.603079;738.460539;765.327714;771.639509;764.98448;786.115042,NVIDIA H100 80GB HBM3,1.12.6
precision_sweep__20260802T114738.119Z__pid5142,20260802T114738.119Z,precision_sweep,compressed,compressed_dense__N65536__q8__uniform__r256-512__bf16__q8__w4,dense__N65536__bf16,compressed_dense,65536,8,8192,8,uniform,b32_b16,256,512,380.6875,,384.0,,56,,30,,q8,bf16,Core.BFloat16,fp32_accumulate,20260802,random,3,10,3,one_or_more_tile_stripes,4,compressed_tlr,dense,805306368,8589934592,9395240960,1610612736,17179869184,0.640625,2.367052,2.327493,198.3292475,193.226857,757.7937795,727.992394,3.8208876857660643,3.76755284075236,5.2321291599872e13,5.2776558133248e13,0.8626302083333334,266105.77511139907,742880.1458264174,false,198.152538;225.113184;198.505957;193.226857;194.573942;202.093826;211.733681;199.394827;194.639731;195.090857,,NVIDIA H100 80GB HBM3,1.12.6
precision_sweep__20260802T114738.119Z__pid5142,20260802T114738.119Z,precision_sweep,compressed,dense_compressed__N65536__q8__uniform__r256-512__bf16__q8__w4,dense__N65536__bf16,dense_compressed,65536,8,8192,8,uniform,b32_b16,256,512,,380.6875,,384.0,,56,,30,q8,bf16,Core.BFloat16,fp32_accumulate,20260802,random,3,10,3,one_or_more_tile_stripes,4,dense,compressed_tlr,8589934592,805306368,9395240960,1610612736,17179869184,0.640625,2.24525,2.227473,245.35195,239.362076,757.7937795,727.992394,3.0885989677277887,3.0413856955351606,5.2321291599872e13,5.2776558133248e13,0.8626302083333334,215105.5173323383,742880.1458264174,false,252.414139;245.626972;239.362076;241.193396;249.39483;244.484001;245.076928;249.303503;247.472534;240.22714,,NVIDIA H100 80GB HBM3,1.12.6
precision_sweep__20260802T114738.119Z__pid5142,20260802T114738.119Z,precision_sweep,compressed,compressed_compressed__N65536__q8__uniform__r256-512__bf16__q8__w8,dense__N65536__bf16,compressed_compressed,65536,8,8192,8,uniform,b32_b16,256,512,380.6875,384.765625,384.0,387.875,56,57,30,28,q8,bf16,Core.BFloat16,fp32_accumulate,20260802,random,3,10,3,tlr_tlr_rows,8,compressed_tlr,compressed_tlr,805306368,813432832,1618739200,3373712896,17179869184,0.29059895873069763,6.651914,6.591194,107.651992,102.339357,757.7937795,727.992394,7.039291753189295,7.113513464814909,2.861762166784e13,2.888663302144e13,0.9312658675046572,268333.47423278523,742880.1458264174,false,107.659828;108.052276;107.754401;107.644156;128.269881;114.45619;107.424868;107.504046;102.339357;105.40842,,NVIDIA H100 80GB HBM3,1.12.6
precision_sweep__20260802T114738.119Z__pid5142,20260802T114738.119Z,precision_sweep,compressed,compressed_dense__N65536__q8__skewed__r256-512__bf16__q8__w4,dense__N65536__bf16,compressed_dense,65536,8,8192,8,skewed,b32_b16,256,512,341.84375,,345.625,,48,,28,,q8,bf16,Core.BFloat16,fp32_accumulate,20260802,random,3,10,3,one_or_more_tile_stripes,4,compressed_tlr,dense,724828160,8589934592,9314762752,1449656320,17179869184,0.6265716552734375,2.386161,2.2384,190.602349,186.077748,757.7937795,727.992394,3.9757840523780743,3.9123022598059385,4.6982647250944e13,4.750233829376e13,1.0940325497287522,249222.20813637506,742880.1458264174,false,186.077748;227.689659;190.786775;187.178655;188.012874;193.852212;207.754196;191.593493;190.417923;188.38475,,NVIDIA H100 80GB HBM3,1.12.6
precision_sweep__20260802T114738.119Z__pid5142,20260802T114738.119Z,precision_sweep,compressed,dense_compressed__N65536__q8__skewed__r256-512__bf16__q8__w4,dense__N65536__bf16,dense_compressed,65536,8,8192,8,skewed,b32_b16,256,512,,341.84375,,345.625,,48,,28,q8,bf16,Core.BFloat16,fp32_accumulate,20260802,random,3,10,3,one_or_more_tile_stripes,4,dense,compressed_tlr,8589934592,724828160,9314762752,1449656320,17179869184,0.6265716552734375,2.23834,2.122666,217.38669099999998,212.671535,757.7937795,727.992394,3.485925361916476,3.4230833665633718,4.6982647250944e13,4.750233829376e13,1.0940325497287522,218515.39335386455,742880.1458264174,false,226.076595;218.344925;213.734215;220.86107;216.292854;220.505879;212.671535;216.190561;216.428457;218.773977,,NVIDIA H100 80GB HBM3,1.12.6
precision_sweep__20260802T114738.119Z__pid5142,20260802T114738.119Z,precision_sweep,compressed,compressed_compressed__N65536__q8__skewed__r256-512__bf16__q8__w8,dense__N65536__bf16,compressed_compressed,65536,8,8192,8,skewed,b32_b16,256,512,341.84375,344.34375,345.625,347.875,48,53,28,25,q8,bf16,Core.BFloat16,fp32_accumulate,20260802,random,3,10,3,tlr_tlr_rows,8,compressed_tlr,compressed_tlr,724828160,729546752,1454374912,3022523008,17179869184,0.26058975607156754,6.61561,6.541199,104.098915,101.583025,757.7937795,727.992394,7.279555022259358,7.1664768203152045,2.5467833810944e13,2.5769847816192e13,1.1719665843670026,247551.5505247293,742880.1458264174,false,103.348687;103.334076;101.583025;104.849143;126.060064;114.629699;107.822833;105.185597;103.066345;101.813741,,NVIDIA H100 80GB HBM3,1.12.6
precision_sweep__20260802T114738.119Z__pid5142,20260802T114738.119Z,precision_sweep,baseline,dense__N65536__fp16,dense__N65536__fp16,dense_dense,65536,,,,,,,,,,,,,,,,,fp16,Float16,fp32_accumulate,20260802,random,3,10,0,none,0,dense,dense,8589934592,8589934592,17179869184,0,17179869184,1.0,,,787.5451109999999,780.987949,787.5451109999999,780.987949,1.0,1.0,5.62949953421312e14,5.62949953421312e14,0.0,714816.1363182053,714816.1363182053,false,787.632271;787.457951;780.987949;782.482294;782.969013;783.269573;790.787262;790.387605;788.892147;789.85652,787.632271;787.457951;780.987949;782.482294;782.969013;783.269573;790.787262;790.387605;788.892147;789.85652,NVIDIA H100 80GB HBM3,1.12.6
precision_sweep__20260802T114738.119Z__pid5142,20260802T114738.119Z,precision_sweep,compressed,compressed_dense__N65536__q8__uniform__r256-512__fp16__q8__w4,dense__N65536__fp16,compressed_dense,65536,8,8192,8,uniform,b32_b16,256,512,380.6875,,384.0,,56,,30,,q8,fp16,Float16,fp32_accumulate,20260802,random,3,10,3,one_or_more_tile_stripes,4,compressed_tlr,dense,805306368,8589934592,9395240960,1610612736,17179869184,0.640625,2.326502,2.157869,200.1984545,197.328345,787.5451109999999,780.987949,3.9338221314790416,3.9578092493503654,5.2321291599872e13,5.2776558133248e13,0.8626302083333334,263621.2065925214,714816.1363182053,false,199.1096;237.545929;201.287309;197.328345;197.400763;209.190806;214.448774;202.287565;197.612209;198.176754,,NVIDIA H100 80GB HBM3,1.12.6
precision_sweep__20260802T114738.119Z__pid5142,20260802T114738.119Z,precision_sweep,compressed,dense_compressed__N65536__q8__uniform__r256-512__fp16__q8__w4,dense__N65536__fp16,dense_compressed,65536,8,8192,8,uniform,b32_b16,256,512,,380.6875,,384.0,,56,,30,q8,fp16,Float16,fp32_accumulate,20260802,random,3,10,3,one_or_more_tile_stripes,4,dense,compressed_tlr,8589934592,805306368,9395240960,1610612736,17179869184,0.640625,2.279251,2.061695,247.116611,239.702826,787.5451109999999,780.987949,3.186937162229049,3.2581507779136487,5.2321291599872e13,5.2776558133248e13,0.8626302083333334,213569.44771813822,714816.1363182053,false,260.027701;245.912349;239.702826;245.1719;252.226557;250.128548;243.044406;248.320873;254.92203;244.691562,,NVIDIA H100 80GB HBM3,1.12.6
precision_sweep__20260802T114738.119Z__pid5142,20260802T114738.119Z,precision_sweep,compressed,compressed_compressed__N65536__q8__uniform__r256-512__fp16__q8__w8,dense__N65536__fp16,compressed_compressed,65536,8,8192,8,uniform,b32_b16,256,512,380.6875,384.765625,384.0,387.875,56,57,30,28,q8,fp16,Float16,fp32_accumulate,20260802,random,3,10,3,tlr_tlr_rows,8,compressed_tlr,compressed_tlr,805306368,813432832,1618739200,3373712896,17179869184,0.29059895873069763,6.40214,6.382702,104.432234,101.007523,787.5451109999999,780.987949,7.5412071621488055,7.7319780329629495,2.861762166784e13,2.888663302144e13,0.9312658675046572,276606.48360198824,714816.1363182053,false,110.550585;106.589036;103.767544;103.020166;121.637606;120.775977;104.009226;104.855242;102.925314;101.007523,,NVIDIA H100 80GB HBM3,1.12.6
precision_sweep__20260802T114738.119Z__pid5142,20260802T114738.119Z,precision_sweep,compressed,compressed_dense__N65536__q8__skewed__r256-512__fp16__q8__w4,dense__N65536__fp16,compressed_dense,65536,8,8192,8,skewed,b32_b16,256,512,341.84375,,345.625,,48,,28,,q8,fp16,Float16,fp32_accumulate,20260802,random,3,10,3,one_or_more_tile_stripes,4,compressed_tlr,dense,724828160,8589934592,9314762752,1449656320,17179869184,0.6265716552734375,2.177669,2.176217,194.312631,189.282634,787.5451109999999,780.987949,4.052979504971037,4.126041214113704,4.6982647250944e13,4.750233829376e13,1.0940325497287522,244463.46101793044,714816.1363182053,false,189.282634;232.125187;199.259765;190.791102;190.678833;196.535908;214.727211;199.514566;192.089354;190.010793,,NVIDIA H100 80GB HBM3,1.12.6
precision_sweep__20260802T114738.119Z__pid5142,20260802T114738.119Z,precision_sweep,compressed,dense_compressed__N65536__q8__skewed__r256-512__fp16__q8__w4,dense__N65536__fp16,dense_compressed,65536,8,8192,8,skewed,b32_b16,256,512,,341.84375,,345.625,,48,,28,q8,fp16,Float16,fp32_accumulate,20260802,random,3,10,3,one_or_more_tile_stripes,4,dense,compressed_tlr,8589934592,724828160,9314762752,1449656320,17179869184,0.6265716552734375,2.189787,2.135195,218.9336555,212.235712,787.5451109999999,780.987949,3.597186139341651,3.679814022062413,4.6982647250944e13,4.750233829376e13,1.0940325497287522,216971.3842546241,714816.1363182053,false,235.799805;221.024604;215.503332;221.12814;215.764193;226.218397;223.36732;212.235712;216.159184;216.842707,,NVIDIA H100 80GB HBM3,1.12.6
precision_sweep__20260802T114738.119Z__pid5142,20260802T114738.119Z,precision_sweep,compressed,compressed_compressed__N65536__q8__skewed__r256-512__fp16__q8__w8,dense__N65536__fp16,compressed_compressed,65536,8,8192,8,skewed,b32_b16,256,512,341.84375,344.34375,345.625,347.875,48,53,28,25,q8,fp16,Float16,fp32_accumulate,20260802,random,3,10,3,tlr_tlr_rows,8,compressed_tlr,compressed_tlr,724828160,729546752,1454374912,3022523008,17179869184,0.26058975607156754,6.340088,6.262221,102.0832385,99.074331,787.5451109999999,780.987949,7.7147347847903545,7.882848575581095,2.5467833810944e13,2.5769847816192e13,1.1719665843670026,252439.56005757008,714816.1363182053,false,100.197592;99.074331;102.692355;101.985357;110.682692;122.827767;104.851446;102.18112;100.177782;101.281734,,NVIDIA H100 80GB HBM3,1.12.6
precision_sweep__20260802T114738.119Z__pid5142,20260802T114738.119Z,precision_sweep,baseline,dense__N65536__fp32,dense__N65536__fp32,dense_dense,65536,,,,,,,,,,,,,,,,,fp32,Float32,fp32,20260802,random,3,10,0,none,0,dense,dense,17179869184,17179869184,34359738368,0,34359738368,1.0,,,10666.5768265,10646.694991,10666.5768265,10646.694991,1.0,1.0,5.62949953421312e14,5.62949953421312e14,0.0,52777.00264837745,52777.00264837745,false,10646.695;10658.9488;10660.2499;10670.3148;10660.6726;10664.0245;10669.1291;10672.1984;10675.785;10679.6425,10646.695;10658.9488;10660.2499;10670.3148;10660.6726;10664.0245;10669.1291;10672.1984;10675.785;10679.6425,NVIDIA H100 80GB HBM3,1.12.6
precision_sweep__20260802T114738.119Z__pid5142,20260802T114738.119Z,precision_sweep,compressed,compressed_dense__N65536__q8__uniform__r256-512__fp32__q8__w4,dense__N65536__fp32,compressed_dense,65536,8,8192,8,uniform,b32_b16,256,512,380.6875,,384.0,,56,,30,,q8,fp32,Float32,fp32,20260802,random,3,10,3,one_or_more_tile_stripes,4,compressed_tlr,dense,1610612736,17179869184,18790481920,3221225472,34359738368,0.640625,2.267614,2.109237,1286.7621395,1285.644712,10666.5768265,10646.694991,8.28947052377896,8.281210891022589,5.2321291599872e13,5.2776558133248e13,0.8626302083333334,41015.00698004334,52777.00264837745,false,1286.45494;1287.15764;1287.10325;1286.82599;1286.58118;1286.85092;1287.26069;1286.17861;1285.64471;1286.69829,,NVIDIA H100 80GB HBM3,1.12.6
precision_sweep__20260802T114738.119Z__pid5142,20260802T114738.119Z,precision_sweep,compressed,dense_compressed__N65536__q8__uniform__r256-512__fp32__q8__w4,dense__N65536__fp32,dense_compressed,65536,8,8192,8,uniform,b32_b16,256,512,,380.6875,,384.0,,56,,30,q8,fp32,Float32,fp32,20260802,random,3,10,3,one_or_more_tile_stripes,4,dense,compressed_tlr,17179869184,1610612736,18790481920,3221225472,34359738368,0.640625,2.257087,2.128105,1113.116205,1111.609706,10666.5768265,10646.694991,9.582626484626553,9.57772762646245,5.2321291599872e13,5.2776558133248e13,0.8626302083333334,47413.340939770074,52777.00264837745,false,1111.60971;1111.84168;1112.90481;1113.09866;1112.82065;1113.13375;1113.23547;1113.79359;1113.37707;1113.43916,,NVIDIA H100 80GB HBM3,1.12.6
precision_sweep__20260802T114738.119Z__pid5142,20260802T114738.119Z,precision_sweep,compressed,compressed_compressed__N65536__q8__uniform__r256-512__fp32__q8__w8,dense__N65536__fp32,compressed_compressed,65536,8,8192,8,uniform,b32_b16,256,512,380.6875,384.765625,384.0,387.875,56,57,30,28,q8,fp32,Float32,fp32,20260802,random,3,10,3,tlr_tlr_rows,8,compressed_tlr,compressed_tlr,1610612736,1626865664,3237478400,6747425792,34359738368,0.29059895873069763,6.416962,6.318436,627.9560590000001,625.689097,10666.5768265,10646.694991,16.986183465585448,17.015950960385684,2.861762166784e13,2.888663302144e13,0.9312658675046572,46001.04196373395,52777.00264837745,false,627.56294;628.497609;627.822429;628.144851;628.617638;628.07046;629.223155;625.689097;627.743791;627.841658,,NVIDIA H100 80GB HBM3,1.12.6
precision_sweep__20260802T114738.119Z__pid5142,20260802T114738.119Z,precision_sweep,compressed,compressed_dense__N65536__q8__skewed__r256-512__fp32__q8__w4,dense__N65536__fp32,compressed_dense,65536,8,8192,8,skewed,b32_b16,256,512,341.84375,,345.625,,48,,28,,q8,fp32,Float32,fp32,20260802,random,3,10,3,one_or_more_tile_stripes,4,compressed_tlr,dense,1449656320,17179869184,18629525504,2899312640,34359738368,0.6265716552734375,2.155085,2.153682,1235.583852,1233.975971,10666.5768265,10646.694991,8.63282310563897,8.627959734395832,4.6982647250944e13,4.750233829376e13,1.0940325497287522,38445.25664273573,52777.00264837745,false,1234.09343;1234.31423;1236.27835;1235.20271;1236.14272;1233.97597;1235.9718;1235.965;1234.4673;1237.08795,,NVIDIA H100 80GB HBM3,1.12.6
precision_sweep__20260802T114738.119Z__pid5142,20260802T114738.119Z,precision_sweep,compressed,dense_compressed__N65536__q8__skewed__r256-512__fp32__q8__w4,dense__N65536__fp32,dense_compressed,65536,8,8192,8,skewed,b32_b16,256,512,,341.84375,,345.625,,48,,28,q8,fp32,Float32,fp32,20260802,random,3,10,3,one_or_more_tile_stripes,4,dense,compressed_tlr,17179869184,1449656320,18629525504,2899312640,34359738368,0.6265716552734375,2.213232,2.122877,1010.2753379999999,1009.139513,10666.5768265,10646.694991,10.558088894475222,10.550270655193343,4.6982647250944e13,4.750233829376e13,1.0940325497287522,47019.200120036985,52777.00264837745,false,1010.37483;1010.90881;1010.01241;1009.86502;1010.61658;1010.17584;1011.07484;1023.93226;1009.13951;1010.0468,,NVIDIA H100 80GB HBM3,1.12.6
precision_sweep__20260802T114738.119Z__pid5142,20260802T114738.119Z,precision_sweep,compressed,compressed_compressed__N65536__q8__skewed__r256-512__fp32__q8__w8,dense__N65536__fp32,compressed_compressed,65536,8,8192,8,skewed,b32_b16,256,512,341.84375,344.34375,345.625,347.875,48,53,28,25,q8,fp32,Float32,fp32,20260802,random,3,10,3,tlr_tlr_rows,8,compressed_tlr,compressed_tlr,1449656320,1459093504,2908749824,6045046016,34359738368,0.26058975607156754,6.370093,6.237594,558.4475319999999,555.573641,10666.5768265,10646.694991,19.100410003244498,19.163427141425526,2.5467833810944e13,2.5769847816192e13,1.1719665843670026,46145.51294353649,52777.00264837745,false,558.769354;556.792836;555.573641;559.198195;559.26175;556.84878;558.266982;556.17461;558.628082;558.670665,,NVIDIA H100 80GB HBM3,1.12.6
precision_sweep__20260802T114738.119Z__pid5142,20260802T114738.119Z,precision_sweep,baseline,dense__N65536__tf32,dense__N65536__tf32,dense_dense,65536,,,,,,,,,,,,,,,,,tf32,Float32,tf32,20260802,random,3,10,0,none,0,dense,dense,17179869184,17179869184,34359738368,0,34359738368,1.0,,,1686.3690755,1667.683563,1686.3690755,1667.683563,1.0,1.0,5.62949953421312e14,5.62949953421312e14,0.0,333823.6935199966,333823.6935199966,false,1667.68356;1701.8206;1702.66164;1669.66024;1684.66013;1668.99219;1690.36569;1693.34141;1679.2887;1688.07802,1667.68356;1701.8206;1702.66164;1669.66024;1684.66013;1668.99219;1690.36569;1693.34141;1679.2887;1688.07802,NVIDIA H100 80GB HBM3,1.12.6
precision_sweep__20260802T114738.119Z__pid5142,20260802T114738.119Z,precision_sweep,compressed,compressed_dense__N65536__q8__uniform__r256-512__tf32__q8__w4,dense__N65536__tf32,compressed_dense,65536,8,8192,8,uniform,b32_b16,256,512,380.6875,,384.0,,56,,30,,q8,tf32,Float32,tf32,20260802,random,3,10,3,one_or_more_tile_stripes,4,compressed_tlr,dense,1610612736,17179869184,18790481920,3221225472,34359738368,0.640625,2.216267,2.157238,410.81237699999997,394.087594,1686.3690755,1667.683563,4.10496170493909,4.231758594765609,5.2321291599872e13,5.2776558133248e13,0.8626302083333334,128468.76357196027,333823.6935199966,false,440.520149;403.552959;430.409579;408.039142;408.21162;413.413134;394.087594;413.698812;399.142679;420.649543,,NVIDIA H100 80GB HBM3,1.12.6
precision_sweep__20260802T114738.119Z__pid5142,20260802T114738.119Z,precision_sweep,compressed,dense_compressed__N65536__q8__uniform__r256-512__tf32__q8__w4,dense__N65536__tf32,dense_compressed,65536,8,8192,8,uniform,b32_b16,256,512,,380.6875,,384.0,,56,,30,q8,tf32,Float32,tf32,20260802,random,3,10,3,one_or_more_tile_stripes,4,dense,compressed_tlr,17179869184,1610612736,18790481920,3221225472,34359738368,0.640625,2.139642,2.099722,371.536177,354.585191,1686.3690755,1667.683563,4.538909478793501,4.703195749085866,5.2321291599872e13,5.2776558133248e13,0.8626302083333334,142049.58063410336,333823.6935199966,false,376.075179;379.378533;360.273142;369.689634;383.388153;354.585191;375.96837;364.108622;370.191004;372.88135,,NVIDIA H100 80GB HBM3,1.12.6
precision_sweep__20260802T114738.119Z__pid5142,20260802T114738.119Z,precision_sweep,compressed,compressed_compressed__N65536__q8__uniform__r256-512__tf32__q8__w8,dense__N65536__tf32,compressed_compressed,65536,8,8192,8,uniform,b32_b16,256,512,380.6875,384.765625,384.0,387.875,56,57,30,28,q8,tf32,Float32,tf32,20260802,random,3,10,3,tlr_tlr_rows,8,compressed_tlr,compressed_tlr,1610612736,1626865664,3237478400,6747425792,34359738368,0.29059895873069763,6.419747,6.40158,225.449074,209.893426,1686.3690755,1667.683563,7.480044364697635,7.9453825438058265,2.861762166784e13,2.888663302144e13,0.9312658675046572,128129.30436538409,333823.6935199966,false,246.134529;211.227091;227.820282;241.921555;249.846074;211.45304;222.060784;241.13673;223.077866;209.893426,,NVIDIA H100 80GB HBM3,1.12.6
precision_sweep__20260802T114738.119Z__pid5142,20260802T114738.119Z,precision_sweep,compressed,compressed_dense__N65536__q8__skewed__r256-512__tf32__q8__w4,dense__N65536__tf32,compressed_dense,65536,8,8192,8,skewed,b32_b16,256,512,341.84375,,345.625,,48,,28,,q8,tf32,Float32,tf32,20260802,random,3,10,3,one_or_more_tile_stripes,4,compressed_tlr,dense,1449656320,17179869184,18629525504,2899312640,34359738368,0.6265716552734375,2.225501,2.043929,415.8719835,394.674873,1686.3690755,1667.683563,4.055019675303518,4.225461708072812,4.6982647250944e13,4.750233829376e13,1.0940325497287522,114223.4634177034,333823.6935199966,false,428.040584;394.674873;423.979396;415.369191;421.767616;419.455165;397.883675;416.374776;414.368684;414.174694,,NVIDIA H100 80GB HBM3,1.12.6
precision_sweep__20260802T114738.119Z__pid5142,20260802T114738.119Z,precision_sweep,compressed,dense_compressed__N65536__q8__skewed__r256-512__tf32__q8__w4,dense__N65536__tf32,dense_compressed,65536,8,8192,8,skewed,b32_b16,256,512,,341.84375,,345.625,,48,,28,q8,tf32,Float32,tf32,20260802,random,3,10,3,one_or_more_tile_stripes,4,dense,compressed_tlr,17179869184,1449656320,18629525504,2899312640,34359738368,0.6265716552734375,2.200373,2.166311,339.33561499999996,329.026864,1686.3690755,1667.683563,4.969620048576393,5.068533136552643,4.6982647250944e13,4.750233829376e13,1.0940325497287522,139986.30321712623,333823.6935199966,false,338.600019;347.717223;340.374836;335.648242;341.953468;333.813015;336.982008;340.071211;329.026864;341.862282,,NVIDIA H100 80GB HBM3,1.12.6
precision_sweep__20260802T114738.119Z__pid5142,20260802T114738.119Z,precision_sweep,compressed,compressed_compressed__N65536__q8__skewed__r256-512__tf32__q8__w8,dense__N65536__tf32,compressed_compressed,65536,8,8192,8,skewed,b32_b16,256,512,341.84375,344.34375,345.625,347.875,48,53,28,25,q8,tf32,Float32,tf32,20260802,random,3,10,3,tlr_tlr_rows,8,compressed_tlr,compressed_tlr,1449656320,1459093504,2908749824,6045046016,34359738368,0.26058975607156754,6.340849,6.304084,212.049718,172.281792,1686.3690755,1667.683563,7.9527060512289856,9.679975716760596,2.5467833810944e13,2.5769847816192e13,1.1719665843670026,121527.38546057392,333823.6935199966,false,227.019134;172.281792;193.663318;209.442662;220.178727;220.811865;188.543407;199.990146;217.189784;214.656774,,NVIDIA H100 80GB HBM3,1.12.6
